idema,anio,n,tx_p99,tx_max,d_tx30,d_tx32,n_verano,tx_verano,tmed,nombre
1297E,2015,354,31.82899999999998,34.7,16.0,4.0,92,25.270652173913053,11.676836158192092,Cervantes
1297E,2016,366,33.470000000000006,36.0,20.0,8.0,92,24.855434782608693,11.268306010928962,Cervantes
1297E,2017,365,32.66000000000001,36.1,14.0,5.0,92,24.507608695652173,12.165205479452055,Cervantes
1297E,2018,365,33.30800000000001,35.3,11.0,7.0,92,23.411956521739125,10.93808219178082,Cervantes
1297E,2019,359,30.784000000000002,33.3,6.0,1.0,92,22.770652173913046,11.207799442896937,Cervantes
1297E,2020,363,31.3,34.3,12.0,3.0,92,23.210869565217386,11.726170798898073,Cervantes
1297E,2021,361,29.3,31.1,3.0,0.0,91,22.492307692307694,10.979224376731302,Cervantes
1297E,2022,353,34.648,36.3,22.0,12.0,92,25.297826086956526,12.426345609065155,Cervantes
1297E,2023,364,32.907000000000004,37.0,7.0,5.0,91,23.88791208791209,12.005219780219779,Cervantes
1297E,2024,365,32.080000000000005,34.7,7.0,4.0,91,24.0021978021978,11.550410958904111,Cervantes
1297E,2025,364,34.274,36.5,31.0,16.0,92,25.794565217391302,11.829395604395604,Cervantes
1342X,2015,332,29.445,30.5,2.0,0.0,92,22.29565217391304,14.737650602409637,Ribadeo
1342X,2016,365,24.744000000000007,26.5,0.0,0.0,92,21.352173913043476,14.013972602739724,Ribadeo
1342X,2017,363,27.876,35.2,2.0,1.0,92,21.545652173913044,14.285123966942148,Ribadeo
1342X,2018,355,26.445999999999998,29.7,0.0,0.0,91,21.585714285714285,14.32056338028169,Ribadeo
1342X,2019,360,27.8,31.8,2.0,0.0,91,21.716483516483514,14.325,Ribadeo
1342X,2020,360,27.651000000000028,30.3,1.0,0.0,92,21.786956521739132,14.978333333333333,Ribadeo
1342X,2021,363,27.238,32.4,2.0,1.0,92,20.950000000000003,14.255922865013773,Ribadeo
1342X,2022,349,26.6,27.9,0.0,0.0,92,21.860869565217392,14.934957020057304,Ribadeo
1342X,2023,365,30.236,33.2,7.0,2.0,92,24.288043478260864,15.656712328767126,Ribadeo
1342X,2024,356,27.444999999999997,27.9,0.0,0.0,92,22.255434782608695,15.110393258426967,Ribadeo
1342X,2025,352,26.8,27.9,0.0,0.0,91,22.958241758241755,15.153125,Ribadeo
1344X,2015,344,31.941999999999997,33.2,9.0,4.0,92,24.867391304347823,14.427616279069769,Mondoñedo
1344X,2016,365,32.50800000000004,36.6,8.0,4.0,92,23.597826086956516,13.72054794520548,Mondoñedo
1344X,2017,365,29.9,34.9,3.0,2.0,92,23.37717391304348,13.997808219178085,Mondoñedo
1344X,2018,365,28.372000000000003,30.4,1.0,0.0,92,22.37608695652174,13.69369863013699,Mondoñedo
1344X,2019,364,28.785000000000004,34.5,3.0,3.0,92,22.582608695652173,13.687912087912087,Mondoñedo
1344X,2021,365,27.536,33.5,1.0,1.0,92,21.55,13.630958904109592,Mondoñedo
1344X,2022,364,28.711000000000002,34.5,3.0,2.0,92,22.85,14.495879120879124,Mondoñedo
1344X,2023,364,35.048,37.7,20.0,8.0,91,25.748351648351647,15.25,Mondoñedo
1344X,2024,365,30.51600000000001,36.9,8.0,3.0,92,23.76195652173913,14.78986301369863,Mondoñedo
1344X,2025,363,31.566,37.1,6.0,4.0,90,25.137777777777774,14.829752066115702,Mondoñedo
1347T,2001,365,26.0,27.0,0.0,0.0,92,21.847826086956523,14.408219178082192,Burela
1347T,2002,365,23.0,27.0,0.0,0.0,92,18.91304347826087,13.53972602739726,Burela
1347T,2003,365,25.0,29.0,0.0,0.0,92,20.67391304347826,13.158904109589042,Burela
1347T,2004,366,25.0,29.0,0.0,0.0,92,20.41304347826087,12.887978142076502,Burela
1347T,2009,351,26.200000000000003,27.0,0.0,0.0,92,20.940217391304344,14.140740740740739,Burela
1347T,2010,360,26.733000000000033,27.8,0.0,0.0,90,21.154444444444444,13.978611111111112,Burela
1347T,2011,365,27.072000000000003,30.5,1.0,0.0,92,20.916304347826088,14.858082191780824,Burela
1347T,2012,366,26.975000000000012,30.0,1.0,0.0,92,21.72065217391304,14.28032786885246,Burela
1347T,2013,365,25.708000000000006,27.5,0.0,0.0,92,20.879347826086956,14.26054794520548,Burela
1347T,2014,365,27.008000000000003,29.5,0.0,0.0,92,21.77608695652174,14.872602739726027,Burela
1347T,2015,359,27.526000000000003,28.4,0.0,0.0,92,21.832608695652173,14.804456824512533,Burela
1347T,2016,349,24.67199999999998,26.4,0.0,0.0,92,21.289130434782606,14.430372492836678,Burela
1347T,2017,364,25.685000000000002,33.0,1.0,1.0,92,21.25978260869565,14.695054945054945,Burela
1347T,2018,365,25.7,27.9,0.0,0.0,92,21.592391304347824,14.418904109589043,Burela
1347T,2019,364,26.711000000000002,31.0,2.0,0.0,92,21.43586956521739,14.601098901098899,Burela
1347T,2020,361,27.71999999999999,29.9,0.0,0.0,92,21.711956521739133,15.093905817174514,Burela
1347T,2021,364,25.870000000000005,29.4,0.0,0.0,92,20.6554347826087,14.493681318681318,Burela
1347T,2022,364,26.537000000000003,27.6,0.0,0.0,92,21.68586956521739,15.197527472527472,Burela
1347T,2023,365,28.616000000000007,31.8,2.0,0.0,92,22.945652173913043,15.653698630136986,Burela
1347T,2024,365,26.036,26.4,0.0,0.0,92,21.20978260869565,15.09232876712329,Burela
1347T,2025,363,25.976,27.9,0.0,0.0,92,22.34239130434782,15.288154269972452,Burela
1351,2002,331,23.24,24.2,0.0,0.0,91,18.81098901098901,13.876737160120845,Estaca De Bares
1351,2013,351,24.65,25.0,0.0,0.0,87,19.95862068965517,14.280056980056981,Estaca De Bares
1351,2014,357,25.176,26.5,0.0,0.0,91,20.998901098901094,15.004201680672269,Estaca De Bares
1351,2015,356,25.289999999999996,26.4,0.0,0.0,92,20.991304347826084,14.930056179775281,Estaca De Bares
1351,2017,363,26.513999999999996,32.7,1.0,1.0,92,21.363043478260867,15.115977961432508,Estaca De Bares
1351,2018,365,24.1,27.6,0.0,0.0,92,21.155434782608697,14.488219178082192,Estaca De Bares
1351,2019,364,26.348000000000003,30.6,1.0,0.0,92,21.243478260869562,14.748076923076924,Estaca De Bares
1351,2020,363,24.752,27.5,0.0,0.0,92,20.467391304347824,14.8732782369146,Estaca De Bares
1351,2021,365,23.576000000000022,26.8,0.0,0.0,92,19.145652173913042,14.278356164383563,Estaca De Bares
1351,2022,365,24.372000000000003,25.6,0.0,0.0,92,20.203260869565216,14.947945205479453,Estaca De Bares
1351,2023,332,27.127999999999997,28.6,0.0,0.0,92,21.897826086956524,15.417771084337351,Estaca De Bares
1351,2025,358,24.086000000000002,27.9,0.0,0.0,92,20.961956521739133,15.10223463687151,Estaca De Bares
1354C,2015,360,29.9,32.2,3.0,1.0,92,23.955434782608698,15.602549575070821,Ferrol
1354C,2016,335,30.788000000000043,33.6,4.0,2.0,92,23.39565217391304,15.139402985074627,Ferrol
1354C,2018,365,31.25200000000001,34.0,8.0,3.0,92,23.554347826086957,14.989863013698631,Ferrol
1354C,2019,350,30.203999999999997,33.0,5.0,1.0,92,22.42065217391304,14.933428571428571,Ferrol
1354C,2020,342,29.717999999999996,35.2,3.0,3.0,89,23.186516853932584,15.636257309941522,Ferrol
1354C,2021,346,31.09500000000001,35.9,5.0,3.0,90,22.92555555555555,15.176300578034683,Ferrol
1354C,2022,355,32.992,37.5,7.0,5.0,89,24.457303370786516,15.910704225352111,Ferrol
1354C,2023,360,32.5,38.0,8.0,6.0,92,24.87608695652174,16.305,Ferrol
1354C,2024,363,29.738,32.0,2.0,1.0,92,23.630434782608692,15.739669421487603,Ferrol
1363X,2015,354,29.14099999999999,33.9,2.0,1.0,91,24.097802197802192,13.026271186440676,As Pontes
1363X,2016,366,34.06500000000004,38.7,14.0,8.0,92,24.808695652173913,12.739344262295083,As Pontes
1363X,2017,365,34.272000000000006,36.9,11.0,8.0,92,24.457608695652173,13.208219178082192,As Pontes
1363X,2018,363,34.052,36.1,15.0,6.0,91,24.124175824175826,12.868595041322315,As Pontes
1363X,2019,362,30.73399999999999,34.7,7.0,2.0,92,23.497826086956525,12.79585635359116,As Pontes
1363X,2020,365,32.81600000000001,35.3,14.0,6.0,92,23.90108695652174,13.449315068493151,As Pontes
1363X,2021,364,31.181000000000004,35.6,7.0,4.0,92,22.835869565217394,12.80302197802198,As Pontes
1363X,2022,343,33.20199999999997,38.2,12.0,6.0,91,24.640659340659337,13.406122448979593,As Pontes
1363X,2023,364,32.737,39.1,11.0,8.0,91,24.869230769230768,13.96868131868132,As Pontes
1363X,2024,338,29.2,34.5,3.0,2.0,92,22.902173913043473,13.436982248520712,As Pontes
1363X,2025,364,32.574000000000005,36.4,15.0,6.0,92,24.721739130434784,13.523076923076921,As Pontes
1387,1940,366,26.5,30.0,1.0,0.0,92,21.766304347826086,13.893715846994537,A Coruña
1387,1941,354,28.281999999999982,30.5,2.0,0.0,92,20.944565217391304,13.436723163841808,A Coruña
1387,1942,365,27.25200000000001,29.5,0.0,0.0,92,21.667391304347824,14.044657534246573,A Coruña
1387,1943,365,28.744000000000007,31.8,2.0,0.0,92,22.74891304347826,14.112602739726029,A Coruña
1387,1946,365,28.464000000000034,33.5,4.0,3.0,92,21.49021739130435,13.662465753424659,A Coruña
1387,1947,365,27.608000000000004,30.0,1.0,0.0,92,22.29673913043478,14.495342465753422,A Coruña
1387,1948,366,27.0,29.8,0.0,0.0,92,21.60760869565218,14.97486338797814,A Coruña
1387,1949,365,29.5,31.5,3.0,0.0,92,22.939130434782605,14.799178082191784,A Coruña
1387,1950,365,26.0,29.0,0.0,0.0,92,22.073913043478257,14.311780821917809,A Coruña
1387,1951,365,27.75200000000001,33.2,1.0,1.0,92,22.075,13.658904109589042,A Coruña
1387,1952,365,26.25200000000001,28.2,0.0,0.0,92,21.8,14.131232876712328,A Coruña
1387,1953,365,28.344000000000005,29.7,0.0,0.0,92,21.00978260869565,13.937260273972603,A Coruña
1387,1954,365,27.416000000000007,29.6,0.0,0.0,92,20.56739130434783,13.613698630136986,A Coruña
1387,1955,365,27.616000000000007,29.4,0.0,0.0,92,22.063043478260873,14.497808219178081,A Coruña
1387,1956,366,26.870000000000005,28.6,0.0,0.0,92,20.76521739130435,13.251092896174862,A Coruña
1387,1957,365,26.0,31.4,1.0,0.0,92,21.589130434782607,14.214520547945204,A Coruña
1387,1958,365,24.944000000000006,25.8,0.0,0.0,92,20.165217391304353,14.027945205479455,A Coruña
1387,1959,365,28.344000000000005,32.6,1.0,1.0,92,21.934782608695652,14.441095890410958,A Coruña
1387,1960,366,27.75000000000002,30.6,1.0,0.0,92,21.669565217391302,14.046174863387977,A Coruña
1387,1961,365,26.4,39.6,2.0,2.0,92,21.060869565217388,14.721917808219178,A Coruña
1387,1962,365,27.472,29.6,0.0,0.0,92,21.58695652173913,13.875890410958904,A Coruña
1387,1963,365,26.272000000000002,27.0,0.0,0.0,92,20.091304347826085,13.468767123287673,A Coruña
1387,1964,366,28.270000000000003,33.2,1.0,1.0,92,21.519565217391303,14.043169398907102,A Coruña
1387,1965,365,26.472,34.0,1.0,1.0,92,20.96521739130435,13.923561643835617,A Coruña
1387,1966,365,26.01600000000001,28.0,0.0,0.0,92,20.460869565217394,14.24986301369863,A Coruña
1387,1967,365,25.616000000000007,29.0,0.0,0.0,92,21.056521739130435,13.74,A Coruña
1387,1968,366,28.010000000000012,29.8,0.0,0.0,92,21.565217391304348,14.214754098360654,A Coruña
1387,1969,365,26.872000000000003,30.6,1.0,0.0,92,20.680434782608696,13.710684931506849,A Coruña
1387,1970,365,27.672000000000004,31.2,1.0,0.0,92,21.052173913043475,13.675616438356165,A Coruña
1387,1971,365,27.472,30.8,1.0,0.0,92,20.530434782608694,13.721369863013697,A Coruña
1387,1972,366,26.350000000000023,28.8,0.0,0.0,92,20.019565217391303,13.375683060109287,A Coruña
1387,1973,365,26.0,27.6,0.0,0.0,92,20.845652173913045,13.838356164383562,A Coruña
1387,1974,365,25.744000000000007,28.2,0.0,0.0,92,20.52391304347826,13.478904109589038,A Coruña
1387,1975,365,26.360000000000014,33.0,1.0,1.0,92,21.817391304347826,13.969041095890411,A Coruña
1387,1976,366,27.54000000000001,30.0,1.0,0.0,92,22.686956521739127,13.917486338797815,A Coruña
1387,1977,365,24.944000000000006,26.8,0.0,0.0,92,19.403260869565216,13.936986301369863,A Coruña
1387,1978,365,27.872000000000003,31.4,1.0,0.0,92,20.93478260869565,14.181369863013702,A Coruña
1387,1979,365,28.144000000000005,29.8,0.0,0.0,92,21.93260869565217,14.167123287671233,A Coruña
1387,1980,366,27.670000000000005,34.8,2.0,1.0,92,21.491304347826087,14.2,A Coruña
1387,1981,365,28.576000000000022,32.2,3.0,1.0,92,21.280434782608694,14.517534246575341,A Coruña
1387,1982,365,26.720000000000027,34.6,1.0,1.0,92,21.104347826086954,14.46054794520548,A Coruña
1387,1983,365,25.888000000000012,31.0,1.0,0.0,92,21.056521739130435,14.48082191780822,A Coruña
1387,1984,366,26.0,28.0,0.0,0.0,92,20.563043478260866,13.857377049180329,A Coruña
1387,1985,365,27.272000000000002,30.0,1.0,0.0,92,20.619565217391308,14.216438356164383,A Coruña
1387,1986,365,26.344000000000005,28.0,0.0,0.0,92,20.72826086956522,13.865753424657534,A Coruña
1387,1987,365,27.416000000000007,30.6,2.0,0.0,92,21.142391304347825,14.755068493150686,A Coruña
1387,1988,366,27.4,30.4,2.0,0.0,92,20.91086956521739,14.710928961748634,A Coruña
1387,1989,365,27.0,33.6,1.0,1.0,92,22.58478260869565,15.395342465753425,A Coruña
1387,1990,365,28.344000000000005,31.6,3.0,0.0,92,22.23260869565217,15.044931506849315,A Coruña
1387,1991,365,27.472,30.0,1.0,0.0,92,21.252173913043478,14.265205479452055,A Coruña
1387,1992,366,28.170000000000048,30.6,2.0,0.0,92,21.122826086956522,14.316666666666666,A Coruña
1387,1993,365,27.632000000000016,35.2,2.0,2.0,92,21.54021739130435,14.336712328767122,A Coruña
1387,1994,365,25.944000000000006,30.0,1.0,0.0,92,21.70434782608696,14.569315068493149,A Coruña
1387,1995,365,28.0,32.0,1.0,1.0,92,22.786956521739132,15.468493150684932,A Coruña
1387,1996,365,27.360000000000014,31.4,1.0,0.0,92,21.893478260869564,14.65835616438356,A Coruña
1387,1997,365,26.744000000000007,30.0,1.0,0.0,92,21.659782608695654,15.761917808219177,A Coruña
1387,1998,365,27.416000000000007,32.6,1.0,1.0,92,21.747826086956522,15.208767123287673,A Coruña
1387,1999,365,26.872000000000003,31.8,2.0,0.0,92,22.48804347826087,15.024109589041096,A Coruña
1387,2000,366,28.025000000000034,34.4,3.0,2.0,92,22.263043478260872,14.860109289617485,A Coruña
1387,2001,365,26.272000000000002,28.8,0.0,0.0,92,21.794565217391302,14.772876712328769,A Coruña
1387,2002,365,26.2,28.6,0.0,0.0,92,20.54782608695652,15.017534246575341,A Coruña
1387,2003,365,30.544000000000004,34.2,5.0,2.0,92,23.06413043478261,15.286575342465754,A Coruña
1387,2004,366,27.0,28.0,0.0,0.0,92,22.76304347826087,14.99207650273224,A Coruña
1387,2005,365,29.744000000000007,32.4,4.0,1.0,92,23.421739130434784,15.153424657534247,A Coruña
1387,2006,365,29.608000000000004,34.5,3.0,1.0,92,23.41086956521739,15.68986301369863,A Coruña
1387,2007,365,27.888000000000012,29.8,0.0,0.0,92,22.136956521739133,15.090136986301369,A Coruña
1387,2008,366,26.94000000000001,29.6,0.0,0.0,92,22.452173913043474,15.16120218579235,A Coruña
1387,2009,365,27.75200000000001,30.0,1.0,0.0,92,22.215217391304346,15.130684931506849,A Coruña
1387,2010,365,28.536,30.8,1.0,0.0,92,22.333695652173912,14.875342465753425,A Coruña
1387,2011,364,29.770000000000003,31.6,4.0,0.0,92,21.909782608695654,15.546280991735536,A Coruña
1387,2012,366,28.420000000000027,33.0,3.0,1.0,92,22.38586956521739,14.95792349726776,A Coruña
1387,2013,365,29.76800000000002,31.4,4.0,0.0,92,22.49891304347826,14.964109589041096,A Coruña
1387,2014,365,27.272000000000002,30.4,1.0,0.0,92,22.45434782608696,15.545879120879121,A Coruña
1387,2015,365,26.5,29.0,0.0,0.0,92,22.210869565217394,15.320821917808221,A Coruña
1387,2016,366,28.105000000000008,30.6,2.0,0.0,92,22.29673913043478,15.025409836065574,A Coruña
1387,2017,365,29.644000000000005,33.2,3.0,1.0,92,22.683695652173913,15.46027397260274,A Coruña
1387,2018,365,28.836000000000002,31.9,1.0,0.0,92,22.01304347826087,14.932876712328767,A Coruña
1387,2019,365,26.536,33.5,2.0,1.0,92,21.655434782608694,15.121095890410958,A Coruña
1387,2020,366,27.635000000000048,35.4,2.0,1.0,92,22.072826086956518,15.691803278688521,A Coruña
1387,2021,365,27.808000000000003,33.6,2.0,1.0,92,21.47826086956522,15.221369863013699,A Coruña
1387,2022,365,29.81600000000001,32.9,4.0,2.0,92,22.835869565217394,15.934520547945207,A Coruña
1387,2023,365,30.144000000000005,33.4,5.0,2.0,92,23.833695652173915,16.483835616438355,A Coruña
1387,2024,366,26.505000000000006,29.0,0.0,0.0,92,22.133695652173916,15.903825136612022,A Coruña
1387,2025,365,28.3,29.5,0.0,0.0,92,23.367391304347823,15.970136986301371,A Coruña
1387D,2015,361,25.54,27.2,0.0,0.0,91,20.754945054945054,14.214127423822715,A Coruña Bens
1387D,2016,366,27.945000000000014,30.1,1.0,0.0,92,20.835869565217394,14.070765027322404,A Coruña Bens
1387D,2017,358,28.672,34.4,3.0,2.0,91,21.54175824175824,14.700837988826814,A Coruña Bens
1387D,2019,359,28.51000000000001,32.9,2.0,2.0,90,22.43,16.048467966573813,A Coruña Bens
1387D,2020,361,29.49999999999999,36.7,3.0,1.0,92,22.834782608695654,16.781994459833797,A Coruña Bens
1387D,2021,338,28.103999999999996,33.6,1.0,1.0,92,20.3,14.419230769230772,A Coruña Bens
1387D,2022,362,30.13399999999999,32.8,4.0,2.0,91,21.957142857142856,14.986740331491712,A Coruña Bens
1387D,2023,362,30.294999999999995,34.9,5.0,2.0,92,22.563043478260873,15.327071823204422,A Coruña Bens
1387D,2024,349,25.703999999999997,29.2,0.0,0.0,92,20.854347826086954,14.917765042979942,A Coruña Bens
1387D,2025,354,27.740999999999993,29.8,0.0,0.0,91,22.25384615384615,14.905099150141643,A Coruña Bens
1387E,1980,366,30.0,35.0,5.0,1.0,92,21.917391304347824,13.137431693989072,A Coruña Aeropuerto
1387E,1981,365,31.97600000000002,35.0,7.0,4.0,92,23.143478260869564,13.68164383561644,A Coruña Aeropuerto
1387E,1982,365,29.4,34.6,3.0,1.0,92,21.943478260869565,13.612602739726029,A Coruña Aeropuerto
1387E,1983,365,29.2,34.0,2.0,1.0,92,22.289130434782606,13.735068493150685,A Coruña Aeropuerto
1387E,1984,366,29.070000000000004,29.8,0.0,0.0,92,22.632608695652177,13.208743169398906,A Coruña Aeropuerto
1387E,1985,365,30.144000000000005,34.4,6.0,1.0,92,22.202173913043477,13.306849315068494,A Coruña Aeropuerto
1387E,1986,365,28.08800000000001,32.2,3.0,2.0,92,22.139130434782608,12.922191780821919,A Coruña Aeropuerto
1387E,1987,365,31.216000000000008,34.6,6.0,3.0,92,22.55,13.755342465753424,A Coruña Aeropuerto
1387E,1988,366,28.140000000000008,32.2,2.0,1.0,92,21.682608695652174,13.360655737704919,A Coruña Aeropuerto
1387E,1989,365,30.344000000000005,36.0,8.0,2.0,92,24.42173913043478,14.135616438356164,A Coruña Aeropuerto
1387E,1990,364,31.748,33.4,12.0,4.0,92,23.925000000000004,14.34258241758242,A Coruña Aeropuerto
1387E,1991,365,30.272000000000002,32.4,6.0,1.0,92,22.282608695652176,13.4172602739726,A Coruña Aeropuerto
1387E,1992,366,30.08000000000002,32.2,4.0,2.0,92,21.857608695652175,13.37704918032787,A Coruña Aeropuerto
1387E,1993,365,29.560000000000013,35.0,4.0,3.0,92,22.517391304347825,13.412328767123288,A Coruña Aeropuerto
1387E,1994,365,28.672000000000004,34.0,2.0,1.0,92,22.650000000000002,13.87068493150685,A Coruña Aeropuerto
1387E,1995,365,29.144000000000005,33.0,2.0,1.0,92,23.620652173913047,14.612602739726025,A Coruña Aeropuerto
1387E,1996,366,29.870000000000005,33.8,4.0,1.0,92,23.395652173913046,13.682786885245903,A Coruña Aeropuerto
1387E,1997,365,28.072000000000003,31.8,1.0,0.0,92,22.309782608695652,14.860273972602739,A Coruña Aeropuerto
1387E,1998,365,27.508000000000003,33.4,3.0,1.0,92,22.495652173913044,14.170410958904112,A Coruña Aeropuerto
1387E,1999,365,28.112000000000023,32.8,2.0,2.0,92,22.839130434782607,13.872054794520546,A Coruña Aeropuerto
1387E,2000,366,29.100000000000044,37.2,4.0,3.0,92,22.721739130434784,13.781967213114754,A Coruña Aeropuerto
1387E,2001,365,27.6,30.5,3.0,0.0,92,22.328260869565216,13.735616438356164,A Coruña Aeropuerto
1387E,2002,365,27.008000000000003,31.0,1.0,0.0,92,20.91521739130435,14.088219178082193,A Coruña Aeropuerto
1387E,2003,365,31.872000000000003,37.7,8.0,4.0,92,23.44347826086957,14.150684931506849,A Coruña Aeropuerto
1387E,2004,366,28.4,29.3,0.0,0.0,92,23.28369565217392,13.878688524590165,A Coruña Aeropuerto
1387E,2005,365,31.236,33.8,11.0,2.0,92,24.077173913043474,14.085205479452055,A Coruña Aeropuerto
1387E,2006,363,32.038,35.3,8.0,5.0,92,24.264130434782604,14.615977961432508,A Coruña Aeropuerto
1387E,2007,365,29.05200000000001,31.2,2.0,0.0,92,22.372826086956525,13.746849315068495,A Coruña Aeropuerto
1387E,2008,363,28.214,31.6,2.0,0.0,91,22.871428571428574,13.788154269972452,A Coruña Aeropuerto
1387E,2009,361,28.69999999999999,32.5,3.0,1.0,92,22.519565217391307,13.944321329639887,A Coruña Aeropuerto
1387E,2010,362,28.8,31.5,3.0,0.0,90,22.52777777777778,13.414406779661016,A Coruña Aeropuerto
1387E,2011,365,31.948000000000025,33.9,10.0,4.0,92,22.87282608695652,15.23013698630137,A Coruña Aeropuerto
1387E,2012,363,28.851999999999997,34.3,2.0,1.0,92,21.370652173913044,13.107438016528926,A Coruña Aeropuerto
1387E,2013,361,33.58,34.6,16.0,5.0,92,24.48478260869565,14.622991689750691,A Coruña Aeropuerto
1387E,2014,365,29.472,33.6,2.0,1.0,92,23.754347826086953,15.018904109589041,A Coruña Aeropuerto
1387E,2016,360,30.566000000000066,32.6,4.0,4.0,92,23.286956521739132,14.130555555555556,A Coruña Aeropuerto
1387E,2017,365,30.972,37.3,8.0,3.0,92,23.2554347826087,14.256986301369864,A Coruña Aeropuerto
1387E,2018,365,30.972,34.1,7.0,2.0,92,23.26086956521739,14.127397260273973,A Coruña Aeropuerto
1387E,2019,364,28.774,33.6,3.0,2.0,92,22.48804347826087,13.946428571428571,A Coruña Aeropuerto
1387E,2020,366,29.930000000000042,35.9,4.0,1.0,92,22.6054347826087,14.556830601092894,A Coruña Aeropuerto
1387E,2021,365,30.3,35.9,5.0,1.0,92,22.196739130434782,14.079726027397259,A Coruña Aeropuerto
1387E,2022,365,33.108000000000004,34.4,8.0,5.0,92,24.335869565217397,14.871428571428574,A Coruña Aeropuerto
1387E,2023,365,32.80800000000001,37.2,11.0,5.0,92,24.89891304347826,15.283791208791207,A Coruña Aeropuerto
1387E,2024,366,28.045000000000016,32.6,3.0,1.0,92,23.15652173913043,14.816120218579236,A Coruña Aeropuerto
1387E,2025,364,30.7,33.6,6.0,1.0,92,24.918478260869566,14.882967032967032,A Coruña Aeropuerto
1390X,2015,355,28.083999999999993,31.1,1.0,0.0,92,22.73260869565217,13.512112676056338,"Carballo, Depuradora"
1390X,2016,361,32.31999999999999,34.1,7.0,5.0,92,23.391304347826093,13.280886426592797,"Carballo, Depuradora"
1390X,2018,365,31.708000000000006,34.7,6.0,3.0,92,22.92282608695652,13.341643835616438,"Carballo, Depuradora"
1390X,2019,364,29.959000000000003,34.0,4.0,2.0,92,22.37826086956522,13.21758241758242,"Carballo, Depuradora"
1390X,2020,366,30.725000000000033,35.8,5.0,3.0,92,22.579347826086952,13.980874316939891,"Carballo, Depuradora"
1390X,2021,365,29.080000000000005,33.5,3.0,3.0,92,21.858695652173914,13.296438356164384,"Carballo, Depuradora"
1390X,2022,359,33.86800000000001,38.4,9.0,7.0,91,23.94615384615385,14.055710306406684,"Carballo, Depuradora"
1390X,2023,362,32.577999999999996,37.9,10.0,6.0,91,24.2978021978022,14.647790055248619,"Carballo, Depuradora"
1390X,2024,366,28.980000000000018,32.4,3.0,1.0,92,22.53369565217391,14.151912568306011,"Carballo, Depuradora"
1390X,2025,364,30.95100000000001,34.3,5.0,4.0,92,24.140217391304343,14.16868131868132,"Carballo, Depuradora"
1393,2011,343,27.058,30.6,1.0,0.0,92,19.313043478260873,14.272303206997083,Cabo Vilán
1393,2012,348,23.81199999999999,27.3,0.0,0.0,92,19.605434782608697,13.777298850574713,Cabo Vilán
1393,2014,335,25.066000000000003,25.5,0.0,0.0,90,19.407777777777778,14.380597014925373,Cabo Vilán
1393,2017,360,27.723000000000006,32.0,1.0,1.0,90,20.822222222222223,14.379444444444445,Cabo Vilán
1393,2018,335,25.422000000000043,28.0,0.0,0.0,91,19.68021978021978,14.092835820895523,Cabo Vilán
1393,2020,357,24.008,32.9,1.0,1.0,92,19.846739130434788,14.865266106442576,Cabo Vilán
1393,2021,357,25.644000000000002,29.3,0.0,0.0,91,19.82417582417583,14.382633053221287,Cabo Vilán
1393,2023,348,25.653,29.1,0.0,0.0,92,21.521739130434785,15.195114942528734,Cabo Vilán
1393,2024,358,23.386000000000003,25.6,0.0,0.0,92,19.261956521739126,14.596358543417368,Cabo Vilán
1393,2025,339,24.044000000000004,26.1,0.0,0.0,92,19.897826086956517,14.495870206489677,Cabo Vilán
1399,1985,365,31.0,34.0,10.0,3.0,92,23.16304347826087,12.675890410958903,Vimianzo
1399,1986,361,27.0,31.0,1.0,0.0,88,20.375,11.4404432132964,Vimianzo
1399,1987,365,31.0,33.0,8.0,3.0,92,21.47826086956522,12.494520547945205,Vimianzo
1399,1988,366,29.350000000000023,35.0,4.0,2.0,92,22.41304347826087,12.607397260273972,Vimianzo
1399,1993,334,31.340000000000032,33.0,6.0,4.0,92,22.608695652173914,12.905280528052806,Vimianzo
1399,1994,360,30.0,33.0,5.0,2.0,92,22.358695652173914,12.647499999999999,Vimianzo
1399,1996,335,31.0,35.0,6.0,3.0,92,22.27173913043478,12.620597014925371,Vimianzo
1399,1998,365,30.180000000000007,34.0,5.0,2.0,92,21.42391304347826,12.723287671232876,Vimianzo
1399,1999,365,28.720000000000027,35.0,4.0,2.0,92,22.141304347826086,12.485479452054793,Vimianzo
1399,2000,366,31.050000000000068,34.0,6.0,4.0,92,22.043478260869566,12.234426229508196,Vimianzo
1399,2001,365,31.0,34.0,9.0,3.0,92,22.23913043478261,12.327671232876714,Vimianzo
1399,2002,365,29.0,30.0,2.0,0.0,92,21.51086956521739,12.453424657534246,Vimianzo
1399,2003,365,37.900000000000034,42.0,22.0,16.0,92,24.831521739130434,12.705753424657535,Vimianzo
1399,2004,366,30.350000000000023,32.0,5.0,1.0,92,23.32608695652174,12.431147540983607,Vimianzo
1399,2005,365,34.0,35.0,12.0,7.0,92,24.52173913043478,12.678904109589041,Vimianzo
1399,2006,365,33.0,37.0,10.0,7.0,92,24.293478260869566,12.872602739726027,Vimianzo
1399,2007,365,31.0,33.0,6.0,3.0,92,21.23913043478261,12.165205479452055,Vimianzo
1399,2008,366,28.350000000000023,33.0,2.0,1.0,92,22.01086956521739,11.779781420765026,Vimianzo
1399,2009,365,31.0,31.0,9.0,0.0,92,22.347826086956523,12.975068493150683,Vimianzo
1399,2010,362,31.694999999999993,33.0,9.0,4.0,92,22.62717391304348,12.71132596685083,Vimianzo
1399,2011,361,29.899999999999977,34.7,4.0,3.0,90,21.413333333333338,13.331578947368422,Vimianzo
1399,2012,364,30.259000000000004,33.0,5.0,2.0,91,21.590109890109893,12.625,Vimianzo
1399,2013,356,32.925,35.3,7.0,6.0,90,22.086666666666666,12.642696629213484,Vimianzo
1399,2014,363,28.366,31.6,2.0,0.0,92,21.23586956521739,13.213498622589531,Vimianzo
1399,2015,360,27.6,32.9,3.0,2.0,92,21.98260869565217,13.241944444444442,Vimianzo
1399,2016,366,32.30500000000001,34.3,7.0,5.0,92,23.101086956521748,13.231147540983605,Vimianzo
1399,2017,364,32.774,35.4,8.0,8.0,92,22.570652173913043,13.807417582417582,Vimianzo
1399,2018,362,33.139,34.5,8.0,7.0,92,22.415217391304346,13.157458563535911,Vimianzo
1399,2019,362,29.839,31.2,3.0,0.0,91,21.016483516483518,13.009944751381216,Vimianzo
1399,2020,366,30.670000000000005,33.3,5.0,2.0,92,21.9,13.539617486338798,Vimianzo
1399,2021,365,28.31600000000001,33.9,2.0,2.0,92,21.244565217391308,13.09917808219178,Vimianzo
1399,2022,363,33.693999999999996,38.6,12.0,6.0,91,23.66923076923077,14.009366391184573,Vimianzo
1399,2023,365,30.472,34.6,6.0,3.0,92,23.429347826086957,14.201643835616439,Vimianzo
1399,2024,362,28.738999999999997,31.4,2.0,0.0,89,22.226966292134833,13.860773480662981,Vimianzo
1399,2025,364,30.896000000000004,33.2,5.0,2.0,92,23.85326086956522,13.930494505494504,Vimianzo
1400,1961,365,29.672000000000004,33.2,3.0,2.0,92,22.585869565217394,15.132602739726028,Fisterra
1400,1962,365,29.144000000000005,30.5,3.0,0.0,92,22.00869565217391,14.627123287671234,Fisterra
1400,1963,365,30.0,33.4,5.0,2.0,92,20.79891304347826,14.101095890410958,Fisterra
1400,1964,366,32.280000000000015,37.0,9.0,5.0,92,22.21630434782609,14.755737704918033,Fisterra
1400,1965,365,29.616000000000007,33.0,4.0,3.0,92,20.595652173913045,14.092054794520548,Fisterra
1400,1966,365,29.616000000000007,32.0,4.0,1.0,92,20.64673913043478,14.52849315068493,Fisterra
1400,1967,365,27.48800000000001,32.7,3.0,1.0,92,21.847826086956523,14.46931506849315,Fisterra
1400,1968,366,29.550000000000022,34.8,4.0,2.0,92,21.48369565217391,14.588251366120216,Fisterra
1400,1969,334,32.47400000000004,34.0,8.0,4.0,92,22.244565217391305,14.473652694610777,Fisterra
1400,2014,340,26.761000000000003,29.5,0.0,0.0,89,19.919101123595507,14.293823529411766,Fisterra
1400,2015,362,29.68499999999998,31.7,4.0,0.0,92,20.213043478260865,14.053591160220993,Fisterra
1400,2016,366,29.570000000000004,31.7,2.0,0.0,92,20.839130434782607,14.004371584699454,Fisterra
1400,2017,362,30.294999999999995,32.9,5.0,1.0,91,20.958241758241755,14.55,Fisterra
1400,2018,353,32.444,33.4,9.0,5.0,92,21.082608695652173,14.106515580736545,Fisterra
1400,2021,363,28.99799999999999,31.0,4.0,0.0,92,19.58913043478261,14.057851239669422,Fisterra
1400,2022,365,30.996000000000016,37.0,8.0,3.0,92,21.617391304347827,14.811506849315068,Fisterra
1400,2023,364,29.507000000000005,33.7,4.0,1.0,91,20.98021978021978,14.896428571428572,Fisterra
1400,2024,366,28.135,30.5,1.0,0.0,92,20.060869565217388,14.501912568306011,Fisterra
1400,2025,356,29.744999999999997,31.2,2.0,0.0,92,22.247826086956525,14.847471910112361,Fisterra
1406X,2015,356,30.834999999999997,35.3,5.0,3.0,92,22.653260869565216,13.242415730337079,Mazaricos
1406X,2016,366,33.520000000000024,35.1,11.0,7.0,92,24.01195652173913,13.124043715846996,Mazaricos
1406X,2017,365,33.072,33.9,12.0,9.0,92,23.039130434782606,13.412328767123288,Mazaricos
1406X,2018,364,32.74400000000001,34.5,15.0,5.0,92,22.875,12.989835164835164,Mazaricos
1406X,2019,364,29.6,31.4,3.0,0.0,92,21.46413043478261,12.911813186813186,Mazaricos
1406X,2020,366,30.835,32.6,7.0,1.0,92,22.332608695652173,13.474043715846994,Mazaricos
1406X,2021,364,29.685000000000002,33.2,4.0,2.0,92,21.833695652173912,13.029945054945056,Mazaricos
1406X,2022,363,33.7,37.7,16.0,6.0,92,24.25217391304348,13.927823691460055,Mazaricos
1406X,2023,363,29.738,34.0,3.0,3.0,92,23.175,13.93030303030303,Mazaricos
1406X,2024,359,30.75200000000001,33.2,5.0,2.0,91,22.91318681318681,13.847353760445682,Mazaricos
1406X,2025,364,32.233000000000004,34.5,15.0,4.0,91,24.94395604395605,14.039285714285713,Mazaricos
1410X,2015,355,29.883999999999993,35.4,4.0,1.0,92,23.825,12.165633802816899,Sobrado
1410X,2016,366,33.625000000000036,36.8,19.0,8.0,92,24.675000000000008,11.86448087431694,Sobrado
1410X,2017,365,32.508,36.5,12.0,6.0,92,23.858695652173914,12.227397260273973,Sobrado
1410X,2019,364,33.811,36.2,20.0,9.0,92,24.374999999999996,12.19697802197802,Sobrado
1410X,2020,366,35.105000000000004,36.5,31.0,16.0,92,24.929347826086957,13.048633879781418,Sobrado
1410X,2021,365,33.036,35.9,14.0,9.0,92,24.554347826086957,12.419178082191781,Sobrado
1410X,2022,361,33.44,37.1,19.0,11.0,91,24.653846153846153,12.852631578947369,Sobrado
1410X,2023,365,31.9,36.6,13.0,3.0,92,24.241304347826084,13.005479452054795,Sobrado
1410X,2024,366,31.835,32.5,8.0,2.0,92,23.852173913043476,12.655464480874318,Sobrado
1410X,2025,364,33.496,35.4,23.0,11.0,92,25.448913043478257,12.776648351648351,Sobrado
1428,1960,366,31.74000000000001,34.0,5.0,4.0,92,22.327173913043477,11.93224043715847,Santiago De Compostela Aeropuerto
1428,1961,365,32.54000000000002,36.0,12.0,5.0,92,23.703260869565216,13.160547945205478,Santiago De Compostela Aeropuerto
1428,1962,365,31.284000000000027,35.0,9.0,4.0,92,23.884782608695648,12.08904109589041,Santiago De Compostela Aeropuerto
1428,1963,365,31.5,33.2,8.0,1.0,92,21.981521739130436,11.735616438356164,Santiago De Compostela Aeropuerto
1428,1964,366,32.48000000000002,34.6,15.0,6.0,92,23.732608695652175,12.424043715846993,Santiago De Compostela Aeropuerto
1428,1965,363,31.876,33.5,6.0,4.0,92,22.76521739130435,12.02754820936639,Santiago De Compostela Aeropuerto
1428,1966,364,30.422000000000004,34.0,7.0,3.0,92,21.82282608695652,12.396703296703299,Santiago De Compostela Aeropuerto
1428,1967,365,30.6,33.5,5.0,3.0,92,23.545652173913048,12.160821917808219,Santiago De Compostela Aeropuerto
1428,1968,366,33.07000000000001,34.8,12.0,9.0,92,23.57608695652174,12.500546448087432,Santiago De Compostela Aeropuerto
1428,1969,365,34.072,34.8,13.0,6.0,92,24.097826086956527,11.992876712328766,Santiago De Compostela Aeropuerto
1428,1970,365,32.8,34.5,12.0,10.0,92,22.331521739130434,11.778630136986301,Santiago De Compostela Aeropuerto
1428,1971,365,31.0,32.6,8.0,2.0,92,21.193478260869565,11.835068493150683,Santiago De Compostela Aeropuerto
1428,1972,366,29.470000000000002,33.0,3.0,1.0,92,21.489130434782613,11.25792349726776,Santiago De Compostela Aeropuerto
1428,1973,365,31.432000000000016,33.4,9.0,4.0,92,23.573913043478264,12.183835616438355,Santiago De Compostela Aeropuerto
1428,1974,365,29.232000000000017,31.5,4.0,0.0,92,22.36304347826087,11.298356164383561,Santiago De Compostela Aeropuerto
1428,1975,365,29.344000000000005,32.2,3.0,1.0,92,22.969565217391303,11.89232876712329,Santiago De Compostela Aeropuerto
1428,1976,366,31.54000000000001,33.5,11.0,3.0,92,24.95,12.183060109289617,Santiago De Compostela Aeropuerto
1428,1977,365,27.68800000000001,31.8,2.0,0.0,92,19.72391304347826,11.837808219178081,Santiago De Compostela Aeropuerto
1428,1978,365,32.360000000000014,34.0,18.0,6.0,92,22.44347826086957,12.195342465753424,Santiago De Compostela Aeropuerto
1428,1979,365,32.74400000000001,34.4,17.0,7.0,92,24.184782608695652,12.226849315068494,Santiago De Compostela Aeropuerto
1428,1980,366,31.0,32.6,8.0,3.0,92,22.07391304347826,12.087158469945354,Santiago De Compostela Aeropuerto
1428,1981,365,35.6,36.0,18.0,8.0,92,24.517391304347825,12.851232876712329,Santiago De Compostela Aeropuerto
1428,1982,365,31.0,32.6,9.0,2.0,92,21.656521739130433,12.53945205479452,Santiago De Compostela Aeropuerto
1428,1983,365,30.144000000000005,33.0,5.0,2.0,92,22.119565217391305,12.645753424657533,Santiago De Compostela Aeropuerto
1428,1984,366,32.210000000000015,33.2,10.0,5.0,92,23.52391304347826,12.289890710382515,Santiago De Compostela Aeropuerto
1428,1985,365,33.072,35.0,17.0,8.0,92,23.036956521739125,12.778630136986301,Santiago De Compostela Aeropuerto
1428,1986,365,30.072000000000003,33.6,5.0,1.0,92,22.536956521739132,11.90958904109589,Santiago De Compostela Aeropuerto
1428,1987,365,32.672000000000004,36.0,18.0,9.0,92,23.867391304347827,13.125479452054792,Santiago De Compostela Aeropuerto
1428,1988,366,30.300000000000047,35.6,4.0,3.0,92,22.566304347826087,12.814207650273223,Santiago De Compostela Aeropuerto
1428,1989,365,32.0,34.8,15.0,6.0,92,25.40434782608696,13.964931506849315,Santiago De Compostela Aeropuerto
1428,1990,365,36.09600000000002,39.4,23.0,14.0,92,25.417391304347827,13.376986301369865,Santiago De Compostela Aeropuerto
1428,1991,365,31.308000000000003,33.4,14.0,2.0,92,22.991304347826084,12.27150684931507,Santiago De Compostela Aeropuerto
1428,1992,366,31.680000000000017,34.0,9.0,4.0,92,22.7,12.406830601092897,Santiago De Compostela Aeropuerto
1428,1993,365,31.436,37.4,9.0,3.0,92,24.14782608695652,12.40958904109589,Santiago De Compostela Aeropuerto
1428,1994,365,30.336000000000002,33.0,7.0,1.0,92,23.847826086956516,12.787123287671234,Santiago De Compostela Aeropuerto
1428,1995,365,32.272000000000006,37.6,12.0,5.0,92,24.821739130434782,13.862465753424656,Santiago De Compostela Aeropuerto
1428,1996,366,33.470000000000006,34.5,12.0,7.0,92,24.561956521739123,12.95327868852459,Santiago De Compostela Aeropuerto
1428,1997,364,30.274,32.2,8.0,1.0,92,22.717391304347824,14.18131868131868,Santiago De Compostela Aeropuerto
1428,1998,364,33.6,37.0,17.0,7.0,92,24.65978260869565,13.387637362637363,Santiago De Compostela Aeropuerto
1428,1999,365,32.30800000000001,35.2,7.0,5.0,92,24.03369565217391,12.874794520547944,Santiago De Compostela Aeropuerto
1428,2000,366,32.470000000000006,35.5,11.0,6.0,92,23.346739130434777,12.806284153005462,Santiago De Compostela Aeropuerto
1428,2001,365,33.016000000000005,37.2,14.0,8.0,92,24.131521739130434,13.066849315068492,Santiago De Compostela Aeropuerto
1428,2002,365,30.0,33.8,5.0,2.0,92,22.900000000000002,13.291506849315068,Santiago De Compostela Aeropuerto
1428,2003,365,34.72000000000003,39.0,22.0,13.0,92,25.129347826086956,13.630958904109587,Santiago De Compostela Aeropuerto
1428,2004,366,32.210000000000015,33.5,14.0,7.0,92,24.74673913043479,13.155191256830602,Santiago De Compostela Aeropuerto
1428,2005,365,34.18000000000001,35.0,21.0,12.0,92,25.715217391304346,13.284109589041098,Santiago De Compostela Aeropuerto
1428,2006,364,34.396,38.1,21.0,9.0,92,25.506521739130434,13.662637362637362,Santiago De Compostela Aeropuerto
1428,2007,365,30.78800000000001,32.8,7.0,2.0,92,21.95217391304348,12.754794520547945,Santiago De Compostela Aeropuerto
1428,2008,356,29.024999999999995,33.5,2.0,1.0,90,22.45555555555556,12.471348314606741,Santiago De Compostela Aeropuerto
1428,2009,359,30.668000000000006,31.9,9.0,0.0,92,22.76304347826087,12.698050139275766,Santiago De Compostela Aeropuerto
1428,2010,358,32.543,34.5,14.0,6.0,91,24.06153846153846,12.488547486033518,Santiago De Compostela Aeropuerto
1428,2011,360,32.5,35.5,6.0,5.0,91,22.583516483516487,13.522222222222222,Santiago De Compostela Aeropuerto
1428,2012,361,31.939999999999998,35.0,10.0,4.0,90,22.03777777777778,12.559833795013851,Santiago De Compostela Aeropuerto
1428,2013,360,35.89200000000003,38.5,28.0,22.0,91,26.2978021978022,13.453888888888887,Santiago De Compostela Aeropuerto
1428,2014,362,32.6,35.1,13.0,6.0,91,24.979120879120877,13.922437673130194,Santiago De Compostela Aeropuerto
1428,2015,364,33.211,37.8,15.0,6.0,91,26.007692307692306,14.124175824175824,Santiago De Compostela Aeropuerto
1428,2016,365,36.236000000000004,39.0,25.0,13.0,92,26.516304347826086,13.763013698630138,Santiago De Compostela Aeropuerto
1428,2017,365,33.372,36.2,14.0,11.0,92,24.77282608695652,13.838904109589041,Santiago De Compostela Aeropuerto
1428,2018,365,33.4,36.2,19.0,10.0,92,24.04021739130435,13.1386301369863,Santiago De Compostela Aeropuerto
1428,2019,365,31.444000000000006,32.6,8.0,2.0,92,22.948913043478257,12.97835616438356,Santiago De Compostela Aeropuerto
1428,2020,366,33.2,35.7,20.0,8.0,92,24.43478260869565,13.984426229508195,Santiago De Compostela Aeropuerto
1428,2021,365,30.116000000000007,34.1,4.0,2.0,92,22.914130434782606,13.154520547945204,Santiago De Compostela Aeropuerto
1428,2022,365,34.980000000000004,38.5,22.0,11.0,92,25.46195652173913,14.092328767123284,Santiago De Compostela Aeropuerto
1428,2023,364,31.407000000000007,36.6,11.0,4.0,91,24.46483516483516,14.051648351648351,Santiago De Compostela Aeropuerto
1428,2024,365,31.380000000000006,33.0,6.0,3.0,92,23.920652173913048,13.731404958677686,Santiago De Compostela Aeropuerto
1428,2025,364,32.336999999999996,34.5,17.0,6.0,92,25.326086956521735,13.798076923076923,Santiago De Compostela Aeropuerto
1435C,2015,354,32.04099999999999,34.4,12.0,4.0,92,24.292391304347827,14.90367231638418,Noia
1435C,2016,364,32.937,37.7,18.0,7.0,92,25.853260869565222,14.789010989010988,Noia
1435C,2017,365,32.572,35.7,13.0,8.0,92,24.922826086956523,15.165205479452053,Noia
1435C,2019,347,31.416000000000007,33.6,10.0,3.0,91,23.298901098901098,14.73458213256484,Noia
1435C,2020,365,32.236000000000004,34.7,13.0,5.0,91,24.46483516483517,15.06054794520548,Noia
1435C,2021,365,31.272000000000002,34.4,7.0,2.0,92,23.06847826086957,14.577260273972602,Noia
1435C,2022,365,35.572,39.4,20.0,10.0,92,25.133695652173916,15.547945205479452,Noia
1435C,2023,352,32.545,37.3,12.0,6.0,92,25.411956521739132,16.15596590909091,Noia
1435C,2024,342,33.07699999999999,36.1,23.0,12.0,92,25.97717391304348,16.2366568914956,Noia
1435C,2025,361,34.48,36.3,26.0,15.0,91,27.128571428571423,15.787222222222221,Noia
1437O,2000,365,25.544000000000004,28.4,0.0,0.0,92,16.7445652173913,9.001917808219178,Monte Iroite
1437O,2001,364,27.6,31.7,1.0,0.0,92,19.10217391304348,10.525484764542936,Monte Iroite
1437O,2002,332,25.934999999999995,28.8,0.0,0.0,92,18.210869565217394,11.306097560975608,Monte Iroite
1437O,2006,365,31.444000000000006,35.0,7.0,3.0,92,22.400000000000002,11.898895027624308,Monte Iroite
1437O,2007,365,28.208000000000006,33.8,2.0,1.0,92,19.001086956521743,11.186813186813186,Monte Iroite
1437O,2008,366,25.810000000000013,28.8,0.0,0.0,92,18.519565217391307,10.866939890710382,Monte Iroite
1437O,2010,344,30.455999999999996,32.8,6.0,2.0,92,21.405434782608694,11.219241982507288,Monte Iroite
1437O,2012,341,29.620000000000005,32.7,3.0,2.0,92,18.815217391304348,10.93841642228739,Monte Iroite
1437O,2013,339,31.896000000000004,34.5,6.0,4.0,92,20.52173913043478,11.063421828908554,Monte Iroite
1437O,2015,341,30.04000000000001,33.1,4.0,2.0,87,21.188505747126438,12.326686217008797,Monte Iroite
1442U,2000,366,33.0,36.0,12.0,7.0,92,24.88586956521739,14.954098360655735,Boiro
1442U,2001,365,33.68000000000001,36.0,15.0,7.0,92,25.07608695652174,15.1,Boiro
1442U,2002,365,32.0,34.0,9.0,5.0,92,25.070652173913043,15.379726027397261,Boiro
1442U,2003,364,34.74000000000001,39.0,30.0,16.0,92,26.33695652173913,15.531043956043954,Boiro
1442U,2004,366,34.0,36.5,23.0,9.0,92,25.940217391304348,15.16904109589041,Boiro
1442U,2005,365,35.68000000000001,39.5,26.0,14.0,92,26.88586956521739,15.24904109589041,Boiro
1442U,2006,365,35.0,36.0,37.0,21.0,92,27.842391304347824,15.87205479452055,Boiro
1442U,2009,360,31.8,33.0,10.0,3.0,92,23.72500000000001,14.964722222222223,Boiro
1442U,2010,362,33.577999999999996,37.2,28.0,11.0,92,26.160869565217393,14.957734806629837,Boiro
1442U,2011,360,31.5,34.9,14.0,2.0,87,23.6183908045977,15.34138888888889,Boiro
1442U,2012,366,30.640000000000008,33.8,7.0,1.0,92,22.573913043478264,14.197814207650271,Boiro
1442U,2013,358,33.886,37.0,19.0,13.0,92,24.6391304347826,14.740782122905028,Boiro
1442U,2014,365,29.536,31.0,2.0,0.0,92,23.38369565217392,14.976438356164383,Boiro
1442U,2015,359,32.142,34.0,8.0,6.0,89,24.04494382022472,14.900835654596099,Boiro
1442U,2016,349,32.97599999999998,38.5,16.0,7.0,92,25.869565217391308,15.07191977077364,Boiro
1442U,2017,365,32.272000000000006,36.0,9.0,5.0,92,24.708695652173915,14.988767123287673,Boiro
1442U,2019,351,32.05,33.8,13.0,5.0,91,24.176923076923075,14.723931623931625,Boiro
1442U,2020,365,34.936,38.2,33.0,14.0,91,26.5,15.610958904109589,Boiro
1442U,2021,364,33.648,36.5,14.0,7.0,92,25.394565217391307,15.055494505494504,Boiro
1442U,2022,364,37.336999999999996,40.6,26.0,16.0,92,27.219565217391303,15.842857142857142,Boiro
1442U,2023,364,32.059000000000005,36.4,14.0,4.0,92,27.008695652173916,15.87032967032967,Boiro
1442U,2024,366,33.74000000000001,36.8,23.0,14.0,92,26.74782608695652,15.828961748633882,Boiro
1442U,2025,365,34.872,36.7,30.0,15.0,92,27.60760869565217,15.703561643835615,Boiro
1446X,2018,365,33.91600000000001,37.5,18.0,7.0,92,24.060869565217395,12.255616438356162,Monterroso
1446X,2020,365,33.16000000000001,35.8,19.0,7.0,92,24.304347826086957,13.126301369863013,Monterroso
1446X,2021,353,31.544000000000004,34.2,9.0,1.0,92,23.653260869565216,12.59915014164306,Monterroso
1446X,2022,364,36.455000000000005,37.5,24.0,13.0,91,25.89120879120879,13.553846153846155,Monterroso
1446X,2023,363,32.738,38.4,15.0,5.0,92,25.452173913043477,13.59228650137741,Monterroso
1446X,2024,366,32.77500000000001,34.7,13.0,8.0,92,25.071739130434782,13.197267759562841,Monterroso
1446X,2025,365,35.872,37.7,34.0,20.0,92,26.777173913043484,13.496164383561645,Monterroso
1455I,2015,362,30.339,34.3,8.0,2.0,91,24.245054945054942,11.558839779005526,Rodeiro-Vilamaior
1455I,2016,361,33.48,35.8,14.0,7.0,91,24.49010989010989,11.369806094182826,Rodeiro-Vilamaior
1455I,2017,359,32.3,35.4,13.0,5.0,89,24.16179775280899,11.87381615598886,Rodeiro-Vilamaior
1455I,2019,333,30.736,33.2,6.0,1.0,92,22.55652173913043,11.442642642642642,Rodeiro-Vilamaior
1455I,2020,362,31.6,34.6,10.0,3.0,90,23.343333333333334,11.876243093922652,Rodeiro-Vilamaior
1455I,2021,358,30.9,33.1,6.0,1.0,92,23.191304347826087,11.46340782122905,Rodeiro-Vilamaior
1455I,2022,360,35.44600000000001,38.1,23.0,14.0,91,25.445054945054945,12.400277777777776,Rodeiro-Vilamaior
1455I,2023,330,31.083999999999993,36.9,12.0,3.0,90,24.323333333333327,12.260182370820669,Rodeiro-Vilamaior
1455I,2024,364,33.51800000000001,35.8,12.0,6.0,91,25.113186813186815,12.539944903581267,Rodeiro-Vilamaior
1455I,2025,365,35.1,37.7,31.0,17.0,92,26.68152173913044,12.770833333333334,Rodeiro-Vilamaior
1465U,2015,364,32.048,34.8,11.0,4.0,91,25.285714285714292,13.037362637362639,Lalin-Cristimil
1465U,2016,362,34.333999999999996,37.4,22.0,9.0,91,25.703296703296697,12.804143646408841,Lalin-Cristimil
1465U,2017,364,33.274,36.5,14.0,10.0,92,25.101086956521737,13.20054945054945,Lalin-Cristimil
1465U,2018,362,34.19499999999999,38.0,18.0,10.0,92,24.548913043478265,12.852209944751381,Lalin-Cristimil
1465U,2019,361,32.019999999999996,33.3,11.0,4.0,91,23.56373626373626,12.607202216066485,Lalin-Cristimil
1465U,2020,364,33.574000000000005,34.5,22.0,9.0,91,24.792307692307695,13.406593406593407,Lalin-Cristimil
1465U,2021,357,31.276,33.3,8.0,2.0,92,23.4304347826087,12.55126050420168,Lalin-Cristimil
1465U,2022,347,35.924000000000014,40.1,34.0,17.0,91,26.598901098901095,13.772910662824208,Lalin-Cristimil
1465U,2023,358,32.243,37.8,13.0,6.0,92,25.098913043478266,13.651955307262568,Lalin-Cristimil
1466A,2015,349,35.15599999999999,36.8,27.0,14.0,92,27.210869565217397,14.520916905444126,Silleda
1466A,2017,346,35.410000000000004,37.9,35.0,16.0,92,26.914130434782606,15.099421965317921,Silleda
1466A,2018,348,36.306,38.1,36.0,20.0,92,25.873913043478257,14.153448275862068,Silleda
1466A,2019,364,33.774,35.5,27.0,14.0,92,25.358695652173914,13.883241758241759,Silleda
1466A,2020,365,34.936,36.4,36.0,21.0,91,26.40989010989011,14.583561643835617,Silleda
1466A,2021,364,33.474000000000004,36.6,16.0,10.0,92,25.097826086956527,13.906593406593407,Silleda
1466A,2022,364,37.611,40.4,41.0,29.0,91,28.3,15.08076923076923,Silleda
1466A,2023,363,33.676,37.9,16.0,8.0,92,26.18152173913043,14.817955801104974,Silleda
1466A,2024,366,34.77,36.7,26.0,11.0,92,26.70326086956522,14.634699453551915,Silleda
1466A,2025,365,35.672000000000004,37.9,45.0,28.0,92,28.320652173913043,14.766849315068493,Silleda
1468X,2015,353,33.29600000000001,35.9,13.0,8.0,92,25.278260869565212,14.142776203966005,A Estrada
1468X,2017,365,34.772000000000006,36.1,21.0,12.0,92,25.905434782608697,14.45068493150685,A Estrada
1468X,2018,365,35.35200000000001,37.9,32.0,15.0,92,25.469565217391306,14.036712328767122,A Estrada
1468X,2019,363,33.3,33.7,18.0,9.0,91,24.33956043956044,13.871625344352616,A Estrada
1468X,2020,366,34.27,36.3,34.0,20.0,92,25.922826086956523,14.696994535519126,A Estrada
1468X,2021,364,32.511,36.4,12.0,6.0,92,24.634782608695648,13.871153846153847,A Estrada
1468X,2022,364,36.822,39.5,33.0,17.0,91,26.912087912087912,14.871978021978023,A Estrada
1468X,2023,360,32.941,37.2,17.0,9.0,92,26.573913043478257,14.968055555555555,A Estrada
1468X,2024,366,33.785000000000025,37.7,24.0,13.0,92,26.596739130434788,14.738797814207649,A Estrada
1468X,2025,363,36.337999999999994,38.5,41.0,23.0,91,28.05824175824176,14.777410468319559,A Estrada
1473A,2004,336,33.77999999999997,35.4,21.0,9.0,90,26.00111111111111,13.934821428571427,Padrón
1473A,2007,347,31.162000000000006,33.5,10.0,3.0,92,23.070652173913043,13.667723342939484,Padrón
1473A,2008,344,29.627999999999997,33.6,3.0,2.0,88,23.564772727272725,13.268604651162793,Padrón
1473A,2009,340,32.783,34.0,15.0,8.0,91,24.203296703296708,14.18264705882353,Padrón
1473A,2011,339,33.61,37.3,23.0,7.0,89,24.64719101123596,14.74159292035398,Padrón
1473A,2012,345,32.092,35.0,13.0,4.0,89,23.183146067415734,13.256521739130434,Padrón
1473A,2015,346,35.440000000000005,37.5,25.0,15.0,91,27.204395604395604,15.440462427745667,Padrón
1473A,2016,356,35.989999999999995,39.5,40.0,23.0,91,28.12747252747252,14.900280898876405,Padrón
1473A,2017,349,34.903999999999996,37.1,34.0,14.0,92,27.200000000000006,14.951289398280803,Padrón
1473A,2018,355,35.61399999999998,38.5,38.0,17.0,92,26.120652173913044,14.436338028169013,Padrón
1473A,2019,348,33.5,35.2,20.0,10.0,89,24.874157303370783,14.100287356321841,Padrón
1473A,2020,351,34.3,36.5,33.0,17.0,90,26.127777777777776,15.006267806267806,Padrón
1473A,2021,362,33.8,36.8,19.0,10.0,92,25.639130434782604,14.407458563535911,Padrón
1473A,2023,360,33.341,36.8,18.0,10.0,91,27.093406593406595,15.203055555555556,Padrón
1473A,2024,366,34.68000000000002,37.3,31.0,15.0,92,27.53804347826087,15.369945355191259,Padrón
1473A,2025,361,36.239999999999995,39.8,47.0,31.0,92,28.990217391304352,15.494459833795014,Padrón
1475X,2005,352,34.149,34.8,17.0,9.0,89,25.32134831460674,13.735227272727274,Santiago De Compostela
1475X,2007,351,30.65,33.3,6.0,2.0,88,22.348863636363635,13.79088319088319,Santiago De Compostela
1475X,2008,360,29.405000000000012,33.0,3.0,1.0,90,22.56222222222222,13.516666666666667,Santiago De Compostela
1475X,2009,338,31.363,32.0,11.0,2.0,90,22.881111111111114,14.069526627218934,Santiago De Compostela
1475X,2012,353,33.348,35.7,12.0,8.0,89,22.9561797752809,13.779320113314448,Santiago De Compostela
1475X,2013,352,34.18400000000001,37.5,22.0,10.0,90,24.706666666666667,13.938068181818181,Santiago De Compostela
1475X,2014,357,31.028,33.5,8.0,3.0,92,23.48478260869565,14.373669467787114,Santiago De Compostela
1475X,2015,351,32.3,35.3,9.0,4.0,92,24.761956521739133,14.73817663817664,Santiago De Compostela
1475X,2016,365,35.30800000000001,38.7,23.0,12.0,91,26.192307692307697,14.43178082191781,Santiago De Compostela
1475X,2017,362,34.416999999999994,36.5,18.0,11.0,91,25.645054945054945,14.90082872928177,Santiago De Compostela
1475X,2020,358,33.9,35.2,25.0,11.0,91,24.8989010989011,14.912011173184357,Santiago De Compostela
1475X,2021,352,31.045000000000005,34.9,9.0,2.0,89,23.719101123595507,14.3625,Santiago De Compostela
1475X,2022,350,34.71799999999998,39.1,23.0,14.0,88,25.878409090909088,15.332857142857144,Santiago De Compostela
1475X,2023,359,32.510000000000005,36.0,13.0,5.0,92,25.279347826086955,15.433613445378151,Santiago De Compostela
1475X,2024,362,31.533999999999992,33.3,5.0,3.0,90,24.737777777777772,15.106077348066297,Santiago De Compostela
1475X,2025,358,34.243,35.8,25.0,14.0,92,26.643478260869557,15.298882681564246,Santiago De Compostela
1476R,2000,364,32.0,35.0,13.0,8.0,91,23.65934065934066,13.534340659340659,"Rois, Casas Do Porto"
1476R,2001,365,35.0,38.0,16.0,8.0,92,24.619565217391305,13.695890410958905,"Rois, Casas Do Porto"
1476R,2002,365,30.360000000000014,35.0,7.0,2.0,92,23.847826086956523,13.975342465753425,"Rois, Casas Do Porto"
1476R,2003,362,36.389999999999986,39.0,27.0,16.0,91,25.560439560439562,14.33011049723757,"Rois, Casas Do Porto"
1476R,2004,364,34.0,35.0,21.0,9.0,92,25.293478260869566,13.895604395604396,"Rois, Casas Do Porto"
1476R,2005,364,35.0,38.0,25.0,13.0,92,26.293478260869566,13.997252747252746,"Rois, Casas Do Porto"
1476R,2006,362,37.0,40.0,33.0,21.0,91,27.35164835164835,14.653591160220996,"Rois, Casas Do Porto"
1476R,2007,333,31.680000000000007,34.0,15.0,4.0,92,23.054347826086957,13.852852852852854,"Rois, Casas Do Porto"
1476R,2009,360,32.1,32.9,13.0,5.0,92,23.606521739130436,14.303611111111111,"Rois, Casas Do Porto"
1476R,2010,357,34.188,36.1,23.0,11.0,90,25.485555555555557,14.005322128851539,"Rois, Casas Do Porto"
1476R,2011,363,32.752,36.1,13.0,5.0,91,23.38351648351648,14.666666666666666,"Rois, Casas Do Porto"
1476R,2012,364,32.348000000000006,36.0,11.0,5.0,92,22.90869565217391,13.721978021978023,"Rois, Casas Do Porto"
1476R,2015,355,32.946,35.5,11.0,6.0,91,24.538461538461533,14.472676056338026,"Rois, Casas Do Porto"
1476R,2016,362,34.889999999999986,38.7,25.0,10.0,91,26.128571428571426,14.395580110497239,"Rois, Casas Do Porto"
1476R,2017,364,33.948,34.6,17.0,10.0,92,25.14239130434782,14.766483516483516,"Rois, Casas Do Porto"
1476R,2019,361,32.67999999999999,33.4,16.0,6.0,92,23.64891304347826,14.185595567867036,"Rois, Casas Do Porto"
1476R,2020,365,33.372,36.1,28.0,13.0,92,25.144565217391307,14.78986301369863,"Rois, Casas Do Porto"
1476R,2021,357,31.331999999999997,35.3,8.0,3.0,89,23.62808988764045,14.092997198879553,"Rois, Casas Do Porto"
1476R,2022,352,35.13300000000002,39.3,17.0,7.0,88,25.707954545454548,14.995454545454544,"Rois, Casas Do Porto"
1476R,2023,356,32.279999999999994,36.2,14.0,6.0,92,25.821739130434793,15.242977528089888,"Rois, Casas Do Porto"
1476R,2024,365,33.044000000000004,35.4,16.0,5.0,91,25.316483516483512,14.923013698630136,"Rois, Casas Do Porto"
1476R,2025,365,35.72400000000001,37.8,31.0,18.0,92,27.14673913043479,15.121917808219179,"Rois, Casas Do Porto"
1477U,2000,366,33.65000000000002,34.8,15.0,8.0,92,24.88586956521739,14.807650273224045,Vilagarcia De Arousa
1477U,2001,365,33.672000000000004,35.4,19.0,10.0,92,24.961956521739125,15.080547945205478,Vilagarcia De Arousa
1477U,2002,365,31.652000000000008,34.3,6.0,4.0,92,24.540217391304346,15.324383561643835,Vilagarcia De Arousa
1477U,2003,365,35.936,39.3,33.0,19.0,92,26.094565217391306,15.50931506849315,Vilagarcia De Arousa
1477U,2004,366,33.105000000000004,37.1,15.0,9.0,92,25.561956521739127,15.15109289617486,Vilagarcia De Arousa
1477U,2005,365,36.136,38.5,28.0,16.0,92,27.12391304347826,15.381369863013699,Vilagarcia De Arousa
1477U,2006,365,36.24400000000001,38.5,38.0,26.0,92,28.73804347826087,16.160821917808217,Vilagarcia De Arousa
1477U,2007,365,33.0,35.0,20.0,7.0,92,24.733695652173914,15.355616438356162,Vilagarcia De Arousa
1477U,2008,366,32.14000000000001,33.5,12.0,5.0,92,24.889130434782604,14.841530054644808,Vilagarcia De Arousa
1477U,2009,365,32.91600000000001,34.4,21.0,8.0,92,24.584782608695654,15.341369863013696,Vilagarcia De Arousa
1477U,2010,365,35.136,38.0,38.0,21.0,92,27.449999999999996,15.51095890410959,Vilagarcia De Arousa
1477U,2011,365,33.68000000000001,36.3,27.0,13.0,92,25.28369565217391,16.19095890410959,Vilagarcia De Arousa
1477U,2012,366,33.15000000000002,36.5,22.0,7.0,92,24.1804347826087,15.074590163934424,Vilagarcia De Arousa
1477U,2013,365,36.072,39.7,34.0,18.0,92,26.198913043478257,15.344383561643836,Vilagarcia De Arousa
1477U,2014,365,31.5,33.7,17.0,2.0,92,25.11630434782609,15.771232876712329,Vilagarcia De Arousa
1477U,2015,365,34.5,36.0,23.0,14.0,92,26.14782608695652,15.79917808219178,Vilagarcia De Arousa
1477U,2016,366,35.610000000000014,41.0,38.0,22.0,92,28.04456521739131,15.764754098360655,Vilagarcia De Arousa
1477U,2017,365,34.024000000000015,38.0,27.0,17.0,92,26.666304347826088,15.927945205479451,Vilagarcia De Arousa
1477U,2018,365,35.924000000000014,38.0,30.0,18.0,92,26.607608695652175,15.741095890410959,Vilagarcia De Arousa
1477U,2019,365,33.18000000000001,34.5,16.0,6.0,92,24.56630434782609,15.376438356164385,Vilagarcia De Arousa
1477U,2020,366,33.375000000000014,36.8,29.0,16.0,92,25.941304347826087,16.0344262295082,Vilagarcia De Arousa
1477U,2021,365,33.61600000000001,35.4,10.0,6.0,92,24.77173913043479,15.446027397260277,Vilagarcia De Arousa
1477U,2022,365,35.68800000000001,39.4,24.0,15.0,92,26.455434782608698,16.361643835616437,Vilagarcia De Arousa
1477V,2015,356,35.345,36.7,27.0,16.0,91,26.27472527472528,15.814044943820225,Vilagarcía De Arousa
1477V,2017,364,33.733000000000004,38.1,24.0,13.0,92,26.30217391304348,15.712912087912088,Vilagarcía De Arousa
1477V,2019,364,33.059000000000005,34.5,14.0,6.0,92,24.242391304347827,15.25631868131868,Vilagarcía De Arousa
1477V,2020,365,33.30800000000001,37.0,26.0,15.0,91,25.66153846153846,15.899452054794521,Vilagarcía De Arousa
1477V,2021,364,33.011,35.2,10.0,6.0,92,24.570652173913043,15.307417582417582,Vilagarcía De Arousa
1477V,2022,362,35.59499999999999,39.2,20.0,14.0,91,26.33626373626374,16.18646408839779,Vilagarcía De Arousa
1477V,2023,365,31.444000000000006,37.2,15.0,2.0,92,26.004347826086963,16.25260273972603,Vilagarcía De Arousa
1477V,2024,365,34.136,37.4,22.0,12.0,92,26.594565217391313,16.174794520547945,Vilagarcía De Arousa
1477V,2025,364,34.674,36.5,33.0,21.0,92,27.650000000000006,16.154945054945053,Vilagarcía De Arousa
1484,1980,366,31.0,36.0,8.0,2.0,92,23.545652173913048,14.356830601092897,"Pontevedra, Instituto"
1484,1981,365,34.28800000000001,40.0,26.0,15.0,92,25.72826086956521,14.85890410958904,"Pontevedra, Instituto"
1484,1982,365,32.0,35.0,12.0,5.0,92,23.558695652173913,14.841917808219176,"Pontevedra, Instituto"
1484,1983,365,31.360000000000014,35.4,9.0,4.0,92,24.36521739130435,14.91890410958904,"Pontevedra, Instituto"
1484,1984,366,30.74000000000001,31.2,14.0,0.0,92,24.536956521739135,14.472950819672132,"Pontevedra, Instituto"
1484C,2000,366,32.42000000000003,35.2,12.0,6.0,92,24.80652173913044,14.502185792349728,Pontevedra
1484C,2001,365,32.672000000000004,34.4,14.0,7.0,92,24.486956521739128,14.612876712328768,Pontevedra
1484C,2002,365,30.5,33.5,8.0,2.0,92,24.222826086956523,14.874794520547944,Pontevedra
1484C,2003,365,35.18000000000001,38.2,23.0,10.0,92,25.233695652173914,14.935890410958905,Pontevedra
1484C,2004,366,32.6,35.0,16.0,6.0,92,25.126086956521743,14.528142076502732,Pontevedra
1484C,2005,365,34.672000000000004,37.0,22.0,18.0,92,26.660869565217393,14.741917808219176,Pontevedra
1484C,2006,365,35.41600000000001,39.5,30.0,20.0,92,27.54565217391304,15.40931506849315,Pontevedra
1484C,2007,365,32.436,33.5,11.0,5.0,92,23.843478260869563,14.817534246575342,Pontevedra
1484C,2008,366,32.07000000000001,33.5,9.0,5.0,92,24.417391304347827,14.41639344262295,Pontevedra
1484C,2009,365,31.944000000000006,33.3,11.0,4.0,92,23.97717391304348,14.664657534246576,Pontevedra
1484C,2010,365,34.636,35.6,29.0,12.0,92,26.488043478260867,14.717534246575342,Pontevedra
1484C,2011,365,32.34400000000001,37.0,18.0,5.0,92,24.36521739130435,15.377260273972603,Pontevedra
1484C,2012,366,31.410000000000014,35.4,10.0,2.0,92,23.04673913043478,14.206830601092896,Pontevedra
1484C,2013,365,35.1,38.0,22.0,13.0,92,25.313043478260877,14.530410958904108,Pontevedra
1484C,2014,365,29.872000000000003,31.0,4.0,0.0,92,24.24021739130435,15.023835616438356,Pontevedra
1484C,2015,365,32.65200000000001,34.0,12.0,6.0,92,25.21521739130435,15.101095890410958,Pontevedra
1484C,2016,366,33.73500000000001,38.1,23.0,10.0,92,26.206521739130434,14.767486338797813,Pontevedra
1484C,2017,365,33.336,35.9,16.0,7.0,92,25.178260869565225,15.068767123287673,Pontevedra
1484C,2018,365,35.05200000000001,37.7,25.0,12.0,92,25.294565217391302,14.87178082191781,Pontevedra
1484C,2019,365,32.436,33.9,14.0,5.0,92,23.914130434782614,14.717808219178085,Pontevedra
1484C,2020,366,34.07000000000001,36.5,27.0,10.0,92,25.42391304347826,15.389344262295081,Pontevedra
1484C,2021,365,32.55200000000001,35.0,8.0,5.0,92,24.436956521739127,14.956164383561644,Pontevedra
1484C,2022,365,35.924000000000014,38.8,28.0,16.0,92,26.766304347826093,16.132328767123287,Pontevedra
1484C,2023,363,33.942,37.5,25.0,8.0,92,27.010869565217398,16.108264462809917,Pontevedra
1484C,2024,366,34.605000000000004,36.4,29.0,14.0,92,27.321739130434786,16.110382513661204,Pontevedra
1484C,2025,365,35.81600000000001,37.7,32.0,25.0,92,28.37717391304347,16.096164383561646,Pontevedra
1486E,1980,366,28.870000000000005,32.4,3.0,1.0,92,22.655434782608697,14.081420765027323,Escuela Naval De Marín
1486E,1981,365,32.6,36.6,20.0,9.0,92,24.90869565217391,14.481643835616442,Escuela Naval De Marín
1486E,1982,365,30.180000000000007,31.2,5.0,0.0,92,22.37282608695652,14.404109589041095,Escuela Naval De Marín
1486E,1983,365,29.872000000000003,33.2,4.0,2.0,92,22.95434782608696,14.782191780821918,Escuela Naval De Marín
1486E,1984,366,29.8,30.4,3.0,0.0,92,23.40978260869565,14.426775956284155,Escuela Naval De Marín
1486E,1985,365,30.272000000000002,32.2,6.0,2.0,92,22.882608695652173,14.866301369863013,Escuela Naval De Marín
1486E,1986,365,30.48800000000001,33.0,6.0,2.0,92,23.119565217391305,14.26,Escuela Naval De Marín
1486E,1987,365,31.136000000000003,33.8,9.0,2.0,92,24.161956521739132,15.442465753424658,Escuela Naval De Marín
1486E,1988,366,28.935000000000002,32.2,3.0,1.0,92,23.55434782608696,15.171311475409839,Escuela Naval De Marín
1486E,1989,365,32.5,35.0,19.0,5.0,92,25.393478260869564,16.070684931506847,Escuela Naval De Marín
1486E,1990,365,33.608000000000004,36.5,18.0,11.0,92,25.339130434782607,16.264657534246577,Escuela Naval De Marín
1486E,1991,365,31.4,33.0,9.0,2.0,92,23.658695652173908,15.19972602739726,Escuela Naval De Marín
1486E,1992,365,29.68800000000001,32.4,4.0,2.0,91,23.494505494505493,15.03178082191781,Escuela Naval De Marín
1486E,1993,334,32.80200000000001,35.0,9.0,5.0,92,24.567391304347826,15.31437125748503,Escuela Naval De Marín
1486E,2023,353,29.096000000000004,30.9,2.0,0.0,89,24.370786516853936,16.06203966005666,Escuela Naval De Marín
1486E,2024,354,30.846999999999998,32.1,8.0,1.0,90,24.27444444444444,16.05767045454546,Escuela Naval De Marín
1486E,2025,356,31.394999999999985,33.2,11.0,4.0,91,24.7989010989011,15.919101123595508,Escuela Naval De Marín
1489A,2015,362,33.333999999999996,35.0,16.0,9.0,92,25.33478260869565,13.590055248618786,A Lama
1489A,2016,366,34.970000000000006,38.5,35.0,19.0,92,26.868478260869566,13.454098360655736,A Lama
1489A,2017,365,33.736000000000004,35.2,20.0,13.0,92,25.53369565217391,13.743835616438357,A Lama
1489A,2018,364,35.044000000000004,37.8,26.0,11.0,92,24.904347826086955,13.291758241758242,A Lama
1489A,2019,364,32.336999999999996,34.5,10.0,5.0,92,23.38478260869565,12.950824175824177,A Lama
1489A,2020,365,33.6,35.4,30.0,11.0,92,25.172826086956523,13.77232876712329,A Lama
1489A,2021,364,32.336999999999996,33.6,7.0,5.0,91,23.81758241758242,13.208791208791208,A Lama
1489A,2022,362,35.916999999999994,39.0,33.0,14.0,91,26.43186813186813,14.111878453038674,A Lama
1489A,2023,365,32.70400000000002,36.9,14.0,5.0,92,24.958695652173915,13.869041095890411,A Lama
1489A,2024,365,33.71600000000001,35.7,23.0,11.0,92,25.87608695652174,14.001369863013698,A Lama
1489A,2025,357,35.088,36.2,37.0,23.0,92,27.32065217391305,13.882633053221289,A Lama
1495,1961,365,31.81600000000001,36.0,15.0,4.0,92,24.999999999999996,14.319178082191781,Vigo Aeropuerto
1495,1962,365,31.472,33.4,13.0,3.0,92,23.567391304347826,13.403835616438355,Vigo Aeropuerto
1495,1963,365,31.4,32.8,10.0,2.0,92,22.119565217391305,12.997260273972604,Vigo Aeropuerto
1495,1964,366,33.950000000000024,35.2,17.0,8.0,92,24.378260869565214,13.557650273224041,Vigo Aeropuerto
1495,1965,351,31.0,34.6,8.0,3.0,92,22.36304347826087,13.078062678062679,Vigo Aeropuerto
1495,1966,365,31.48800000000001,33.0,11.0,4.0,92,22.64782608695652,13.359178082191782,Vigo Aeropuerto
1495,1967,365,29.4,31.4,3.0,0.0,92,22.958695652173912,13.26,Vigo Aeropuerto
1495,1968,366,32.14000000000001,33.0,10.0,5.0,92,23.117391304347827,13.29071038251366,Vigo Aeropuerto
1495,1969,365,33.0,34.0,14.0,9.0,92,24.5,12.927123287671233,Vigo Aeropuerto
1495,1970,365,32.488000000000014,35.0,11.0,7.0,92,22.763043478260872,12.975068493150687,Vigo Aeropuerto
1495,1971,365,31.144000000000005,33.0,9.0,3.0,92,21.69782608695652,12.777808219178084,Vigo Aeropuerto
1495,1972,366,29.610000000000014,33.6,4.0,2.0,92,21.917391304347827,12.245081967213117,Vigo Aeropuerto
1495,1973,365,30.0,33.6,7.0,1.0,92,23.94347826086957,13.218082191780823,Vigo Aeropuerto
1495,1974,365,30.4,32.0,8.0,1.0,92,23.33913043478261,12.68958904109589,Vigo Aeropuerto
1495,1975,365,30.48800000000001,33.4,6.0,2.0,92,23.156521739130437,13.090958904109591,Vigo Aeropuerto
1495,1976,366,31.560000000000038,34.0,10.0,4.0,92,24.460869565217394,13.18114754098361,Vigo Aeropuerto
1495,1977,365,30.472,32.6,7.0,1.0,92,20.213043478260865,12.956438356164385,Vigo Aeropuerto
1495,1978,365,31.8,32.6,8.0,3.0,92,22.050000000000004,13.274520547945205,Vigo Aeropuerto
1495,1979,365,31.360000000000014,33.6,12.0,4.0,92,24.489130434782613,13.304931506849318,Vigo Aeropuerto
1495,1980,366,29.74000000000001,35.0,4.0,2.0,92,22.176086956521736,13.334426229508196,Vigo Aeropuerto
1495,1981,365,35.0,38.6,25.0,12.0,92,25.380434782608695,14.009041095890408,Vigo Aeropuerto
1495,1982,365,31.19200000000003,33.4,9.0,4.0,92,22.04782608695652,13.627123287671232,Vigo Aeropuerto
1495,1983,365,30.744000000000007,35.0,7.0,2.0,92,23.076086956521745,13.781917808219177,Vigo Aeropuerto
1495,1984,366,30.74000000000001,34.6,10.0,1.0,92,23.55,13.417213114754098,Vigo Aeropuerto
1495,1985,365,32.072,33.6,10.0,5.0,92,22.856521739130425,13.692876712328767,Vigo Aeropuerto
1495,1986,365,32.21600000000001,32.6,9.0,5.0,92,23.208695652173912,13.190684931506848,Vigo Aeropuerto
1495,1987,365,32.74400000000001,35.2,17.0,7.0,92,24.510869565217387,14.337260273972603,Vigo Aeropuerto
1495,1988,366,30.350000000000023,36.0,5.0,2.0,92,22.48913043478261,13.887431693989072,Vigo Aeropuerto
1495,1989,365,34.072,36.6,18.0,12.0,92,25.604347826086954,15.136986301369863,Vigo Aeropuerto
1495,1990,365,34.672000000000004,36.6,31.0,12.0,92,25.383695652173916,14.552054794520547,Vigo Aeropuerto
1495,1991,365,32.272000000000006,35.2,16.0,8.0,92,24.139130434782604,13.578356164383562,Vigo Aeropuerto
1495,1992,366,31.0,34.2,7.0,3.0,92,22.99782608695652,13.533333333333333,Vigo Aeropuerto
1495,1993,365,32.360000000000014,34.0,14.0,5.0,92,24.449999999999996,13.477260273972602,Vigo Aeropuerto
1495,1994,365,30.272000000000002,32.8,5.0,1.0,92,23.31847826086957,13.719726027397257,Vigo Aeropuerto
1495,1995,365,32.18000000000001,35.2,18.0,6.0,92,25.261956521739133,14.86,Vigo Aeropuerto
1495,1996,366,31.870000000000005,33.4,11.0,4.0,92,24.132608695652173,13.771311475409835,Vigo Aeropuerto
1495,1997,365,32.672000000000004,33.6,13.0,6.0,92,23.30760869565217,15.162191780821917,Vigo Aeropuerto
1495,1998,365,32.536,34.6,16.0,7.0,92,24.846739130434788,14.40767123287671,Vigo Aeropuerto
1495,1999,365,31.6,35.5,7.0,3.0,92,23.77282608695652,13.98904109589041,Vigo Aeropuerto
1495,2000,366,32.0,34.4,9.0,5.0,92,23.831521739130434,13.858469945355193,Vigo Aeropuerto
1495,2001,365,32.0,33.5,16.0,5.0,92,23.18478260869565,14.051780821917808,Vigo Aeropuerto
1495,2002,365,30.536,32.4,6.0,1.0,92,23.028260869565216,14.23972602739726,Vigo Aeropuerto
1495,2003,365,35.85200000000001,37.5,22.0,14.0,92,24.674999999999994,14.694520547945206,Vigo Aeropuerto
1495,2004,366,31.435000000000002,33.0,12.0,3.0,92,24.198913043478264,14.213661202185794,Vigo Aeropuerto
1495,2005,365,33.34400000000001,34.0,16.0,9.0,92,25.2304347826087,13.912328767123288,Vigo Aeropuerto
1495,2006,364,32.6,34.9,18.0,6.0,91,25.068131868131868,14.198076923076922,Vigo Aeropuerto
1495,2007,365,29.51600000000001,30.7,3.0,0.0,92,21.753260869565214,13.59835616438356,Vigo Aeropuerto
1495,2008,361,29.179999999999996,31.3,1.0,0.0,89,22.349438202247192,13.291966759002772,Vigo Aeropuerto
1495,2009,361,30.9,31.9,7.0,0.0,92,23.073913043478257,14.232686980609419,Vigo Aeropuerto
1495,2010,356,33.38999999999999,34.9,19.0,6.0,92,25.725,14.6811797752809,Vigo Aeropuerto
1495,2011,360,31.182000000000006,34.8,9.0,3.0,92,23.46195652173913,15.257222222222223,Vigo Aeropuerto
1495,2012,365,29.78000000000001,34.0,4.0,2.0,92,22.13586956521739,13.91123287671233,Vigo Aeropuerto
1495,2013,361,38.47999999999996,39.7,40.0,22.0,92,27.118478260869566,14.698337950138505,Vigo Aeropuerto
1495,2014,364,31.437,32.6,16.0,2.0,92,24.789130434782606,15.057967032967031,Vigo Aeropuerto
1495,2015,363,33.638,35.5,18.0,8.0,92,25.951086956521745,15.143801652892561,Vigo Aeropuerto
1495,2016,360,35.99200000000003,40.8,31.0,20.0,90,27.002222222222226,14.755833333333332,Vigo Aeropuerto
1495,2017,364,35.048,37.3,21.0,16.0,91,26.13296703296703,15.115426997245178,Vigo Aeropuerto
1495,2018,365,36.208000000000006,37.8,24.0,14.0,92,25.234782608695646,14.43808219178082,Vigo Aeropuerto
1495,2019,365,32.480000000000004,35.0,14.0,5.0,92,23.57608695652174,14.273351648351648,Vigo Aeropuerto
1495,2020,364,35.159000000000006,37.0,31.0,14.0,90,25.54,15.011813186813187,Vigo Aeropuerto
1495,2021,363,33.79,35.7,10.0,6.0,92,24.23804347826087,14.447658402203857,Vigo Aeropuerto
1495,2022,362,36.817,38.1,30.0,15.0,91,26.61648351648352,15.361666666666666,Vigo Aeropuerto
1495,2023,364,32.722,36.7,11.0,5.0,92,25.370652173913047,15.184615384615384,Vigo Aeropuerto
1495,2024,364,33.348000000000006,35.8,20.0,11.0,92,25.868478260869566,15.195329670329672,Vigo Aeropuerto
1495,2025,365,35.76000000000001,37.2,35.0,24.0,92,27.79021739130435,15.22849315068493,Vigo Aeropuerto
1496X,2015,340,32.383,33.4,13.0,5.0,92,24.777173913043473,15.74470588235294,Vigo 
1496X,2016,366,33.710000000000015,36.9,23.0,14.0,92,26.221739130434784,15.650273224043715,Vigo 
1496X,2017,364,32.959,36.5,17.0,9.0,91,25.335164835164836,16.074175824175825,Vigo 
1496X,2018,365,34.872,36.7,20.0,10.0,92,25.085869565217394,15.545479452054794,Vigo 
1496X,2019,364,31.748,34.0,9.0,4.0,92,23.629347826086956,15.437912087912087,Vigo 
1496X,2020,366,33.780000000000015,35.2,22.0,11.0,92,24.90869565217391,15.989890710382511,Vigo 
1496X,2021,360,32.36400000000001,34.8,8.0,6.0,89,23.873033707865165,15.517777777777777,Vigo 
1496X,2023,365,32.336,35.7,10.0,6.0,92,25.191304347826087,16.4386301369863,Vigo 
1496X,2024,365,32.908,35.0,16.0,7.0,92,25.756521739130434,16.393131868131867,Vigo 
1496X,2025,347,35.062000000000005,37.6,25.0,17.0,92,27.41195652173912,16.468587896253602,Vigo 
1505,2000,366,34.535000000000004,35.0,13.0,10.0,92,24.185869565217395,11.815027322404372,Lugo Aeropuerto
1505,2003,365,36.84000000000002,39.1,26.0,14.0,92,25.69130434782609,12.359452054794522,Lugo Aeropuerto
1505,2004,366,31.4,35.8,7.0,3.0,92,24.83152173913044,11.649453551912568,Lugo Aeropuerto
1505,2005,365,33.072,35.3,14.0,9.0,92,25.304347826086957,11.864383561643836,Lugo Aeropuerto
1505,2006,365,35.036,37.7,23.0,13.0,92,26.248913043478257,12.861917808219179,Lugo Aeropuerto
1505,2007,365,30.2,35.6,7.0,3.0,92,23.384782608695648,11.797534246575344,Lugo Aeropuerto
1505,2008,366,30.270000000000003,31.8,5.0,0.0,92,23.99130434782609,11.973497267759564,Lugo Aeropuerto
1505,2009,364,31.707000000000004,34.3,11.0,4.0,92,23.97826086956522,12.337362637362638,Lugo Aeropuerto
1505,2010,365,32.3,35.8,14.0,6.0,92,24.703260869565224,12.053972602739725,Lugo Aeropuerto
1505,2011,365,31.908000000000005,36.4,16.0,4.0,92,24.33913043478261,12.996712328767124,Lugo Aeropuerto
1505,2012,366,34.835,36.6,20.0,12.0,92,24.59347826086957,12.14398907103825,Lugo Aeropuerto
1505,2013,365,33.872,36.0,18.0,7.0,92,25.14782608695652,12.265205479452055,Lugo Aeropuerto
1505,2014,365,29.536,35.0,3.0,1.0,92,24.296739130434784,12.9172602739726,Lugo Aeropuerto
1505,2015,365,33.38000000000001,35.1,20.0,11.0,92,26.32065217391304,13.083287671232876,Lugo Aeropuerto
1505,2016,366,35.105000000000004,38.4,21.0,13.0,92,25.45326086956522,12.388524590163932,Lugo Aeropuerto
1505,2017,365,34.21600000000001,39.1,13.0,6.0,92,25.244565217391305,12.796712328767123,Lugo Aeropuerto
1505,2018,365,33.024000000000015,35.6,16.0,7.0,92,24.096739130434784,12.497534246575343,Lugo Aeropuerto
1505,2019,365,32.11600000000001,34.8,10.0,4.0,92,24.034782608695654,12.394246575342464,Lugo Aeropuerto
1505,2020,366,33.710000000000015,36.7,17.0,11.0,92,24.38913043478261,13.288524590163936,Lugo Aeropuerto
1505,2021,365,31.81600000000001,33.7,11.0,4.0,92,23.69130434782609,12.43945205479452,Lugo Aeropuerto
1505,2022,361,35.14,38.7,22.0,13.0,88,25.667045454545452,13.44681440443213,Lugo Aeropuerto
1505,2023,365,33.05200000000001,39.7,20.0,9.0,92,26.10326086956521,13.800821917808218,Lugo Aeropuerto
1505,2024,366,32.18000000000002,36.2,12.0,4.0,92,24.83478260869565,13.24535519125683,Lugo Aeropuerto
1505,2025,365,35.636,37.9,27.0,20.0,92,26.917391304347827,13.582465753424659,Lugo Aeropuerto
1518A,1980,366,32.0,34.0,15.0,5.0,92,22.98913043478261,10.990437158469945,Lugo
1518A,1981,365,31.0,33.0,9.0,3.0,92,22.57608695652174,11.208219178082192,Lugo
1518A,1982,365,31.0,33.0,6.0,2.0,92,21.342391304347824,11.706027397260273,Lugo
1518A,1983,364,30.0,31.0,5.0,0.0,91,21.9010989010989,11.407692307692306,Lugo
1518A,1984,364,32.0,35.0,12.0,5.0,92,23.054347826086957,11.420110192837466,Lugo
1518A,1985,364,32.0,34.0,18.0,6.0,92,23.32608695652174,12.424242424242424,Lugo
1518A,1986,365,30.720000000000027,35.0,6.0,4.0,92,23.47826086956522,12.199175824175825,Lugo
1518A,1987,363,36.379999999999995,40.0,29.0,23.0,92,25.315217391304348,13.044475138121548,Lugo
1518A,1988,365,32.360000000000014,39.0,16.0,6.0,92,23.717391304347824,12.747252747252746,Lugo
1518A,1989,365,31.360000000000014,34.0,8.0,4.0,92,24.967391304347824,13.31456043956044,Lugo
1518A,1990,365,37.360000000000014,39.0,27.0,17.0,92,26.195652173913043,13.40082191780822,Lugo
1518A,1991,365,34.0,35.0,27.0,11.0,92,25.054347826086957,12.775482093663912,Lugo
1518A,1992,335,33.0,35.0,19.0,8.0,92,23.597826086956523,13.077611940298507,Lugo
1518A,1993,365,31.360000000000014,35.0,12.0,4.0,92,23.597826086956523,12.916167664670658,Lugo
1518A,1994,365,31.0,34.0,16.0,3.0,92,25.17391304347826,14.226047904191617,Lugo
1518A,1996,335,33.660000000000025,35.0,18.0,11.0,92,25.07608695652174,12.614925373134328,Lugo
1518A,1997,365,32.0,33.0,13.0,5.0,92,23.27173913043478,13.745205479452055,Lugo
1518A,1998,365,35.72000000000003,38.0,25.0,16.0,92,26.097826086956523,13.696428571428571,Lugo
1518A,1999,363,33.379999999999995,35.0,20.0,8.0,91,25.593406593406595,13.578947368421053,Lugo
1518A,2005,350,33.50999999999999,35.0,18.0,10.0,92,25.565217391304348,12.492857142857142,Lugo
1518A,2006,364,35.370000000000005,39.0,25.0,15.0,92,26.22826086956522,13.098066298342541,Lugo
1518A,2007,361,31.0,34.0,10.0,3.0,92,23.57608695652174,12.322714681440443,Lugo
1518A,2009,360,33.782000000000004,36.1,25.0,7.0,91,25.258241758241752,13.031388888888888,Lugo
1518A,2010,357,32.9,35.8,29.0,10.0,90,25.498888888888896,12.68515406162465,Lugo
1518A,2011,364,34.336999999999996,37.2,31.0,15.0,92,24.758695652173916,13.710714285714285,Lugo
1518A,2012,365,36.38800000000001,38.4,31.0,18.0,92,25.38369565217391,12.801917808219178,Lugo
1518A,2013,365,34.436,37.4,26.0,11.0,92,25.851086956521737,12.738082191780821,Lugo
1518A,2014,363,31.714,37.2,11.0,3.0,92,24.722826086956523,13.460606060606063,Lugo
1518A,2015,354,34.54099999999999,36.7,27.0,13.0,92,26.86739130434782,13.677401129943503,Lugo
1518A,2016,350,37.455,41.9,36.0,22.0,92,27.079347826086952,13.223999999999998,Lugo
1518A,2017,364,36.111,40.3,30.0,13.0,91,26.787912087912087,13.708791208791208,Lugo
1518A,2018,356,36.00499999999999,39.0,27.0,11.0,91,25.575824175824167,13.048314606741572,Lugo
1518A,2019,359,33.284000000000006,37.3,20.0,10.0,92,25.340217391304346,13.167688022284125,Lugo
1518A,2020,365,36.708000000000006,39.7,33.0,19.0,92,25.85217391304348,14.006301369863014,Lugo
1518A,2021,365,33.736000000000004,36.6,19.0,8.0,92,25.12717391304348,13.192054794520546,Lugo
1518A,2022,363,37.614,40.1,34.0,21.0,92,26.856521739130436,14.215977961432506,Lugo
1518A,2023,365,33.528000000000034,40.0,25.0,11.0,92,26.992391304347827,14.206575342465753,Lugo
1518A,2024,365,32.708000000000006,35.3,16.0,6.0,92,25.10978260869565,13.445753424657536,Lugo
1518A,2025,365,35.708000000000006,37.9,28.0,20.0,92,26.971739130434788,13.774246575342467,Lugo
1521I,2002,365,33.0,34.0,10.0,5.0,92,23.630434782608695,12.780821917808218,O Páramo
1521I,2003,365,37.0,37.0,36.0,24.0,92,26.358695652173914,13.167123287671233,O Páramo
1521I,2004,365,34.0,36.0,30.0,12.0,92,26.380434782608695,12.570247933884298,O Páramo
1521I,2007,365,32.360000000000014,37.0,18.0,9.0,92,24.293478260869566,12.361643835616439,O Páramo
1521I,2009,364,33.044000000000004,34.9,22.0,8.0,91,25.56483516483516,12.65,O Páramo
1521I,2010,360,32.3,35.5,26.0,7.0,90,25.907777777777774,12.387777777777778,O Páramo
1521I,2011,363,34.1,37.5,31.0,9.0,91,25.128571428571437,13.306060606060607,O Páramo
1521I,2012,365,35.272000000000006,37.1,30.0,17.0,92,25.427173913043475,12.382739726027397,O Páramo
1521I,2013,365,33.936,36.9,27.0,13.0,92,26.27391304347827,12.529041095890411,O Páramo
1521I,2014,365,30.772000000000002,36.7,6.0,3.0,92,25.02065217391304,13.244383561643838,O Páramo
1521I,2015,365,34.2,37.0,25.0,13.0,92,27.228260869565222,13.4,O Páramo
1521I,2016,366,35.8,39.2,34.0,20.0,92,27.134782608695648,12.9827868852459,O Páramo
1521I,2017,364,35.485,39.8,29.0,12.0,91,26.991208791208788,13.399450549450549,O Páramo
1521I,2018,365,35.672000000000004,38.1,28.0,10.0,92,25.925,13.126575342465756,O Páramo
1521I,2019,363,33.6,36.1,23.0,10.0,92,25.73804347826087,12.930027548209367,O Páramo
1521I,2020,366,35.77500000000001,38.6,38.0,20.0,92,26.39673913043479,13.922131147540984,O Páramo
1521I,2021,365,33.272000000000006,34.2,20.0,9.0,92,25.357608695652175,12.937534246575343,O Páramo
1521I,2023,364,35.111,41.2,26.0,12.0,91,27.352747252747253,14.108241758241757,O Páramo
1521I,2024,365,33.772000000000006,37.5,23.0,9.0,92,26.792391304347824,13.812328767123288,O Páramo
1521I,2025,356,37.535,39.7,38.0,28.0,91,28.551648351648353,14.238202247191012,O Páramo
1521X,2015,356,28.179999999999996,31.0,1.0,0.0,92,22.289130434782614,10.548876404494381,Becerreá
1521X,2016,362,30.11199999999999,33.3,4.0,1.0,92,22.04891304347826,10.175138121546961,Becerreá
1521X,2017,365,29.472,33.4,3.0,1.0,92,21.702173913043477,10.984383561643837,Becerreá
1521X,2018,365,29.808000000000003,31.2,4.0,0.0,92,20.38913043478261,9.791232876712328,Becerreá
1521X,2019,364,27.670000000000005,29.1,0.0,0.0,92,20.11304347826087,10.039835164835164,Becerreá
1521X,2020,366,28.975000000000012,32.0,3.0,1.0,92,20.618478260869566,10.647814207650272,Becerreá
1521X,2021,364,27.2,28.7,0.0,0.0,92,19.963043478260868,9.935164835164835,Becerreá
1521X,2022,365,31.5,33.7,9.0,3.0,92,22.777173913043477,11.204657534246575,Becerreá
1521X,2023,359,30.420000000000016,34.6,5.0,3.0,92,21.69347826086956,11.221727019498607,Becerreá
1521X,2024,363,28.503999999999994,31.6,2.0,0.0,92,21.70978260869565,10.763085399449036,Becerreá
1521X,2025,362,32.239,34.6,16.0,6.0,92,24.05760869565217,11.189779005524862,Becerreá
1583X,2015,357,37.576,39.6,76.0,50.0,92,31.28478260869565,15.209803921568627,O Barco De Valdeorras
1583X,2017,365,38.75200000000001,40.0,69.0,44.0,92,30.964130434782607,15.218630136986302,O Barco De Valdeorras
1583X,2019,348,36.0,38.5,62.0,38.0,92,28.906521739130437,14.749137931034483,O Barco De Valdeorras
1583X,2021,365,36.036,38.3,50.0,28.0,92,29.10760869565218,14.649863013698628,O Barco De Valdeorras
1583X,2022,362,40.355999999999995,42.4,82.0,58.0,92,32.02717391304348,15.91353591160221,O Barco De Valdeorras
1583X,2023,365,37.672000000000004,41.4,57.0,32.0,92,30.032608695652176,15.536438356164384,O Barco De Valdeorras
1583X,2024,365,37.936,40.9,68.0,42.0,92,30.876086956521743,15.600549450549451,O Barco De Valdeorras
1583X,2025,364,39.537,40.6,75.0,59.0,91,32.36813186813187,15.798626373626373,O Barco De Valdeorras
1631E,2013,356,33.879999999999995,35.0,21.0,10.0,89,25.89101123595505,11.043258426966293,A Pobra De Trives
1631E,2014,358,30.158000000000005,34.3,4.0,3.0,92,24.18152173913044,11.730446927374302,A Pobra De Trives
1631E,2016,356,34.279999999999994,35.4,34.0,13.0,91,26.869230769230768,11.850000000000001,A Pobra De Trives
1631E,2017,365,34.26000000000001,36.7,25.0,16.0,92,26.98804347826087,12.59835616438356,A Pobra De Trives
1631E,2018,363,33.065999999999995,35.4,18.0,7.0,90,25.243333333333336,11.810192837465566,A Pobra De Trives
1631E,2019,365,31.808000000000003,33.7,12.0,4.0,92,24.846739130434784,11.741095890410959,A Pobra De Trives
1631E,2020,365,33.5,34.8,30.0,11.0,91,25.958241758241755,12.475068493150683,A Pobra De Trives
1631E,2021,365,31.080000000000005,32.6,11.0,2.0,92,25.076086956521745,11.803013698630139,A Pobra De Trives
1631E,2022,363,35.99399999999999,38.1,41.0,24.0,91,28.0934065934066,12.980165289256197,A Pobra De Trives
1631E,2024,366,32.67500000000001,35.5,16.0,6.0,92,26.15652173913043,12.285792349726774,A Pobra De Trives
1631E,2025,365,35.436,36.8,43.0,25.0,92,28.16521739130435,12.481095890410959,A Pobra De Trives
1639X,2015,352,32.849,34.4,20.0,10.0,92,26.016304347826093,11.573863636363637,Chandrexa De Queixa
1639X,2016,362,34.339,35.5,27.0,14.0,92,25.94782608695652,10.890883977900552,Chandrexa De Queixa
1639X,2017,365,33.272000000000006,35.9,18.0,11.0,92,25.311956521739123,11.493424657534247,Chandrexa De Queixa
1639X,2019,363,30.479999999999997,33.5,6.0,1.0,92,22.99021739130434,10.688154269972452,Chandrexa De Queixa
1639X,2020,365,32.26000000000001,35.2,19.0,4.0,92,24.102173913043476,11.443561643835615,Chandrexa De Queixa
1639X,2021,365,30.3,31.9,6.0,0.0,92,23.157608695652176,10.69095890410959,Chandrexa De Queixa
1639X,2022,359,35.31000000000001,37.3,32.0,19.0,92,26.29239130434783,11.972701949860726,Chandrexa De Queixa
1639X,2023,364,33.23600000000001,37.8,10.0,6.0,91,24.44945054945055,11.613736263736262,Chandrexa De Queixa
1639X,2024,365,32.036,36.3,10.0,5.0,91,24.85054945054945,11.59232876712329,Chandrexa De Queixa
1639X,2025,363,34.776,36.1,33.0,19.0,90,26.85444444444444,11.718181818181817,Chandrexa De Queixa
1658,2009,364,30.774,32.5,11.0,1.0,91,23.997802197802205,12.08956043956044,Folgoso Do Courel
1658,2013,361,32.94,34.0,19.0,8.0,88,25.33636363636364,11.739889196675902,Folgoso Do Courel
1658,2014,363,29.113999999999997,33.6,3.0,1.0,90,23.01777777777778,12.138292011019285,Folgoso Do Courel
1658,2015,355,31.437999999999995,33.7,14.0,3.0,92,25.694565217391304,12.594929577464791,Folgoso Do Courel
1658,2017,335,32.8,35.9,15.0,7.0,88,25.707954545454548,12.957611940298506,Folgoso Do Courel
1658,2019,354,31.740999999999993,32.8,12.0,3.0,91,24.314285714285713,12.393785310734465,Folgoso Do Courel
1658,2020,358,32.658,35.5,29.0,9.0,92,25.09239130434783,13.241340782122906,Folgoso Do Courel
1658,2022,351,35.2,38.7,33.0,17.0,91,26.853846153846145,13.696296296296294,Folgoso Do Courel
1658,2023,362,33.70699999999999,37.6,18.0,9.0,92,25.338043478260875,13.42486187845304,Folgoso Do Courel
1658,2024,366,32.470000000000006,35.4,13.0,6.0,92,25.925000000000004,13.236612021857924,Folgoso Do Courel
1658,2025,357,34.776,37.4,41.0,23.0,91,27.61318681318681,13.410084033613444,Folgoso Do Courel
1679A,1970,333,36.0,39.0,63.0,33.0,92,28.27173913043478,14.173192771084338,Monforte De Lemos
1679A,1971,365,34.360000000000014,36.0,42.0,15.0,92,26.652173913043477,12.933150684931508,Monforte De Lemos
1679A,1973,365,36.0,37.0,65.0,43.0,92,29.52173913043478,12.451506849315068,Monforte De Lemos
1679A,1974,364,36.0,37.0,63.0,35.0,92,29.76086956521739,13.19368131868132,Monforte De Lemos
1679A,1975,365,34.360000000000014,39.0,50.0,21.0,92,28.945652173913043,13.512328767123288,Monforte De Lemos
1679A,1977,365,33.0,35.0,40.0,17.0,92,25.467391304347824,13.589835164835165,Monforte De Lemos
1679A,1978,365,37.0,38.0,64.0,43.0,92,29.26086956521739,13.92054794520548,Monforte De Lemos
1679A,1979,365,39.0,40.0,81.0,54.0,92,31.01086956521739,14.046575342465754,Monforte De Lemos
1679A,1980,366,37.0,39.0,58.0,42.0,92,29.043478260869566,13.747267759562842,Monforte De Lemos
1679A,1981,365,39.0,40.0,69.0,52.0,92,30.456521739130434,13.984931506849316,Monforte De Lemos
1679A,1982,365,36.0,39.0,58.0,39.0,92,28.380434782608695,14.133972602739725,Monforte De Lemos
1679A,1983,365,35.360000000000014,37.0,61.0,36.0,92,28.391304347826086,13.726027397260275,Monforte De Lemos
1679A,1984,366,36.0,38.0,52.0,30.0,92,28.445652173913043,13.57103825136612,Monforte De Lemos
1679A,1986,365,38.0,39.0,63.0,43.0,92,29.58695652173913,13.5,Monforte De Lemos
1679A,1987,348,38.52999999999997,40.0,69.0,47.0,91,29.86813186813187,14.882183908045977,Monforte De Lemos
1679A,1988,335,36.0,40.0,51.0,30.0,92,28.119565217391305,14.140298507462687,Monforte De Lemos
1679A,1989,365,36.0,38.0,80.0,55.0,92,30.42391304347826,14.865753424657534,Monforte De Lemos
1679A,1990,344,42.0,43.0,91.0,57.0,92,32.40217391304348,15.95808383233533,Monforte De Lemos
1679A,1991,365,39.0,42.0,78.0,57.0,92,30.91304347826087,14.106849315068493,Monforte De Lemos
1679A,1992,365,38.0,39.0,53.0,36.0,92,28.72826086956522,13.758904109589041,Monforte De Lemos
1679A,1993,365,38.0,40.0,54.0,42.0,92,29.347826086956523,13.357534246575343,Monforte De Lemos
1679A,1994,365,35.360000000000014,38.0,64.0,39.0,92,29.815217391304348,14.421917808219177,Monforte De Lemos
1679A,1997,364,34.0,36.0,43.0,23.0,92,26.48913043478261,14.79945054945055,Monforte De Lemos
1679A,1998,365,38.360000000000014,41.0,54.0,39.0,92,29.445652173913043,14.043835616438356,Monforte De Lemos
1679A,1999,365,36.72000000000003,39.0,47.0,23.0,92,28.565217391304348,13.583561643835617,Monforte De Lemos
1679A,2000,365,38.0,39.0,46.0,27.0,92,28.630434782608695,13.710958904109589,Monforte De Lemos
1679A,2001,365,37.0,38.0,41.0,28.0,92,28.369565217391305,13.272602739726027,Monforte De Lemos
1679A,2002,364,35.0,38.0,38.0,19.0,92,27.130434782608695,14.013736263736265,Monforte De Lemos
1679A,2009,359,37.242000000000004,39.7,69.0,45.0,92,29.266304347826086,14.406963788300837,Monforte De Lemos
1679A,2010,359,37.642,38.7,84.0,59.0,90,30.84777777777778,14.040947075208914,Monforte De Lemos
1679A,2012,366,38.27,39.2,58.0,40.0,92,28.59021739130435,13.677868852459017,Monforte De Lemos
1679A,2013,364,38.937,40.4,66.0,50.0,91,30.56593406593407,13.766483516483516,Monforte De Lemos
1679A,2014,358,35.586000000000006,40.0,47.0,18.0,90,28.394444444444446,14.427094972067039,Monforte De Lemos
1679A,2015,359,36.8,39.3,64.0,39.0,91,30.521978021978022,14.394150417827298,Monforte De Lemos
1679A,2016,366,38.535000000000004,40.6,61.0,41.0,92,30.0554347826087,14.006557377049178,Monforte De Lemos
1679A,2017,364,37.796,41.0,71.0,42.0,91,30.32417582417583,14.337912087912088,Monforte De Lemos
1679A,2018,364,37.048,39.0,56.0,38.0,92,28.504347826086956,14.126373626373624,Monforte De Lemos
1679A,2019,356,35.269999999999996,36.7,48.0,27.0,92,27.64782608695652,13.74129213483146,Monforte De Lemos
1679A,2020,354,36.99399999999999,40.0,64.0,43.0,90,29.025555555555552,14.82005649717514,Monforte De Lemos
1679A,2021,359,35.15200000000001,36.6,40.0,20.0,92,27.925,13.982172701949862,Monforte De Lemos
1679A,2022,365,38.080000000000005,40.5,62.0,42.0,92,29.73043478260869,14.889041095890411,Monforte De Lemos
1679A,2023,363,36.58,41.9,50.0,17.0,91,28.956043956043956,14.690358126721764,Monforte De Lemos
1679A,2024,357,37.208,39.1,60.0,41.0,92,30.332608695652173,15.126610644257703,Monforte De Lemos
1679A,2025,357,39.644,40.9,79.0,63.0,92,32.06739130434784,15.10420168067227,Monforte De Lemos
1690A,1980,366,32.0,37.0,18.0,5.0,92,26.80434782608695,14.06857923497268,Ourense
1690A,1981,365,34.272000000000006,37.0,43.0,19.0,92,28.378260869565214,14.735068493150685,Ourense
1690A,1984,366,35.940000000000005,39.6,41.0,21.0,92,28.223913043478266,13.90327868852459,Ourense
1690A,1985,365,37.072,38.8,65.0,32.0,92,28.390217391304343,14.252054794520548,Ourense
1690A,1986,365,35.472,37.4,44.0,29.0,92,28.421739130434784,13.927671232876714,Ourense
1690A,1987,365,37.68800000000001,40.6,58.0,46.0,92,29.14782608695652,14.836438356164384,Ourense
1690A,1988,366,36.74000000000001,39.8,48.0,18.0,92,27.38478260869565,14.34262295081967,Ourense
1690A,1989,365,38.872,40.4,80.0,50.0,92,31.03478260869565,15.565479452054793,Ourense
1690A,1990,365,41.072,42.6,69.0,41.0,92,31.26739130434783,15.27041095890411,Ourense
1690A,1991,365,38.072,39.2,67.0,50.0,92,30.22608695652174,14.489863013698631,Ourense
1690A,1992,366,37.07000000000001,39.4,46.0,31.0,92,27.98478260869565,14.188524590163935,Ourense
1690A,1993,365,36.672000000000004,40.2,44.0,29.0,92,29.004347826086956,13.941917808219175,Ourense
1690A,1994,365,35.6,37.4,56.0,34.0,92,29.87826086956522,14.901095890410957,Ourense
1690A,1995,365,37.21600000000001,42.2,55.0,37.0,92,30.036956521739132,15.612602739726029,Ourense
1690A,1996,366,37.870000000000005,38.6,54.0,39.0,92,30.310869565217395,14.825683060109291,Ourense
1690A,1997,365,35.872,37.6,56.0,31.0,92,27.6304347826087,15.93013698630137,Ourense
1690A,1998,365,39.472,40.6,62.0,42.0,92,30.493478260869562,15.238082191780821,Ourense
1690A,1999,365,37.360000000000014,39.6,61.0,28.0,92,29.506521739130434,14.748219178082193,Ourense
1690A,2000,366,36.470000000000006,37.8,53.0,27.0,92,29.147826086956524,14.881147540983607,Ourense
1690A,2001,365,37.272000000000006,40.0,63.0,34.0,92,29.50869565217392,14.924109589041095,Ourense
1690A,2002,365,36.0,38.0,58.0,28.0,92,28.87173913043478,15.295890410958906,Ourense
1690A,2003,365,40.544000000000004,42.0,69.0,49.0,92,30.82826086956522,15.669863013698633,Ourense
1690A,2004,366,37.540000000000006,39.6,72.0,42.0,92,30.741304347826084,15.111475409836064,Ourense
1690A,2005,365,38.472,40.2,72.0,50.0,92,31.430434782608696,15.181643835616436,Ourense
1690A,2006,365,39.144000000000005,41.6,82.0,57.0,92,31.76521739130435,15.918082191780822,Ourense
1690A,2007,365,36.24400000000001,39.4,53.0,33.0,92,28.167391304347824,14.869589041095892,Ourense
1690A,2008,366,37.435,38.5,44.0,22.0,92,29.253260869565214,14.898907103825136,Ourense
1690A,2009,365,36.536,38.2,62.0,40.0,92,29.169565217391302,15.451780821917808,Ourense
1690A,2010,365,38.24400000000001,40.1,87.0,62.0,92,31.382608695652173,15.254794520547945,Ourense
1690A,2011,365,37.924000000000014,40.9,77.0,53.0,92,29.507608695652177,15.882739726027399,Ourense
1690A,2012,366,37.40500000000001,39.0,57.0,41.0,92,28.723913043478255,14.89344262295082,Ourense
1690A,2013,365,39.544000000000004,40.9,74.0,49.0,92,31.09347826086956,15.113150684931508,Ourense
1690A,2014,365,35.936,40.4,56.0,25.0,92,29.22826086956522,15.689589041095893,Ourense
1690A,2015,365,37.708000000000006,40.2,75.0,48.0,92,31.44565217391305,15.919452054794519,Ourense
1690A,2016,366,39.64500000000002,41.7,79.0,61.0,92,31.715217391304346,15.630327868852458,Ourense
1690A,2017,365,39.208000000000006,41.0,92.0,54.0,92,31.219565217391303,15.97753424657534,Ourense
1690A,2018,365,38.78400000000003,41.7,76.0,49.0,92,29.821739130434775,15.6827397260274,Ourense
1690A,2019,365,37.044000000000004,38.1,59.0,41.0,92,28.934782608695652,15.175068493150684,Ourense
1690A,2020,366,38.07000000000001,40.5,73.0,52.0,92,30.267391304347825,16.103825136612024,Ourense
1690A,2021,365,36.672000000000004,38.4,53.0,33.0,92,29.19347826086956,15.505479452054795,Ourense
1690A,2023,365,37.41600000000001,42.1,74.0,46.0,92,30.758695652173916,16.628493150684932,Ourense
1690A,2024,366,38.47500000000001,41.7,79.0,58.0,92,31.599999999999998,16.668852459016392,Ourense
1690A,2025,365,40.4,41.6,85.0,65.0,92,33.141304347826086,16.718131868131866,Ourense
1690B,1961,365,33.0,35.0,37.0,11.0,92,27.588043478260868,14.953424657534246,"Ourense,Instituto"
1690B,1962,364,35.0,37.0,39.0,21.0,92,28.62717391304347,14.30137741046832,"Ourense,Instituto"
1690B,1963,365,34.488000000000014,36.0,26.0,16.0,92,26.559782608695652,13.846849315068495,"Ourense,Instituto"
1690B,1964,365,34.360000000000014,35.0,27.0,12.0,92,26.77391304347826,13.562739726027397,"Ourense,Instituto"
1690B,1965,365,32.0,35.0,22.0,8.0,92,26.279347826086955,13.778630136986303,"Ourense,Instituto"
1690B,1966,365,33.360000000000014,35.4,26.0,11.0,92,25.44782608695652,14.101369863013698,"Ourense,Instituto"
1690B,1967,365,33.360000000000014,37.0,29.0,14.0,92,27.72608695652174,13.757534246575343,"Ourense,Instituto"
1696O,2009,359,32.6,33.6,18.0,8.0,92,23.53260869565217,11.262116991643454,Beariz
1696O,2010,362,33.739,35.1,29.0,13.0,92,26.000000000000004,10.98646408839779,Beariz
1696O,2011,364,32.459,34.5,20.0,6.0,91,23.55824175824176,11.74587912087912,Beariz
1696O,2012,363,32.152,34.9,17.0,5.0,92,23.10978260869565,10.764187327823691,Beariz
1696O,2013,364,35.522,36.5,34.0,20.0,92,26.173913043478265,11.212637362637361,Beariz
1696O,2014,364,31.511,34.1,12.0,3.0,91,23.83626373626373,11.522527472527472,Beariz
1696O,2015,362,33.178,34.9,21.0,11.0,92,25.967391304347824,11.842541436464089,Beariz
1696O,2016,366,35.17,37.9,35.0,22.0,92,27.281521739130437,11.510655737704917,Beariz
1696O,2017,365,34.272000000000006,36.3,29.0,15.0,92,26.528260869565216,12.19917808219178,Beariz
1696O,2018,364,35.374,37.4,37.0,14.0,92,25.507608695652173,11.757417582417581,Beariz
1696O,2019,362,32.4,34.0,14.0,7.0,92,23.99021739130435,11.38950276243094,Beariz
1696O,2020,365,34.672000000000004,35.9,40.0,17.0,91,26.004395604395604,12.379178082191782,Beariz
1696O,2021,359,32.142,34.9,15.0,5.0,91,24.758241758241763,11.697771587743732,Beariz
1696O,2022,363,37.513999999999996,39.4,50.0,33.0,90,28.424444444444443,12.821487603305785,Beariz
1696O,2023,364,34.285000000000004,36.8,27.0,11.0,92,26.6945652173913,12.732142857142858,Beariz
1696O,2024,365,35.372,39.1,38.0,23.0,91,27.989010989010993,12.727123287671231,Beariz
1696O,2025,358,37.686,39.0,55.0,44.0,91,29.519780219780216,12.70949720670391,Beariz
1700X,2000,360,35.0,36.1,30.0,19.0,90,26.668888888888887,13.03027777777778,O Carballiño
1700X,2001,350,35.202,38.1,36.0,22.0,90,27.19777777777778,13.241999999999999,O Carballiño
1700X,2002,357,33.376000000000005,35.5,28.0,7.0,91,26.441758241758233,13.41904761904762,O Carballiño
1700X,2005,359,37.226000000000006,39.2,49.0,36.0,90,29.117777777777782,12.998885793871866,O Carballiño
1700X,2006,357,38.291999999999994,41.1,49.0,40.0,89,29.51685393258427,13.461624649859942,O Carballiño
1700X,2007,353,34.988000000000014,36.0,28.0,17.0,89,24.982022471910113,12.441643059490083,O Carballiño
1700X,2009,363,36.138,36.5,44.0,26.0,90,26.415555555555557,12.798347107438017,O Carballiño
1700X,2010,357,35.744,37.4,53.0,33.0,91,28.267032967032964,12.451820728291317,O Carballiño
1700X,2011,359,36.684000000000005,37.7,55.0,29.0,92,26.766304347826086,13.880501392757662,O Carballiño
1700X,2012,363,36.337999999999994,37.8,45.0,28.0,92,26.188043478260866,13.01625344352617,O Carballiño
1700X,2013,340,39.5,41.0,63.0,47.0,92,29.879347826086956,13.722058823529412,O Carballiño
1700X,2015,364,35.333000000000006,37.1,45.0,22.0,92,28.300000000000004,13.196428571428571,O Carballiño
1700X,2016,360,37.246000000000016,39.9,53.0,35.0,90,29.235555555555557,12.933333333333334,O Carballiño
1700X,2017,351,37.25,39.1,55.0,31.0,90,29.597777777777775,14.021367521367521,O Carballiño
1700X,2018,357,37.827999999999996,39.8,59.0,38.0,90,28.14,14.023249299719888,O Carballiño
1700X,2019,357,35.44,36.4,48.0,22.0,92,27.003260869565214,13.5890756302521,O Carballiño
1700X,2020,364,37.3,39.5,63.0,48.0,92,29.082608695652173,14.494230769230768,O Carballiño
1700X,2022,357,38.943999999999996,41.2,68.0,50.0,92,30.356521739130432,15.027731092436973,O Carballiño
1700X,2024,366,36.370000000000005,39.3,56.0,31.0,92,29.222826086956516,14.087158469945356,O Carballiño
1700X,2025,365,37.944,39.6,62.0,53.0,92,30.87282608695652,14.139452054794521,O Carballiño
1701X,2015,362,37.916999999999994,39.9,66.0,46.0,92,30.832608695652173,15.433977900552486,Ribadavia
1701X,2016,359,39.89400000000001,42.3,78.0,59.0,92,31.98043478260869,15.281894150417827,Ribadavia
1701X,2017,365,39.936,41.0,94.0,65.0,92,31.659782608695654,15.76054794520548,Ribadavia
1701X,2018,364,40.007000000000005,42.3,90.0,62.0,92,30.55869565217391,15.528571428571427,Ribadavia
1701X,2019,364,37.611,38.9,61.0,46.0,92,29.278260869565212,15.118131868131869,Ribadavia
1701X,2020,364,39.648,41.1,83.0,64.0,92,31.720652173913045,16.236538461538462,Ribadavia
1701X,2021,355,36.846,38.8,53.0,33.0,92,29.208695652173915,15.33380281690141,Ribadavia
1701X,2022,355,41.68399999999999,43.5,92.0,68.0,92,32.51847826086957,16.674366197183097,Ribadavia
1701X,2023,365,37.896000000000015,42.0,81.0,52.0,92,31.132608695652177,16.223351648351652,Ribadavia
1701X,2024,365,38.74400000000001,41.9,76.0,59.0,92,31.705434782608698,16.258356164383564,Ribadavia
1701X,2025,365,40.108000000000004,42.8,91.0,63.0,92,33.01195652173913,16.21917808219178,Ribadavia
1706A,2000,366,34.0,35.0,33.0,17.0,92,26.706521739130434,12.31502732240437,Allariz
1706A,2001,365,34.360000000000014,37.5,30.0,19.0,92,26.570652173913043,12.38082191780822,Allariz
1706A,2002,365,33.68000000000001,35.5,21.0,9.0,92,25.831521739130434,12.687671232876712,Allariz
1706A,2003,365,38.0,39.0,45.0,27.0,92,27.657608695652176,13.032602739726027,Allariz
1706A,2004,366,32.35000000000002,35.5,19.0,11.0,92,26.57608695652174,12.600819672131147,Allariz
1706A,2006,365,35.18000000000001,38.0,42.0,27.0,92,27.733695652173914,13.527123287671232,Allariz
1706A,2008,365,33.0,35.5,14.0,7.0,92,25.07608695652174,12.163186813186812,Allariz
1706A,2009,361,33.75999999999999,35.0,31.0,14.0,92,26.222826086956523,12.893628808864264,Allariz
1706A,2010,361,35.25999999999999,36.8,49.0,28.0,91,28.22307692307692,12.791966759002772,Allariz
1706A,2011,364,34.948,38.0,38.0,13.0,92,26.216304347826092,13.461813186813188,Allariz
1706A,2012,366,34.875000000000014,37.1,35.0,21.0,92,25.990217391304352,12.591256830601091,Allariz
1706A,2013,360,37.09200000000003,38.6,45.0,30.0,92,28.15108695652174,12.847777777777777,Allariz
1706A,2014,359,32.784000000000006,37.0,17.0,10.0,92,26.155434782608697,13.381615598885794,Allariz
1706A,2015,330,34.68399999999999,36.4,34.0,18.0,91,28.008791208791212,13.946060606060609,Allariz
1706A,2016,359,36.25200000000001,37.8,45.0,25.0,92,28.119565217391305,13.318105849582173,Allariz
1706A,2017,365,35.26000000000001,37.3,34.0,20.0,92,27.81413043478261,13.581369863013698,Allariz
1706A,2018,357,36.88399999999999,38.5,38.0,18.0,92,26.811956521739138,13.469187675070028,Allariz
1706A,2019,340,34.022000000000006,35.2,27.0,13.0,92,26.09891304347826,13.42735294117647,Allariz
1706A,2020,366,35.705000000000005,37.0,50.0,31.0,92,27.734782608695657,13.964754098360658,Allariz
1706A,2021,356,34.145,35.8,27.0,16.0,92,26.686956521739127,13.371629213483146,Allariz
1706A,2022,351,38.55,41.2,51.0,36.0,87,29.227586206896554,14.078062678062677,Allariz
1706A,2023,365,34.82400000000001,39.5,31.0,12.0,92,27.61413043478261,14.081917808219178,Allariz
1706A,2024,365,35.944,38.4,51.0,31.0,92,29.154347826086955,14.432876712328767,Allariz
1706A,2025,365,38.272000000000006,39.8,63.0,50.0,92,30.708695652173915,14.361643835616439,Allariz
1719,2006,364,33.0,36.0,27.0,12.0,92,24.902173913043477,11.326923076923077,A Cañiza
1719,2011,358,34.643,35.5,31.0,10.0,92,25.061956521739134,14.141899441340783,A Cañiza
1719,2012,366,32.9,34.9,24.0,11.0,92,23.755434782608695,12.822677595628415,A Cañiza
1719,2013,364,36.074000000000005,37.7,37.0,26.0,92,27.069565217391304,13.103296703296705,A Cañiza
1719,2014,363,31.689999999999998,33.2,12.0,4.0,92,24.17065217391304,13.260881542699725,A Cañiza
1719,2015,363,33.038,34.8,21.0,10.0,92,25.910869565217393,13.831404958677686,A Cañiza
1719,2016,366,35.30500000000001,37.4,37.0,22.0,92,27.428260869565214,13.601092896174864,A Cañiza
1719,2017,365,33.4,35.4,25.0,12.0,92,25.922826086956523,14.202191780821916,A Cañiza
1719,2018,360,34.487000000000016,36.2,25.0,11.0,88,24.754545454545454,13.224444444444446,A Cañiza
1719,2019,359,31.742,32.4,9.0,2.0,87,22.979310344827585,12.949860724233984,A Cañiza
1719,2020,364,33.8,34.1,30.0,10.0,91,25.11978021978022,13.71346153846154,A Cañiza
1719,2021,361,31.24,32.8,8.0,1.0,92,23.469565217391303,13.13130193905817,A Cañiza
1719,2022,365,34.236000000000004,37.5,32.0,17.0,92,26.383695652173916,14.202739726027398,A Cañiza
1719,2023,361,31.879999999999995,34.7,12.0,4.0,92,24.27608695652174,13.936565096952908,A Cañiza
1719,2024,365,32.236000000000004,33.8,15.0,5.0,92,25.166304347826095,13.827397260273973,A Cañiza
1719,2025,365,33.936,34.9,36.0,18.0,92,26.84891304347826,13.838356164383562,A Cañiza
1723X,2016,366,38.31000000000002,41.4,53.0,41.0,92,30.175000000000004,15.004098360655737,"Ponteareas, Canedo"
1723X,2017,364,37.074000000000005,39.1,53.0,28.0,92,29.018478260869568,15.297527472527474,"Ponteareas, Canedo"
1723X,2018,365,39.12400000000001,41.9,61.0,44.0,92,28.536956521739132,15.208219178082192,"Ponteareas, Canedo"
1723X,2019,363,36.214,37.3,42.0,23.0,91,27.44615384615385,14.79917355371901,"Ponteareas, Canedo"
1723X,2020,366,37.91000000000002,39.5,63.0,47.0,92,29.010869565217398,15.818032786885245,"Ponteareas, Canedo"
1723X,2021,364,36.19200000000001,37.8,37.0,19.0,92,27.789130434782606,15.134615384615385,"Ponteareas, Canedo"
1723X,2022,364,39.470000000000006,41.1,66.0,45.0,92,30.32608695652174,16.15989010989011,"Ponteareas, Canedo"
1723X,2023,351,36.7,39.7,46.0,22.0,92,28.620652173913047,16.1005698005698,"Ponteareas, Canedo"
1723X,2024,366,37.90500000000001,40.4,58.0,30.0,92,29.782608695652176,15.956284153005464,"Ponteareas, Canedo"
1723X,2025,363,39.8,41.1,73.0,51.0,92,32.26521739130435,16.032506887052342,"Ponteareas, Canedo"
1730E,2000,366,32.535000000000004,34.7,15.0,7.0,92,25.256521739130434,14.616393442622952,O Rosal
1730E,2001,365,32.78000000000001,34.2,15.0,7.0,92,24.57826086956522,14.606849315068493,O Rosal
1730E,2002,365,31.444000000000006,33.6,8.0,3.0,92,24.6,15.069315068493152,O Rosal
1730E,2003,365,35.68000000000001,37.3,31.0,14.0,92,25.77934782608695,15.354520547945205,O Rosal
1730E,2004,366,33.0,35.0,19.0,9.0,92,25.857608695652175,14.899726775956282,O Rosal
1730E,2005,365,34.336,35.7,28.0,18.0,92,26.81086956521739,15.097260273972603,O Rosal
1730E,2006,365,35.136,36.3,35.0,23.0,92,27.761956521739126,15.768219178082191,O Rosal
1730E,2007,365,31.636000000000003,33.7,16.0,3.0,92,24.09130434782608,15.010410958904112,O Rosal
1730E,2008,339,33.262,35.5,12.0,7.0,92,25.166304347826095,15.315929203539824,O Rosal
1730E,2009,362,34.394999999999996,35.9,29.0,18.0,91,25.894505494505502,15.405524861878451,O Rosal
1730E,2010,361,37.499999999999986,38.6,46.0,31.0,90,28.824444444444453,15.516620498614959,O Rosal
1730E,2011,363,35.276,36.3,35.0,18.0,92,25.891304347826093,16.111019283746558,O Rosal
1730E,2012,365,33.672000000000004,37.2,20.0,8.0,92,24.463043478260868,14.88082191780822,O Rosal
1730E,2013,360,36.82300000000001,39.7,41.0,27.0,92,27.093478260869563,15.420555555555554,O Rosal
1730E,2014,363,32.466,34.3,18.0,5.0,92,25.266304347826093,15.751239669421487,O Rosal
1730E,2015,364,34.059000000000005,36.2,29.0,16.0,92,26.678260869565225,15.893406593406596,O Rosal
1730E,2016,366,36.77500000000001,39.9,44.0,29.0,92,28.447826086956525,15.751639344262296,O Rosal
1730E,2017,365,35.19600000000001,38.6,38.0,19.0,92,27.24130434782609,16.005205479452055,O Rosal
1730E,2018,337,37.164,39.9,39.0,24.0,92,26.69782608695652,16.240059347181006,O Rosal
1730E,2019,364,34.336999999999996,35.2,27.0,16.0,92,25.10760869565217,15.34258241758242,O Rosal
1730E,2020,366,35.65000000000002,38.5,43.0,25.0,92,26.64782608695653,16.055464480874317,O Rosal
1730E,2021,364,34.4,36.5,16.0,9.0,92,25.764130434782604,15.593681318681318,O Rosal
1730E,2022,364,37.1,39.6,35.0,23.0,92,27.271739130434778,16.431043956043958,O Rosal
1730E,2023,350,33.702,36.6,25.0,15.0,92,26.773913043478252,16.639142857142858,O Rosal
1730E,2024,366,35.2,38.2,33.0,15.0,92,27.263043478260872,16.507923497267758,O Rosal
1730E,2025,365,35.608000000000004,39.2,42.0,29.0,92,28.552173913043486,16.289863013698632,O Rosal
1735X,2019,365,33.72400000000001,37.0,26.0,11.0,92,25.844565217391303,11.04082191780822,Xinzo De Limia
1735X,2020,361,35.94,38.4,48.0,29.0,90,27.19666666666667,11.974238227146817,Xinzo De Limia
1735X,2021,355,33.846,35.5,23.0,12.0,90,25.718888888888888,11.104507042253521,Xinzo De Limia
1735X,2022,365,39.7,41.5,54.0,38.0,92,29.2804347826087,12.25780821917808,Xinzo De Limia
1735X,2023,364,35.507000000000005,41.2,27.0,12.0,92,27.09565217391304,12.022651933701656,Xinzo De Limia
1735X,2024,363,35.437999999999995,40.0,37.0,17.0,92,27.59021739130435,12.224517906336088,Xinzo De Limia
1735X,2025,359,38.4,39.8,56.0,41.0,92,29.78478260869565,12.222562674094707,Xinzo De Limia
1738U,2001,365,33.0,34.0,22.0,12.0,92,24.543478260869566,11.158904109589042,Muiños
1738U,2002,365,31.360000000000014,34.0,9.0,4.0,92,24.695652173913043,11.391780821917807,Muiños
1738U,2003,365,37.0,38.0,33.0,22.0,92,25.66304347826087,11.710958904109589,Muiños
1738U,2004,365,32.0,35.0,15.0,6.0,91,25.054945054945055,11.215068493150685,Muiños
1738U,2006,364,35.370000000000005,38.0,43.0,29.0,91,27.75824175824176,12.104395604395604,Muiños
1738U,2007,335,30.660000000000025,34.0,8.0,2.0,92,22.72826086956522,10.653731343283582,Muiños
1738U,2009,362,33.25599999999999,33.8,23.0,9.0,92,24.93152173913043,12.234806629834255,Muiños
1738U,2010,361,34.539999999999985,36.3,39.0,21.0,90,27.272222222222226,11.950692520775624,Muiños
1738U,2011,364,32.75900000000001,34.6,16.0,6.0,92,24.624999999999996,12.708516483516483,Muiños
1738U,2012,366,32.705000000000005,34.7,16.0,7.0,92,23.493478260869566,11.525956284153006,Muiños
1738U,2013,363,35.266,36.0,31.0,13.0,92,26.273913043478263,11.76969696969697,Muiños
1738U,2014,361,31.79999999999999,34.0,13.0,4.0,90,24.17666666666667,12.196952908587257,Muiños
1738U,2015,360,33.32800000000002,35.0,22.0,9.0,92,26.709782608695654,12.703888888888887,Muiños
1738U,2016,366,34.335,36.0,30.0,18.0,92,27.081521739130434,12.399453551912568,Muiños
1738U,2017,364,34.974000000000004,36.4,42.0,20.0,92,27.64021739130435,13.359615384615386,Muiños
1738U,2018,364,34.46200000000001,37.3,28.0,10.0,92,25.344565217391303,12.3728021978022,Muiños
1738U,2019,362,31.255999999999997,32.8,11.0,2.0,90,23.724444444444444,12.208839779005526,Muiños
1738U,2020,340,33.883,34.7,37.0,17.0,92,25.89782608695652,12.83205882352941,Muiños
1738U,2021,364,33.43300000000001,35.2,21.0,10.0,91,25.641758241758243,12.500274725274727,Muiños
1738U,2022,360,37.4,39.7,48.0,35.0,92,28.629347826086963,13.6075,Muiños
1738U,2023,364,34.53300000000001,39.1,30.0,7.0,92,26.80652173913044,13.245054945054944,Muiños
1738U,2024,366,34.17,38.3,36.0,19.0,92,27.61195652173914,13.431147540983604,Muiños
1738U,2025,365,36.472,37.1,51.0,36.0,92,29.093478260869563,13.368493150684932,Muiños
2969U,2000,366,33.0,33.0,22.0,9.0,92,25.119565217391305,11.546448087431694,A Gudiña
2969U,2001,365,33.0,36.5,28.0,13.0,92,25.82608695652174,11.545753424657534,A Gudiña
2969U,2002,354,32.234999999999985,35.0,22.0,8.0,92,25.14673913043478,11.602824858757062,A Gudiña
2969U,2003,362,36.0,37.0,39.0,24.0,90,27.66111111111111,11.944475138121547,A Gudiña
2969U,2004,364,33.370000000000005,34.5,28.0,10.0,91,26.34065934065934,11.293956043956044,A Gudiña
2969U,2005,365,35.0,37.0,45.0,26.0,92,28.161956521739132,11.720273972602739,A Gudiña
2969U,2006,364,34.5,36.0,46.0,21.0,92,27.53804347826087,12.1489010989011,A Gudiña
2969U,2007,363,31.379999999999995,34.0,9.0,4.0,91,23.76923076923077,11.242699724517907,A Gudiña
2969U,2008,337,32.31999999999999,34.5,14.0,6.0,92,24.71195652173913,11.231454005934719,A Gudiña
2969U,2009,331,33.0,33.9,24.0,11.0,92,25.902173913043477,12.242598187311179,A Gudiña
2969U,2011,362,33.977999999999994,35.0,22.0,7.0,92,25.651086956521734,12.68342541436464,A Gudiña
2969U,2012,366,33.835,34.9,28.0,14.0,92,25.186956521739134,11.610928961748632,A Gudiña
2969U,2014,364,32.411,35.2,13.0,7.0,92,25.140217391304354,11.972527472527473,A Gudiña
2969U,2015,364,34.918000000000006,37.4,40.0,20.0,92,28.22826086956521,12.674175824175823,A Gudiña
2969U,2016,364,35.911,37.6,47.0,30.0,92,28.45326086956522,12.253571428571426,A Gudiña
2969U,2017,364,35.333000000000006,36.4,36.0,20.0,92,28.10434782608695,13.262362637362637,A Gudiña
2969U,2018,363,34.352000000000004,36.6,24.0,10.0,92,25.840217391304346,11.86969696969697,A Gudiña
2969U,2019,362,31.494999999999994,34.5,16.0,2.0,92,25.063043478260866,12.03121546961326,A Gudiña
2969U,2021,363,32.952,34.8,21.0,6.0,92,25.79021739130435,12.098622589531681,A Gudiña
2969U,2022,352,37.049,38.3,48.0,35.0,87,29.19540229885058,13.312215909090908,A Gudiña
2969U,2023,365,34.16800000000002,38.3,21.0,9.0,92,26.72826086956521,12.752876712328765,A Gudiña
2969U,2024,366,34.970000000000006,37.0,31.0,13.0,92,27.376086956521743,12.637704918032785,A Gudiña
2978X,2016,366,38.77,39.3,71.0,57.0,92,31.438043478260877,13.534699453551912,Verín
2978X,2017,365,39.016000000000005,39.9,93.0,57.0,92,31.733695652173907,14.046849315068494,Verín
2978X,2018,364,38.285000000000004,41.6,82.0,53.0,92,29.858695652173918,13.542857142857144,Verín
2978X,2019,364,35.674,38.3,64.0,42.0,91,29.04615384615385,13.27664835164835,Verín
2978X,2020,366,38.205000000000005,39.9,74.0,60.0,92,30.89673913043478,14.275956284153006,Verín
2978X,2021,365,37.236000000000004,39.1,61.0,41.0,92,29.90108695652174,13.524657534246575,Verín
2978X,2022,364,41.137,42.4,85.0,65.0,91,32.619780219780225,14.761813186813189,Verín
2978X,2023,339,39.458,42.7,70.0,42.0,92,30.63369565217391,14.5905325443787,Verín
2978X,2024,366,39.30500000000001,41.3,69.0,49.0,92,31.426086956521743,14.50874316939891,Verín
2978X,2025,362,39.739,40.6,77.0,61.0,91,32.59010989010989,14.488950276243093,Verín
