id,concello,provincia,lat,lon,alt,n_anios,escenario,periodo,hipotesis,tx_p99,d_tx30,noches_trop,cdd,ola_dias,ola_max,hx_p99,d_hx30,d_hx35,d_hx40,hr_verano,d_tx,d_tmean
10157,A CORUÑA,A Coruña,43.383,-8.409,21.0,12,-,hoy,medido,28.06,1.5,1.0,149.456,3.167,4.0,38.669,49.25,10.75,2.25,81.694,,
10157,A CORUÑA,A Coruña,43.383,-8.409,21.0,12,ssp126,near_future,rocio_fijo,28.995,1.75,4.083,262.827,3.167,4.0,39.604,61.75,15.167,3.167,77.182,0.935,1.02
10157,A CORUÑA,A Coruña,43.383,-8.409,21.0,12,ssp126,near_future,hr_fija,28.995,1.75,4.083,262.827,3.167,4.0,40.46,72.167,20.917,3.75,81.694,0.935,1.02
10157,A CORUÑA,A Coruña,43.383,-8.409,21.0,12,ssp126,medium_future,rocio_fijo,29.547,2.5,8.25,329.747,3.167,4.0,40.156,69.833,19.167,3.5,74.651,1.487,1.516
10157,A CORUÑA,A Coruña,43.383,-8.409,21.0,12,ssp126,medium_future,hr_fija,29.547,2.5,8.25,329.747,3.167,4.0,41.595,87.417,28.167,5.167,81.694,1.487,1.516
10157,A CORUÑA,A Coruña,43.383,-8.409,21.0,12,ssp126,far_future,rocio_fijo,29.53,2.5,8.167,323.406,3.167,4.0,40.139,69.75,18.75,3.5,74.727,1.47,1.471
10157,A CORUÑA,A Coruña,43.383,-8.409,21.0,12,ssp126,far_future,hr_fija,29.53,2.5,8.167,323.406,3.167,4.0,41.56,86.917,27.667,5.083,81.694,1.47,1.471
10157,A CORUÑA,A Coruña,43.383,-8.409,21.0,12,ssp245,near_future,rocio_fijo,28.951,1.75,5.417,284.245,3.167,4.0,39.56,61.333,14.917,3.167,77.388,0.891,1.184
10157,A CORUÑA,A Coruña,43.383,-8.409,21.0,12,ssp245,near_future,hr_fija,28.951,1.75,5.417,284.245,3.167,4.0,40.374,70.917,20.333,3.75,81.694,0.891,1.184
10157,A CORUÑA,A Coruña,43.383,-8.409,21.0,12,ssp245,medium_future,rocio_fijo,29.804,2.75,12.917,378.382,3.167,4.0,40.413,73.667,20.75,3.75,73.504,1.744,1.849
10157,A CORUÑA,A Coruña,43.383,-8.409,21.0,12,ssp245,medium_future,hr_fija,29.804,2.75,12.917,378.382,3.167,4.0,42.129,94.083,31.167,6.0,81.694,1.744,1.849
10157,A CORUÑA,A Coruña,43.383,-8.409,21.0,12,ssp245,far_future,rocio_fijo,30.58,4.75,21.667,446.195,3.167,4.0,41.189,86.417,25.583,4.25,70.159,2.52,2.281
10157,A CORUÑA,A Coruña,43.383,-8.409,21.0,12,ssp245,far_future,hr_fija,30.58,4.75,21.667,446.195,3.167,4.0,43.741,113.417,44.5,10.5,81.694,2.52,2.281
10157,A CORUÑA,A Coruña,43.383,-8.409,21.0,12,ssp370,near_future,rocio_fijo,28.887,1.75,5.083,274.769,3.167,4.0,39.496,60.333,14.833,3.0,77.689,0.827,1.112
10157,A CORUÑA,A Coruña,43.383,-8.409,21.0,12,ssp370,near_future,hr_fija,28.887,1.75,5.083,274.769,3.167,4.0,40.251,69.25,19.333,3.667,81.694,0.827,1.112
10157,A CORUÑA,A Coruña,43.383,-8.409,21.0,12,ssp370,medium_future,rocio_fijo,29.766,2.667,14.917,392.497,3.167,4.0,40.375,73.25,20.583,3.667,73.672,1.706,1.942
10157,A CORUÑA,A Coruña,43.383,-8.409,21.0,12,ssp370,medium_future,hr_fija,29.766,2.667,14.917,392.497,3.167,4.0,42.05,92.667,30.667,6.0,81.694,1.706,1.942
10157,A CORUÑA,A Coruña,43.383,-8.409,21.0,12,ssp370,far_future,rocio_fijo,31.288,6.667,43.083,573.426,3.167,4.0,41.897,97.0,30.917,5.75,67.257,3.228,3.006
10157,A CORUÑA,A Coruña,43.383,-8.409,21.0,12,ssp370,far_future,hr_fija,31.288,6.667,43.083,573.426,3.167,4.0,45.24,134.167,60.5,17.5,81.694,3.228,3.006
10157,A CORUÑA,A Coruña,43.383,-8.409,21.0,12,ssp585,near_future,rocio_fijo,28.934,1.75,6.167,292.757,3.167,4.0,39.543,61.083,14.833,3.167,77.468,0.874,1.248
10157,A CORUÑA,A Coruña,43.383,-8.409,21.0,12,ssp585,near_future,hr_fija,28.934,1.75,6.167,292.757,3.167,4.0,40.341,70.667,20.167,3.75,81.694,0.874,1.248
10157,A CORUÑA,A Coruña,43.383,-8.409,21.0,12,ssp585,medium_future,rocio_fijo,29.929,3.0,21.0,443.421,3.167,4.0,40.538,75.25,21.5,3.75,72.953,1.869,2.264
10157,A CORUÑA,A Coruña,43.383,-8.409,21.0,12,ssp585,medium_future,hr_fija,29.929,3.0,21.0,443.421,3.167,4.0,42.391,97.167,32.167,6.333,81.694,1.869,2.264
10157,A CORUÑA,A Coruña,43.383,-8.409,21.0,12,ssp585,far_future,rocio_fijo,32.175,10.333,73.667,756.983,3.167,4.0,42.784,110.417,38.25,8.083,63.81,4.115,3.914
10157,A CORUÑA,A Coruña,43.383,-8.409,21.0,12,ssp585,far_future,hr_fija,32.175,10.333,73.667,756.983,3.167,4.0,47.081,158.333,84.333,28.667,81.694,4.115,3.914
14000,A CORUÑA,A Coruña,43.365,-8.375,5.0,17,-,hoy,medido,26.52,0.529,0.471,89.279,5.412,8.0,35.545,25.118,4.176,0.647,85.318,,
14000,A CORUÑA,A Coruña,43.365,-8.375,5.0,17,ssp126,near_future,rocio_fijo,27.479,1.0,3.118,179.315,5.412,8.0,36.504,32.882,5.882,0.882,80.423,0.959,1.029
14000,A CORUÑA,A Coruña,43.365,-8.375,5.0,17,ssp126,near_future,hr_fija,27.479,1.0,3.118,179.315,5.412,8.0,37.36,40.059,8.588,1.529,85.318,0.959,1.029
14000,A CORUÑA,A Coruña,43.365,-8.375,5.0,17,ssp126,medium_future,rocio_fijo,28.027,1.118,6.588,235.628,5.412,8.0,37.052,37.706,7.353,1.412,77.767,1.507,1.522
14000,A CORUÑA,A Coruña,43.365,-8.375,5.0,17,ssp126,medium_future,hr_fija,28.027,1.118,6.588,235.628,5.412,8.0,38.417,52.765,11.529,2.235,85.318,1.507,1.522
14000,A CORUÑA,A Coruña,43.365,-8.375,5.0,17,ssp126,far_future,rocio_fijo,28.012,1.118,6.353,230.286,5.412,8.0,37.037,37.647,7.353,1.412,77.838,1.492,1.478
14000,A CORUÑA,A Coruña,43.365,-8.375,5.0,17,ssp126,far_future,hr_fija,28.012,1.118,6.353,230.286,5.412,8.0,38.388,52.412,11.471,2.176,85.318,1.492,1.478
14000,A CORUÑA,A Coruña,43.365,-8.375,5.0,17,ssp245,near_future,rocio_fijo,27.434,1.0,4.294,197.386,5.412,8.0,36.459,32.412,5.882,0.882,80.645,0.914,1.195
14000,A CORUÑA,A Coruña,43.365,-8.375,5.0,17,ssp245,near_future,hr_fija,27.434,1.0,4.294,197.386,5.412,8.0,37.274,39.235,8.294,1.529,85.318,0.914,1.195
14000,A CORUÑA,A Coruña,43.365,-8.375,5.0,17,ssp245,medium_future,rocio_fijo,28.288,1.412,9.647,278.676,5.412,8.0,37.313,40.706,8.529,1.471,76.537,1.768,1.858
14000,A CORUÑA,A Coruña,43.365,-8.375,5.0,17,ssp245,medium_future,hr_fija,28.288,1.412,9.647,278.676,5.412,8.0,38.925,59.118,13.882,2.647,85.318,1.768,1.858
14000,A CORUÑA,A Coruña,43.365,-8.375,5.0,17,ssp245,far_future,rocio_fijo,29.077,2.353,16.294,339.198,5.412,8.0,38.102,51.412,10.941,1.882,72.95,2.557,2.288
14000,A CORUÑA,A Coruña,43.365,-8.375,5.0,17,ssp245,far_future,hr_fija,29.077,2.353,16.294,339.198,5.412,8.0,40.463,81.941,23.294,4.235,85.318,2.557,2.288
14000,A CORUÑA,A Coruña,43.365,-8.375,5.0,17,ssp370,near_future,rocio_fijo,27.377,1.0,3.588,189.749,5.412,8.0,36.402,31.706,5.882,0.882,80.928,0.857,1.126
14000,A CORUÑA,A Coruña,43.365,-8.375,5.0,17,ssp370,near_future,hr_fija,27.377,1.0,3.588,189.749,5.412,8.0,37.165,37.882,7.824,1.471,85.318,0.857,1.126
14000,A CORUÑA,A Coruña,43.365,-8.375,5.0,17,ssp370,medium_future,rocio_fijo,28.266,1.412,11.176,291.683,5.412,8.0,37.291,40.647,8.471,1.471,76.64,1.746,1.954
14000,A CORUÑA,A Coruña,43.365,-8.375,5.0,17,ssp370,medium_future,hr_fija,28.266,1.412,11.176,291.683,5.412,8.0,38.882,58.118,13.588,2.588,85.318,1.746,1.954
14000,A CORUÑA,A Coruña,43.365,-8.375,5.0,17,ssp370,far_future,rocio_fijo,29.796,3.235,33.824,454.127,5.412,8.0,38.821,61.647,13.882,2.471,69.845,3.276,3.012
14000,A CORUÑA,A Coruña,43.365,-8.375,5.0,17,ssp370,far_future,hr_fija,29.796,3.235,33.824,454.127,5.412,8.0,41.943,103.647,32.824,7.0,85.318,3.276,3.012
14000,A CORUÑA,A Coruña,43.365,-8.375,5.0,17,ssp585,near_future,rocio_fijo,27.431,1.0,4.941,205.197,5.412,8.0,36.456,32.412,5.882,0.882,80.66,0.911,1.264
14000,A CORUÑA,A Coruña,43.365,-8.375,5.0,17,ssp585,near_future,hr_fija,27.431,1.0,4.941,205.197,5.412,8.0,37.268,39.235,8.294,1.529,85.318,0.911,1.264
14000,A CORUÑA,A Coruña,43.365,-8.375,5.0,17,ssp585,medium_future,rocio_fijo,28.432,1.706,16.059,337.725,5.412,8.0,37.457,42.412,9.059,1.529,75.868,1.912,2.278
14000,A CORUÑA,A Coruña,43.365,-8.375,5.0,17,ssp585,medium_future,hr_fija,28.432,1.706,16.059,337.725,5.412,8.0,39.204,62.824,15.235,2.824,85.318,1.912,2.278
14000,A CORUÑA,A Coruña,43.365,-8.375,5.0,17,ssp585,far_future,rocio_fijo,30.684,4.824,60.882,621.523,5.412,8.0,39.709,76.471,19.176,3.176,66.213,4.164,3.918
14000,A CORUÑA,A Coruña,43.365,-8.375,5.0,17,ssp585,far_future,hr_fija,30.684,4.824,60.882,621.523,5.412,8.0,43.826,131.235,51.471,12.059,85.318,4.164,3.918
10045,ABEGONDO,A Coruña,43.241,-8.262,94.0,17,-,hoy,medido,33.045,11.059,0.059,146.212,6.176,6.0,48.251,100.176,49.882,18.941,81.868,,
10045,ABEGONDO,A Coruña,43.241,-8.262,94.0,17,ssp126,near_future,rocio_fijo,34.431,18.882,1.0,260.811,6.176,6.0,49.637,116.765,61.353,25.0,75.368,1.386,1.236
10045,ABEGONDO,A Coruña,43.241,-8.262,94.0,17,ssp126,near_future,hr_fija,34.431,18.882,1.0,260.811,6.176,6.0,51.324,130.588,73.588,32.941,81.868,1.386,1.236
10045,ABEGONDO,A Coruña,43.241,-8.262,94.0,17,ssp126,medium_future,rocio_fijo,35.123,24.235,2.706,325.785,6.176,6.0,50.329,125.706,68.059,28.412,72.341,2.078,1.811
10045,ABEGONDO,A Coruña,43.241,-8.262,94.0,17,ssp126,medium_future,hr_fija,35.123,24.235,2.706,325.785,6.176,6.0,52.95,142.941,88.118,42.824,81.868,2.078,1.811
10045,ABEGONDO,A Coruña,43.241,-8.262,94.0,17,ssp126,far_future,rocio_fijo,35.146,24.294,2.647,320.885,6.176,6.0,50.352,126.0,68.294,28.529,72.243,2.101,1.77
10045,ABEGONDO,A Coruña,43.241,-8.262,94.0,17,ssp126,far_future,hr_fija,35.146,24.294,2.647,320.885,6.176,6.0,53.004,143.412,88.353,43.118,81.868,2.101,1.77
10045,ABEGONDO,A Coruña,43.241,-8.262,94.0,17,ssp245,near_future,rocio_fijo,34.452,18.941,1.529,281.278,6.176,6.0,49.658,117.235,61.412,25.059,75.274,1.407,1.424
10045,ABEGONDO,A Coruña,43.241,-8.262,94.0,17,ssp245,near_future,hr_fija,34.452,18.941,1.529,281.278,6.176,6.0,51.373,131.0,73.647,33.176,81.868,1.407,1.424
10045,ABEGONDO,A Coruña,43.241,-8.262,94.0,17,ssp245,medium_future,rocio_fijo,35.474,27.059,4.118,375.335,6.176,6.0,50.68,130.647,71.882,30.882,70.859,2.429,2.208
10045,ABEGONDO,A Coruña,43.241,-8.262,94.0,17,ssp245,medium_future,hr_fija,35.474,27.059,4.118,375.335,6.176,6.0,53.793,149.0,94.706,47.882,81.868,2.429,2.208
10045,ABEGONDO,A Coruña,43.241,-8.262,94.0,17,ssp245,far_future,rocio_fijo,36.481,36.706,6.647,444.134,6.176,6.0,51.687,141.0,82.647,38.176,66.792,3.436,2.714
10045,ABEGONDO,A Coruña,43.241,-8.262,94.0,17,ssp245,far_future,hr_fija,36.481,36.706,6.647,444.134,6.176,6.0,56.162,170.471,115.529,63.176,81.868,3.436,2.714
10045,ABEGONDO,A Coruña,43.241,-8.262,94.0,17,ssp370,near_future,rocio_fijo,34.395,18.412,1.353,274.459,6.176,6.0,49.601,116.412,61.059,24.882,75.529,1.35,1.362
10045,ABEGONDO,A Coruña,43.241,-8.262,94.0,17,ssp370,near_future,hr_fija,34.395,18.412,1.353,274.459,6.176,6.0,51.241,129.588,72.824,32.235,81.868,1.35,1.362
10045,ABEGONDO,A Coruña,43.241,-8.262,94.0,17,ssp370,medium_future,rocio_fijo,35.604,28.294,4.647,393.899,6.176,6.0,50.81,131.941,73.471,31.706,70.318,2.559,2.349
10045,ABEGONDO,A Coruña,43.241,-8.262,94.0,17,ssp370,medium_future,hr_fija,35.604,28.294,4.647,393.899,6.176,6.0,54.096,151.588,97.412,49.235,81.868,2.559,2.349
10045,ABEGONDO,A Coruña,43.241,-8.262,94.0,17,ssp370,far_future,rocio_fijo,37.506,50.647,13.0,571.59,6.176,6.0,52.712,151.882,94.647,45.824,62.92,4.461,3.551
10045,ABEGONDO,A Coruña,43.241,-8.262,94.0,17,ssp370,far_future,hr_fija,37.506,50.647,13.0,571.59,6.176,6.0,58.586,193.941,137.294,83.882,81.868,4.461,3.551
10045,ABEGONDO,A Coruña,43.241,-8.262,94.0,17,ssp585,near_future,rocio_fijo,34.491,19.294,1.765,294.456,6.176,6.0,49.697,117.529,61.647,25.353,75.1,1.446,1.542
10045,ABEGONDO,A Coruña,43.241,-8.262,94.0,17,ssp585,near_future,hr_fija,34.491,19.294,1.765,294.456,6.176,6.0,51.463,131.765,74.059,33.706,81.868,1.446,1.542
10045,ABEGONDO,A Coruña,43.241,-8.262,94.0,17,ssp585,medium_future,rocio_fijo,35.892,31.294,6.882,446.553,6.176,6.0,51.098,134.941,75.765,33.647,69.138,2.847,2.731
10045,ABEGONDO,A Coruña,43.241,-8.262,94.0,17,ssp585,medium_future,hr_fija,35.892,31.294,6.882,446.553,6.176,6.0,54.784,157.529,102.824,53.706,81.868,2.847,2.731
10045,ABEGONDO,A Coruña,43.241,-8.262,94.0,17,ssp585,far_future,rocio_fijo,38.664,71.0,26.353,759.758,6.176,6.0,53.87,167.588,107.294,54.529,58.848,5.619,4.611
10045,ABEGONDO,A Coruña,43.241,-8.262,94.0,17,ssp585,far_future,hr_fija,38.664,71.0,26.353,759.758,6.176,6.0,61.445,220.941,158.824,107.176,81.868,5.619,4.611
14003,ARTEIXO,A Coruña,43.347,-8.531,5.0,14,-,hoy,medido,24.704,0.357,0.5,62.058,5.643,6.0,32.264,9.357,1.143,0.214,86.141,,
14003,ARTEIXO,A Coruña,43.347,-8.531,5.0,14,ssp126,near_future,rocio_fijo,25.605,0.5,2.571,138.175,5.643,6.0,33.165,13.643,1.786,0.357,81.457,0.901,1.001
14003,ARTEIXO,A Coruña,43.347,-8.531,5.0,14,ssp126,near_future,hr_fija,25.605,0.5,2.571,138.175,5.643,6.0,33.941,17.857,2.429,0.643,86.141,0.901,1.001
14003,ARTEIXO,A Coruña,43.347,-8.531,5.0,14,ssp126,medium_future,rocio_fijo,26.182,0.5,5.286,191.055,5.643,6.0,33.742,17.143,2.357,0.643,78.607,1.478,1.492
14003,ARTEIXO,A Coruña,43.347,-8.531,5.0,14,ssp126,medium_future,hr_fija,26.182,0.5,5.286,191.055,5.643,6.0,34.956,27.071,3.357,0.643,86.141,1.478,1.492
14003,ARTEIXO,A Coruña,43.347,-8.531,5.0,14,ssp126,far_future,rocio_fijo,26.178,0.5,4.857,185.947,5.643,6.0,33.738,17.143,2.357,0.643,78.627,1.474,1.448
14003,ARTEIXO,A Coruña,43.347,-8.531,5.0,14,ssp126,far_future,hr_fija,26.178,0.5,4.857,185.947,5.643,6.0,34.949,27.0,3.357,0.643,86.141,1.474,1.448
14003,ARTEIXO,A Coruña,43.347,-8.531,5.0,14,ssp245,near_future,rocio_fijo,25.582,0.429,3.357,154.381,5.643,6.0,33.142,13.571,1.786,0.357,81.573,0.878,1.161
14003,ARTEIXO,A Coruña,43.347,-8.531,5.0,14,ssp245,near_future,hr_fija,25.582,0.429,3.357,154.381,5.643,6.0,33.898,17.571,2.429,0.643,86.141,0.878,1.161
14003,ARTEIXO,A Coruña,43.347,-8.531,5.0,14,ssp245,medium_future,rocio_fijo,26.435,0.5,7.429,231.293,5.643,6.0,33.995,19.286,2.5,0.643,77.393,1.731,1.817
14003,ARTEIXO,A Coruña,43.347,-8.531,5.0,14,ssp245,medium_future,hr_fija,26.435,0.5,7.429,231.293,5.643,6.0,35.428,33.0,4.214,0.643,86.141,1.731,1.817
14003,ARTEIXO,A Coruña,43.347,-8.531,5.0,14,ssp245,far_future,rocio_fijo,27.204,1.143,13.0,290.339,5.643,6.0,34.764,26.429,3.071,0.643,73.831,2.5,2.246
14003,ARTEIXO,A Coruña,43.347,-8.531,5.0,14,ssp245,far_future,hr_fija,27.204,1.143,13.0,290.339,5.643,6.0,36.882,52.714,8.0,1.0,86.141,2.5,2.246
14003,ARTEIXO,A Coruña,43.347,-8.531,5.0,14,ssp370,near_future,rocio_fijo,25.514,0.429,3.071,147.246,5.643,6.0,33.074,13.0,1.786,0.357,81.917,0.81,1.092
14003,ARTEIXO,A Coruña,43.347,-8.531,5.0,14,ssp370,near_future,hr_fija,25.514,0.429,3.071,147.246,5.643,6.0,33.773,16.786,2.357,0.643,86.141,0.81,1.092
14003,ARTEIXO,A Coruña,43.347,-8.531,5.0,14,ssp370,medium_future,rocio_fijo,26.414,0.5,8.929,244.323,5.643,6.0,33.974,19.071,2.429,0.643,77.493,1.71,1.916
14003,ARTEIXO,A Coruña,43.347,-8.531,5.0,14,ssp370,medium_future,hr_fija,26.414,0.5,8.929,244.323,5.643,6.0,35.389,32.571,4.071,0.643,86.141,1.71,1.916
14003,ARTEIXO,A Coruña,43.347,-8.531,5.0,14,ssp370,far_future,rocio_fijo,27.934,1.286,29.143,401.503,5.643,6.0,35.494,35.786,4.357,0.643,70.619,3.23,2.95
14003,ARTEIXO,A Coruña,43.347,-8.531,5.0,14,ssp370,far_future,hr_fija,27.934,1.286,29.143,401.503,5.643,6.0,38.305,74.357,13.714,2.143,86.141,3.23,2.95
14003,ARTEIXO,A Coruña,43.347,-8.531,5.0,14,ssp585,near_future,rocio_fijo,25.521,0.429,3.714,161.809,5.643,6.0,33.081,13.0,1.786,0.357,81.881,0.817,1.231
14003,ARTEIXO,A Coruña,43.347,-8.531,5.0,14,ssp585,near_future,hr_fija,25.521,0.429,3.714,161.809,5.643,6.0,33.786,17.071,2.357,0.643,86.141,0.817,1.231
14003,ARTEIXO,A Coruña,43.347,-8.531,5.0,14,ssp585,medium_future,rocio_fijo,26.549,0.571,12.714,288.167,5.643,6.0,34.109,20.5,2.571,0.643,76.853,1.845,2.231
14003,ARTEIXO,A Coruña,43.347,-8.531,5.0,14,ssp585,medium_future,hr_fija,26.549,0.571,12.714,288.167,5.643,6.0,35.641,35.643,4.714,0.643,86.141,1.845,2.231
14003,ARTEIXO,A Coruña,43.347,-8.531,5.0,14,ssp585,far_future,rocio_fijo,28.819,1.857,58.643,568.714,5.643,6.0,36.379,49.214,6.357,0.786,66.933,4.115,3.85
14003,ARTEIXO,A Coruña,43.347,-8.531,5.0,14,ssp585,far_future,hr_fija,28.819,1.857,58.643,568.714,5.643,6.0,40.1,104.929,26.286,3.571,86.141,4.115,3.85
10144,ARZÚA,A Coruña,42.932,-8.175,362.0,17,-,hoy,medido,33.9,15.824,0.0,122.411,6.235,12.0,48.75,87.941,48.588,21.235,79.446,,
10144,ARZÚA,A Coruña,42.932,-8.175,362.0,17,ssp126,near_future,rocio_fijo,35.573,26.588,0.235,217.872,6.235,12.0,50.423,103.412,60.941,29.176,71.894,1.673,1.346
10144,ARZÚA,A Coruña,42.932,-8.175,362.0,17,ssp126,near_future,hr_fija,35.573,26.588,0.235,217.872,6.235,12.0,52.365,115.176,71.412,37.353,79.446,1.673,1.346
10144,ARZÚA,A Coruña,42.932,-8.175,362.0,17,ssp126,medium_future,rocio_fijo,36.401,34.706,0.471,280.582,6.235,12.0,51.251,111.471,67.176,33.0,68.459,2.501,2.012
10144,ARZÚA,A Coruña,42.932,-8.175,362.0,17,ssp126,medium_future,hr_fija,36.401,34.706,0.471,280.582,6.235,12.0,54.199,130.235,83.941,47.235,79.446,2.501,2.012
10144,ARZÚA,A Coruña,42.932,-8.175,362.0,17,ssp126,far_future,rocio_fijo,36.455,35.059,0.471,277.438,6.235,12.0,51.305,112.059,67.412,33.294,68.241,2.555,1.981
10144,ARZÚA,A Coruña,42.932,-8.175,362.0,17,ssp126,far_future,hr_fija,36.455,35.059,0.471,277.438,6.235,12.0,54.326,131.353,84.529,48.0,79.446,2.555,1.981
10144,ARZÚA,A Coruña,42.932,-8.175,362.0,17,ssp245,near_future,rocio_fijo,35.586,26.706,0.235,233.649,6.235,12.0,50.436,103.529,61.059,29.235,71.839,1.686,1.524
10144,ARZÚA,A Coruña,42.932,-8.175,362.0,17,ssp245,near_future,hr_fija,35.586,26.706,0.235,233.649,6.235,12.0,52.393,115.471,71.647,37.588,79.446,1.686,1.524
10144,ARZÚA,A Coruña,42.932,-8.175,362.0,17,ssp245,medium_future,rocio_fijo,36.704,37.118,0.647,325.916,6.235,12.0,51.554,114.353,69.588,34.412,67.248,2.804,2.437
10144,ARZÚA,A Coruña,42.932,-8.175,362.0,17,ssp245,medium_future,hr_fija,36.704,37.118,0.647,325.916,6.235,12.0,54.914,136.118,88.941,50.706,79.446,2.804,2.437
10144,ARZÚA,A Coruña,42.932,-8.175,362.0,17,ssp245,far_future,rocio_fijo,37.906,49.824,2.118,395.258,6.235,12.0,52.756,127.294,79.706,42.0,62.677,4.006,3.026
10144,ARZÚA,A Coruña,42.932,-8.175,362.0,17,ssp245,far_future,hr_fija,37.906,49.824,2.118,395.258,6.235,12.0,57.732,157.824,108.059,68.353,79.446,4.006,3.026
10144,ARZÚA,A Coruña,42.932,-8.175,362.0,17,ssp370,near_future,rocio_fijo,35.576,26.588,0.235,227.795,6.235,12.0,50.426,103.412,61.0,29.176,71.882,1.676,1.459
10144,ARZÚA,A Coruña,42.932,-8.175,362.0,17,ssp370,near_future,hr_fija,35.576,26.588,0.235,227.795,6.235,12.0,52.371,115.235,71.471,37.412,79.446,1.676,1.459
10144,ARZÚA,A Coruña,42.932,-8.175,362.0,17,ssp370,medium_future,rocio_fijo,36.993,39.882,1.0,346.17,6.235,12.0,51.843,117.412,71.882,36.471,66.116,3.093,2.616
10144,ARZÚA,A Coruña,42.932,-8.175,362.0,17,ssp370,medium_future,hr_fija,36.993,39.882,1.0,346.17,6.235,12.0,55.582,141.0,93.059,54.588,79.446,3.093,2.616
10144,ARZÚA,A Coruña,42.932,-8.175,362.0,17,ssp370,far_future,rocio_fijo,39.075,64.118,6.588,516.175,6.235,12.0,53.925,140.176,89.647,49.765,58.565,5.175,3.935
10144,ARZÚA,A Coruña,42.932,-8.175,362.0,17,ssp370,far_future,hr_fija,39.075,64.118,6.588,516.175,6.235,12.0,60.623,180.412,128.941,85.176,79.446,5.175,3.935
10144,ARZÚA,A Coruña,42.932,-8.175,362.0,17,ssp585,near_future,rocio_fijo,35.698,27.529,0.235,247.967,6.235,12.0,50.548,104.412,61.941,29.588,71.363,1.798,1.679
10144,ARZÚA,A Coruña,42.932,-8.175,362.0,17,ssp585,near_future,hr_fija,35.698,27.529,0.235,247.967,6.235,12.0,52.633,117.882,73.706,38.471,79.446,1.798,1.679
10144,ARZÚA,A Coruña,42.932,-8.175,362.0,17,ssp585,medium_future,rocio_fijo,37.401,43.941,2.118,395.876,6.235,12.0,52.251,121.412,75.353,38.706,64.553,3.501,3.031
10144,ARZÚA,A Coruña,42.932,-8.175,362.0,17,ssp585,medium_future,hr_fija,37.401,43.941,2.118,395.876,6.235,12.0,56.534,149.176,99.882,60.706,79.446,3.501,3.031
10144,ARZÚA,A Coruña,42.932,-8.175,362.0,17,ssp585,far_future,rocio_fijo,40.488,84.0,17.647,705.648,6.235,12.0,55.338,155.647,102.529,60.294,53.995,6.588,5.138
10144,ARZÚA,A Coruña,42.932,-8.175,362.0,17,ssp585,far_future,hr_fija,40.488,84.0,17.647,705.648,6.235,12.0,64.255,208.235,155.412,108.294,79.446,6.588,5.138
19005,BERGONDO,A Coruña,43.308,-8.276,175.0,17,-,hoy,medido,31.659,6.588,0.412,141.772,5.941,7.0,42.377,65.118,21.294,6.529,77.641,,
19005,BERGONDO,A Coruña,43.308,-8.276,175.0,17,ssp126,near_future,rocio_fijo,32.893,10.235,1.647,247.641,5.941,7.0,43.611,79.235,28.765,8.941,72.067,1.234,1.17
19005,BERGONDO,A Coruña,43.308,-8.276,175.0,17,ssp126,near_future,hr_fija,32.893,10.235,1.647,247.641,5.941,7.0,44.844,90.824,36.765,11.529,77.641,1.234,1.17
19005,BERGONDO,A Coruña,43.308,-8.276,175.0,17,ssp126,medium_future,rocio_fijo,33.498,13.412,3.235,307.334,5.941,7.0,44.216,86.824,33.176,10.353,69.5,1.839,1.697
19005,BERGONDO,A Coruña,43.308,-8.276,175.0,17,ssp126,medium_future,hr_fija,33.498,13.412,3.235,307.334,5.941,7.0,46.12,102.706,47.059,16.059,77.641,1.839,1.697
19005,BERGONDO,A Coruña,43.308,-8.276,175.0,17,ssp126,far_future,rocio_fijo,33.492,13.412,3.059,302.196,5.941,7.0,44.21,86.824,33.118,10.353,69.525,1.833,1.654
19005,BERGONDO,A Coruña,43.308,-8.276,175.0,17,ssp126,far_future,hr_fija,33.492,13.412,3.059,302.196,5.941,7.0,46.107,102.529,46.941,15.882,77.641,1.833,1.654
19005,BERGONDO,A Coruña,43.308,-8.276,175.0,17,ssp245,near_future,rocio_fijo,32.853,9.941,1.882,267.703,5.941,7.0,43.571,79.0,28.588,8.882,72.241,1.194,1.354
19005,BERGONDO,A Coruña,43.308,-8.276,175.0,17,ssp245,near_future,hr_fija,32.853,9.941,1.882,267.703,5.941,7.0,44.76,89.353,36.353,11.471,77.641,1.194,1.354
19005,BERGONDO,A Coruña,43.308,-8.276,175.0,17,ssp245,medium_future,rocio_fijo,33.833,14.706,4.882,353.96,5.941,7.0,44.551,91.059,36.0,11.0,68.123,2.174,2.072
19005,BERGONDO,A Coruña,43.308,-8.276,175.0,17,ssp245,medium_future,hr_fija,33.833,14.706,4.882,353.96,5.941,7.0,46.835,109.588,53.471,18.471,77.641,2.174,2.072
19005,BERGONDO,A Coruña,43.308,-8.276,175.0,17,ssp245,far_future,rocio_fijo,34.697,19.294,8.706,416.75,5.941,7.0,45.415,101.118,44.118,13.647,64.71,3.038,2.538
19005,BERGONDO,A Coruña,43.308,-8.276,175.0,17,ssp245,far_future,hr_fija,34.697,19.294,8.706,416.75,5.941,7.0,48.627,129.706,70.235,25.412,77.641,3.038,2.538
19005,BERGONDO,A Coruña,43.308,-8.276,175.0,17,ssp370,near_future,rocio_fijo,32.808,9.941,1.706,261.068,5.941,7.0,43.526,78.412,28.235,8.706,72.436,1.149,1.294
19005,BERGONDO,A Coruña,43.308,-8.276,175.0,17,ssp370,near_future,hr_fija,32.808,9.941,1.706,261.068,5.941,7.0,44.666,88.765,35.353,11.118,77.641,1.149,1.294
19005,BERGONDO,A Coruña,43.308,-8.276,175.0,17,ssp370,medium_future,rocio_fijo,33.865,15.118,5.765,370.537,5.941,7.0,44.583,91.412,36.176,11.235,67.993,2.206,2.199
19005,BERGONDO,A Coruña,43.308,-8.276,175.0,17,ssp370,medium_future,hr_fija,33.865,15.118,5.765,370.537,5.941,7.0,46.903,110.412,53.882,18.647,77.641,2.206,2.199
19005,BERGONDO,A Coruña,43.308,-8.276,175.0,17,ssp370,far_future,rocio_fijo,35.625,27.471,19.412,536.139,5.941,7.0,46.343,113.412,53.765,18.059,61.258,3.966,3.334
19005,BERGONDO,A Coruña,43.308,-8.276,175.0,17,ssp370,far_future,hr_fija,35.625,27.471,19.412,536.139,5.941,7.0,50.606,148.824,89.588,38.0,77.641,3.966,3.334
19005,BERGONDO,A Coruña,43.308,-8.276,175.0,17,ssp585,near_future,rocio_fijo,32.915,10.235,2.118,279.046,5.941,7.0,43.633,79.412,29.059,9.0,71.972,1.256,1.455
19005,BERGONDO,A Coruña,43.308,-8.276,175.0,17,ssp585,near_future,hr_fija,32.915,10.235,2.118,279.046,5.941,7.0,44.89,90.882,37.118,11.588,77.641,1.256,1.455
19005,BERGONDO,A Coruña,43.308,-8.276,175.0,17,ssp585,medium_future,rocio_fijo,34.107,15.824,8.824,419.279,5.941,7.0,44.825,93.941,38.824,11.882,67.019,2.448,2.556
19005,BERGONDO,A Coruña,43.308,-8.276,175.0,17,ssp585,medium_future,hr_fija,34.107,15.824,8.824,419.279,5.941,7.0,47.418,116.118,58.765,20.176,77.641,2.448,2.556
19005,BERGONDO,A Coruña,43.308,-8.276,175.0,17,ssp585,far_future,rocio_fijo,36.638,39.235,38.765,704.694,5.941,7.0,47.356,127.765,64.882,21.235,57.724,4.979,4.31
19005,BERGONDO,A Coruña,43.308,-8.276,175.0,17,ssp585,far_future,hr_fija,36.638,39.235,38.765,704.694,5.941,7.0,52.794,170.765,110.118,56.882,77.641,4.979,4.31
10095,BOQUEIXÓN,A Coruña,42.823,-8.461,231.0,17,-,hoy,medido,34.53,20.882,0.471,199.596,5.647,12.0,49.355,102.176,59.118,27.882,79.016,,
10095,BOQUEIXÓN,A Coruña,42.823,-8.461,231.0,17,ssp126,near_future,rocio_fijo,36.085,33.176,1.353,329.099,5.647,12.0,50.91,118.824,70.706,36.176,72.052,1.555,1.34
10095,BOQUEIXÓN,A Coruña,42.823,-8.461,231.0,17,ssp126,near_future,hr_fija,36.085,33.176,1.353,329.099,5.647,12.0,52.799,130.294,82.412,45.0,79.016,1.555,1.34
10095,BOQUEIXÓN,A Coruña,42.823,-8.461,231.0,17,ssp126,medium_future,rocio_fijo,36.893,40.941,3.882,406.722,5.647,12.0,51.718,127.0,79.235,41.294,68.708,2.363,1.99
10095,BOQUEIXÓN,A Coruña,42.823,-8.461,231.0,17,ssp126,medium_future,hr_fija,36.893,40.941,3.882,406.722,5.647,12.0,54.664,145.176,95.059,55.882,79.016,2.363,1.99
10095,BOQUEIXÓN,A Coruña,42.823,-8.461,231.0,17,ssp126,far_future,rocio_fijo,36.934,41.176,3.706,402.321,5.647,12.0,51.759,127.412,79.471,41.471,68.543,2.404,1.955
10095,BOQUEIXÓN,A Coruña,42.823,-8.461,231.0,17,ssp126,far_future,hr_fija,36.934,41.176,3.706,402.321,5.647,12.0,54.759,146.0,95.824,56.059,79.016,2.404,1.955
10095,BOQUEIXÓN,A Coruña,42.823,-8.461,231.0,17,ssp245,near_future,rocio_fijo,36.081,33.176,2.059,350.184,5.647,12.0,50.906,118.765,70.647,36.176,72.069,1.551,1.524
10095,BOQUEIXÓN,A Coruña,42.823,-8.461,231.0,17,ssp245,near_future,hr_fija,36.081,33.176,2.059,350.184,5.647,12.0,52.79,130.235,82.412,44.941,79.016,1.551,1.524
10095,BOQUEIXÓN,A Coruña,42.823,-8.461,231.0,17,ssp245,medium_future,rocio_fijo,37.255,44.765,6.294,460.96,5.647,12.0,52.08,130.353,81.176,43.059,67.267,2.725,2.405
10095,BOQUEIXÓN,A Coruña,42.823,-8.461,231.0,17,ssp245,medium_future,hr_fija,37.255,44.765,6.294,460.96,5.647,12.0,55.529,151.647,101.529,60.353,79.016,2.725,2.405
10095,BOQUEIXÓN,A Coruña,42.823,-8.461,231.0,17,ssp245,far_future,rocio_fijo,38.297,57.588,10.588,542.149,5.647,12.0,53.122,141.882,90.941,50.176,63.306,3.767,2.98
10095,BOQUEIXÓN,A Coruña,42.823,-8.461,231.0,17,ssp245,far_future,hr_fija,38.297,57.588,10.588,542.149,5.647,12.0,58.087,171.118,120.529,76.529,79.016,3.767,2.98
10095,BOQUEIXÓN,A Coruña,42.823,-8.461,231.0,17,ssp370,near_future,rocio_fijo,36.011,32.882,1.588,342.661,5.647,12.0,50.836,118.118,70.176,35.882,72.367,1.481,1.459
10095,BOQUEIXÓN,A Coruña,42.823,-8.461,231.0,17,ssp370,near_future,hr_fija,36.011,32.882,1.588,342.661,5.647,12.0,52.63,128.824,81.294,43.824,79.016,1.481,1.459
10095,BOQUEIXÓN,A Coruña,42.823,-8.461,231.0,17,ssp370,medium_future,rocio_fijo,37.443,47.353,7.765,485.839,5.647,12.0,52.268,132.588,82.765,44.118,66.532,2.913,2.586
10095,BOQUEIXÓN,A Coruña,42.823,-8.461,231.0,17,ssp370,medium_future,hr_fija,37.443,47.353,7.765,485.839,5.647,12.0,55.984,154.882,105.353,62.588,79.016,2.913,2.586
10095,BOQUEIXÓN,A Coruña,42.823,-8.461,231.0,17,ssp370,far_future,rocio_fijo,39.497,74.294,22.412,685.661,5.647,12.0,54.322,154.588,101.706,58.882,59.066,4.967,3.892
10095,BOQUEIXÓN,A Coruña,42.823,-8.461,231.0,17,ssp370,far_future,hr_fija,39.497,74.294,22.412,685.661,5.647,12.0,61.138,194.059,142.412,95.824,79.016,4.967,3.892
10095,BOQUEIXÓN,A Coruña,42.823,-8.461,231.0,17,ssp585,near_future,rocio_fijo,36.069,33.0,2.353,367.266,5.647,12.0,50.894,118.529,70.647,36.176,72.12,1.539,1.669
10095,BOQUEIXÓN,A Coruña,42.823,-8.461,231.0,17,ssp585,near_future,hr_fija,36.069,33.0,2.353,367.266,5.647,12.0,52.762,130.0,82.235,44.471,79.016,1.539,1.669
10095,BOQUEIXÓN,A Coruña,42.823,-8.461,231.0,17,ssp585,medium_future,rocio_fijo,37.778,50.882,10.588,543.184,5.647,12.0,52.603,136.412,85.824,47.0,65.245,3.248,2.987
10095,BOQUEIXÓN,A Coruña,42.823,-8.461,231.0,17,ssp585,medium_future,hr_fija,37.778,50.882,10.588,543.184,5.647,12.0,56.802,161.529,111.353,67.706,79.016,3.248,2.987
10095,BOQUEIXÓN,A Coruña,42.823,-8.461,231.0,17,ssp585,far_future,rocio_fijo,40.828,92.294,43.529,898.341,5.647,12.0,55.653,170.059,115.588,68.294,54.734,6.298,5.068
10095,BOQUEIXÓN,A Coruña,42.823,-8.461,231.0,17,ssp585,far_future,hr_fija,40.828,92.294,43.529,898.341,5.647,12.0,64.539,221.941,167.941,120.059,79.016,6.298,5.068
10800,CAMARIÑAS,A Coruña,43.124,-9.178,5.0,17,-,hoy,medido,25.985,0.294,0.294,66.009,5.059,9.0,34.536,14.353,2.706,0.529,84.639,,
10800,CAMARIÑAS,A Coruña,43.124,-9.178,5.0,17,ssp126,near_future,rocio_fijo,26.837,0.471,1.824,144.709,5.059,9.0,35.388,19.882,3.824,0.588,80.294,0.852,0.972
10800,CAMARIÑAS,A Coruña,43.124,-9.178,5.0,17,ssp126,near_future,hr_fija,26.837,0.471,1.824,144.709,5.059,9.0,36.122,24.294,4.824,0.765,84.639,0.852,0.972
10800,CAMARIÑAS,A Coruña,43.124,-9.178,5.0,17,ssp126,medium_future,rocio_fijo,27.465,0.765,4.353,199.195,5.059,9.0,36.016,24.176,4.765,0.765,77.251,1.48,1.47
10800,CAMARIÑAS,A Coruña,43.124,-9.178,5.0,17,ssp126,medium_future,hr_fija,27.465,0.765,4.353,199.195,5.059,9.0,37.312,38.176,6.765,1.353,84.639,1.48,1.47
10800,CAMARIÑAS,A Coruña,43.124,-9.178,5.0,17,ssp126,far_future,rocio_fijo,27.468,0.765,4.0,193.951,5.059,9.0,36.019,24.235,4.824,0.765,77.237,1.483,1.425
10800,CAMARIÑAS,A Coruña,43.124,-9.178,5.0,17,ssp126,far_future,hr_fija,27.468,0.765,4.0,193.951,5.059,9.0,37.318,38.235,6.765,1.353,84.639,1.483,1.425
10800,CAMARIÑAS,A Coruña,43.124,-9.178,5.0,17,ssp245,near_future,rocio_fijo,26.827,0.412,2.412,161.405,5.059,9.0,35.378,19.882,3.824,0.588,80.343,0.842,1.133
10800,CAMARIÑAS,A Coruña,43.124,-9.178,5.0,17,ssp245,near_future,hr_fija,26.827,0.412,2.412,161.405,5.059,9.0,36.103,24.235,4.824,0.765,84.639,0.842,1.133
10800,CAMARIÑAS,A Coruña,43.124,-9.178,5.0,17,ssp245,medium_future,rocio_fijo,27.656,0.941,7.0,236.93,5.059,9.0,36.207,26.0,4.941,0.765,76.352,1.671,1.779
10800,CAMARIÑAS,A Coruña,43.124,-9.178,5.0,17,ssp245,medium_future,hr_fija,27.656,0.941,7.0,236.93,5.059,9.0,37.675,42.647,7.353,1.412,84.639,1.671,1.779
10800,CAMARIÑAS,A Coruña,43.124,-9.178,5.0,17,ssp245,far_future,rocio_fijo,28.346,1.235,12.412,294.548,5.059,9.0,36.897,34.588,6.059,1.176,73.199,2.361,2.211
10800,CAMARIÑAS,A Coruña,43.124,-9.178,5.0,17,ssp245,far_future,hr_fija,28.346,1.235,12.412,294.548,5.059,9.0,39.01,61.941,11.235,1.824,84.639,2.361,2.211
10800,CAMARIÑAS,A Coruña,43.124,-9.178,5.0,17,ssp370,near_future,rocio_fijo,26.69,0.353,2.059,152.993,5.059,9.0,35.241,19.0,3.824,0.588,81.025,0.705,1.053
10800,CAMARIÑAS,A Coruña,43.124,-9.178,5.0,17,ssp370,near_future,hr_fija,26.69,0.353,2.059,152.993,5.059,9.0,35.846,22.353,4.647,0.765,84.639,0.705,1.053
10800,CAMARIÑAS,A Coruña,43.124,-9.178,5.0,17,ssp370,medium_future,rocio_fijo,27.613,0.824,8.412,249.553,5.059,9.0,36.164,25.353,4.941,0.765,76.553,1.628,1.878
10800,CAMARIÑAS,A Coruña,43.124,-9.178,5.0,17,ssp370,medium_future,hr_fija,27.613,0.824,8.412,249.553,5.059,9.0,37.593,41.529,7.235,1.412,84.639,1.628,1.878
10800,CAMARIÑAS,A Coruña,43.124,-9.178,5.0,17,ssp370,far_future,rocio_fijo,29.047,1.941,28.118,401.506,5.059,9.0,37.598,44.294,7.353,1.353,70.145,3.062,2.917
10800,CAMARIÑAS,A Coruña,43.124,-9.178,5.0,17,ssp370,far_future,hr_fija,29.047,1.941,28.118,401.506,5.059,9.0,40.39,83.118,18.353,3.765,84.639,3.062,2.917
10800,CAMARIÑAS,A Coruña,43.124,-9.178,5.0,17,ssp585,near_future,rocio_fijo,26.616,0.353,2.765,166.658,5.059,9.0,35.167,18.588,3.706,0.588,81.396,0.631,1.182
10800,CAMARIÑAS,A Coruña,43.124,-9.178,5.0,17,ssp585,near_future,hr_fija,26.616,0.353,2.765,166.658,5.059,9.0,35.707,21.294,4.294,0.647,84.639,0.631,1.182
10800,CAMARIÑAS,A Coruña,43.124,-9.178,5.0,17,ssp585,medium_future,rocio_fijo,27.713,0.941,11.882,290.075,5.059,9.0,36.264,26.941,5.0,0.765,76.086,1.728,2.179
10800,CAMARIÑAS,A Coruña,43.124,-9.178,5.0,17,ssp585,medium_future,hr_fija,27.713,0.941,11.882,290.075,5.059,9.0,37.785,44.059,7.529,1.412,84.639,1.728,2.179
10800,CAMARIÑAS,A Coruña,43.124,-9.178,5.0,17,ssp585,far_future,rocio_fijo,29.962,3.529,55.941,562.081,5.059,9.0,38.513,59.706,9.824,1.706,66.371,3.977,3.816
10800,CAMARIÑAS,A Coruña,43.124,-9.178,5.0,17,ssp585,far_future,hr_fija,29.962,3.529,55.941,562.081,5.059,9.0,42.169,114.529,33.353,6.529,84.639,3.977,3.816
19001,CARBALLO,A Coruña,43.156,-8.685,134.0,17,-,hoy,medido,32.245,7.412,0.0,98.446,5.294,6.0,47.797,89.059,39.588,14.294,86.757,,
19001,CARBALLO,A Coruña,43.156,-8.685,134.0,17,ssp126,near_future,rocio_fijo,33.36,10.588,0.529,183.083,5.294,6.0,48.912,102.176,48.471,18.294,81.119,1.115,1.101
19001,CARBALLO,A Coruña,43.156,-8.685,134.0,17,ssp126,near_future,hr_fija,33.36,10.588,0.529,183.083,5.294,6.0,50.266,112.471,58.529,24.118,86.757,1.115,1.101
19001,CARBALLO,A Coruña,43.156,-8.685,134.0,17,ssp126,medium_future,rocio_fijo,34.054,14.0,1.176,237.428,5.294,6.0,49.606,110.235,55.765,21.706,77.819,1.809,1.653
19001,CARBALLO,A Coruña,43.156,-8.685,134.0,17,ssp126,medium_future,hr_fija,34.054,14.0,1.176,237.428,5.294,6.0,51.841,128.588,71.0,31.588,86.757,1.809,1.653
19001,CARBALLO,A Coruña,43.156,-8.685,134.0,17,ssp126,far_future,rocio_fijo,34.088,14.176,1.118,233.347,5.294,6.0,49.64,110.588,56.118,21.882,77.661,1.843,1.614
19001,CARBALLO,A Coruña,43.156,-8.685,134.0,17,ssp126,far_future,hr_fija,34.088,14.176,1.118,233.347,5.294,6.0,51.919,129.765,71.941,31.882,86.757,1.843,1.614
19001,CARBALLO,A Coruña,43.156,-8.685,134.0,17,ssp245,near_future,rocio_fijo,33.371,10.647,0.588,198.912,5.294,6.0,48.923,102.176,48.588,18.353,81.066,1.126,1.27
19001,CARBALLO,A Coruña,43.156,-8.685,134.0,17,ssp245,near_future,hr_fija,33.371,10.647,0.588,198.912,5.294,6.0,50.291,112.882,58.706,24.176,86.757,1.126,1.27
19001,CARBALLO,A Coruña,43.156,-8.685,134.0,17,ssp245,medium_future,rocio_fijo,34.306,15.353,2.529,276.043,5.294,6.0,49.858,113.529,57.706,23.353,76.658,2.061,2.008
19001,CARBALLO,A Coruña,43.156,-8.685,134.0,17,ssp245,medium_future,hr_fija,34.306,15.353,2.529,276.043,5.294,6.0,52.42,134.706,75.118,34.588,86.757,2.061,2.008
19001,CARBALLO,A Coruña,43.156,-8.685,134.0,17,ssp245,far_future,rocio_fijo,35.273,22.647,4.353,334.034,5.294,6.0,50.825,126.529,67.765,28.353,72.38,3.028,2.495
19001,CARBALLO,A Coruña,43.156,-8.685,134.0,17,ssp245,far_future,hr_fija,35.273,22.647,4.353,334.034,5.294,6.0,54.688,157.118,95.882,46.882,86.757,3.028,2.495
19001,CARBALLO,A Coruña,43.156,-8.685,134.0,17,ssp370,near_future,rocio_fijo,33.333,10.529,0.588,192.547,5.294,6.0,48.885,101.824,48.176,18.118,81.251,1.088,1.203
19001,CARBALLO,A Coruña,43.156,-8.685,134.0,17,ssp370,near_future,hr_fija,33.333,10.529,0.588,192.547,5.294,6.0,50.205,111.824,57.706,23.941,86.757,1.088,1.203
19001,CARBALLO,A Coruña,43.156,-8.685,134.0,17,ssp370,medium_future,rocio_fijo,34.395,16.118,3.059,290.716,5.294,6.0,49.947,114.588,58.824,23.824,76.252,2.15,2.136
19001,CARBALLO,A Coruña,43.156,-8.685,134.0,17,ssp370,medium_future,hr_fija,34.395,16.118,3.059,290.716,5.294,6.0,52.626,136.471,76.588,35.353,86.757,2.15,2.136
19001,CARBALLO,A Coruña,43.156,-8.685,134.0,17,ssp370,far_future,rocio_fijo,36.179,31.471,9.706,437.593,5.294,6.0,51.731,138.294,75.765,33.588,68.615,3.934,3.259
19001,CARBALLO,A Coruña,43.156,-8.685,134.0,17,ssp370,far_future,hr_fija,36.179,31.471,9.706,437.593,5.294,6.0,56.879,175.824,115.765,63.882,86.757,3.934,3.259
19001,CARBALLO,A Coruña,43.156,-8.685,134.0,17,ssp585,near_future,rocio_fijo,33.303,10.412,0.706,208.315,5.294,6.0,48.855,101.471,48.118,17.882,81.397,1.058,1.367
19001,CARBALLO,A Coruña,43.156,-8.685,134.0,17,ssp585,near_future,hr_fija,33.303,10.412,0.706,208.315,5.294,6.0,50.138,111.059,57.471,23.588,86.757,1.058,1.367
19001,CARBALLO,A Coruña,43.156,-8.685,134.0,17,ssp585,medium_future,rocio_fijo,34.629,17.412,4.353,332.527,5.294,6.0,50.181,118.118,61.176,24.941,75.198,2.384,2.483
19001,CARBALLO,A Coruña,43.156,-8.685,134.0,17,ssp585,medium_future,hr_fija,34.629,17.412,4.353,332.527,5.294,6.0,53.169,142.294,81.235,37.765,86.757,2.384,2.483
19001,CARBALLO,A Coruña,43.156,-8.685,134.0,17,ssp585,far_future,rocio_fijo,37.246,43.647,19.882,599.445,5.294,6.0,52.798,153.765,89.059,39.588,64.461,5.001,4.272
19001,CARBALLO,A Coruña,43.156,-8.685,134.0,17,ssp585,far_future,hr_fija,37.246,43.647,19.882,599.445,5.294,6.0,59.459,203.118,141.176,83.529,86.757,5.001,4.272
10135,CARNOTA,A Coruña,42.795,-9.126,170.0,17,-,hoy,medido,31.435,7.118,4.529,195.009,5.412,5.0,39.81,45.588,15.0,3.353,78.349,,
10135,CARNOTA,A Coruña,42.795,-9.126,170.0,17,ssp126,near_future,rocio_fijo,32.663,10.059,9.0,304.109,5.412,5.0,41.038,57.471,19.824,5.353,72.714,1.228,1.171
10135,CARNOTA,A Coruña,42.795,-9.126,170.0,17,ssp126,near_future,hr_fija,32.663,10.059,9.0,304.109,5.412,5.0,42.155,67.941,25.529,7.353,78.349,1.228,1.171
10135,CARNOTA,A Coruña,42.795,-9.126,170.0,17,ssp126,medium_future,rocio_fijo,33.386,13.235,11.941,373.712,5.412,5.0,41.761,66.529,23.882,6.882,69.611,1.951,1.762
10135,CARNOTA,A Coruña,42.795,-9.126,170.0,17,ssp126,medium_future,hr_fija,33.386,13.235,11.941,373.712,5.412,5.0,43.57,84.235,33.882,10.235,78.349,1.951,1.762
10135,CARNOTA,A Coruña,42.795,-9.126,170.0,17,ssp126,far_future,rocio_fijo,33.458,13.647,11.706,368.947,5.412,5.0,41.833,67.588,24.471,6.941,69.31,2.023,1.724
10135,CARNOTA,A Coruña,42.795,-9.126,170.0,17,ssp126,far_future,hr_fija,33.458,13.647,11.706,368.947,5.412,5.0,43.699,86.294,34.882,10.412,78.349,2.023,1.724
10135,CARNOTA,A Coruña,42.795,-9.126,170.0,17,ssp245,near_future,rocio_fijo,32.675,10.118,9.882,323.949,5.412,5.0,41.05,57.706,19.824,5.353,72.662,1.24,1.349
10135,CARNOTA,A Coruña,42.795,-9.126,170.0,17,ssp245,near_future,hr_fija,32.675,10.118,9.882,323.949,5.412,5.0,42.179,68.059,25.529,7.412,78.349,1.24,1.349
10135,CARNOTA,A Coruña,42.795,-9.126,170.0,17,ssp245,medium_future,rocio_fijo,33.688,14.412,15.529,421.25,5.412,5.0,42.063,70.176,25.882,7.353,68.359,2.253,2.126
10135,CARNOTA,A Coruña,42.795,-9.126,170.0,17,ssp245,medium_future,hr_fija,33.688,14.412,15.529,421.25,5.412,5.0,44.113,91.824,37.647,11.765,78.349,2.253,2.126
10135,CARNOTA,A Coruña,42.795,-9.126,170.0,17,ssp245,far_future,rocio_fijo,34.594,19.941,20.941,495.7,5.412,5.0,42.969,81.765,32.0,9.294,64.752,3.159,2.646
10135,CARNOTA,A Coruña,42.795,-9.126,170.0,17,ssp245,far_future,hr_fija,34.594,19.941,20.941,495.7,5.412,5.0,45.828,113.882,51.529,17.588,78.349,3.159,2.646
10135,CARNOTA,A Coruña,42.795,-9.126,170.0,17,ssp370,near_future,rocio_fijo,32.526,9.824,9.529,315.928,5.412,5.0,40.901,56.235,18.941,4.941,73.32,1.091,1.278
10135,CARNOTA,A Coruña,42.795,-9.126,170.0,17,ssp370,near_future,hr_fija,32.526,9.824,9.529,315.928,5.412,5.0,41.898,65.353,23.824,6.882,78.349,1.091,1.278
10135,CARNOTA,A Coruña,42.795,-9.126,170.0,17,ssp370,medium_future,rocio_fijo,33.732,14.706,17.0,442.52,5.412,5.0,42.107,70.882,26.118,7.412,68.178,2.297,2.28
10135,CARNOTA,A Coruña,42.795,-9.126,170.0,17,ssp370,medium_future,hr_fija,33.732,14.706,17.0,442.52,5.412,5.0,44.192,92.941,38.118,12.176,78.349,2.297,2.28
10135,CARNOTA,A Coruña,42.795,-9.126,170.0,17,ssp370,far_future,rocio_fijo,35.549,25.529,36.706,629.419,5.412,5.0,43.924,95.588,38.765,11.706,61.18,4.114,3.469
10135,CARNOTA,A Coruña,42.795,-9.126,170.0,17,ssp370,far_future,hr_fija,35.549,25.529,36.706,629.419,5.412,5.0,47.745,136.412,70.294,27.941,78.349,4.114,3.469
10135,CARNOTA,A Coruña,42.795,-9.126,170.0,17,ssp585,near_future,rocio_fijo,32.496,9.765,10.412,336.125,5.412,5.0,40.871,56.059,18.941,4.941,73.453,1.061,1.454
10135,CARNOTA,A Coruña,42.795,-9.126,170.0,17,ssp585,near_future,hr_fija,32.496,9.765,10.412,336.125,5.412,5.0,41.84,64.882,23.235,6.765,78.349,1.061,1.454
10135,CARNOTA,A Coruña,42.795,-9.126,170.0,17,ssp585,medium_future,rocio_fijo,33.992,16.412,20.824,494.648,5.412,5.0,42.367,73.706,27.588,7.824,67.124,2.557,2.639
10135,CARNOTA,A Coruña,42.795,-9.126,170.0,17,ssp585,medium_future,hr_fija,33.992,16.412,20.824,494.648,5.412,5.0,44.663,99.0,41.588,14.059,78.349,2.557,2.639
10135,CARNOTA,A Coruña,42.795,-9.126,170.0,17,ssp585,far_future,rocio_fijo,36.762,36.529,68.647,830.199,5.412,5.0,45.137,113.294,48.588,15.765,56.959,5.327,4.537
10135,CARNOTA,A Coruña,42.795,-9.126,170.0,17,ssp585,far_future,hr_fija,36.762,36.529,68.647,830.199,5.412,5.0,50.271,164.706,99.471,43.706,78.349,5.327,4.537
10092,CEDEIRA,A Coruña,43.704,-8.052,254.0,17,-,hoy,medido,29.053,2.529,1.824,87.382,5.824,7.0,37.486,18.353,5.765,1.824,85.094,,
10092,CEDEIRA,A Coruña,43.704,-8.052,254.0,17,ssp126,near_future,rocio_fijo,29.901,3.471,3.353,142.918,5.824,7.0,38.334,23.412,6.471,2.059,80.734,0.848,0.958
10092,CEDEIRA,A Coruña,43.704,-8.052,254.0,17,ssp126,near_future,hr_fija,29.901,3.471,3.353,142.918,5.824,7.0,39.112,27.706,7.529,2.824,85.094,0.848,0.958
10092,CEDEIRA,A Coruña,43.704,-8.052,254.0,17,ssp126,medium_future,rocio_fijo,30.355,3.882,4.824,178.633,5.824,7.0,38.788,26.235,7.059,2.471,78.503,1.302,1.404
10092,CEDEIRA,A Coruña,43.704,-8.052,254.0,17,ssp126,medium_future,hr_fija,30.355,3.882,4.824,178.633,5.824,7.0,39.986,33.0,9.471,3.471,85.094,1.302,1.404
10092,CEDEIRA,A Coruña,43.704,-8.052,254.0,17,ssp126,far_future,rocio_fijo,30.309,3.824,4.647,175.245,5.824,7.0,38.742,25.824,7.0,2.353,78.726,1.256,1.365
10092,CEDEIRA,A Coruña,43.704,-8.052,254.0,17,ssp126,far_future,hr_fija,30.309,3.824,4.647,175.245,5.824,7.0,39.897,32.529,9.294,3.353,85.094,1.256,1.365
10092,CEDEIRA,A Coruña,43.704,-8.052,254.0,17,ssp245,near_future,rocio_fijo,29.908,3.471,3.765,155.42,5.824,7.0,38.341,23.412,6.471,2.059,80.699,0.855,1.124
10092,CEDEIRA,A Coruña,43.704,-8.052,254.0,17,ssp245,near_future,hr_fija,29.908,3.471,3.765,155.42,5.824,7.0,39.125,27.824,7.529,2.882,85.094,0.855,1.124
10092,CEDEIRA,A Coruña,43.704,-8.052,254.0,17,ssp245,medium_future,rocio_fijo,30.524,4.118,6.059,209.225,5.824,7.0,38.957,27.941,7.706,2.706,77.691,1.471,1.736
10092,CEDEIRA,A Coruña,43.704,-8.052,254.0,17,ssp245,medium_future,hr_fija,30.524,4.118,6.059,209.225,5.824,7.0,40.314,35.765,10.235,3.706,85.094,1.471,1.736
10092,CEDEIRA,A Coruña,43.704,-8.052,254.0,17,ssp245,far_future,rocio_fijo,31.351,5.353,9.176,250.989,5.824,7.0,39.784,33.588,9.294,3.353,73.848,2.298,2.137
10092,CEDEIRA,A Coruña,43.704,-8.052,254.0,17,ssp245,far_future,hr_fija,31.351,5.353,9.176,250.989,5.824,7.0,41.954,51.588,14.294,4.882,85.094,2.298,2.137
10092,CEDEIRA,A Coruña,43.704,-8.052,254.0,17,ssp370,near_future,rocio_fijo,29.913,3.471,3.588,151.074,5.824,7.0,38.346,23.412,6.471,2.059,80.674,0.86,1.068
10092,CEDEIRA,A Coruña,43.704,-8.052,254.0,17,ssp370,near_future,hr_fija,29.913,3.471,3.588,151.074,5.824,7.0,39.135,27.824,7.529,2.882,85.094,0.86,1.068
10092,CEDEIRA,A Coruña,43.704,-8.052,254.0,17,ssp370,medium_future,rocio_fijo,30.493,4.0,6.588,217.643,5.824,7.0,38.926,27.529,7.529,2.706,77.839,1.44,1.821
10092,CEDEIRA,A Coruña,43.704,-8.052,254.0,17,ssp370,medium_future,hr_fija,30.493,4.0,6.588,217.643,5.824,7.0,40.254,35.294,10.118,3.706,85.094,1.44,1.821
10092,CEDEIRA,A Coruña,43.704,-8.052,254.0,17,ssp370,far_future,rocio_fijo,31.857,6.0,16.118,330.306,5.824,7.0,40.29,39.0,10.588,3.765,71.602,2.804,2.802
10092,CEDEIRA,A Coruña,43.704,-8.052,254.0,17,ssp370,far_future,hr_fija,31.857,6.0,16.118,330.306,5.824,7.0,42.969,64.176,18.941,5.706,85.094,2.804,2.802
10092,CEDEIRA,A Coruña,43.704,-8.052,254.0,17,ssp585,near_future,rocio_fijo,30.024,3.647,4.059,161.635,5.824,7.0,38.457,23.706,6.647,2.059,80.123,0.971,1.202
10092,CEDEIRA,A Coruña,43.704,-8.052,254.0,17,ssp585,near_future,hr_fija,30.024,3.647,4.059,161.635,5.824,7.0,39.348,29.118,8.0,2.941,85.094,0.971,1.202
10092,CEDEIRA,A Coruña,43.704,-8.052,254.0,17,ssp585,medium_future,rocio_fijo,30.786,4.588,9.176,251.209,5.824,7.0,39.219,29.294,8.059,2.882,76.45,1.733,2.139
10092,CEDEIRA,A Coruña,43.704,-8.052,254.0,17,ssp585,medium_future,hr_fija,30.786,4.588,9.176,251.209,5.824,7.0,40.825,40.647,11.294,3.882,85.094,1.733,2.139
10092,CEDEIRA,A Coruña,43.704,-8.052,254.0,17,ssp585,far_future,rocio_fijo,32.683,7.588,32.529,449.27,5.824,7.0,41.116,47.235,12.765,4.294,68.1,3.63,3.651
10092,CEDEIRA,A Coruña,43.704,-8.052,254.0,17,ssp585,far_future,hr_fija,32.683,7.588,32.529,449.27,5.824,7.0,44.619,85.0,27.529,7.647,85.094,3.63,3.651
10096,CORISTANCO,A Coruña,43.095,-8.691,540.0,17,-,hoy,medido,30.18,3.706,1.235,64.242,5.706,6.0,39.019,32.471,9.882,2.471,86.841,,
10096,CORISTANCO,A Coruña,43.095,-8.691,540.0,17,ssp126,near_future,rocio_fijo,31.49,6.059,2.294,103.643,5.706,6.0,40.329,43.235,13.412,3.941,80.091,1.31,1.192
10096,CORISTANCO,A Coruña,43.095,-8.691,540.0,17,ssp126,near_future,hr_fija,31.49,6.059,2.294,103.643,5.706,6.0,41.428,51.765,17.353,5.059,86.841,1.31,1.192
10096,CORISTANCO,A Coruña,43.095,-8.691,540.0,17,ssp126,medium_future,rocio_fijo,32.27,7.353,2.765,133.109,5.706,6.0,41.109,49.765,16.176,4.529,76.353,2.09,1.799
10096,CORISTANCO,A Coruña,43.095,-8.691,540.0,17,ssp126,medium_future,hr_fija,32.27,7.353,2.765,133.109,5.706,6.0,42.882,64.529,24.706,7.647,86.841,2.09,1.799
10096,CORISTANCO,A Coruña,43.095,-8.691,540.0,17,ssp126,far_future,rocio_fijo,32.288,7.412,2.706,131.292,5.706,6.0,41.127,50.0,16.235,4.588,76.269,2.108,1.766
10096,CORISTANCO,A Coruña,43.095,-8.691,540.0,17,ssp126,far_future,hr_fija,32.288,7.412,2.706,131.292,5.706,6.0,42.915,64.765,24.824,7.706,86.841,2.108,1.766
10096,CORISTANCO,A Coruña,43.095,-8.691,540.0,17,ssp245,near_future,rocio_fijo,31.49,6.059,2.588,111.179,5.706,6.0,40.329,43.235,13.412,3.941,80.091,1.31,1.363
10096,CORISTANCO,A Coruña,43.095,-8.691,540.0,17,ssp245,near_future,hr_fija,31.49,6.059,2.588,111.179,5.706,6.0,41.428,51.765,17.353,5.059,86.841,1.31,1.363
10096,CORISTANCO,A Coruña,43.095,-8.691,540.0,17,ssp245,medium_future,rocio_fijo,32.478,7.941,3.235,155.896,5.706,6.0,41.317,52.176,17.0,4.824,75.39,2.298,2.181
10096,CORISTANCO,A Coruña,43.095,-8.691,540.0,17,ssp245,medium_future,hr_fija,32.478,7.941,3.235,155.896,5.706,6.0,43.273,68.765,26.529,8.412,86.841,2.298,2.181
10096,CORISTANCO,A Coruña,43.095,-8.691,540.0,17,ssp245,far_future,rocio_fijo,33.613,10.941,3.765,194.166,5.706,6.0,42.452,62.353,23.353,6.588,70.368,3.433,2.721
10096,CORISTANCO,A Coruña,43.095,-8.691,540.0,17,ssp245,far_future,hr_fija,33.613,10.941,3.765,194.166,5.706,6.0,45.444,88.765,42.824,14.0,86.841,3.433,2.721
10096,CORISTANCO,A Coruña,43.095,-8.691,540.0,17,ssp370,near_future,rocio_fijo,31.459,6.0,2.471,108.146,5.706,6.0,40.298,43.0,13.412,3.824,80.244,1.279,1.296
10096,CORISTANCO,A Coruña,43.095,-8.691,540.0,17,ssp370,near_future,hr_fija,31.459,6.0,2.471,108.146,5.706,6.0,41.364,51.412,17.118,5.0,86.841,1.279,1.296
10096,CORISTANCO,A Coruña,43.095,-8.691,540.0,17,ssp370,medium_future,rocio_fijo,32.69,8.471,3.294,165.968,5.706,6.0,41.529,54.353,17.941,5.118,74.422,2.51,2.333
10096,CORISTANCO,A Coruña,43.095,-8.691,540.0,17,ssp370,medium_future,hr_fija,32.69,8.471,3.294,165.968,5.706,6.0,43.674,71.765,28.882,9.235,86.841,2.51,2.333
10096,CORISTANCO,A Coruña,43.095,-8.691,540.0,17,ssp370,far_future,rocio_fijo,34.649,15.412,6.0,267.198,5.706,6.0,43.488,73.294,28.412,8.765,66.111,4.469,3.548
10096,CORISTANCO,A Coruña,43.095,-8.691,540.0,17,ssp370,far_future,hr_fija,34.649,15.412,6.0,267.198,5.706,6.0,47.639,113.176,58.353,23.0,86.841,4.469,3.548
10096,CORISTANCO,A Coruña,43.095,-8.691,540.0,17,ssp585,near_future,rocio_fijo,31.455,6.0,2.647,116.758,5.706,6.0,40.294,42.941,13.412,3.824,80.264,1.275,1.482
10096,CORISTANCO,A Coruña,43.095,-8.691,540.0,17,ssp585,near_future,hr_fija,31.455,6.0,2.647,116.758,5.706,6.0,41.356,51.176,17.118,5.0,86.841,1.275,1.482
10096,CORISTANCO,A Coruña,43.095,-8.691,540.0,17,ssp585,medium_future,rocio_fijo,32.993,9.294,3.765,193.154,5.706,6.0,41.832,56.647,19.588,5.706,73.063,2.813,2.708
10096,CORISTANCO,A Coruña,43.095,-8.691,540.0,17,ssp585,medium_future,hr_fija,32.993,9.294,3.765,193.154,5.706,6.0,44.251,77.118,33.294,10.588,86.841,2.813,2.708
10096,CORISTANCO,A Coruña,43.095,-8.691,540.0,17,ssp585,far_future,rocio_fijo,35.867,23.0,12.118,393.55,5.706,6.0,44.706,86.471,38.824,11.235,61.472,5.687,4.656
10096,CORISTANCO,A Coruña,43.095,-8.691,540.0,17,ssp585,far_future,hr_fija,35.867,23.0,12.118,393.55,5.706,6.0,50.167,139.706,79.941,37.882,86.841,5.687,4.656
10050,FERROL,A Coruña,43.491,-8.252,37.0,17,-,hoy,medido,31.641,5.941,1.118,184.954,5.235,7.0,44.036,78.235,28.353,8.118,79.15,,
10050,FERROL,A Coruña,43.491,-8.252,37.0,17,ssp126,near_future,rocio_fijo,32.695,9.412,5.824,297.933,5.235,7.0,45.09,91.176,36.0,11.118,74.284,1.054,1.055
10050,FERROL,A Coruña,43.491,-8.252,37.0,17,ssp126,near_future,hr_fija,32.695,9.412,5.824,297.933,5.235,7.0,46.177,100.471,44.824,14.235,79.15,1.054,1.055
10050,FERROL,A Coruña,43.491,-8.252,37.0,17,ssp126,medium_future,rocio_fijo,33.21,11.353,9.176,358.688,5.235,7.0,45.605,97.353,41.412,12.765,72.03,1.569,1.534
10050,FERROL,A Coruña,43.491,-8.252,37.0,17,ssp126,medium_future,hr_fija,33.21,11.353,9.176,358.688,5.235,7.0,47.235,112.529,53.765,18.412,79.15,1.569,1.534
10050,FERROL,A Coruña,43.491,-8.252,37.0,17,ssp126,far_future,rocio_fijo,33.178,11.294,8.765,353.131,5.235,7.0,45.573,97.176,41.0,12.647,72.168,1.537,1.492
10050,FERROL,A Coruña,43.491,-8.252,37.0,17,ssp126,far_future,hr_fija,33.178,11.294,8.765,353.131,5.235,7.0,47.169,111.765,53.235,18.059,79.15,1.537,1.492
10050,FERROL,A Coruña,43.491,-8.252,37.0,17,ssp245,near_future,rocio_fijo,32.647,9.412,6.941,319.095,5.235,7.0,45.042,90.765,35.471,11.059,74.498,1.006,1.227
10050,FERROL,A Coruña,43.491,-8.252,37.0,17,ssp245,near_future,hr_fija,32.647,9.412,6.941,319.095,5.235,7.0,46.079,99.176,44.059,13.765,79.15,1.006,1.227
10050,FERROL,A Coruña,43.491,-8.252,37.0,17,ssp245,medium_future,rocio_fijo,33.492,13.235,12.471,406.332,5.235,7.0,45.887,100.647,43.882,13.412,70.828,1.851,1.882
10050,FERROL,A Coruña,43.491,-8.252,37.0,17,ssp245,medium_future,hr_fija,33.492,13.235,12.471,406.332,5.235,7.0,47.82,118.647,59.471,20.765,79.15,1.851,1.882
10050,FERROL,A Coruña,43.491,-8.252,37.0,17,ssp245,far_future,rocio_fijo,34.328,18.412,17.706,469.031,5.235,7.0,46.723,112.353,51.647,16.824,67.397,2.687,2.309
10050,FERROL,A Coruña,43.491,-8.252,37.0,17,ssp245,far_future,hr_fija,34.328,18.412,17.706,469.031,5.235,7.0,49.644,138.765,76.176,29.882,79.15,2.687,2.309
10050,FERROL,A Coruña,43.491,-8.252,37.0,17,ssp370,near_future,rocio_fijo,32.639,9.412,6.471,312.128,5.235,7.0,45.034,90.706,35.353,11.059,74.534,0.998,1.171
10050,FERROL,A Coruña,43.491,-8.252,37.0,17,ssp370,near_future,hr_fija,32.639,9.412,6.471,312.128,5.235,7.0,46.063,99.0,43.941,13.647,79.15,0.998,1.171
10050,FERROL,A Coruña,43.491,-8.252,37.0,17,ssp370,medium_future,rocio_fijo,33.463,13.059,13.647,421.412,5.235,7.0,45.858,100.176,43.529,13.353,70.951,1.822,1.988
10050,FERROL,A Coruña,43.491,-8.252,37.0,17,ssp370,medium_future,hr_fija,33.463,13.059,13.647,421.412,5.235,7.0,47.76,117.882,59.059,20.412,79.15,1.822,1.988
10050,FERROL,A Coruña,43.491,-8.252,37.0,17,ssp370,far_future,rocio_fijo,35.02,23.941,30.588,585.556,5.235,7.0,47.415,121.706,59.235,19.882,64.697,3.379,3.027
10050,FERROL,A Coruña,43.491,-8.252,37.0,17,ssp370,far_future,hr_fija,35.02,23.941,30.588,585.556,5.235,7.0,51.157,154.824,91.118,40.235,79.15,3.379,3.027
10050,FERROL,A Coruña,43.491,-8.252,37.0,17,ssp585,near_future,rocio_fijo,32.738,9.706,7.235,330.461,5.235,7.0,45.133,91.706,36.706,11.176,74.093,1.097,1.317
10050,FERROL,A Coruña,43.491,-8.252,37.0,17,ssp585,near_future,hr_fija,32.738,9.706,7.235,330.461,5.235,7.0,46.265,101.471,45.353,14.588,79.15,1.097,1.317
10050,FERROL,A Coruña,43.491,-8.252,37.0,17,ssp585,medium_future,rocio_fijo,33.735,14.353,17.882,471.013,5.235,7.0,46.13,104.294,46.176,14.471,69.811,2.094,2.322
10050,FERROL,A Coruña,43.491,-8.252,37.0,17,ssp585,medium_future,hr_fija,33.735,14.353,17.882,471.013,5.235,7.0,48.332,123.765,63.588,22.706,79.15,2.094,2.322
10050,FERROL,A Coruña,43.491,-8.252,37.0,17,ssp585,far_future,rocio_fijo,35.959,34.176,50.941,751.177,5.235,7.0,48.354,134.824,69.647,24.471,61.227,4.318,3.929
10050,FERROL,A Coruña,43.491,-8.252,37.0,17,ssp585,far_future,hr_fija,35.959,34.176,50.941,751.177,5.235,7.0,53.255,174.118,112.118,56.706,79.15,4.318,3.929
10052,LOUSAME,A Coruña,42.746,-8.776,661.0,17,-,hoy,medido,30.01,3.765,3.294,102.512,5.588,6.0,38.486,33.765,10.588,2.059,84.888,,
10052,LOUSAME,A Coruña,42.746,-8.776,661.0,17,ssp126,near_future,rocio_fijo,31.435,6.882,5.706,159.388,5.588,6.0,39.911,44.059,16.118,3.529,77.749,1.425,1.296
10052,LOUSAME,A Coruña,42.746,-8.776,661.0,17,ssp126,near_future,hr_fija,31.435,6.882,5.706,159.388,5.588,6.0,41.256,52.529,21.118,5.529,84.888,1.425,1.296
10052,LOUSAME,A Coruña,42.746,-8.776,661.0,17,ssp126,medium_future,rocio_fijo,32.226,9.176,6.647,197.528,5.588,6.0,40.702,51.059,19.118,4.529,74.078,2.216,1.931
10052,LOUSAME,A Coruña,42.746,-8.776,661.0,17,ssp126,medium_future,hr_fija,32.226,9.176,6.647,197.528,5.588,6.0,42.745,64.059,29.235,8.235,84.888,2.216,1.931
10052,LOUSAME,A Coruña,42.746,-8.776,661.0,17,ssp126,far_future,rocio_fijo,32.286,9.588,6.471,195.295,5.588,6.0,40.762,51.588,19.588,4.824,73.808,2.276,1.897
10052,LOUSAME,A Coruña,42.746,-8.776,661.0,17,ssp126,far_future,hr_fija,32.286,9.588,6.471,195.295,5.588,6.0,42.859,64.824,29.529,8.588,84.888,2.276,1.897
10052,LOUSAME,A Coruña,42.746,-8.776,661.0,17,ssp245,near_future,rocio_fijo,31.431,6.882,6.118,169.547,5.588,6.0,39.907,44.059,16.059,3.529,77.768,1.421,1.478
10052,LOUSAME,A Coruña,42.746,-8.776,661.0,17,ssp245,near_future,hr_fija,31.431,6.882,6.118,169.547,5.588,6.0,41.249,52.471,21.059,5.412,84.888,1.421,1.478
10052,LOUSAME,A Coruña,42.746,-8.776,661.0,17,ssp245,medium_future,rocio_fijo,32.576,10.529,7.529,225.122,5.588,6.0,41.052,53.412,21.176,5.176,72.517,2.566,2.325
10052,LOUSAME,A Coruña,42.746,-8.776,661.0,17,ssp245,medium_future,hr_fija,32.576,10.529,7.529,225.122,5.588,6.0,43.414,68.941,32.353,10.059,84.888,2.566,2.325
10052,LOUSAME,A Coruña,42.746,-8.776,661.0,17,ssp245,far_future,rocio_fijo,33.548,14.706,9.118,270.0,5.588,6.0,42.024,62.353,26.647,7.0,68.371,3.538,2.888
10052,LOUSAME,A Coruña,42.746,-8.776,661.0,17,ssp245,far_future,hr_fija,33.548,14.706,9.118,270.0,5.588,6.0,45.468,84.353,43.118,16.765,84.888,3.538,2.888
10052,LOUSAME,A Coruña,42.746,-8.776,661.0,17,ssp370,near_future,rocio_fijo,31.262,6.529,5.941,165.783,5.588,6.0,39.738,42.824,15.235,3.412,78.578,1.252,1.412
10052,LOUSAME,A Coruña,42.746,-8.776,661.0,17,ssp370,near_future,hr_fija,31.262,6.529,5.941,165.783,5.588,6.0,40.933,50.588,19.294,4.647,84.888,1.252,1.412
10052,LOUSAME,A Coruña,42.746,-8.776,661.0,17,ssp370,medium_future,rocio_fijo,32.645,10.824,7.941,238.82,5.588,6.0,41.121,54.059,21.647,5.412,72.214,2.635,2.506
10052,LOUSAME,A Coruña,42.746,-8.776,661.0,17,ssp370,medium_future,hr_fija,32.645,10.824,7.941,238.82,5.588,6.0,43.559,70.176,32.824,10.294,84.888,2.635,2.506
10052,LOUSAME,A Coruña,42.746,-8.776,661.0,17,ssp370,far_future,rocio_fijo,34.619,20.471,12.706,356.657,5.588,6.0,43.095,70.765,32.235,9.176,64.109,4.609,3.782
10052,LOUSAME,A Coruña,42.746,-8.776,661.0,17,ssp370,far_future,hr_fija,34.619,20.471,12.706,356.657,5.588,6.0,47.751,105.059,58.588,26.647,84.888,4.609,3.782
10052,LOUSAME,A Coruña,42.746,-8.776,661.0,17,ssp585,near_future,rocio_fijo,31.242,6.529,6.176,177.376,5.588,6.0,39.718,42.588,15.235,3.353,78.675,1.232,1.611
10052,LOUSAME,A Coruña,42.746,-8.776,661.0,17,ssp585,near_future,hr_fija,31.242,6.529,6.176,177.376,5.588,6.0,40.896,50.294,19.176,4.647,84.888,1.232,1.611
10052,LOUSAME,A Coruña,42.746,-8.776,661.0,17,ssp585,medium_future,rocio_fijo,32.989,12.529,9.118,270.173,5.588,6.0,41.465,57.529,23.294,6.294,70.722,2.979,2.89
10052,LOUSAME,A Coruña,42.746,-8.776,661.0,17,ssp585,medium_future,hr_fija,32.989,12.529,9.118,270.173,5.588,6.0,44.286,75.176,36.059,12.059,84.888,2.979,2.89
10052,LOUSAME,A Coruña,42.746,-8.776,661.0,17,ssp585,far_future,rocio_fijo,35.925,30.118,23.176,495.562,5.588,6.0,44.401,83.176,39.824,13.765,59.311,5.915,4.922
10052,LOUSAME,A Coruña,42.746,-8.776,661.0,17,ssp585,far_future,hr_fija,35.925,30.118,23.176,495.562,5.588,6.0,50.453,130.882,77.765,40.824,84.888,5.915,4.922
19010,LOUSAME,A Coruña,42.801,-8.837,157.0,17,-,hoy,medido,32.94,13.529,0.706,178.509,4.294,5.0,44.626,71.588,34.176,12.471,75.992,,
19010,LOUSAME,A Coruña,42.801,-8.837,157.0,17,ssp126,near_future,rocio_fijo,34.334,19.882,2.0,291.652,4.294,5.0,46.02,84.235,42.706,16.588,69.898,1.394,1.256
19010,LOUSAME,A Coruña,42.801,-8.837,157.0,17,ssp126,near_future,hr_fija,34.334,19.882,2.0,291.652,4.294,5.0,47.373,94.471,51.0,21.176,75.992,1.394,1.256
19010,LOUSAME,A Coruña,42.801,-8.837,157.0,17,ssp126,medium_future,rocio_fijo,35.114,24.235,4.294,363.284,4.294,5.0,46.8,92.412,49.118,19.176,66.729,2.174,1.887
19010,LOUSAME,A Coruña,42.801,-8.837,157.0,17,ssp126,medium_future,hr_fija,35.114,24.235,4.294,363.284,4.294,5.0,49.015,110.235,62.471,28.412,75.992,2.174,1.887
19010,LOUSAME,A Coruña,42.801,-8.837,157.0,17,ssp126,far_future,rocio_fijo,35.17,24.706,4.176,359.058,4.294,5.0,46.856,92.824,49.588,19.353,66.508,2.23,1.852
19010,LOUSAME,A Coruña,42.801,-8.837,157.0,17,ssp126,far_future,hr_fija,35.17,24.706,4.176,359.058,4.294,5.0,49.13,111.588,63.176,29.059,75.992,2.23,1.852
19010,LOUSAME,A Coruña,42.801,-8.837,157.0,17,ssp245,near_future,rocio_fijo,34.318,19.706,2.588,310.688,4.294,5.0,46.004,84.059,42.588,16.529,69.965,1.378,1.433
19010,LOUSAME,A Coruña,42.801,-8.837,157.0,17,ssp245,near_future,hr_fija,34.318,19.706,2.588,310.688,4.294,5.0,47.339,94.118,50.824,21.118,75.992,1.378,1.433
19010,LOUSAME,A Coruña,42.801,-8.837,157.0,17,ssp245,medium_future,rocio_fijo,35.44,26.765,6.882,411.94,4.294,5.0,47.126,95.765,51.471,20.412,65.453,2.5,2.274
19010,LOUSAME,A Coruña,42.801,-8.837,157.0,17,ssp245,medium_future,hr_fija,35.44,26.765,6.882,411.94,4.294,5.0,49.708,117.471,67.353,32.235,75.992,2.5,2.274
19010,LOUSAME,A Coruña,42.801,-8.837,157.0,17,ssp245,far_future,rocio_fijo,36.44,36.118,11.941,487.749,4.294,5.0,48.126,108.235,59.294,25.353,61.707,3.5,2.832
19010,LOUSAME,A Coruña,42.801,-8.837,157.0,17,ssp245,far_future,hr_fija,36.44,36.118,11.941,487.749,4.294,5.0,51.931,137.882,82.529,44.059,75.992,3.5,2.832
19010,LOUSAME,A Coruña,42.801,-8.837,157.0,17,ssp370,near_future,rocio_fijo,34.203,19.176,2.235,303.167,4.294,5.0,45.889,83.0,42.059,16.176,70.447,1.263,1.364
19010,LOUSAME,A Coruña,42.801,-8.837,157.0,17,ssp370,near_future,hr_fija,34.203,19.176,2.235,303.167,4.294,5.0,47.098,92.353,49.824,20.0,75.992,1.263,1.364
19010,LOUSAME,A Coruña,42.801,-8.837,157.0,17,ssp370,medium_future,rocio_fijo,35.53,27.353,8.176,434.461,4.294,5.0,47.216,96.588,52.176,21.0,65.106,2.59,2.445
19010,LOUSAME,A Coruña,42.801,-8.837,157.0,17,ssp370,medium_future,hr_fija,35.53,27.353,8.176,434.461,4.294,5.0,49.907,119.176,68.529,33.471,75.992,2.59,2.445
19010,LOUSAME,A Coruña,42.801,-8.837,157.0,17,ssp370,far_future,rocio_fijo,37.548,48.059,24.529,621.968,4.294,5.0,49.234,122.118,68.471,31.529,57.836,4.608,3.707
19010,LOUSAME,A Coruña,42.801,-8.837,157.0,17,ssp370,far_future,hr_fija,37.548,48.059,24.529,621.968,4.294,5.0,54.414,163.529,103.529,60.059,75.992,4.608,3.707
19010,LOUSAME,A Coruña,42.801,-8.837,157.0,17,ssp585,near_future,rocio_fijo,34.184,19.118,2.765,324.564,4.294,5.0,45.87,82.706,41.824,16.176,70.527,1.244,1.557
19010,LOUSAME,A Coruña,42.801,-8.837,157.0,17,ssp585,near_future,hr_fija,34.184,19.118,2.765,324.564,4.294,5.0,47.058,91.882,49.471,19.824,75.992,1.244,1.557
19010,LOUSAME,A Coruña,42.801,-8.837,157.0,17,ssp585,medium_future,rocio_fijo,35.852,29.647,11.882,486.754,4.294,5.0,47.538,100.824,54.412,22.294,63.88,2.912,2.825
19010,LOUSAME,A Coruña,42.801,-8.837,157.0,17,ssp585,medium_future,hr_fija,35.852,29.647,11.882,486.754,4.294,5.0,50.62,126.235,73.059,37.412,75.992,2.912,2.825
19010,LOUSAME,A Coruña,42.801,-8.837,157.0,17,ssp585,far_future,rocio_fijo,38.811,65.353,47.529,823.971,4.294,5.0,50.497,137.765,79.353,39.176,53.753,5.871,4.84
19010,LOUSAME,A Coruña,42.801,-8.837,157.0,17,ssp585,far_future,hr_fija,38.811,65.353,47.529,823.971,4.294,5.0,57.423,191.118,129.412,78.294,75.992,5.871,4.84
10093,MALPICA DE BERGANTIÑOS,A Coruña,43.336,-8.836,161.0,17,-,hoy,medido,26.76,0.706,0.118,41.43,5.647,8.0,36.463,27.529,5.412,1.294,89.636,,
10093,MALPICA DE BERGANTIÑOS,A Coruña,43.336,-8.836,161.0,17,ssp126,near_future,rocio_fijo,27.605,1.353,0.471,94.326,5.647,8.0,37.308,35.529,6.824,1.647,85.093,0.845,0.984
10093,MALPICA DE BERGANTIÑOS,A Coruña,43.336,-8.836,161.0,17,ssp126,near_future,hr_fija,27.605,1.353,0.471,94.326,5.647,8.0,38.134,44.941,9.0,2.059,89.636,0.845,0.984
10093,MALPICA DE BERGANTIÑOS,A Coruña,43.336,-8.836,161.0,17,ssp126,medium_future,rocio_fijo,28.182,1.765,0.765,133.847,5.647,8.0,37.885,43.059,8.235,1.941,82.14,1.422,1.471
10093,MALPICA DE BERGANTIÑOS,A Coruña,43.336,-8.836,161.0,17,ssp126,medium_future,hr_fija,28.182,1.765,0.765,133.847,5.647,8.0,39.236,59.353,12.588,3.0,89.636,1.422,1.471
10093,MALPICA DE BERGANTIÑOS,A Coruña,43.336,-8.836,161.0,17,ssp126,far_future,rocio_fijo,28.164,1.706,0.647,129.837,5.647,8.0,37.867,43.0,8.235,1.941,82.23,1.404,1.426
10093,MALPICA DE BERGANTIÑOS,A Coruña,43.336,-8.836,161.0,17,ssp126,far_future,hr_fija,28.164,1.706,0.647,129.837,5.647,8.0,39.202,59.0,12.471,3.0,89.636,1.404,1.426
10093,MALPICA DE BERGANTIÑOS,A Coruña,43.336,-8.836,161.0,17,ssp245,near_future,rocio_fijo,27.549,1.353,0.529,106.252,5.647,8.0,37.252,34.824,6.529,1.647,85.386,0.789,1.143
10093,MALPICA DE BERGANTIÑOS,A Coruña,43.336,-8.836,161.0,17,ssp245,near_future,hr_fija,27.549,1.353,0.529,106.252,5.647,8.0,38.024,43.059,8.529,2.0,89.636,0.789,1.143
10093,MALPICA DE BERGANTIÑOS,A Coruña,43.336,-8.836,161.0,17,ssp245,medium_future,rocio_fijo,28.411,2.059,1.059,164.262,5.647,8.0,38.114,46.765,9.0,2.0,80.999,1.651,1.789
10093,MALPICA DE BERGANTIÑOS,A Coruña,43.336,-8.836,161.0,17,ssp245,medium_future,hr_fija,28.411,2.059,1.059,164.262,5.647,8.0,39.685,66.118,14.647,3.235,89.636,1.651,1.789
10093,MALPICA DE BERGANTIÑOS,A Coruña,43.336,-8.836,161.0,17,ssp245,far_future,rocio_fijo,29.132,2.941,2.059,210.418,5.647,8.0,38.835,57.706,11.412,2.647,77.524,2.372,2.217
10093,MALPICA DE BERGANTIÑOS,A Coruña,43.336,-8.836,161.0,17,ssp245,far_future,hr_fija,29.132,2.941,2.059,210.418,5.647,8.0,41.172,86.647,22.588,4.941,89.636,2.372,2.217
10093,MALPICA DE BERGANTIÑOS,A Coruña,43.336,-8.836,161.0,17,ssp370,near_future,rocio_fijo,27.447,1.235,0.471,100.735,5.647,8.0,37.15,33.941,6.412,1.647,85.923,0.687,1.071
10093,MALPICA DE BERGANTIÑOS,A Coruña,43.336,-8.836,161.0,17,ssp370,near_future,hr_fija,27.447,1.235,0.471,100.735,5.647,8.0,37.823,40.294,7.824,1.882,89.636,0.687,1.071
10093,MALPICA DE BERGANTIÑOS,A Coruña,43.336,-8.836,161.0,17,ssp370,medium_future,rocio_fijo,28.329,1.824,1.471,173.803,5.647,8.0,38.032,45.471,8.706,2.0,81.406,1.569,1.882
10093,MALPICA DE BERGANTIÑOS,A Coruña,43.336,-8.836,161.0,17,ssp370,medium_future,hr_fija,28.329,1.824,1.471,173.803,5.647,8.0,39.519,63.529,13.941,3.176,89.636,1.569,1.882
10093,MALPICA DE BERGANTIÑOS,A Coruña,43.336,-8.836,161.0,17,ssp370,far_future,rocio_fijo,29.831,3.412,6.647,298.776,5.647,8.0,39.534,68.412,14.412,3.176,74.314,3.071,2.924
10093,MALPICA DE BERGANTIÑOS,A Coruña,43.336,-8.836,161.0,17,ssp370,far_future,hr_fija,29.831,3.412,6.647,298.776,5.647,8.0,42.622,107.235,34.471,7.118,89.636,3.071,2.924
10093,MALPICA DE BERGANTIÑOS,A Coruña,43.336,-8.836,161.0,17,ssp585,near_future,rocio_fijo,27.415,1.235,0.529,110.682,5.647,8.0,37.118,33.471,6.294,1.588,86.092,0.655,1.199
10093,MALPICA DE BERGANTIÑOS,A Coruña,43.336,-8.836,161.0,17,ssp585,near_future,hr_fija,27.415,1.235,0.529,110.682,5.647,8.0,37.761,39.941,7.765,1.882,89.636,0.655,1.199
10093,MALPICA DE BERGANTIÑOS,A Coruña,43.336,-8.836,161.0,17,ssp585,medium_future,rocio_fijo,28.431,2.118,2.059,207.224,5.647,8.0,38.134,46.882,9.118,2.059,80.901,1.671,2.189
10093,MALPICA DE BERGANTIÑOS,A Coruña,43.336,-8.836,161.0,17,ssp585,medium_future,hr_fija,28.431,2.118,2.059,207.224,5.647,8.0,39.726,66.471,15.0,3.294,89.636,1.671,2.189
10093,MALPICA DE BERGANTIÑOS,A Coruña,43.336,-8.836,161.0,17,ssp585,far_future,rocio_fijo,30.719,5.176,19.824,430.379,5.647,8.0,40.422,83.412,19.118,4.176,70.45,3.959,3.814
10093,MALPICA DE BERGANTIÑOS,A Coruña,43.336,-8.836,161.0,17,ssp585,far_future,hr_fija,30.719,5.176,19.824,430.379,5.647,8.0,44.514,131.588,56.235,13.0,89.636,3.959,3.814
10089,MELIDE,A Coruña,42.907,-7.983,477.0,17,-,hoy,medido,34.545,20.235,0.118,134.465,5.412,6.0,48.735,92.824,53.471,24.0,77.227,,
10089,MELIDE,A Coruña,42.907,-7.983,477.0,17,ssp126,near_future,rocio_fijo,36.277,34.765,0.294,233.4,5.412,6.0,50.467,108.0,66.471,33.412,69.676,1.732,1.386
10089,MELIDE,A Coruña,42.907,-7.983,477.0,17,ssp126,near_future,hr_fija,36.277,34.765,0.294,233.4,5.412,6.0,52.398,119.529,78.647,42.529,77.227,1.732,1.386
10089,MELIDE,A Coruña,42.907,-7.983,477.0,17,ssp126,medium_future,rocio_fijo,37.123,42.706,0.412,297.728,5.412,6.0,51.313,115.765,73.882,38.471,66.292,2.578,2.073
10089,MELIDE,A Coruña,42.907,-7.983,477.0,17,ssp126,medium_future,hr_fija,37.123,42.706,0.412,297.728,5.412,6.0,54.302,134.176,90.0,52.647,77.227,2.578,2.073
10089,MELIDE,A Coruña,42.907,-7.983,477.0,17,ssp126,far_future,rocio_fijo,37.183,42.824,0.353,295.096,5.412,6.0,51.373,116.176,74.588,38.941,66.059,2.638,2.047
10089,MELIDE,A Coruña,42.907,-7.983,477.0,17,ssp126,far_future,hr_fija,37.183,42.824,0.353,295.096,5.412,6.0,54.44,135.353,90.882,53.412,77.227,2.638,2.047
10089,MELIDE,A Coruña,42.907,-7.983,477.0,17,ssp245,near_future,rocio_fijo,36.313,35.0,0.294,248.689,5.412,6.0,50.503,108.294,66.706,33.706,69.528,1.768,1.56
10089,MELIDE,A Coruña,42.907,-7.983,477.0,17,ssp245,near_future,hr_fija,36.313,35.0,0.294,248.689,5.412,6.0,52.477,120.471,79.471,42.882,77.227,1.768,1.56
10089,MELIDE,A Coruña,42.907,-7.983,477.0,17,ssp245,medium_future,rocio_fijo,37.413,45.294,0.765,344.444,5.412,6.0,51.603,118.412,76.824,40.176,65.175,2.868,2.514
10089,MELIDE,A Coruña,42.907,-7.983,477.0,17,ssp245,medium_future,hr_fija,37.413,45.294,0.765,344.444,5.412,6.0,54.973,139.294,94.0,56.235,77.227,2.868,2.514
10089,MELIDE,A Coruña,42.907,-7.983,477.0,17,ssp245,far_future,rocio_fijo,38.691,60.706,1.824,415.598,5.412,6.0,52.881,131.765,86.353,47.471,60.5,4.146,3.124
10089,MELIDE,A Coruña,42.907,-7.983,477.0,17,ssp245,far_future,hr_fija,38.691,60.706,1.824,415.598,5.412,6.0,57.985,163.529,113.059,75.588,77.227,4.146,3.124
10089,MELIDE,A Coruña,42.907,-7.983,477.0,17,ssp370,near_future,rocio_fijo,36.293,34.765,0.294,243.338,5.412,6.0,50.483,108.0,66.588,33.471,69.61,1.748,1.5
10089,MELIDE,A Coruña,42.907,-7.983,477.0,17,ssp370,near_future,hr_fija,36.293,34.765,0.294,243.338,5.412,6.0,52.433,119.765,79.059,42.706,77.227,1.748,1.5
10089,MELIDE,A Coruña,42.907,-7.983,477.0,17,ssp370,medium_future,rocio_fijo,37.754,49.765,0.882,365.612,5.412,6.0,51.944,122.647,79.235,41.882,63.889,3.209,2.702
10089,MELIDE,A Coruña,42.907,-7.983,477.0,17,ssp370,medium_future,hr_fija,37.754,49.765,0.882,365.612,5.412,6.0,55.77,145.529,99.412,61.176,77.227,3.209,2.702
10089,MELIDE,A Coruña,42.907,-7.983,477.0,17,ssp370,far_future,rocio_fijo,39.886,75.765,5.706,538.864,5.412,6.0,54.076,144.824,95.706,55.588,56.468,5.341,4.055
10089,MELIDE,A Coruña,42.907,-7.983,477.0,17,ssp370,far_future,hr_fija,39.886,75.765,5.706,538.864,5.412,6.0,60.899,185.059,134.118,91.882,77.227,5.341,4.055
10089,MELIDE,A Coruña,42.907,-7.983,477.0,17,ssp585,near_future,rocio_fijo,36.418,35.765,0.294,264.501,5.412,6.0,50.608,109.588,67.647,34.235,69.098,1.873,1.733
10089,MELIDE,A Coruña,42.907,-7.983,477.0,17,ssp585,near_future,hr_fija,36.418,35.765,0.294,264.501,5.412,6.0,52.708,122.647,80.824,44.294,77.227,1.873,1.733
10089,MELIDE,A Coruña,42.907,-7.983,477.0,17,ssp585,medium_future,rocio_fijo,38.213,55.059,1.824,416.58,5.412,6.0,52.403,126.235,82.471,44.706,62.203,3.668,3.132
10089,MELIDE,A Coruña,42.907,-7.983,477.0,17,ssp585,medium_future,hr_fija,38.213,55.059,1.824,416.58,5.412,6.0,56.855,154.412,106.412,68.118,77.227,3.668,3.132
10089,MELIDE,A Coruña,42.907,-7.983,477.0,17,ssp585,far_future,rocio_fijo,41.315,94.824,15.706,729.896,5.412,6.0,55.505,161.118,108.294,66.706,52.038,6.77,5.293
10089,MELIDE,A Coruña,42.907,-7.983,477.0,17,ssp585,far_future,hr_fija,41.315,94.824,15.706,729.896,5.412,6.0,64.531,211.412,160.647,113.941,77.227,6.77,5.293
10094,MESÍA,A Coruña,43.125,-8.279,401.0,17,-,hoy,medido,31.945,7.294,0.059,76.447,4.529,6.0,44.603,64.0,28.0,9.882,84.147,,
10094,MESÍA,A Coruña,43.125,-8.279,401.0,17,ssp126,near_future,rocio_fijo,33.412,12.059,0.353,142.371,4.529,6.0,46.07,79.0,36.941,13.176,76.993,1.467,1.249
10094,MESÍA,A Coruña,43.125,-8.279,401.0,17,ssp126,near_future,hr_fija,33.412,12.059,0.353,142.371,4.529,6.0,47.618,90.294,45.882,18.471,84.147,1.467,1.249
10094,MESÍA,A Coruña,43.125,-8.279,401.0,17,ssp126,medium_future,rocio_fijo,34.22,16.294,0.647,188.556,4.529,6.0,46.878,87.176,43.353,15.706,73.347,2.275,1.867
10094,MESÍA,A Coruña,43.125,-8.279,401.0,17,ssp126,medium_future,hr_fija,34.22,16.294,0.647,188.556,4.529,6.0,49.345,105.529,56.706,25.706,84.147,2.275,1.867
10094,MESÍA,A Coruña,43.125,-8.279,401.0,17,ssp126,far_future,rocio_fijo,34.234,16.412,0.588,185.844,4.529,6.0,46.892,87.353,43.471,15.706,73.285,2.289,1.834
10094,MESÍA,A Coruña,43.125,-8.279,401.0,17,ssp126,far_future,hr_fija,34.234,16.412,0.588,185.844,4.529,6.0,49.376,105.647,57.0,25.765,84.147,2.289,1.834
10094,MESÍA,A Coruña,43.125,-8.279,401.0,17,ssp245,near_future,rocio_fijo,33.44,12.176,0.353,154.695,4.529,6.0,46.098,79.118,37.059,13.176,76.863,1.495,1.428
10094,MESÍA,A Coruña,43.125,-8.279,401.0,17,ssp245,near_future,hr_fija,33.44,12.176,0.353,154.695,4.529,6.0,47.677,90.765,46.176,18.882,84.147,1.495,1.428
10094,MESÍA,A Coruña,43.125,-8.279,401.0,17,ssp245,medium_future,rocio_fijo,34.467,17.529,0.941,223.608,4.529,6.0,47.125,89.647,45.176,16.471,72.271,2.522,2.271
10094,MESÍA,A Coruña,43.125,-8.279,401.0,17,ssp245,medium_future,hr_fija,34.467,17.529,0.941,223.608,4.529,6.0,49.884,109.882,60.353,27.471,84.147,2.522,2.271
10094,MESÍA,A Coruña,43.125,-8.279,401.0,17,ssp245,far_future,rocio_fijo,35.696,26.529,1.765,277.63,4.529,6.0,48.354,102.882,53.765,22.941,67.176,3.751,2.817
10094,MESÍA,A Coruña,43.125,-8.279,401.0,17,ssp245,far_future,hr_fija,35.696,26.529,1.765,277.63,4.529,6.0,52.609,132.353,82.118,42.647,84.147,3.751,2.817
10094,MESÍA,A Coruña,43.125,-8.279,401.0,17,ssp370,near_future,rocio_fijo,33.42,12.176,0.353,150.127,4.529,6.0,46.078,79.0,36.941,13.176,76.956,1.475,1.363
10094,MESÍA,A Coruña,43.125,-8.279,401.0,17,ssp370,near_future,hr_fija,33.42,12.176,0.353,150.127,4.529,6.0,47.635,90.412,45.882,18.529,84.147,1.475,1.363
10094,MESÍA,A Coruña,43.125,-8.279,401.0,17,ssp370,medium_future,rocio_fijo,34.721,19.118,1.118,238.247,4.529,6.0,47.379,92.353,46.118,18.0,71.183,2.776,2.426
10094,MESÍA,A Coruña,43.125,-8.279,401.0,17,ssp370,medium_future,hr_fija,34.721,19.118,1.118,238.247,4.529,6.0,50.443,114.353,64.235,30.059,84.147,2.776,2.426
10094,MESÍA,A Coruña,43.125,-8.279,401.0,17,ssp370,far_future,rocio_fijo,36.711,35.235,4.471,375.415,4.529,6.0,49.369,114.353,61.941,27.059,63.273,4.766,3.664
10094,MESÍA,A Coruña,43.125,-8.279,401.0,17,ssp370,far_future,hr_fija,36.711,35.235,4.471,375.415,4.529,6.0,54.912,151.412,100.471,55.529,84.147,4.766,3.664
10094,MESÍA,A Coruña,43.125,-8.279,401.0,17,ssp585,near_future,rocio_fijo,33.507,12.588,0.471,164.58,4.529,6.0,46.165,79.882,37.353,13.471,76.554,1.562,1.563
10094,MESÍA,A Coruña,43.125,-8.279,401.0,17,ssp585,near_future,hr_fija,33.507,12.588,0.471,164.58,4.529,6.0,47.818,91.765,47.118,19.529,84.147,1.562,1.563
10094,MESÍA,A Coruña,43.125,-8.279,401.0,17,ssp585,medium_future,rocio_fijo,35.095,21.353,1.765,277.948,4.529,6.0,47.753,96.471,49.118,20.118,69.615,3.15,2.82
10094,MESÍA,A Coruña,43.125,-8.279,401.0,17,ssp585,medium_future,hr_fija,35.095,21.353,1.765,277.948,4.529,6.0,51.271,121.118,71.353,34.471,84.147,3.15,2.82
10094,MESÍA,A Coruña,43.125,-8.279,401.0,17,ssp585,far_future,rocio_fijo,38.016,51.529,13.176,531.298,4.529,6.0,50.674,128.706,74.647,34.765,58.624,6.071,4.796
10094,MESÍA,A Coruña,43.125,-8.279,401.0,17,ssp585,far_future,hr_fija,38.016,51.529,13.176,531.298,4.529,6.0,57.901,177.176,124.824,77.706,84.147,6.071,4.796
10046,MONFERO,A Coruña,43.343,-7.894,651.0,17,-,hoy,medido,30.05,3.824,0.588,61.168,5.647,6.0,40.213,37.824,13.471,3.765,83.695,,
10046,MONFERO,A Coruña,43.343,-7.894,651.0,17,ssp126,near_future,rocio_fijo,31.449,6.176,1.118,106.19,5.647,6.0,41.612,48.706,18.118,5.529,76.796,1.399,1.256
10046,MONFERO,A Coruña,43.343,-7.894,651.0,17,ssp126,near_future,hr_fija,31.449,6.176,1.118,106.19,5.647,6.0,43.001,57.235,22.824,7.588,83.695,1.399,1.256
10046,MONFERO,A Coruña,43.343,-7.894,651.0,17,ssp126,medium_future,rocio_fijo,32.235,8.059,1.706,138.2,5.647,6.0,42.398,55.471,21.353,6.824,73.202,2.185,1.87
10046,MONFERO,A Coruña,43.343,-7.894,651.0,17,ssp126,medium_future,hr_fija,32.235,8.059,1.706,138.2,5.647,6.0,44.553,67.941,30.882,10.824,83.695,2.185,1.87
10046,MONFERO,A Coruña,43.343,-7.894,651.0,17,ssp126,far_future,rocio_fijo,32.238,8.059,1.706,136.643,5.647,6.0,42.401,55.471,21.353,6.824,73.188,2.188,1.843
10046,MONFERO,A Coruña,43.343,-7.894,651.0,17,ssp126,far_future,hr_fija,32.238,8.059,1.706,136.643,5.647,6.0,44.559,67.941,30.882,10.824,83.695,2.188,1.843
10046,MONFERO,A Coruña,43.343,-7.894,651.0,17,ssp245,near_future,rocio_fijo,31.525,6.353,1.235,114.758,5.647,6.0,41.688,49.235,18.471,5.647,76.44,1.475,1.434
10046,MONFERO,A Coruña,43.343,-7.894,651.0,17,ssp245,near_future,hr_fija,31.525,6.353,1.235,114.758,5.647,6.0,43.149,58.529,23.706,7.882,83.695,1.475,1.434
10046,MONFERO,A Coruña,43.343,-7.894,651.0,17,ssp245,medium_future,rocio_fijo,32.456,8.824,2.059,164.476,5.647,6.0,42.619,57.176,22.471,7.235,72.225,2.406,2.291
10046,MONFERO,A Coruña,43.343,-7.894,651.0,17,ssp245,medium_future,hr_fija,32.456,8.824,2.059,164.476,5.647,6.0,44.995,71.588,33.412,11.941,83.695,2.406,2.291
10046,MONFERO,A Coruña,43.343,-7.894,651.0,17,ssp245,far_future,rocio_fijo,33.735,15.235,2.941,204.268,5.647,6.0,43.898,67.471,29.118,9.588,66.855,3.685,2.841
10046,MONFERO,A Coruña,43.343,-7.894,651.0,17,ssp245,far_future,hr_fija,33.735,15.235,2.941,204.268,5.647,6.0,47.668,92.765,50.647,20.176,83.695,3.685,2.841
10046,MONFERO,A Coruña,43.343,-7.894,651.0,17,ssp370,near_future,rocio_fijo,31.514,6.294,1.176,112.082,5.647,6.0,41.677,49.176,18.412,5.647,76.491,1.464,1.38
10046,MONFERO,A Coruña,43.343,-7.894,651.0,17,ssp370,near_future,hr_fija,31.514,6.294,1.176,112.082,5.647,6.0,43.128,58.353,23.529,7.882,83.695,1.464,1.38
10046,MONFERO,A Coruña,43.343,-7.894,651.0,17,ssp370,medium_future,rocio_fijo,32.791,10.765,2.176,174.832,5.647,6.0,42.954,59.765,23.941,7.706,70.773,2.741,2.443
10046,MONFERO,A Coruña,43.343,-7.894,651.0,17,ssp370,medium_future,hr_fija,32.791,10.765,2.176,174.832,5.647,6.0,45.686,76.882,37.765,13.882,83.695,2.741,2.443
10046,MONFERO,A Coruña,43.343,-7.894,651.0,17,ssp370,far_future,rocio_fijo,34.601,20.765,5.529,277.462,5.647,6.0,44.764,75.412,34.765,11.706,63.475,4.551,3.679
10046,MONFERO,A Coruña,43.343,-7.894,651.0,17,ssp370,far_future,hr_fija,34.601,20.765,5.529,277.462,5.647,6.0,49.478,107.706,62.588,27.765,83.695,4.551,3.679
10046,MONFERO,A Coruña,43.343,-7.894,651.0,17,ssp585,near_future,rocio_fijo,31.635,6.706,1.471,122.653,5.647,6.0,41.798,50.294,18.824,5.941,75.928,1.585,1.588
10046,MONFERO,A Coruña,43.343,-7.894,651.0,17,ssp585,near_future,hr_fija,31.635,6.706,1.471,122.653,5.647,6.0,43.365,59.765,24.529,8.353,83.695,1.585,1.588
10046,MONFERO,A Coruña,43.343,-7.894,651.0,17,ssp585,medium_future,rocio_fijo,33.205,12.235,2.941,205.052,5.647,6.0,43.368,62.941,25.588,8.588,69.024,3.155,2.851
10046,MONFERO,A Coruña,43.343,-7.894,651.0,17,ssp585,medium_future,hr_fija,33.205,12.235,2.941,205.052,5.647,6.0,46.542,82.941,43.118,16.588,83.695,3.155,2.851
10046,MONFERO,A Coruña,43.343,-7.894,651.0,17,ssp585,far_future,rocio_fijo,35.993,30.471,11.118,403.345,5.647,6.0,46.156,89.471,45.176,16.647,58.436,5.943,4.818
10046,MONFERO,A Coruña,43.343,-7.894,651.0,17,ssp585,far_future,hr_fija,35.993,30.471,11.118,403.345,5.647,6.0,52.516,135.353,83.941,46.412,83.695,5.943,4.818
10141,NARÓN,A Coruña,43.563,-8.133,278.0,17,-,hoy,medido,29.56,3.118,0.765,94.652,5.235,8.0,39.949,49.235,13.706,3.471,84.133,,
10141,NARÓN,A Coruña,43.563,-8.133,278.0,17,ssp126,near_future,rocio_fijo,30.582,4.765,1.588,163.867,5.235,8.0,40.971,59.529,17.353,4.647,79.048,1.022,1.048
10141,NARÓN,A Coruña,43.563,-8.133,278.0,17,ssp126,near_future,hr_fija,30.582,4.765,1.588,163.867,5.235,8.0,42.048,67.882,23.471,6.471,84.133,1.022,1.048
10141,NARÓN,A Coruña,43.563,-8.133,278.0,17,ssp126,medium_future,rocio_fijo,31.077,5.588,2.353,204.957,5.235,8.0,41.466,64.706,20.824,5.412,76.709,1.517,1.519
10141,NARÓN,A Coruña,43.563,-8.133,278.0,17,ssp126,medium_future,hr_fija,31.077,5.588,2.353,204.957,5.235,8.0,43.073,78.118,29.529,8.412,84.133,1.517,1.519
10141,NARÓN,A Coruña,43.563,-8.133,278.0,17,ssp126,far_future,rocio_fijo,31.026,5.588,2.353,201.237,5.235,8.0,41.415,64.0,20.471,5.353,76.946,1.466,1.479
10141,NARÓN,A Coruña,43.563,-8.133,278.0,17,ssp126,far_future,hr_fija,31.026,5.588,2.353,201.237,5.235,8.0,42.968,76.941,28.647,8.294,84.133,1.466,1.479
10141,NARÓN,A Coruña,43.563,-8.133,278.0,17,ssp245,near_future,rocio_fijo,30.559,4.765,2.0,178.439,5.235,8.0,40.948,59.176,17.353,4.647,79.158,0.999,1.224
10141,NARÓN,A Coruña,43.563,-8.133,278.0,17,ssp245,near_future,hr_fija,30.559,4.765,2.0,178.439,5.235,8.0,42.001,67.647,23.118,6.294,84.133,0.999,1.224
10141,NARÓN,A Coruña,43.563,-8.133,278.0,17,ssp245,medium_future,rocio_fijo,31.31,6.235,3.353,239.812,5.235,8.0,41.699,67.412,22.471,5.941,75.635,1.75,1.871
10141,NARÓN,A Coruña,43.563,-8.133,278.0,17,ssp245,medium_future,hr_fija,31.31,6.235,3.353,239.812,5.235,8.0,43.557,83.647,33.529,9.412,84.133,1.75,1.871
10141,NARÓN,A Coruña,43.563,-8.133,278.0,17,ssp245,far_future,rocio_fijo,32.198,9.529,5.647,286.535,5.235,8.0,42.587,78.118,28.118,8.0,71.696,2.638,2.294
10141,NARÓN,A Coruña,43.563,-8.133,278.0,17,ssp245,far_future,hr_fija,32.198,9.529,5.647,286.535,5.235,8.0,45.429,102.412,47.941,14.118,84.133,2.638,2.294
10141,NARÓN,A Coruña,43.563,-8.133,278.0,17,ssp370,near_future,rocio_fijo,30.579,4.765,1.765,174.123,5.235,8.0,40.968,59.529,17.353,4.647,79.062,1.019,1.173
10141,NARÓN,A Coruña,43.563,-8.133,278.0,17,ssp370,near_future,hr_fija,30.579,4.765,1.765,174.123,5.235,8.0,42.042,67.882,23.353,6.412,84.133,1.019,1.173
10141,NARÓN,A Coruña,43.563,-8.133,278.0,17,ssp370,medium_future,rocio_fijo,31.326,6.353,3.882,251.137,5.235,8.0,41.715,67.765,22.529,6.0,75.562,1.766,1.978
10141,NARÓN,A Coruña,43.563,-8.133,278.0,17,ssp370,medium_future,hr_fija,31.326,6.353,3.882,251.137,5.235,8.0,43.591,83.882,33.765,9.471,84.133,1.766,1.978
10141,NARÓN,A Coruña,43.563,-8.133,278.0,17,ssp370,far_future,rocio_fijo,32.848,11.824,11.059,375.137,5.235,8.0,43.237,86.765,34.118,9.294,68.958,3.288,3.001
10141,NARÓN,A Coruña,43.563,-8.133,278.0,17,ssp370,far_future,hr_fija,32.848,11.824,11.059,375.137,5.235,8.0,46.813,117.882,58.529,19.353,84.133,3.288,3.001
10141,NARÓN,A Coruña,43.563,-8.133,278.0,17,ssp585,near_future,rocio_fijo,30.686,5.0,2.176,186.899,5.235,8.0,41.075,60.353,18.0,4.882,78.55,1.126,1.321
10141,NARÓN,A Coruña,43.563,-8.133,278.0,17,ssp585,near_future,hr_fija,30.686,5.0,2.176,186.899,5.235,8.0,42.264,69.588,24.588,6.941,84.133,1.126,1.321
10141,NARÓN,A Coruña,43.563,-8.133,278.0,17,ssp585,medium_future,rocio_fijo,31.62,7.235,5.706,288.747,5.235,8.0,42.009,70.941,24.294,6.471,74.233,2.06,2.313
10141,NARÓN,A Coruña,43.563,-8.133,278.0,17,ssp585,medium_future,hr_fija,31.62,7.235,5.706,288.747,5.235,8.0,44.206,90.118,37.941,10.882,84.133,2.06,2.313
10141,NARÓN,A Coruña,43.563,-8.133,278.0,17,ssp585,far_future,rocio_fijo,33.754,16.118,23.588,504.681,5.235,8.0,44.143,98.412,41.588,11.647,65.336,4.194,3.895
10141,NARÓN,A Coruña,43.563,-8.133,278.0,17,ssp585,far_future,hr_fija,33.754,16.118,23.588,504.681,5.235,8.0,48.568,139.0,76.471,31.118,84.133,4.194,3.895
19004,NARÓN,A Coruña,43.554,-8.203,69.0,17,-,hoy,medido,30.68,4.529,0.294,144.284,5.0,6.0,43.287,74.294,26.647,6.706,82.446,,
19004,NARÓN,A Coruña,43.554,-8.203,69.0,17,ssp126,near_future,rocio_fijo,31.638,6.353,2.118,237.884,5.0,6.0,44.245,87.529,33.0,9.0,77.812,0.958,1.002
19004,NARÓN,A Coruña,43.554,-8.203,69.0,17,ssp126,near_future,hr_fija,31.638,6.353,2.118,237.884,5.0,6.0,45.287,97.824,39.765,11.882,82.446,0.958,1.002
19004,NARÓN,A Coruña,43.554,-8.203,69.0,17,ssp126,medium_future,rocio_fijo,32.084,7.706,3.941,289.43,5.0,6.0,44.691,93.235,36.824,10.176,75.755,1.404,1.456
19004,NARÓN,A Coruña,43.554,-8.203,69.0,17,ssp126,medium_future,hr_fija,32.084,7.706,3.941,289.43,5.0,6.0,46.211,108.0,47.412,14.529,82.446,1.404,1.456
19004,NARÓN,A Coruña,43.554,-8.203,69.0,17,ssp126,far_future,rocio_fijo,32.022,7.412,3.941,284.445,5.0,6.0,44.629,92.647,36.118,10.118,76.038,1.342,1.414
19004,NARÓN,A Coruña,43.554,-8.203,69.0,17,ssp126,far_future,hr_fija,32.022,7.412,3.941,284.445,5.0,6.0,46.083,106.529,46.529,14.176,82.446,1.342,1.414
19004,NARÓN,A Coruña,43.554,-8.203,69.0,17,ssp245,near_future,rocio_fijo,31.594,6.235,2.765,256.533,5.0,6.0,44.201,86.882,32.706,8.824,78.019,0.914,1.172
19004,NARÓN,A Coruña,43.554,-8.203,69.0,17,ssp245,near_future,hr_fija,31.594,6.235,2.765,256.533,5.0,6.0,45.195,96.176,38.706,11.647,82.446,0.914,1.172
19004,NARÓN,A Coruña,43.554,-8.203,69.0,17,ssp245,medium_future,rocio_fijo,32.331,8.706,5.529,330.684,5.0,6.0,44.938,97.353,38.118,11.118,74.643,1.651,1.792
19004,NARÓN,A Coruña,43.554,-8.203,69.0,17,ssp245,medium_future,hr_fija,32.331,8.706,5.529,330.684,5.0,6.0,46.722,114.235,53.471,16.529,82.446,1.651,1.792
19004,NARÓN,A Coruña,43.554,-8.203,69.0,17,ssp245,far_future,rocio_fijo,33.102,12.588,8.588,384.489,5.0,6.0,45.709,107.706,45.824,13.471,71.286,2.422,2.198
19004,NARÓN,A Coruña,43.554,-8.203,69.0,17,ssp245,far_future,hr_fija,33.102,12.588,8.588,384.489,5.0,6.0,48.339,132.353,67.824,24.176,82.446,2.422,2.198
19004,NARÓN,A Coruña,43.554,-8.203,69.0,17,ssp370,near_future,rocio_fijo,31.596,6.235,2.647,250.407,5.0,6.0,44.203,86.882,32.706,8.824,78.009,0.916,1.117
19004,NARÓN,A Coruña,43.554,-8.203,69.0,17,ssp370,near_future,hr_fija,31.596,6.235,2.647,250.407,5.0,6.0,45.199,96.176,38.824,11.706,82.446,0.916,1.117
19004,NARÓN,A Coruña,43.554,-8.203,69.0,17,ssp370,medium_future,rocio_fijo,32.255,8.412,6.294,342.882,5.0,6.0,44.862,95.824,37.588,10.941,74.983,1.575,1.887
19004,NARÓN,A Coruña,43.554,-8.203,69.0,17,ssp370,medium_future,hr_fija,32.255,8.412,6.294,342.882,5.0,6.0,46.565,112.529,51.471,15.882,82.446,1.575,1.887
19004,NARÓN,A Coruña,43.554,-8.203,69.0,17,ssp370,far_future,rocio_fijo,33.716,15.941,16.235,485.362,5.0,6.0,46.323,116.353,53.294,15.588,68.734,3.036,2.886
19004,NARÓN,A Coruña,43.554,-8.203,69.0,17,ssp370,far_future,hr_fija,33.716,15.941,16.235,485.362,5.0,6.0,49.735,146.235,81.647,32.529,82.446,3.036,2.886
19004,NARÓN,A Coruña,43.554,-8.203,69.0,17,ssp585,near_future,rocio_fijo,31.684,6.588,3.294,265.818,5.0,6.0,44.291,87.824,33.294,9.294,77.597,1.004,1.254
19004,NARÓN,A Coruña,43.554,-8.203,69.0,17,ssp585,near_future,hr_fija,31.684,6.588,3.294,265.818,5.0,6.0,45.383,98.765,40.588,12.059,82.446,1.004,1.254
19004,NARÓN,A Coruña,43.554,-8.203,69.0,17,ssp585,medium_future,rocio_fijo,32.545,9.588,8.824,385.869,5.0,6.0,45.152,100.235,40.412,11.765,73.694,1.865,2.208
19004,NARÓN,A Coruña,43.554,-8.203,69.0,17,ssp585,medium_future,hr_fija,32.545,9.588,8.824,385.869,5.0,6.0,47.168,118.882,57.294,18.118,82.446,1.865,2.208
19004,NARÓN,A Coruña,43.554,-8.203,69.0,17,ssp585,far_future,rocio_fijo,34.585,22.412,30.353,629.275,5.0,6.0,47.192,127.882,61.882,19.176,65.296,3.905,3.744
19004,NARÓN,A Coruña,43.554,-8.203,69.0,17,ssp585,far_future,hr_fija,34.585,22.412,30.353,629.275,5.0,6.0,51.751,165.647,102.471,46.706,82.446,3.905,3.744
19071,ORDES,A Coruña,43.069,-8.412,266.0,14,-,hoy,medido,33.685,12.071,0.071,112.946,4.5,6.0,47.937,81.714,40.214,16.714,78.428,,
19071,ORDES,A Coruña,43.069,-8.412,266.0,14,ssp126,near_future,rocio_fijo,35.107,19.643,0.214,204.591,4.5,6.0,49.359,96.357,50.429,22.857,72.03,1.422,1.258
19071,ORDES,A Coruña,43.069,-8.412,266.0,14,ssp126,near_future,hr_fija,35.107,19.643,0.214,204.591,4.5,6.0,51.063,107.786,59.714,29.571,78.428,1.422,1.258
19071,ORDES,A Coruña,43.069,-8.412,266.0,14,ssp126,medium_future,rocio_fijo,35.897,26.214,0.5,263.674,4.5,6.0,50.149,104.857,56.0,26.214,68.731,2.212,1.875
19071,ORDES,A Coruña,43.069,-8.412,266.0,14,ssp126,medium_future,hr_fija,35.897,26.214,0.5,263.674,4.5,6.0,52.827,122.429,71.857,36.214,78.428,2.212,1.875
19071,ORDES,A Coruña,43.069,-8.412,266.0,14,ssp126,far_future,rocio_fijo,35.908,26.357,0.5,260.019,4.5,6.0,50.16,105.071,56.071,26.214,68.686,2.223,1.839
19071,ORDES,A Coruña,43.069,-8.412,266.0,14,ssp126,far_future,hr_fija,35.908,26.357,0.5,260.019,4.5,6.0,52.852,122.643,72.214,36.286,78.428,2.223,1.839
19071,ORDES,A Coruña,43.069,-8.412,266.0,14,ssp245,near_future,rocio_fijo,35.116,19.786,0.357,220.927,4.5,6.0,49.368,96.357,50.5,22.929,71.991,1.431,1.438
19071,ORDES,A Coruña,43.069,-8.412,266.0,14,ssp245,near_future,hr_fija,35.116,19.786,0.357,220.927,4.5,6.0,51.083,107.929,60.0,29.714,78.428,1.431,1.438
19071,ORDES,A Coruña,43.069,-8.412,266.0,14,ssp245,medium_future,rocio_fijo,36.154,28.929,1.714,306.057,4.5,6.0,50.406,107.714,58.643,28.0,67.694,2.469,2.275
19071,ORDES,A Coruña,43.069,-8.412,266.0,14,ssp245,medium_future,hr_fija,36.154,28.929,1.714,306.057,4.5,6.0,53.404,127.786,76.571,39.0,78.428,2.469,2.275
19071,ORDES,A Coruña,43.069,-8.412,266.0,14,ssp245,far_future,rocio_fijo,37.287,39.143,3.929,369.306,4.5,6.0,51.539,120.786,68.0,32.786,63.33,3.602,2.821
19071,ORDES,A Coruña,43.069,-8.412,266.0,14,ssp245,far_future,hr_fija,37.287,39.143,3.929,369.306,4.5,6.0,55.926,149.929,96.929,53.143,78.428,3.602,2.821
19071,ORDES,A Coruña,43.069,-8.412,266.0,14,ssp370,near_future,rocio_fijo,35.083,19.429,0.357,214.837,4.5,6.0,49.335,96.071,50.143,22.714,72.133,1.398,1.372
19071,ORDES,A Coruña,43.069,-8.412,266.0,14,ssp370,near_future,hr_fija,35.083,19.429,0.357,214.837,4.5,6.0,51.01,107.286,59.214,29.286,78.428,1.398,1.372
19071,ORDES,A Coruña,43.069,-8.412,266.0,14,ssp370,medium_future,rocio_fijo,36.368,31.0,2.214,323.668,4.5,6.0,50.62,109.786,60.714,29.143,66.845,2.683,2.433
19071,ORDES,A Coruña,43.069,-8.412,266.0,14,ssp370,medium_future,hr_fija,36.368,31.0,2.214,323.668,4.5,6.0,53.875,131.571,80.143,41.0,78.428,2.683,2.433
19071,ORDES,A Coruña,43.069,-8.412,266.0,14,ssp370,far_future,rocio_fijo,38.369,50.571,9.214,482.347,4.5,6.0,52.621,132.286,78.429,39.0,59.457,4.684,3.677
19071,ORDES,A Coruña,43.069,-8.412,266.0,14,ssp370,far_future,hr_fija,38.369,50.571,9.214,482.347,4.5,6.0,58.432,170.714,117.214,70.0,78.428,4.684,3.677
19071,ORDES,A Coruña,43.069,-8.412,266.0,14,ssp585,near_future,rocio_fijo,35.127,19.929,0.357,233.346,4.5,6.0,49.379,96.5,50.643,23.0,71.944,1.442,1.569
19071,ORDES,A Coruña,43.069,-8.412,266.0,14,ssp585,near_future,hr_fija,35.127,19.929,0.357,233.346,4.5,6.0,51.107,108.143,60.286,29.929,78.428,1.442,1.569
19071,ORDES,A Coruña,43.069,-8.412,266.0,14,ssp585,medium_future,rocio_fijo,36.681,33.929,3.929,369.55,4.5,6.0,50.933,114.143,63.143,30.286,65.624,2.996,2.823
19071,ORDES,A Coruña,43.069,-8.412,266.0,14,ssp585,medium_future,hr_fija,36.681,33.929,3.929,369.55,4.5,6.0,54.568,137.643,84.929,44.571,78.428,2.996,2.823
19071,ORDES,A Coruña,43.069,-8.412,266.0,14,ssp585,far_future,rocio_fijo,39.614,66.714,22.571,658.137,4.5,6.0,53.866,147.643,90.857,46.714,55.326,5.929,4.805
19071,ORDES,A Coruña,43.069,-8.412,266.0,14,ssp585,far_future,hr_fija,39.614,66.714,22.571,658.137,4.5,6.0,61.479,197.0,141.143,91.571,78.428,5.929,4.805
10097,ORTIGUEIRA,A Coruña,43.592,-7.789,576.0,17,-,hoy,medido,27.735,1.412,0.647,43.772,5.176,8.0,36.422,19.529,5.235,0.882,89.353,,
10097,ORTIGUEIRA,A Coruña,43.592,-7.789,576.0,17,ssp126,near_future,rocio_fijo,28.873,2.529,1.235,72.812,5.176,8.0,37.56,26.588,6.706,1.412,83.237,1.138,1.11
10097,ORTIGUEIRA,A Coruña,43.592,-7.789,576.0,17,ssp126,near_future,hr_fija,28.873,2.529,1.235,72.812,5.176,8.0,38.507,33.765,8.588,2.353,89.353,1.138,1.11
10097,ORTIGUEIRA,A Coruña,43.592,-7.789,576.0,17,ssp126,medium_future,rocio_fijo,29.543,3.176,1.471,94.43,5.176,8.0,38.23,32.059,7.882,2.059,79.857,1.808,1.654
10097,ORTIGUEIRA,A Coruña,43.592,-7.789,576.0,17,ssp126,medium_future,hr_fija,29.543,3.176,1.471,94.43,5.176,8.0,39.765,44.176,12.412,3.471,89.353,1.808,1.654
10097,ORTIGUEIRA,A Coruña,43.592,-7.789,576.0,17,ssp126,far_future,rocio_fijo,29.532,3.176,1.471,93.19,5.176,8.0,38.219,32.0,7.824,2.059,79.911,1.797,1.626
10097,ORTIGUEIRA,A Coruña,43.592,-7.789,576.0,17,ssp126,far_future,hr_fija,29.532,3.176,1.471,93.19,5.176,8.0,39.743,44.059,12.353,3.471,89.353,1.797,1.626
10097,ORTIGUEIRA,A Coruña,43.592,-7.789,576.0,17,ssp245,near_future,rocio_fijo,28.917,2.529,1.294,78.919,5.176,8.0,37.604,27.118,6.706,1.412,83.01,1.182,1.279
10097,ORTIGUEIRA,A Coruña,43.592,-7.789,576.0,17,ssp245,near_future,hr_fija,28.917,2.529,1.294,78.919,5.176,8.0,38.593,34.412,8.882,2.412,89.353,1.182,1.279
10097,ORTIGUEIRA,A Coruña,43.592,-7.789,576.0,17,ssp245,medium_future,rocio_fijo,29.662,3.235,1.647,113.042,5.176,8.0,38.349,33.235,8.118,2.118,79.272,1.927,2.039
10097,ORTIGUEIRA,A Coruña,43.592,-7.789,576.0,17,ssp245,medium_future,hr_fija,29.662,3.235,1.647,113.042,5.176,8.0,40.003,45.882,13.059,3.588,89.353,1.927,2.039
10097,ORTIGUEIRA,A Coruña,43.592,-7.789,576.0,17,ssp245,far_future,rocio_fijo,30.84,4.882,2.412,141.718,5.176,8.0,39.527,43.588,11.882,3.118,73.742,3.105,2.53
10097,ORTIGUEIRA,A Coruña,43.592,-7.789,576.0,17,ssp245,far_future,hr_fija,30.84,4.882,2.412,141.718,5.176,8.0,42.436,65.176,23.412,6.353,89.353,3.105,2.53
10097,ORTIGUEIRA,A Coruña,43.592,-7.789,576.0,17,ssp370,near_future,rocio_fijo,28.931,2.588,1.294,76.95,5.176,8.0,37.618,27.294,6.765,1.471,82.938,1.196,1.226
10097,ORTIGUEIRA,A Coruña,43.592,-7.789,576.0,17,ssp370,near_future,hr_fija,28.931,2.588,1.294,76.95,5.176,8.0,38.62,34.706,8.882,2.412,89.353,1.196,1.226
10097,ORTIGUEIRA,A Coruña,43.592,-7.789,576.0,17,ssp370,medium_future,rocio_fijo,29.917,3.471,1.941,119.394,5.176,8.0,38.604,35.588,8.882,2.353,78.037,2.182,2.157
10097,ORTIGUEIRA,A Coruña,43.592,-7.789,576.0,17,ssp370,medium_future,hr_fija,29.917,3.471,1.941,119.394,5.176,8.0,40.519,49.235,15.0,4.118,89.353,2.182,2.157
10097,ORTIGUEIRA,A Coruña,43.592,-7.789,576.0,17,ssp370,far_future,rocio_fijo,31.419,5.765,3.824,197.125,5.176,8.0,40.106,48.235,13.706,3.588,71.184,3.684,3.279
10097,ORTIGUEIRA,A Coruña,43.592,-7.789,576.0,17,ssp370,far_future,hr_fija,31.419,5.765,3.824,197.125,5.176,8.0,43.553,77.706,31.353,8.294,89.353,3.684,3.279
10097,ORTIGUEIRA,A Coruña,43.592,-7.789,576.0,17,ssp585,near_future,rocio_fijo,29.106,2.706,1.412,83.744,5.176,8.0,37.793,28.588,7.118,1.588,82.043,1.371,1.403
10097,ORTIGUEIRA,A Coruña,43.592,-7.789,576.0,17,ssp585,near_future,hr_fija,29.106,2.706,1.412,83.744,5.176,8.0,38.958,37.176,9.706,2.647,89.353,1.371,1.403
10097,ORTIGUEIRA,A Coruña,43.592,-7.789,576.0,17,ssp585,medium_future,rocio_fijo,30.335,4.118,2.412,141.653,5.176,8.0,39.022,39.118,10.118,2.647,76.058,2.6,2.529
10097,ORTIGUEIRA,A Coruña,43.592,-7.789,576.0,17,ssp585,medium_future,hr_fija,30.335,4.118,2.412,141.653,5.176,8.0,41.377,55.588,18.118,5.294,89.353,2.6,2.529
10097,ORTIGUEIRA,A Coruña,43.592,-7.789,576.0,17,ssp585,far_future,rocio_fijo,32.652,9.588,9.529,294.522,5.176,8.0,41.339,59.941,18.882,5.118,66.062,4.917,4.299
10097,ORTIGUEIRA,A Coruña,43.592,-7.789,576.0,17,ssp585,far_future,hr_fija,32.652,9.588,9.529,294.522,5.176,8.0,46.166,104.412,50.0,16.294,89.353,4.917,4.299
10049,RIBEIRA,A Coruña,42.555,-9.029,30.0,17,-,hoy,medido,32.4,10.118,2.294,215.965,4.118,5.0,41.756,71.059,27.412,7.0,75.347,,
10049,RIBEIRA,A Coruña,42.555,-9.029,30.0,17,ssp126,near_future,rocio_fijo,33.653,17.647,6.765,340.729,4.118,5.0,43.009,87.0,34.941,10.294,69.886,1.253,1.141
10049,RIBEIRA,A Coruña,42.555,-9.029,30.0,17,ssp126,near_future,hr_fija,33.653,17.647,6.765,340.729,4.118,5.0,44.176,99.765,42.471,13.765,75.347,1.253,1.141
10049,RIBEIRA,A Coruña,42.555,-9.029,30.0,17,ssp126,medium_future,rocio_fijo,34.324,22.059,10.941,420.1,4.118,5.0,43.68,96.765,38.941,12.412,67.145,1.924,1.728
10049,RIBEIRA,A Coruña,42.555,-9.029,30.0,17,ssp126,medium_future,hr_fija,34.324,22.059,10.941,420.1,4.118,5.0,45.485,115.471,53.471,18.882,75.347,1.924,1.728
10049,RIBEIRA,A Coruña,42.555,-9.029,30.0,17,ssp126,far_future,rocio_fijo,34.403,22.882,10.647,415.069,4.118,5.0,43.759,98.0,39.706,12.647,66.83,2.003,1.693
10049,RIBEIRA,A Coruña,42.555,-9.029,30.0,17,ssp126,far_future,hr_fija,34.403,22.882,10.647,415.069,4.118,5.0,45.649,117.647,54.941,19.824,75.347,2.003,1.693
10049,RIBEIRA,A Coruña,42.555,-9.029,30.0,17,ssp245,near_future,rocio_fijo,33.648,17.471,7.588,361.04,4.118,5.0,43.004,86.941,34.882,10.294,69.906,1.248,1.299
10049,RIBEIRA,A Coruña,42.555,-9.029,30.0,17,ssp245,near_future,hr_fija,33.648,17.471,7.588,361.04,4.118,5.0,44.166,99.647,42.412,13.765,75.347,1.248,1.299
10049,RIBEIRA,A Coruña,42.555,-9.029,30.0,17,ssp245,medium_future,rocio_fijo,34.593,23.529,13.882,470.681,4.118,5.0,43.949,100.176,42.294,13.235,66.08,2.193,2.067
10049,RIBEIRA,A Coruña,42.555,-9.029,30.0,17,ssp245,medium_future,hr_fija,34.593,23.529,13.882,470.681,4.118,5.0,46.047,122.176,59.294,21.412,75.347,2.193,2.067
10049,RIBEIRA,A Coruña,42.555,-9.029,30.0,17,ssp245,far_future,rocio_fijo,35.494,29.706,20.294,553.484,4.118,5.0,44.85,112.529,49.882,17.0,62.651,3.094,2.58
10049,RIBEIRA,A Coruña,42.555,-9.029,30.0,17,ssp245,far_future,hr_fija,35.494,29.706,20.294,553.484,4.118,5.0,47.781,143.294,77.0,31.588,75.347,3.094,2.58
10049,RIBEIRA,A Coruña,42.555,-9.029,30.0,17,ssp370,near_future,rocio_fijo,33.371,15.882,7.176,351.171,4.118,5.0,42.727,83.412,33.118,9.529,71.075,0.971,1.223
10049,RIBEIRA,A Coruña,42.555,-9.029,30.0,17,ssp370,near_future,hr_fija,33.371,15.882,7.176,351.171,4.118,5.0,43.626,92.882,38.294,11.706,75.347,0.971,1.223
10049,RIBEIRA,A Coruña,42.555,-9.029,30.0,17,ssp370,medium_future,rocio_fijo,34.637,23.824,15.412,495.138,4.118,5.0,43.993,100.824,42.588,13.471,65.908,2.237,2.223
10049,RIBEIRA,A Coruña,42.555,-9.029,30.0,17,ssp370,medium_future,hr_fija,34.637,23.824,15.412,495.138,4.118,5.0,46.139,122.824,60.118,21.882,75.347,2.237,2.223
10049,RIBEIRA,A Coruña,42.555,-9.029,30.0,17,ssp370,far_future,rocio_fijo,36.32,37.471,34.529,699.764,4.118,5.0,45.676,124.529,59.118,20.882,59.682,3.92,3.395
10049,RIBEIRA,A Coruña,42.555,-9.029,30.0,17,ssp370,far_future,hr_fija,36.32,37.471,34.529,699.764,4.118,5.0,49.554,162.824,97.412,42.706,75.347,3.92,3.395
10049,RIBEIRA,A Coruña,42.555,-9.029,30.0,17,ssp585,near_future,rocio_fijo,33.306,15.471,8.353,373.34,4.118,5.0,42.662,82.353,32.824,9.294,71.352,0.906,1.392
10049,RIBEIRA,A Coruña,42.555,-9.029,30.0,17,ssp585,near_future,hr_fija,33.306,15.471,8.353,373.34,4.118,5.0,43.5,91.353,37.471,11.412,75.347,0.906,1.392
10049,RIBEIRA,A Coruña,42.555,-9.029,30.0,17,ssp585,medium_future,rocio_fijo,34.932,25.647,19.941,549.46,4.118,5.0,44.288,105.294,45.529,14.412,64.766,2.532,2.556
10049,RIBEIRA,A Coruña,42.555,-9.029,30.0,17,ssp585,medium_future,hr_fija,34.932,25.647,19.941,549.46,4.118,5.0,46.697,130.647,66.059,25.471,75.347,2.532,2.556
10049,RIBEIRA,A Coruña,42.555,-9.029,30.0,17,ssp585,far_future,rocio_fijo,37.485,50.059,63.059,910.014,4.118,5.0,46.841,141.765,72.294,28.0,55.76,5.085,4.417
10049,RIBEIRA,A Coruña,42.555,-9.029,30.0,17,ssp585,far_future,hr_fija,37.485,50.059,63.059,910.014,4.118,5.0,52.09,189.412,125.235,64.294,75.347,5.085,4.417
10134,RIBEIRA,A Coruña,42.471,-9.006,21.0,17,-,hoy,medido,29.46,2.765,0.412,128.748,5.647,11.0,39.551,43.706,13.765,2.882,82.468,,
10134,RIBEIRA,A Coruña,42.471,-9.006,21.0,17,ssp126,near_future,rocio_fijo,30.736,5.294,2.882,243.48,5.647,11.0,40.827,55.765,18.765,4.882,76.301,1.276,1.135
10134,RIBEIRA,A Coruña,42.471,-9.006,21.0,17,ssp126,near_future,hr_fija,30.736,5.294,2.882,243.48,5.647,11.0,42.005,68.588,24.0,6.824,82.468,1.276,1.135
10134,RIBEIRA,A Coruña,42.471,-9.006,21.0,17,ssp126,medium_future,rocio_fijo,31.389,7.353,7.529,321.072,5.647,11.0,41.48,64.471,22.0,5.765,73.347,1.929,1.72
10134,RIBEIRA,A Coruña,42.471,-9.006,21.0,17,ssp126,medium_future,hr_fija,31.389,7.353,7.529,321.072,5.647,11.0,43.349,85.176,31.235,9.647,82.468,1.929,1.72
10134,RIBEIRA,A Coruña,42.471,-9.006,21.0,17,ssp126,far_future,rocio_fijo,31.467,7.529,7.294,316.11,5.647,11.0,41.558,65.647,22.412,5.882,73.003,2.007,1.685
10134,RIBEIRA,A Coruña,42.471,-9.006,21.0,17,ssp126,far_future,hr_fija,31.467,7.529,7.294,316.11,5.647,11.0,43.508,87.647,32.647,9.824,82.468,2.007,1.685
10134,RIBEIRA,A Coruña,42.471,-9.006,21.0,17,ssp245,near_future,rocio_fijo,30.726,5.294,3.706,263.014,5.647,11.0,40.817,55.706,18.765,4.882,76.347,1.266,1.291
10134,RIBEIRA,A Coruña,42.471,-9.006,21.0,17,ssp245,near_future,hr_fija,30.726,5.294,3.706,263.014,5.647,11.0,41.985,68.588,23.941,6.824,82.468,1.266,1.291
10134,RIBEIRA,A Coruña,42.471,-9.006,21.0,17,ssp245,medium_future,rocio_fijo,31.659,8.176,11.647,370.514,5.647,11.0,41.75,68.412,23.176,6.059,72.163,2.199,2.055
10134,RIBEIRA,A Coruña,42.471,-9.006,21.0,17,ssp245,medium_future,hr_fija,31.659,8.176,11.647,370.514,5.647,11.0,43.897,93.0,35.647,10.765,82.468,2.199,2.055
10134,RIBEIRA,A Coruña,42.471,-9.006,21.0,17,ssp245,far_future,rocio_fijo,32.557,11.412,23.882,453.328,5.647,11.0,42.648,80.118,28.529,8.294,68.378,3.097,2.566
10134,RIBEIRA,A Coruña,42.471,-9.006,21.0,17,ssp245,far_future,hr_fija,32.557,11.412,23.882,453.328,5.647,11.0,45.732,118.412,49.882,17.294,82.468,3.097,2.566
10134,RIBEIRA,A Coruña,42.471,-9.006,21.0,17,ssp370,near_future,rocio_fijo,30.448,4.647,3.235,253.268,5.647,11.0,40.539,52.941,17.824,4.471,77.646,0.988,1.214
10134,RIBEIRA,A Coruña,42.471,-9.006,21.0,17,ssp370,near_future,hr_fija,30.448,4.647,3.235,253.268,5.647,11.0,41.441,61.647,21.235,5.588,82.468,0.988,1.214
10134,RIBEIRA,A Coruña,42.471,-9.006,21.0,17,ssp370,medium_future,rocio_fijo,31.728,8.412,15.118,394.836,5.647,11.0,41.819,69.353,23.471,6.294,71.864,2.268,2.211
10134,RIBEIRA,A Coruña,42.471,-9.006,21.0,17,ssp370,medium_future,hr_fija,31.728,8.412,15.118,394.836,5.647,11.0,44.036,94.941,37.0,11.059,82.468,2.268,2.211
10134,RIBEIRA,A Coruña,42.471,-9.006,21.0,17,ssp370,far_future,rocio_fijo,33.386,16.706,48.882,602.55,5.647,11.0,43.477,94.588,34.647,10.294,65.082,3.926,3.378
10134,RIBEIRA,A Coruña,42.471,-9.006,21.0,17,ssp370,far_future,hr_fija,33.386,16.706,48.882,602.55,5.647,11.0,47.517,141.529,67.059,24.471,82.468,3.926,3.378
10134,RIBEIRA,A Coruña,42.471,-9.006,21.0,17,ssp585,near_future,rocio_fijo,30.367,4.471,4.294,274.681,5.647,11.0,40.458,52.059,17.647,4.353,78.029,0.907,1.381
10134,RIBEIRA,A Coruña,42.471,-9.006,21.0,17,ssp585,near_future,hr_fija,30.367,4.471,4.294,274.681,5.647,11.0,41.284,59.765,20.647,5.353,82.468,0.907,1.381
10134,RIBEIRA,A Coruña,42.471,-9.006,21.0,17,ssp585,medium_future,rocio_fijo,32.021,9.471,23.588,448.896,5.647,11.0,42.112,72.882,25.235,7.294,70.61,2.561,2.54
10134,RIBEIRA,A Coruña,42.471,-9.006,21.0,17,ssp585,medium_future,hr_fija,32.021,9.471,23.588,448.896,5.647,11.0,44.626,103.647,40.765,13.059,82.468,2.561,2.54
10134,RIBEIRA,A Coruña,42.471,-9.006,21.0,17,ssp585,far_future,rocio_fijo,34.55,25.059,89.588,821.235,5.647,11.0,44.641,114.647,44.412,14.118,60.75,5.09,4.39
10134,RIBEIRA,A Coruña,42.471,-9.006,21.0,17,ssp585,far_future,hr_fija,34.55,25.059,89.588,821.235,5.647,11.0,50.036,173.412,98.0,40.235,82.468,5.09,4.39
19011,ROIS,A Coruña,42.796,-8.716,111.0,17,-,hoy,medido,34.4,17.294,0.118,166.559,4.118,12.0,50.63,81.118,47.412,23.588,81.309,,
19011,ROIS,A Coruña,42.796,-8.716,111.0,17,ssp126,near_future,rocio_fijo,35.853,26.647,0.765,277.74,4.118,12.0,52.083,93.471,55.647,29.412,74.599,1.453,1.305
19011,ROIS,A Coruña,42.796,-8.716,111.0,17,ssp126,near_future,hr_fija,35.853,26.647,0.765,277.74,4.118,12.0,53.756,101.706,64.824,36.765,81.309,1.453,1.305
19011,ROIS,A Coruña,42.796,-8.716,111.0,17,ssp126,medium_future,rocio_fijo,36.631,33.176,2.0,346.217,4.118,12.0,52.861,99.824,61.294,32.941,71.264,2.231,1.943
19011,ROIS,A Coruña,42.796,-8.716,111.0,17,ssp126,medium_future,hr_fija,36.631,33.176,2.0,346.217,4.118,12.0,55.567,111.176,74.647,43.353,81.309,2.231,1.943
19011,ROIS,A Coruña,42.796,-8.716,111.0,17,ssp126,far_future,rocio_fijo,36.687,33.529,1.941,342.345,4.118,12.0,52.917,100.294,61.588,33.294,71.031,2.287,1.909
19011,ROIS,A Coruña,42.796,-8.716,111.0,17,ssp126,far_future,hr_fija,36.687,33.529,1.941,342.345,4.118,12.0,55.692,112.353,75.471,43.824,81.309,2.287,1.909
19011,ROIS,A Coruña,42.796,-8.716,111.0,17,ssp245,near_future,rocio_fijo,35.84,26.529,1.059,296.457,4.118,12.0,52.07,93.353,55.529,29.412,74.656,1.44,1.488
19011,ROIS,A Coruña,42.796,-8.716,111.0,17,ssp245,near_future,hr_fija,35.84,26.529,1.059,296.457,4.118,12.0,53.728,101.647,64.588,36.412,81.309,1.44,1.488
19011,ROIS,A Coruña,42.796,-8.716,111.0,17,ssp245,medium_future,rocio_fijo,36.982,36.529,3.647,393.62,4.118,12.0,53.212,102.059,63.765,35.059,69.815,2.582,2.343
19011,ROIS,A Coruña,42.796,-8.716,111.0,17,ssp245,medium_future,hr_fija,36.982,36.529,3.647,393.62,4.118,12.0,56.356,116.824,78.706,47.471,81.309,2.582,2.343
19011,ROIS,A Coruña,42.796,-8.716,111.0,17,ssp245,far_future,rocio_fijo,37.968,46.706,7.235,467.126,4.118,12.0,54.198,109.118,71.059,40.0,65.919,3.568,2.91
19011,ROIS,A Coruña,42.796,-8.716,111.0,17,ssp245,far_future,hr_fija,37.968,46.706,7.235,467.126,4.118,12.0,58.738,131.647,93.882,57.941,81.309,3.568,2.91
19011,ROIS,A Coruña,42.796,-8.716,111.0,17,ssp370,near_future,rocio_fijo,35.71,25.647,0.882,289.615,4.118,12.0,51.94,92.412,54.588,28.882,75.231,1.31,1.422
19011,ROIS,A Coruña,42.796,-8.716,111.0,17,ssp370,near_future,hr_fija,35.71,25.647,0.882,289.615,4.118,12.0,53.444,100.059,62.588,35.118,81.309,1.31,1.422
19011,ROIS,A Coruña,42.796,-8.716,111.0,17,ssp370,medium_future,rocio_fijo,37.094,37.471,4.588,416.36,4.118,12.0,53.324,102.706,65.0,35.765,69.36,2.694,2.525
19011,ROIS,A Coruña,42.796,-8.716,111.0,17,ssp370,medium_future,hr_fija,37.094,37.471,4.588,416.36,4.118,12.0,56.61,118.588,80.588,48.706,81.309,2.694,2.525
19011,ROIS,A Coruña,42.796,-8.716,111.0,17,ssp370,far_future,rocio_fijo,39.098,60.706,17.824,596.991,4.118,12.0,55.328,118.824,78.588,45.235,61.752,4.698,3.806
19011,ROIS,A Coruña,42.796,-8.716,111.0,17,ssp370,far_future,hr_fija,39.098,60.706,17.824,596.991,4.118,12.0,61.63,149.353,108.529,73.471,81.309,4.698,3.806
19011,ROIS,A Coruña,42.796,-8.716,111.0,17,ssp585,near_future,rocio_fijo,35.71,25.647,1.294,310.921,4.118,12.0,51.94,92.412,54.588,28.882,75.231,1.31,1.625
19011,ROIS,A Coruña,42.796,-8.716,111.0,17,ssp585,near_future,hr_fija,35.71,25.647,1.294,310.921,4.118,12.0,53.444,100.059,62.588,35.118,81.309,1.31,1.625
19011,ROIS,A Coruña,42.796,-8.716,111.0,17,ssp585,medium_future,rocio_fijo,37.423,41.059,7.235,467.673,4.118,12.0,53.653,104.588,67.471,37.471,68.041,3.023,2.914
19011,ROIS,A Coruña,42.796,-8.716,111.0,17,ssp585,medium_future,hr_fija,37.423,41.059,7.235,467.673,4.118,12.0,57.378,123.118,85.941,52.353,81.309,3.023,2.914
19011,ROIS,A Coruña,42.796,-8.716,111.0,17,ssp585,far_future,rocio_fijo,40.393,77.471,34.765,790.014,4.118,12.0,56.623,130.235,89.529,53.118,57.338,5.993,4.958
19011,ROIS,A Coruña,42.796,-8.716,111.0,17,ssp585,far_future,hr_fija,40.393,77.471,34.765,790.014,4.118,12.0,64.903,173.176,126.941,92.235,81.309,5.993,4.958
10087,SANTA COMBA,A Coruña,42.969,-8.868,369.0,17,-,hoy,medido,32.265,7.882,0.118,76.779,4.765,6.0,43.647,51.941,22.353,7.882,80.416,,
10087,SANTA COMBA,A Coruña,42.969,-8.868,369.0,17,ssp126,near_future,rocio_fijo,33.516,11.765,0.588,136.663,4.765,6.0,44.898,61.765,27.824,10.0,74.519,1.251,1.181
10087,SANTA COMBA,A Coruña,42.969,-8.868,369.0,17,ssp126,near_future,hr_fija,33.516,11.765,0.588,136.663,4.765,6.0,46.244,71.059,33.059,13.294,80.416,1.251,1.181
10087,SANTA COMBA,A Coruña,42.969,-8.868,369.0,17,ssp126,medium_future,rocio_fijo,34.265,14.412,1.0,180.267,4.765,6.0,45.647,69.118,31.294,12.176,71.222,2.0,1.789
10087,SANTA COMBA,A Coruña,42.969,-8.868,369.0,17,ssp126,medium_future,hr_fija,34.265,14.412,1.0,180.267,4.765,6.0,47.804,84.529,42.176,17.824,80.416,2.0,1.789
10087,SANTA COMBA,A Coruña,42.969,-8.868,369.0,17,ssp126,far_future,rocio_fijo,34.313,14.588,0.941,177.507,4.765,6.0,45.695,69.824,31.706,12.235,71.017,2.048,1.754
10087,SANTA COMBA,A Coruña,42.969,-8.868,369.0,17,ssp126,far_future,hr_fija,34.313,14.588,0.941,177.507,4.765,6.0,47.905,85.647,42.471,18.353,80.416,2.048,1.754
10087,SANTA COMBA,A Coruña,42.969,-8.868,369.0,17,ssp245,near_future,rocio_fijo,33.512,11.706,0.765,147.823,4.765,6.0,44.894,61.706,27.824,10.0,74.537,1.247,1.349
10087,SANTA COMBA,A Coruña,42.969,-8.868,369.0,17,ssp245,near_future,hr_fija,33.512,11.706,0.765,147.823,4.765,6.0,46.235,70.941,33.059,13.235,80.416,1.247,1.349
10087,SANTA COMBA,A Coruña,42.969,-8.868,369.0,17,ssp245,medium_future,rocio_fijo,34.519,15.471,1.118,211.618,4.765,6.0,45.901,71.941,32.824,12.765,70.142,2.254,2.16
10087,SANTA COMBA,A Coruña,42.969,-8.868,369.0,17,ssp245,medium_future,hr_fija,34.519,15.471,1.118,211.618,4.765,6.0,48.339,89.471,45.118,20.0,80.416,2.254,2.16
10087,SANTA COMBA,A Coruña,42.969,-8.868,369.0,17,ssp245,far_future,rocio_fijo,35.535,21.0,1.529,263.821,4.765,6.0,46.917,82.588,40.353,16.235,66.0,3.27,2.698
10087,SANTA COMBA,A Coruña,42.969,-8.868,369.0,17,ssp245,far_future,hr_fija,35.535,21.0,1.529,263.821,4.765,6.0,50.483,109.765,58.765,27.235,80.416,3.27,2.698
10087,SANTA COMBA,A Coruña,42.969,-8.868,369.0,17,ssp370,near_future,rocio_fijo,33.424,11.471,0.706,143.024,4.765,6.0,44.806,61.235,27.353,9.882,74.936,1.159,1.278
10087,SANTA COMBA,A Coruña,42.969,-8.868,369.0,17,ssp370,near_future,hr_fija,33.424,11.471,0.706,143.024,4.765,6.0,46.048,69.118,32.0,12.882,80.416,1.159,1.278
10087,SANTA COMBA,A Coruña,42.969,-8.868,369.0,17,ssp370,medium_future,rocio_fijo,34.642,15.824,1.294,225.649,4.765,6.0,46.024,73.294,33.882,13.471,69.625,2.377,2.312
10087,SANTA COMBA,A Coruña,42.969,-8.868,369.0,17,ssp370,medium_future,hr_fija,34.642,15.824,1.294,225.649,4.765,6.0,48.599,91.588,46.647,20.647,80.416,2.377,2.312
10087,SANTA COMBA,A Coruña,42.969,-8.868,369.0,17,ssp370,far_future,rocio_fijo,36.581,27.824,4.0,359.355,4.765,6.0,47.963,94.647,46.882,20.059,62.022,4.316,3.53
10087,SANTA COMBA,A Coruña,42.969,-8.868,369.0,17,ssp370,far_future,hr_fija,36.581,27.824,4.0,359.355,4.765,6.0,52.813,132.353,76.529,38.706,80.416,4.316,3.53
10087,SANTA COMBA,A Coruña,42.969,-8.868,369.0,17,ssp585,near_future,rocio_fijo,33.378,11.235,0.824,155.293,4.765,6.0,44.76,60.882,27.176,9.882,75.145,1.113,1.456
10087,SANTA COMBA,A Coruña,42.969,-8.868,369.0,17,ssp585,near_future,hr_fija,33.378,11.235,0.824,155.293,4.765,6.0,45.95,68.235,31.471,12.529,80.416,1.113,1.456
10087,SANTA COMBA,A Coruña,42.969,-8.868,369.0,17,ssp585,medium_future,rocio_fijo,34.92,17.0,1.529,261.639,4.765,6.0,46.302,76.471,36.059,14.353,68.473,2.655,2.677
10087,SANTA COMBA,A Coruña,42.969,-8.868,369.0,17,ssp585,medium_future,hr_fija,34.92,17.0,1.529,261.639,4.765,6.0,49.177,97.294,50.176,22.647,80.416,2.655,2.677
10087,SANTA COMBA,A Coruña,42.969,-8.868,369.0,17,ssp585,far_future,rocio_fijo,37.8,40.529,13.118,509.798,4.765,6.0,49.182,109.588,56.176,24.471,57.722,5.535,4.624
10087,SANTA COMBA,A Coruña,42.969,-8.868,369.0,17,ssp585,far_future,hr_fija,37.8,40.529,13.118,509.798,4.765,6.0,55.575,157.706,100.059,53.647,80.416,5.535,4.624
10124,SANTIAGO DE COMPOSTELA,A Coruña,42.876,-8.559,255.0,17,-,hoy,medido,34.016,15.882,0.353,172.712,4.882,9.0,47.629,85.353,44.412,18.765,77.759,,
10124,SANTIAGO DE COMPOSTELA,A Coruña,42.876,-8.559,255.0,17,ssp126,near_future,rocio_fijo,35.488,24.412,1.706,290.202,4.882,9.0,49.101,98.529,54.765,24.294,71.211,1.472,1.302
10124,SANTIAGO DE COMPOSTELA,A Coruña,42.876,-8.559,255.0,17,ssp126,near_future,hr_fija,35.488,24.412,1.706,290.202,4.882,9.0,50.676,109.412,64.176,31.059,77.759,1.472,1.302
10124,SANTIAGO DE COMPOSTELA,A Coruña,42.876,-8.559,255.0,17,ssp126,medium_future,rocio_fijo,36.281,30.824,2.824,361.423,4.882,9.0,49.894,106.412,60.941,28.353,67.942,2.265,1.935
10124,SANTIAGO DE COMPOSTELA,A Coruña,42.876,-8.559,255.0,17,ssp126,medium_future,hr_fija,36.281,30.824,2.824,361.423,4.882,9.0,52.403,124.941,75.824,39.647,77.759,2.265,1.935
10124,SANTIAGO DE COMPOSTELA,A Coruña,42.876,-8.559,255.0,17,ssp126,far_future,rocio_fijo,36.324,31.294,2.824,357.016,4.882,9.0,49.937,107.059,61.529,28.471,67.77,2.308,1.898
10124,SANTIAGO DE COMPOSTELA,A Coruña,42.876,-8.559,255.0,17,ssp126,far_future,hr_fija,36.324,31.294,2.824,357.016,4.882,9.0,52.498,125.824,76.588,39.941,77.759,2.308,1.898
10124,SANTIAGO DE COMPOSTELA,A Coruña,42.876,-8.559,255.0,17,ssp245,near_future,rocio_fijo,35.471,24.353,1.765,309.812,4.882,9.0,49.084,98.294,54.647,24.235,71.283,1.455,1.485
10124,SANTIAGO DE COMPOSTELA,A Coruña,42.876,-8.559,255.0,17,ssp245,near_future,hr_fija,35.471,24.353,1.765,309.812,4.882,9.0,50.639,109.294,63.824,30.882,77.759,1.455,1.485
10124,SANTIAGO DE COMPOSTELA,A Coruña,42.876,-8.559,255.0,17,ssp245,medium_future,rocio_fijo,36.627,33.647,5.235,411.498,4.882,9.0,50.24,110.059,63.824,30.118,66.569,2.611,2.338
10124,SANTIAGO DE COMPOSTELA,A Coruña,42.876,-8.559,255.0,17,ssp245,medium_future,hr_fija,36.627,33.647,5.235,411.498,4.882,9.0,53.17,131.765,81.706,43.941,77.759,2.611,2.338
10124,SANTIAGO DE COMPOSTELA,A Coruña,42.876,-8.559,255.0,17,ssp245,far_future,rocio_fijo,37.643,45.647,9.294,486.85,4.882,9.0,51.256,121.353,72.059,35.824,62.715,3.627,2.898
10124,SANTIAGO DE COMPOSTELA,A Coruña,42.876,-8.559,255.0,17,ssp245,far_future,hr_fija,37.643,45.647,9.294,486.85,4.882,9.0,55.451,149.765,98.353,57.529,77.759,3.627,2.898
10124,SANTIAGO DE COMPOSTELA,A Coruña,42.876,-8.559,255.0,17,ssp370,near_future,rocio_fijo,35.379,24.118,1.765,302.643,4.882,9.0,48.992,97.412,54.059,23.765,71.674,1.363,1.419
10124,SANTIAGO DE COMPOSTELA,A Coruña,42.876,-8.559,255.0,17,ssp370,near_future,hr_fija,35.379,24.118,1.765,302.643,4.882,9.0,50.443,107.765,62.471,30.176,77.759,1.363,1.419
10124,SANTIAGO DE COMPOSTELA,A Coruña,42.876,-8.559,255.0,17,ssp370,medium_future,rocio_fijo,36.769,35.294,6.647,433.902,4.882,9.0,50.382,111.706,64.941,30.765,66.015,2.753,2.51
10124,SANTIAGO DE COMPOSTELA,A Coruña,42.876,-8.559,255.0,17,ssp370,medium_future,hr_fija,36.769,35.294,6.647,433.902,4.882,9.0,53.487,134.588,84.529,46.059,77.759,2.753,2.51
10124,SANTIAGO DE COMPOSTELA,A Coruña,42.876,-8.559,255.0,17,ssp370,far_future,rocio_fijo,38.794,58.765,21.529,621.225,4.882,9.0,52.407,135.765,82.882,42.471,58.649,4.778,3.788
10124,SANTIAGO DE COMPOSTELA,A Coruña,42.876,-8.559,255.0,17,ssp370,far_future,hr_fija,38.794,58.765,21.529,621.225,4.882,9.0,58.077,171.529,119.706,74.412,77.759,4.778,3.788
10124,SANTIAGO DE COMPOSTELA,A Coruña,42.876,-8.559,255.0,17,ssp585,near_future,rocio_fijo,35.403,24.235,2.0,324.575,4.882,9.0,49.016,97.765,54.235,23.882,71.572,1.387,1.618
10124,SANTIAGO DE COMPOSTELA,A Coruña,42.876,-8.559,255.0,17,ssp585,near_future,hr_fija,35.403,24.235,2.0,324.575,4.882,9.0,50.494,108.176,62.706,30.412,77.759,1.387,1.618
10124,SANTIAGO DE COMPOSTELA,A Coruña,42.876,-8.559,255.0,17,ssp585,medium_future,rocio_fijo,37.075,39.059,9.294,487.132,4.882,9.0,50.688,115.529,67.529,32.059,64.838,3.059,2.9
10124,SANTIAGO DE COMPOSTELA,A Coruña,42.876,-8.559,255.0,17,ssp585,medium_future,hr_fija,37.075,39.059,9.294,487.132,4.882,9.0,54.175,140.412,89.353,49.941,77.759,3.059,2.9
10124,SANTIAGO DE COMPOSTELA,A Coruña,42.876,-8.559,255.0,17,ssp585,far_future,rocio_fijo,40.087,76.824,45.0,820.078,4.882,9.0,53.7,148.882,94.118,51.706,54.432,6.071,4.933
10124,SANTIAGO DE COMPOSTELA,A Coruña,42.876,-8.559,255.0,17,ssp585,far_future,hr_fija,40.087,76.824,45.0,820.078,4.882,9.0,61.228,197.176,144.824,95.059,77.759,6.071,4.933
50500,SANTIAGO DE COMPOSTELA,A Coruña,42.887,-8.521,305.0,17,-,hoy,medido,32.755,10.647,0.294,138.299,5.294,6.0,45.458,67.765,31.176,11.824,77.355,,
50500,SANTIAGO DE COMPOSTELA,A Coruña,42.887,-8.521,305.0,17,ssp126,near_future,rocio_fijo,34.257,18.353,1.176,242.063,5.294,6.0,46.96,80.706,41.353,16.706,70.666,1.502,1.301
50500,SANTIAGO DE COMPOSTELA,A Coruña,42.887,-8.521,305.0,17,ssp126,near_future,hr_fija,34.257,18.353,1.176,242.063,5.294,6.0,48.666,92.294,49.706,20.647,77.355,1.502,1.301
50500,SANTIAGO DE COMPOSTELA,A Coruña,42.887,-8.521,305.0,17,ssp126,medium_future,rocio_fijo,35.078,22.412,2.706,309.082,5.294,6.0,47.781,89.471,47.176,18.941,67.287,2.323,1.941
50500,SANTIAGO DE COMPOSTELA,A Coruña,42.887,-8.521,305.0,17,ssp126,medium_future,hr_fija,35.078,22.412,2.706,309.082,5.294,6.0,50.484,107.529,60.529,28.235,77.355,2.323,1.941
50500,SANTIAGO DE COMPOSTELA,A Coruña,42.887,-8.521,305.0,17,ssp126,far_future,rocio_fijo,35.113,22.412,2.529,305.3,5.294,6.0,47.816,89.765,47.529,19.118,67.147,2.358,1.907
50500,SANTIAGO DE COMPOSTELA,A Coruña,42.887,-8.521,305.0,17,ssp126,far_future,hr_fija,35.113,22.412,2.529,305.3,5.294,6.0,50.564,108.118,61.059,28.471,77.355,2.358,1.907
50500,SANTIAGO DE COMPOSTELA,A Coruña,42.887,-8.521,305.0,17,ssp245,near_future,rocio_fijo,34.249,18.294,1.412,259.881,5.294,6.0,46.952,80.706,41.294,16.588,70.7,1.494,1.48
50500,SANTIAGO DE COMPOSTELA,A Coruña,42.887,-8.521,305.0,17,ssp245,near_future,hr_fija,34.249,18.294,1.412,259.881,5.294,6.0,48.648,92.118,49.471,20.588,77.355,1.494,1.48
50500,SANTIAGO DE COMPOSTELA,A Coruña,42.887,-8.521,305.0,17,ssp245,medium_future,rocio_fijo,35.391,24.176,3.706,356.343,5.294,6.0,48.094,93.0,49.353,20.0,66.047,2.636,2.347
50500,SANTIAGO DE COMPOSTELA,A Coruña,42.887,-8.521,305.0,17,ssp245,medium_future,hr_fija,35.391,24.176,3.706,356.343,5.294,6.0,51.197,114.235,66.0,31.176,77.355,2.636,2.347
50500,SANTIAGO DE COMPOSTELA,A Coruña,42.887,-8.521,305.0,17,ssp245,far_future,rocio_fijo,36.465,34.412,7.529,429.151,5.294,6.0,49.168,104.706,56.176,25.059,61.983,3.71,2.914
50500,SANTIAGO DE COMPOSTELA,A Coruña,42.887,-8.521,305.0,17,ssp245,far_future,hr_fija,36.465,34.412,7.529,429.151,5.294,6.0,53.573,136.471,81.471,44.471,77.355,3.71,2.914
50500,SANTIAGO DE COMPOSTELA,A Coruña,42.887,-8.521,305.0,17,ssp370,near_future,rocio_fijo,34.191,17.706,1.235,253.318,5.294,6.0,46.894,80.118,40.941,16.353,70.946,1.436,1.415
50500,SANTIAGO DE COMPOSTELA,A Coruña,42.887,-8.521,305.0,17,ssp370,near_future,hr_fija,34.191,17.706,1.235,253.318,5.294,6.0,48.523,91.118,49.059,20.294,77.355,1.436,1.415
50500,SANTIAGO DE COMPOSTELA,A Coruña,42.887,-8.521,305.0,17,ssp370,medium_future,rocio_fijo,35.577,25.471,5.0,377.98,5.294,6.0,48.28,94.882,50.118,20.588,65.322,2.822,2.522
50500,SANTIAGO DE COMPOSTELA,A Coruña,42.887,-8.521,305.0,17,ssp370,medium_future,hr_fija,35.577,25.471,5.0,377.98,5.294,6.0,51.606,118.588,68.235,33.059,77.355,2.822,2.522
50500,SANTIAGO DE COMPOSTELA,A Coruña,42.887,-8.521,305.0,17,ssp370,far_future,rocio_fijo,37.622,47.765,17.588,558.15,5.294,6.0,50.325,119.588,67.0,30.353,57.918,4.867,3.802
50500,SANTIAGO DE COMPOSTELA,A Coruña,42.887,-8.521,305.0,17,ssp370,far_future,hr_fija,37.622,47.765,17.588,558.15,5.294,6.0,56.193,159.706,103.412,59.0,77.355,4.867,3.802
50500,SANTIAGO DE COMPOSTELA,A Coruña,42.887,-8.521,305.0,17,ssp585,near_future,rocio_fijo,34.243,18.059,1.647,274.332,5.294,6.0,46.946,80.647,41.294,16.588,70.725,1.488,1.62
50500,SANTIAGO DE COMPOSTELA,A Coruña,42.887,-8.521,305.0,17,ssp585,near_future,hr_fija,34.243,18.059,1.647,274.332,5.294,6.0,48.635,92.059,49.471,20.588,77.355,1.488,1.62
50500,SANTIAGO DE COMPOSTELA,A Coruña,42.887,-8.521,305.0,17,ssp585,medium_future,rocio_fijo,35.912,28.824,7.529,429.286,5.294,6.0,48.615,97.824,52.412,22.176,64.039,3.157,2.915
50500,SANTIAGO DE COMPOSTELA,A Coruña,42.887,-8.521,305.0,17,ssp585,medium_future,hr_fija,35.912,28.824,7.529,429.286,5.294,6.0,52.354,125.529,73.824,38.118,77.355,3.157,2.915
50500,SANTIAGO DE COMPOSTELA,A Coruña,42.887,-8.521,305.0,17,ssp585,far_future,rocio_fijo,38.952,63.647,39.882,754.484,5.294,6.0,51.655,135.824,78.294,39.471,53.611,6.197,4.962
50500,SANTIAGO DE COMPOSTELA,A Coruña,42.887,-8.521,305.0,17,ssp585,far_future,hr_fija,38.952,63.647,39.882,754.484,5.294,6.0,59.309,186.706,131.118,80.353,77.355,6.197,4.962
19008,VAL DO DUBRA,A Coruña,43.002,-8.699,369.0,17,-,hoy,medido,32.206,8.235,0.235,81.724,5.471,12.0,46.609,63.235,29.529,12.471,84.716,,
19008,VAL DO DUBRA,A Coruña,43.002,-8.699,369.0,17,ssp126,near_future,rocio_fijo,33.549,13.176,0.353,149.149,5.471,12.0,47.952,75.294,37.588,15.647,78.098,1.343,1.22
19008,VAL DO DUBRA,A Coruña,43.002,-8.699,369.0,17,ssp126,near_future,hr_fija,33.549,13.176,0.353,149.149,5.471,12.0,49.521,86.176,44.588,20.059,84.716,1.343,1.22
19008,VAL DO DUBRA,A Coruña,43.002,-8.699,369.0,17,ssp126,medium_future,rocio_fijo,34.342,16.706,0.765,197.676,5.471,12.0,48.746,83.765,42.529,17.941,74.461,2.137,1.839
19008,VAL DO DUBRA,A Coruña,43.002,-8.699,369.0,17,ssp126,medium_future,hr_fija,34.342,16.706,0.765,197.676,5.471,12.0,51.281,100.235,53.941,25.824,84.716,2.137,1.839
19008,VAL DO DUBRA,A Coruña,43.002,-8.699,369.0,17,ssp126,far_future,rocio_fijo,34.366,16.824,0.706,194.728,5.471,12.0,48.769,83.941,42.647,18.118,74.358,2.16,1.805
19008,VAL DO DUBRA,A Coruña,43.002,-8.699,369.0,17,ssp126,far_future,hr_fija,34.366,16.824,0.706,194.728,5.471,12.0,51.333,100.647,54.176,26.176,84.716,2.16,1.805
19008,VAL DO DUBRA,A Coruña,43.002,-8.699,369.0,17,ssp245,near_future,rocio_fijo,33.544,13.176,0.529,161.571,5.471,12.0,47.947,75.294,37.588,15.529,78.122,1.338,1.392
19008,VAL DO DUBRA,A Coruña,43.002,-8.699,369.0,17,ssp245,near_future,hr_fija,33.544,13.176,0.529,161.571,5.471,12.0,49.51,86.059,44.588,20.0,84.716,1.338,1.392
19008,VAL DO DUBRA,A Coruña,43.002,-8.699,369.0,17,ssp245,medium_future,rocio_fijo,34.584,18.0,1.118,233.303,5.471,12.0,48.987,86.294,43.824,19.235,73.395,2.378,2.226
19008,VAL DO DUBRA,A Coruña,43.002,-8.699,369.0,17,ssp245,medium_future,hr_fija,34.584,18.0,1.118,233.303,5.471,12.0,51.827,104.765,57.412,27.353,84.716,2.378,2.226
19008,VAL DO DUBRA,A Coruña,43.002,-8.699,369.0,17,ssp245,far_future,rocio_fijo,35.68,24.882,2.059,289.854,5.471,12.0,50.083,96.471,51.059,23.059,68.759,3.474,2.775
19008,VAL DO DUBRA,A Coruña,43.002,-8.699,369.0,17,ssp245,far_future,hr_fija,35.68,24.882,2.059,289.854,5.471,12.0,54.357,126.353,75.941,39.765,84.716,3.474,2.775
19008,VAL DO DUBRA,A Coruña,43.002,-8.699,369.0,17,ssp370,near_future,rocio_fijo,33.494,13.059,0.471,156.558,5.471,12.0,47.898,75.0,37.412,15.412,78.353,1.289,1.324
19008,VAL DO DUBRA,A Coruña,43.002,-8.699,369.0,17,ssp370,near_future,hr_fija,33.494,13.059,0.471,156.558,5.471,12.0,49.404,85.235,44.176,19.824,84.716,1.289,1.324
19008,VAL DO DUBRA,A Coruña,43.002,-8.699,369.0,17,ssp370,medium_future,rocio_fijo,34.768,18.824,1.353,248.641,5.471,12.0,49.171,87.765,44.882,19.941,72.592,2.562,2.382
19008,VAL DO DUBRA,A Coruña,43.002,-8.699,369.0,17,ssp370,medium_future,hr_fija,34.768,18.824,1.353,248.641,5.471,12.0,52.246,108.529,60.882,29.235,84.716,2.562,2.382
19008,VAL DO DUBRA,A Coruña,43.002,-8.699,369.0,17,ssp370,far_future,rocio_fijo,36.766,34.059,5.529,390.898,5.471,12.0,51.169,109.765,59.471,26.882,64.487,4.56,3.622
19008,VAL DO DUBRA,A Coruña,43.002,-8.699,369.0,17,ssp370,far_future,hr_fija,36.766,34.059,5.529,390.898,5.471,12.0,56.859,145.588,94.059,52.588,84.716,4.56,3.622
19008,VAL DO DUBRA,A Coruña,43.002,-8.699,369.0,17,ssp585,near_future,rocio_fijo,33.49,13.059,0.588,170.792,5.471,12.0,47.893,75.0,37.353,15.412,78.377,1.284,1.513
19008,VAL DO DUBRA,A Coruña,43.002,-8.699,369.0,17,ssp585,near_future,hr_fija,33.49,13.059,0.588,170.792,5.471,12.0,49.393,85.176,44.176,19.824,84.716,1.284,1.513
19008,VAL DO DUBRA,A Coruña,43.002,-8.699,369.0,17,ssp585,medium_future,rocio_fijo,35.074,20.765,2.059,288.328,5.471,12.0,49.478,90.118,46.294,20.588,71.276,2.869,2.761
19008,VAL DO DUBRA,A Coruña,43.002,-8.699,369.0,17,ssp585,medium_future,hr_fija,35.074,20.765,2.059,288.328,5.471,12.0,52.951,115.118,65.235,32.353,84.716,2.869,2.761
19008,VAL DO DUBRA,A Coruña,43.002,-8.699,369.0,17,ssp585,far_future,rocio_fijo,38.01,47.059,16.588,550.635,5.471,12.0,52.414,123.412,70.706,34.235,59.954,5.805,4.744
19008,VAL DO DUBRA,A Coruña,43.002,-8.699,369.0,17,ssp585,far_future,hr_fija,38.01,47.059,16.588,550.635,5.471,12.0,59.757,169.941,119.0,71.353,84.716,5.805,4.744
19003,VEDRA,A Coruña,42.785,-8.435,225.0,17,-,hoy,medido,34.474,21.353,0.647,220.176,4.941,9.0,49.733,102.882,59.0,27.647,77.825,,
19003,VEDRA,A Coruña,42.785,-8.435,225.0,17,ssp126,near_future,rocio_fijo,36.074,34.235,2.176,361.897,4.941,9.0,51.333,118.824,72.0,35.647,70.788,1.6,1.368
19003,VEDRA,A Coruña,42.785,-8.435,225.0,17,ssp126,near_future,hr_fija,36.074,34.235,2.176,361.897,4.941,9.0,53.314,130.235,84.059,45.294,77.825,1.6,1.368
19003,VEDRA,A Coruña,42.785,-8.435,225.0,17,ssp126,medium_future,rocio_fijo,36.865,43.471,4.706,444.941,4.941,9.0,52.124,126.235,79.235,40.529,67.576,2.391,2.023
19003,VEDRA,A Coruña,42.785,-8.435,225.0,17,ssp126,medium_future,hr_fija,36.865,43.471,4.706,444.941,4.941,9.0,55.127,144.353,96.471,55.059,77.825,2.391,2.023
19003,VEDRA,A Coruña,42.785,-8.435,225.0,17,ssp126,far_future,rocio_fijo,36.919,43.824,4.588,440.413,4.941,9.0,52.178,126.588,79.529,41.235,67.363,2.445,1.989
19003,VEDRA,A Coruña,42.785,-8.435,225.0,17,ssp126,far_future,hr_fija,36.919,43.824,4.588,440.413,4.941,9.0,55.252,145.235,97.0,55.882,77.825,2.445,1.989
19003,VEDRA,A Coruña,42.785,-8.435,225.0,17,ssp245,near_future,rocio_fijo,36.074,34.235,2.882,384.606,4.941,9.0,51.333,118.824,72.0,35.647,70.788,1.6,1.554
19003,VEDRA,A Coruña,42.785,-8.435,225.0,17,ssp245,near_future,hr_fija,36.074,34.235,2.882,384.606,4.941,9.0,53.314,130.235,84.059,45.294,77.825,1.6,1.554
19003,VEDRA,A Coruña,42.785,-8.435,225.0,17,ssp245,medium_future,rocio_fijo,37.263,47.353,7.765,503.145,4.941,9.0,52.522,130.294,82.471,43.412,66.022,2.789,2.443
19003,VEDRA,A Coruña,42.785,-8.435,225.0,17,ssp245,medium_future,hr_fija,37.263,47.353,7.765,503.145,4.941,9.0,56.061,152.118,103.294,61.765,77.825,2.789,2.443
19003,VEDRA,A Coruña,42.785,-8.435,225.0,17,ssp245,far_future,rocio_fijo,38.261,59.706,13.706,589.719,4.941,9.0,53.52,141.0,91.176,49.176,62.3,3.787,3.024
19003,VEDRA,A Coruña,42.785,-8.435,225.0,17,ssp245,far_future,hr_fija,38.261,59.706,13.706,589.719,4.941,9.0,58.458,169.647,120.353,77.235,77.825,3.787,3.024
19003,VEDRA,A Coruña,42.785,-8.435,225.0,17,ssp370,near_future,rocio_fijo,35.991,33.118,2.647,376.711,4.941,9.0,51.25,117.529,71.176,35.235,71.135,1.517,1.49
19003,VEDRA,A Coruña,42.785,-8.435,225.0,17,ssp370,near_future,hr_fija,35.991,33.118,2.647,376.711,4.941,9.0,53.126,128.588,82.235,44.176,77.825,1.517,1.49
19003,VEDRA,A Coruña,42.785,-8.435,225.0,17,ssp370,medium_future,rocio_fijo,37.454,49.824,9.353,530.339,4.941,9.0,52.713,132.353,84.412,44.588,65.291,2.98,2.631
19003,VEDRA,A Coruña,42.785,-8.435,225.0,17,ssp370,medium_future,hr_fija,37.454,49.824,9.353,530.339,4.941,9.0,56.515,155.588,106.294,64.529,77.825,2.98,2.631
19003,VEDRA,A Coruña,42.785,-8.435,225.0,17,ssp370,far_future,rocio_fijo,39.476,77.176,27.059,743.451,4.941,9.0,54.735,155.059,102.882,59.059,58.084,5.002,3.952
19003,VEDRA,A Coruña,42.785,-8.435,225.0,17,ssp370,far_future,hr_fija,39.476,77.176,27.059,743.451,4.941,9.0,61.361,193.882,141.588,96.824,77.825,5.002,3.952
19003,VEDRA,A Coruña,42.785,-8.435,225.0,17,ssp585,near_future,rocio_fijo,36.043,33.824,3.765,403.284,4.941,9.0,51.302,118.471,71.647,35.588,70.917,1.569,1.703
19003,VEDRA,A Coruña,42.785,-8.435,225.0,17,ssp585,near_future,hr_fija,36.043,33.824,3.765,403.284,4.941,9.0,53.243,129.765,83.118,44.941,77.825,1.569,1.703
19003,VEDRA,A Coruña,42.785,-8.435,225.0,17,ssp585,medium_future,rocio_fijo,37.79,53.765,13.882,591.428,4.941,9.0,53.049,135.588,87.706,46.765,64.026,3.316,3.035
19003,VEDRA,A Coruña,42.785,-8.435,225.0,17,ssp585,medium_future,hr_fija,37.79,53.765,13.882,591.428,4.941,9.0,57.318,161.882,111.824,69.353,77.825,3.316,3.035
19003,VEDRA,A Coruña,42.785,-8.435,225.0,17,ssp585,far_future,rocio_fijo,40.813,96.941,49.941,968.42,4.941,9.0,56.072,168.941,115.706,70.0,53.813,6.339,5.136
19003,VEDRA,A Coruña,42.785,-8.435,225.0,17,ssp585,far_future,hr_fija,40.813,96.941,49.941,968.42,4.941,9.0,64.709,219.882,166.529,119.647,77.825,6.339,5.136
10153,VIMIANZO,A Coruña,43.108,-9.057,405.0,17,-,hoy,medido,29.62,3.294,1.882,72.842,5.294,6.0,37.772,28.882,8.412,1.765,87.152,,
10153,VIMIANZO,A Coruña,43.108,-9.057,405.0,17,ssp126,near_future,rocio_fijo,30.553,4.471,2.471,113.112,5.294,6.0,38.705,36.529,10.882,2.294,82.264,0.933,1.029
10153,VIMIANZO,A Coruña,43.108,-9.057,405.0,17,ssp126,near_future,hr_fija,30.553,4.471,2.471,113.112,5.294,6.0,39.54,42.412,13.118,3.176,87.152,0.933,1.029
10153,VIMIANZO,A Coruña,43.108,-9.057,405.0,17,ssp126,medium_future,rocio_fijo,31.225,5.294,3.176,142.766,5.294,6.0,39.377,42.059,12.647,2.941,78.934,1.605,1.554
10153,VIMIANZO,A Coruña,43.108,-9.057,405.0,17,ssp126,medium_future,hr_fija,31.225,5.294,3.176,142.766,5.294,6.0,40.919,52.235,16.882,4.588,87.152,1.605,1.554
10153,VIMIANZO,A Coruña,43.108,-9.057,405.0,17,ssp126,far_future,rocio_fijo,31.238,5.353,3.176,140.125,5.294,6.0,39.39,42.294,12.647,2.941,78.871,1.618,1.512
10153,VIMIANZO,A Coruña,43.108,-9.057,405.0,17,ssp126,far_future,hr_fija,31.238,5.353,3.176,140.125,5.294,6.0,40.946,52.765,16.941,4.588,87.152,1.618,1.512
10153,VIMIANZO,A Coruña,43.108,-9.057,405.0,17,ssp245,near_future,rocio_fijo,30.589,4.529,2.647,121.721,5.294,6.0,38.741,36.706,10.941,2.412,82.082,0.969,1.194
10153,VIMIANZO,A Coruña,43.108,-9.057,405.0,17,ssp245,near_future,hr_fija,30.589,4.529,2.647,121.721,5.294,6.0,39.614,43.118,13.235,3.235,87.152,0.969,1.194
10153,VIMIANZO,A Coruña,43.108,-9.057,405.0,17,ssp245,medium_future,rocio_fijo,31.471,6.0,3.294,164.967,5.294,6.0,39.623,44.118,13.647,3.294,77.753,1.851,1.882
10153,VIMIANZO,A Coruña,43.108,-9.057,405.0,17,ssp245,medium_future,hr_fija,31.471,6.0,3.294,164.967,5.294,6.0,41.43,56.235,19.294,4.941,87.152,1.851,1.882
10153,VIMIANZO,A Coruña,43.108,-9.057,405.0,17,ssp245,far_future,rocio_fijo,32.244,7.647,4.059,200.803,5.294,6.0,40.396,51.294,15.588,4.294,74.169,2.624,2.341
10153,VIMIANZO,A Coruña,43.108,-9.057,405.0,17,ssp245,far_future,hr_fija,32.244,7.647,4.059,200.803,5.294,6.0,42.911,72.706,27.353,8.176,87.152,2.624,2.341
10153,VIMIANZO,A Coruña,43.108,-9.057,405.0,17,ssp370,near_future,rocio_fijo,30.473,4.294,2.588,117.678,5.294,6.0,38.625,35.941,10.647,2.235,82.671,0.853,1.118
10153,VIMIANZO,A Coruña,43.108,-9.057,405.0,17,ssp370,near_future,hr_fija,30.473,4.294,2.588,117.678,5.294,6.0,39.378,40.941,12.647,2.882,87.152,0.853,1.118
10153,VIMIANZO,A Coruña,43.108,-9.057,405.0,17,ssp370,medium_future,rocio_fijo,31.439,5.941,3.412,173.162,5.294,6.0,39.591,44.0,13.471,3.294,77.905,1.819,1.994
10153,VIMIANZO,A Coruña,43.108,-9.057,405.0,17,ssp370,medium_future,hr_fija,31.439,5.941,3.412,173.162,5.294,6.0,41.364,55.765,18.824,4.941,87.152,1.819,1.994
10153,VIMIANZO,A Coruña,43.108,-9.057,405.0,17,ssp370,far_future,rocio_fijo,33.066,9.412,6.588,271.79,5.294,6.0,41.218,58.647,19.471,4.941,70.561,3.446,3.078
10153,VIMIANZO,A Coruña,43.108,-9.057,405.0,17,ssp370,far_future,hr_fija,33.066,9.412,6.588,271.79,5.294,6.0,44.514,89.294,38.882,12.353,87.152,3.446,3.078
10153,VIMIANZO,A Coruña,43.108,-9.057,405.0,17,ssp585,near_future,rocio_fijo,30.38,3.941,2.706,125.283,5.294,6.0,38.532,35.059,10.471,2.118,83.146,0.76,1.259
10153,VIMIANZO,A Coruña,43.108,-9.057,405.0,17,ssp585,near_future,hr_fija,30.38,3.941,2.706,125.283,5.294,6.0,39.189,39.824,12.176,2.706,87.152,0.76,1.259
10153,VIMIANZO,A Coruña,43.108,-9.057,405.0,17,ssp585,medium_future,rocio_fijo,31.584,6.235,4.0,198.617,5.294,6.0,39.736,45.647,13.765,3.412,77.217,1.964,2.315
10153,VIMIANZO,A Coruña,43.108,-9.057,405.0,17,ssp585,medium_future,hr_fija,31.584,6.235,4.0,198.617,5.294,6.0,41.649,58.235,20.235,5.412,87.152,1.964,2.315
10153,VIMIANZO,A Coruña,43.108,-9.057,405.0,17,ssp585,far_future,rocio_fijo,34.028,13.294,13.471,385.67,5.294,6.0,42.18,70.529,25.059,7.059,66.587,4.408,4.029
10153,VIMIANZO,A Coruña,43.108,-9.057,405.0,17,ssp585,far_future,hr_fija,34.028,13.294,13.471,385.67,5.294,6.0,46.455,112.529,53.294,19.059,87.152,4.408,4.029
10139,ZAS,A Coruña,43.029,-8.975,317.0,17,-,hoy,medido,32.75,8.765,0.0,58.697,5.765,6.0,46.667,69.882,32.941,13.0,84.603,,
10139,ZAS,A Coruña,43.029,-8.975,317.0,17,ssp126,near_future,rocio_fijo,33.908,12.529,0.0,116.491,5.765,6.0,47.825,80.824,40.0,16.294,78.874,1.158,1.13
10139,ZAS,A Coruña,43.029,-8.975,317.0,17,ssp126,near_future,hr_fija,33.908,12.529,0.0,116.491,5.765,6.0,49.177,91.412,46.588,20.412,84.603,1.158,1.13
10139,ZAS,A Coruña,43.029,-8.975,317.0,17,ssp126,medium_future,rocio_fijo,34.641,15.765,0.118,158.763,5.765,6.0,48.558,89.294,44.588,18.647,75.473,1.891,1.718
10139,ZAS,A Coruña,43.029,-8.975,317.0,17,ssp126,medium_future,hr_fija,34.641,15.765,0.118,158.763,5.765,6.0,50.801,106.706,57.471,26.294,84.603,1.891,1.718
10139,ZAS,A Coruña,43.029,-8.975,317.0,17,ssp126,far_future,rocio_fijo,34.674,15.882,0.118,155.844,5.765,6.0,48.591,90.0,44.765,18.824,75.324,1.924,1.681
10139,ZAS,A Coruña,43.029,-8.975,317.0,17,ssp126,far_future,hr_fija,34.674,15.882,0.118,155.844,5.765,6.0,50.875,107.0,58.059,26.882,84.603,1.924,1.681
10139,ZAS,A Coruña,43.029,-8.975,317.0,17,ssp245,near_future,rocio_fijo,33.913,12.529,0.059,127.445,5.765,6.0,47.83,80.941,40.235,16.294,78.85,1.163,1.294
10139,ZAS,A Coruña,43.029,-8.975,317.0,17,ssp245,near_future,hr_fija,33.913,12.529,0.059,127.445,5.765,6.0,49.188,91.529,46.588,20.412,84.603,1.163,1.294
10139,ZAS,A Coruña,43.029,-8.975,317.0,17,ssp245,medium_future,rocio_fijo,34.876,16.588,0.353,188.612,5.765,6.0,48.793,92.412,46.235,19.765,74.418,2.126,2.074
10139,ZAS,A Coruña,43.029,-8.975,317.0,17,ssp245,medium_future,hr_fija,34.876,16.588,0.353,188.612,5.765,6.0,51.328,111.588,60.235,28.824,84.603,2.126,2.074
10139,ZAS,A Coruña,43.029,-8.975,317.0,17,ssp245,far_future,rocio_fijo,35.834,22.824,1.059,238.151,5.765,6.0,49.751,104.118,53.882,23.706,70.285,3.084,2.593
10139,ZAS,A Coruña,43.029,-8.975,317.0,17,ssp245,far_future,hr_fija,35.834,22.824,1.059,238.151,5.765,6.0,53.501,131.294,75.941,38.882,84.603,3.084,2.593
10139,ZAS,A Coruña,43.029,-8.975,317.0,17,ssp370,near_future,rocio_fijo,33.827,12.353,0.059,122.409,5.765,6.0,47.744,80.294,39.471,16.235,79.26,1.077,1.22
10139,ZAS,A Coruña,43.029,-8.975,317.0,17,ssp370,near_future,hr_fija,33.827,12.353,0.059,122.409,5.765,6.0,49.0,89.529,45.176,19.824,84.603,1.077,1.22
10139,ZAS,A Coruña,43.029,-8.975,317.0,17,ssp370,medium_future,rocio_fijo,34.971,17.0,0.412,201.185,5.765,6.0,48.888,93.529,47.0,20.118,73.996,2.221,2.213
10139,ZAS,A Coruña,43.029,-8.975,317.0,17,ssp370,medium_future,hr_fija,34.971,17.0,0.412,201.185,5.765,6.0,51.541,113.353,61.412,29.588,84.603,2.221,2.213
10139,ZAS,A Coruña,43.029,-8.975,317.0,17,ssp370,far_future,rocio_fijo,36.836,31.235,3.353,328.725,5.765,6.0,50.753,116.235,61.353,28.647,66.237,4.086,3.397
10139,ZAS,A Coruña,43.029,-8.975,317.0,17,ssp370,far_future,hr_fija,36.836,31.235,3.353,328.725,5.765,6.0,55.835,153.059,96.294,51.824,84.603,4.086,3.397
10139,ZAS,A Coruña,43.029,-8.975,317.0,17,ssp585,near_future,rocio_fijo,33.759,11.941,0.118,133.819,5.765,6.0,47.676,79.706,39.294,16.0,79.586,1.009,1.385
10139,ZAS,A Coruña,43.029,-8.975,317.0,17,ssp585,near_future,hr_fija,33.759,11.941,0.118,133.819,5.765,6.0,48.851,87.765,44.588,19.059,84.603,1.009,1.385
10139,ZAS,A Coruña,43.029,-8.975,317.0,17,ssp585,medium_future,rocio_fijo,35.219,18.471,1.0,235.193,5.765,6.0,49.136,96.882,48.647,21.588,72.907,2.469,2.564
10139,ZAS,A Coruña,43.029,-8.975,317.0,17,ssp585,medium_future,hr_fija,35.219,18.471,1.0,235.193,5.765,6.0,52.1,119.118,66.176,32.059,84.603,2.469,2.564
10139,ZAS,A Coruña,43.029,-8.975,317.0,17,ssp585,far_future,rocio_fijo,37.99,44.118,9.706,472.35,5.765,6.0,51.907,130.235,71.941,34.235,61.896,5.24,4.453
10139,ZAS,A Coruña,43.029,-8.975,317.0,17,ssp585,far_future,hr_fija,37.99,44.118,9.706,472.35,5.765,6.0,58.605,177.353,121.176,69.176,84.603,5.24,4.453
10136,A FONSAGRADA,Lugo,43.177,-7.048,789.0,17,-,hoy,medido,32.345,9.0,0.588,94.62,6.471,13.0,43.149,66.824,30.353,9.647,79.574,,
10136,A FONSAGRADA,Lugo,43.177,-7.048,789.0,17,ssp126,near_future,rocio_fijo,34.091,17.176,1.0,167.736,6.471,13.0,44.895,79.706,41.882,15.765,71.615,1.746,1.415
10136,A FONSAGRADA,Lugo,43.177,-7.048,789.0,17,ssp126,near_future,hr_fija,34.091,17.176,1.0,167.736,6.471,13.0,46.738,90.353,51.941,22.765,79.574,1.746,1.415
10136,A FONSAGRADA,Lugo,43.177,-7.048,789.0,17,ssp126,medium_future,rocio_fijo,34.903,23.118,1.588,215.214,6.471,13.0,45.707,86.941,47.647,19.0,68.222,2.558,2.094
10136,A FONSAGRADA,Lugo,43.177,-7.048,789.0,17,ssp126,medium_future,hr_fija,34.903,23.118,1.588,215.214,6.471,13.0,48.405,101.941,63.647,29.706,79.574,2.558,2.094
10136,A FONSAGRADA,Lugo,43.177,-7.048,789.0,17,ssp126,far_future,rocio_fijo,34.847,22.647,1.471,213.234,6.471,13.0,45.651,86.706,47.529,18.647,68.45,2.502,2.068
10136,A FONSAGRADA,Lugo,43.177,-7.048,789.0,17,ssp126,far_future,hr_fija,34.847,22.647,1.471,213.234,6.471,13.0,48.283,101.176,62.824,29.294,79.574,2.502,2.068
10136,A FONSAGRADA,Lugo,43.177,-7.048,789.0,17,ssp245,near_future,rocio_fijo,34.12,17.471,1.059,179.138,6.471,13.0,44.924,79.941,42.059,15.882,71.49,1.775,1.589
10136,A FONSAGRADA,Lugo,43.177,-7.048,789.0,17,ssp245,near_future,hr_fija,34.12,17.471,1.059,179.138,6.471,13.0,46.799,90.765,52.235,23.059,79.574,1.775,1.589
10136,A FONSAGRADA,Lugo,43.177,-7.048,789.0,17,ssp245,medium_future,rocio_fijo,35.215,25.882,2.118,251.494,6.471,13.0,46.019,89.588,50.294,20.294,66.967,2.87,2.544
10136,A FONSAGRADA,Lugo,43.177,-7.048,789.0,17,ssp245,medium_future,hr_fija,35.215,25.882,2.118,251.494,6.471,13.0,49.085,107.176,68.176,32.706,79.574,2.87,2.544
10136,A FONSAGRADA,Lugo,43.177,-7.048,789.0,17,ssp245,far_future,rocio_fijo,36.445,36.176,3.412,306.7,6.471,13.0,47.249,100.059,59.235,26.176,62.265,4.1,3.148
10136,A FONSAGRADA,Lugo,43.177,-7.048,789.0,17,ssp245,far_future,hr_fija,36.445,36.176,3.412,306.7,6.471,13.0,51.761,124.706,84.176,48.118,79.574,4.1,3.148
10136,A FONSAGRADA,Lugo,43.177,-7.048,789.0,17,ssp370,near_future,rocio_fijo,34.19,17.882,1.059,175.871,6.471,13.0,44.994,80.706,42.471,16.059,71.191,1.845,1.54
10136,A FONSAGRADA,Lugo,43.177,-7.048,789.0,17,ssp370,near_future,hr_fija,34.19,17.882,1.059,175.871,6.471,13.0,46.946,91.706,53.176,23.706,79.574,1.845,1.54
10136,A FONSAGRADA,Lugo,43.177,-7.048,789.0,17,ssp370,medium_future,rocio_fijo,35.611,29.059,2.471,267.123,6.471,13.0,46.415,92.412,52.765,22.412,65.411,3.266,2.723
10136,A FONSAGRADA,Lugo,43.177,-7.048,789.0,17,ssp370,medium_future,hr_fija,35.611,29.059,2.471,267.123,6.471,13.0,49.923,112.529,73.765,37.529,79.574,3.266,2.723
10136,A FONSAGRADA,Lugo,43.177,-7.048,789.0,17,ssp370,far_future,rocio_fijo,37.473,46.529,6.824,403.718,6.471,13.0,48.277,109.294,68.353,31.118,58.62,5.128,4.057
10136,A FONSAGRADA,Lugo,43.177,-7.048,789.0,17,ssp370,far_future,hr_fija,37.473,46.529,6.824,403.718,6.471,13.0,54.145,140.882,99.471,63.0,79.574,5.128,4.057
10136,A FONSAGRADA,Lugo,43.177,-7.048,789.0,17,ssp585,near_future,rocio_fijo,34.382,18.882,1.294,192.187,6.471,13.0,45.186,82.176,43.647,16.941,70.377,2.037,1.779
10136,A FONSAGRADA,Lugo,43.177,-7.048,789.0,17,ssp585,near_future,hr_fija,34.382,18.882,1.294,192.187,6.471,13.0,47.35,94.471,55.882,25.176,79.574,2.037,1.779
10136,A FONSAGRADA,Lugo,43.177,-7.048,789.0,17,ssp585,medium_future,rocio_fijo,36.056,32.471,3.412,308.547,6.471,13.0,46.86,96.118,56.059,24.588,63.711,3.711,3.167
10136,A FONSAGRADA,Lugo,43.177,-7.048,789.0,17,ssp585,medium_future,hr_fija,36.056,32.471,3.412,308.547,6.471,13.0,50.899,119.176,78.588,43.588,79.574,3.711,3.167
10136,A FONSAGRADA,Lugo,43.177,-7.048,789.0,17,ssp585,far_future,rocio_fijo,38.984,66.353,15.412,559.161,6.471,13.0,49.788,122.647,78.824,41.235,53.691,6.639,5.277
10136,A FONSAGRADA,Lugo,43.177,-7.048,789.0,17,ssp585,far_future,hr_fija,38.984,66.353,15.412,559.161,6.471,13.0,57.54,166.824,121.176,83.176,79.574,6.639,5.277
10106,A PONTENOVA,Lugo,43.339,-7.168,490.0,17,-,hoy,medido,31.27,6.176,0.059,72.591,4.882,6.0,43.315,55.353,23.882,8.412,85.588,,
10106,A PONTENOVA,Lugo,43.339,-7.168,490.0,17,ssp126,near_future,rocio_fijo,32.742,10.118,0.706,143.174,4.882,6.0,44.787,68.706,31.294,12.353,78.25,1.472,1.272
10106,A PONTENOVA,Lugo,43.339,-7.168,490.0,17,ssp126,near_future,hr_fija,32.742,10.118,0.706,143.174,4.882,6.0,46.356,79.706,38.059,15.941,85.588,1.472,1.272
10106,A PONTENOVA,Lugo,43.339,-7.168,490.0,17,ssp126,medium_future,rocio_fijo,33.451,12.824,1.706,190.564,4.882,6.0,45.496,75.176,34.471,14.059,74.97,2.181,1.885
10106,A PONTENOVA,Lugo,43.339,-7.168,490.0,17,ssp126,medium_future,hr_fija,33.451,12.824,1.706,190.564,4.882,6.0,47.897,93.235,48.118,20.118,85.588,2.181,1.885
10106,A PONTENOVA,Lugo,43.339,-7.168,490.0,17,ssp126,far_future,rocio_fijo,33.365,12.353,1.647,188.133,4.882,6.0,45.41,74.706,34.059,13.765,75.36,2.095,1.856
10106,A PONTENOVA,Lugo,43.339,-7.168,490.0,17,ssp126,far_future,hr_fija,33.365,12.353,1.647,188.133,4.882,6.0,47.709,91.529,47.235,19.471,85.588,2.095,1.856
10106,A PONTENOVA,Lugo,43.339,-7.168,490.0,17,ssp245,near_future,rocio_fijo,32.817,10.529,1.0,155.961,4.882,6.0,44.862,69.765,31.824,12.588,77.895,1.547,1.449
10106,A PONTENOVA,Lugo,43.339,-7.168,490.0,17,ssp245,near_future,hr_fija,32.817,10.529,1.0,155.961,4.882,6.0,46.519,80.824,39.0,16.235,85.588,1.547,1.449
10106,A PONTENOVA,Lugo,43.339,-7.168,490.0,17,ssp245,medium_future,rocio_fijo,33.669,13.412,3.353,227.92,4.882,6.0,45.714,77.588,35.882,14.647,73.993,2.399,2.303
10106,A PONTENOVA,Lugo,43.339,-7.168,490.0,17,ssp245,medium_future,hr_fija,33.669,13.412,3.353,227.92,4.882,6.0,48.377,97.706,51.176,22.353,85.588,2.399,2.303
10106,A PONTENOVA,Lugo,43.339,-7.168,490.0,17,ssp245,far_future,rocio_fijo,34.75,19.353,6.176,282.121,4.882,6.0,46.795,89.824,43.824,17.647,69.355,3.48,2.84
10106,A PONTENOVA,Lugo,43.339,-7.168,490.0,17,ssp245,far_future,hr_fija,34.75,19.353,6.176,282.121,4.882,6.0,50.802,118.471,67.294,32.471,85.588,3.48,2.84
10106,A PONTENOVA,Lugo,43.339,-7.168,490.0,17,ssp370,near_future,rocio_fijo,32.874,10.706,0.882,151.682,4.882,6.0,44.919,70.294,31.882,12.765,77.627,1.604,1.391
10106,A PONTENOVA,Lugo,43.339,-7.168,490.0,17,ssp370,near_future,hr_fija,32.874,10.706,0.882,151.682,4.882,6.0,46.641,81.765,39.882,16.647,85.588,1.604,1.391
10106,A PONTENOVA,Lugo,43.339,-7.168,490.0,17,ssp370,medium_future,rocio_fijo,33.955,14.765,4.0,240.863,4.882,6.0,46.0,81.0,38.0,15.412,72.733,2.685,2.438
10106,A PONTENOVA,Lugo,43.339,-7.168,490.0,17,ssp370,medium_future,hr_fija,33.955,14.765,4.0,240.863,4.882,6.0,49.011,103.471,54.706,24.647,85.588,2.685,2.438
10106,A PONTENOVA,Lugo,43.339,-7.168,490.0,17,ssp370,far_future,rocio_fijo,35.48,23.647,12.294,380.0,4.882,6.0,47.525,98.235,49.882,20.059,66.408,4.21,3.667
10106,A PONTENOVA,Lugo,43.339,-7.168,490.0,17,ssp370,far_future,hr_fija,35.48,23.647,12.294,380.0,4.882,6.0,52.481,133.529,79.647,40.529,85.588,4.21,3.667
10106,A PONTENOVA,Lugo,43.339,-7.168,490.0,17,ssp585,near_future,rocio_fijo,33.073,11.294,1.235,166.912,4.882,6.0,45.118,72.059,32.824,13.176,76.699,1.803,1.593
10106,A PONTENOVA,Lugo,43.339,-7.168,490.0,17,ssp585,near_future,hr_fija,33.073,11.294,1.235,166.912,4.882,6.0,47.073,86.118,42.588,17.941,85.588,1.803,1.593
10106,A PONTENOVA,Lugo,43.339,-7.168,490.0,17,ssp585,medium_future,rocio_fijo,34.414,17.588,6.176,282.662,4.882,6.0,46.459,86.0,41.294,16.706,70.76,3.144,2.845
10106,A PONTENOVA,Lugo,43.339,-7.168,490.0,17,ssp585,medium_future,hr_fija,34.414,17.588,6.176,282.662,4.882,6.0,50.04,111.412,61.588,28.941,85.588,3.144,2.845
10106,A PONTENOVA,Lugo,43.339,-7.168,490.0,17,ssp585,far_future,rocio_fijo,36.877,36.765,29.118,539.469,4.882,6.0,48.922,114.059,60.529,26.471,61.153,5.607,4.784
10106,A PONTENOVA,Lugo,43.339,-7.168,490.0,17,ssp585,far_future,hr_fija,36.877,36.765,29.118,539.469,4.882,6.0,55.722,160.529,106.824,60.529,85.588,5.607,4.784
10088,ABADÍN,Lugo,43.455,-7.446,595.0,17,-,hoy,medido,28.795,2.059,0.059,27.684,4.765,8.0,38.841,23.118,7.941,2.765,88.522,,
10088,ABADÍN,Lugo,43.455,-7.446,595.0,17,ssp126,near_future,rocio_fijo,30.004,3.588,0.059,51.927,4.765,8.0,40.05,29.765,9.647,3.647,82.104,1.209,1.155
10088,ABADÍN,Lugo,43.455,-7.446,595.0,17,ssp126,near_future,hr_fija,30.004,3.588,0.059,51.927,4.765,8.0,41.224,36.235,12.588,4.588,88.522,1.209,1.155
10088,ABADÍN,Lugo,43.455,-7.446,595.0,17,ssp126,medium_future,rocio_fijo,30.655,4.353,0.118,70.722,4.765,8.0,40.701,34.353,11.588,4.294,78.866,1.86,1.713
10088,ABADÍN,Lugo,43.455,-7.446,595.0,17,ssp126,medium_future,hr_fija,30.655,4.353,0.118,70.722,4.765,8.0,42.513,44.588,16.353,5.941,88.522,1.86,1.713
10088,ABADÍN,Lugo,43.455,-7.446,595.0,17,ssp126,far_future,rocio_fijo,30.594,4.353,0.118,69.691,4.765,8.0,40.64,33.647,11.294,4.235,79.163,1.799,1.686
10088,ABADÍN,Lugo,43.455,-7.446,595.0,17,ssp126,far_future,hr_fija,30.594,4.353,0.118,69.691,4.765,8.0,42.387,43.706,16.059,5.706,88.522,1.799,1.686
10088,ABADÍN,Lugo,43.455,-7.446,595.0,17,ssp245,near_future,rocio_fijo,30.042,3.647,0.118,57.089,4.765,8.0,40.088,30.059,9.824,3.647,81.911,1.247,1.324
10088,ABADÍN,Lugo,43.455,-7.446,595.0,17,ssp245,near_future,hr_fija,30.042,3.647,0.118,57.089,4.765,8.0,41.298,36.529,12.824,4.588,88.522,1.247,1.324
10088,ABADÍN,Lugo,43.455,-7.446,595.0,17,ssp245,medium_future,rocio_fijo,30.773,4.471,0.118,87.37,4.765,8.0,40.819,35.118,11.941,4.471,78.295,1.978,2.104
10088,ABADÍN,Lugo,43.455,-7.446,595.0,17,ssp245,medium_future,hr_fija,30.773,4.471,0.118,87.37,4.765,8.0,42.757,45.824,17.294,6.412,88.522,1.978,2.104
10088,ABADÍN,Lugo,43.455,-7.446,595.0,17,ssp245,far_future,rocio_fijo,31.883,6.706,0.412,114.011,4.765,8.0,41.929,43.0,15.176,5.059,73.142,3.088,2.598
10088,ABADÍN,Lugo,43.455,-7.446,595.0,17,ssp245,far_future,hr_fija,31.883,6.706,0.412,114.011,4.765,8.0,45.072,63.941,25.706,9.353,88.522,3.088,2.598
10088,ABADÍN,Lugo,43.455,-7.446,595.0,17,ssp370,near_future,rocio_fijo,30.088,3.647,0.118,55.392,4.765,8.0,40.134,30.235,9.882,3.647,81.678,1.293,1.27
10088,ABADÍN,Lugo,43.455,-7.446,595.0,17,ssp370,near_future,hr_fija,30.088,3.647,0.118,55.392,4.765,8.0,41.388,37.235,12.941,4.588,88.522,1.293,1.27
10088,ABADÍN,Lugo,43.455,-7.446,595.0,17,ssp370,medium_future,rocio_fijo,31.009,5.0,0.118,93.166,4.765,8.0,41.055,36.765,12.529,4.529,77.166,2.214,2.223
10088,ABADÍN,Lugo,43.455,-7.446,595.0,17,ssp370,medium_future,hr_fija,31.009,5.0,0.118,93.166,4.765,8.0,43.248,49.235,18.941,7.059,88.522,2.214,2.223
10088,ABADÍN,Lugo,43.455,-7.446,595.0,17,ssp370,far_future,rocio_fijo,32.437,7.588,1.294,167.746,4.765,8.0,42.483,47.471,17.118,6.059,70.713,3.642,3.362
10088,ABADÍN,Lugo,43.455,-7.446,595.0,17,ssp370,far_future,hr_fija,32.437,7.588,1.294,167.746,4.765,8.0,46.193,74.824,32.529,11.765,88.522,3.642,3.362
10088,ABADÍN,Lugo,43.455,-7.446,595.0,17,ssp585,near_future,rocio_fijo,30.269,3.882,0.118,61.398,4.765,8.0,40.315,31.471,10.294,4.059,80.768,1.474,1.455
10088,ABADÍN,Lugo,43.455,-7.446,595.0,17,ssp585,near_future,hr_fija,30.269,3.882,0.118,61.398,4.765,8.0,41.741,39.294,14.118,4.941,88.522,1.474,1.455
10088,ABADÍN,Lugo,43.455,-7.446,595.0,17,ssp585,medium_future,rocio_fijo,31.44,5.765,0.412,114.194,4.765,8.0,41.486,39.588,13.647,4.765,75.151,2.645,2.601
10088,ABADÍN,Lugo,43.455,-7.446,595.0,17,ssp585,medium_future,hr_fija,31.44,5.765,0.412,114.194,4.765,8.0,44.159,56.059,22.235,7.941,88.522,2.645,2.601
10088,ABADÍN,Lugo,43.455,-7.446,595.0,17,ssp585,far_future,rocio_fijo,33.66,11.353,4.765,263.04,4.765,8.0,43.706,59.0,22.353,7.882,65.666,4.865,4.392
10088,ABADÍN,Lugo,43.455,-7.446,595.0,17,ssp585,far_future,hr_fija,33.66,11.353,4.765,263.04,4.765,8.0,48.87,99.353,48.235,19.824,88.522,4.865,4.392
19015,ABADÍN,Lugo,43.405,-7.502,662.0,17,-,hoy,medido,29.438,2.706,0.294,48.786,4.824,10.0,38.588,25.882,8.706,2.118,85.165,,
19015,ABADÍN,Lugo,43.405,-7.502,662.0,17,ssp126,near_future,rocio_fijo,30.71,4.647,0.882,80.207,4.824,10.0,39.86,31.471,11.059,3.059,78.704,1.272,1.192
19015,ABADÍN,Lugo,43.405,-7.502,662.0,17,ssp126,near_future,hr_fija,30.71,4.647,0.882,80.207,4.824,10.0,41.072,38.118,13.941,4.353,85.165,1.272,1.192
19015,ABADÍN,Lugo,43.405,-7.502,662.0,17,ssp126,medium_future,rocio_fijo,31.434,5.765,1.176,103.62,4.824,10.0,40.584,36.765,13.0,3.941,75.274,1.996,1.789
19015,ABADÍN,Lugo,43.405,-7.502,662.0,17,ssp126,medium_future,hr_fija,31.434,5.765,1.176,103.62,4.824,10.0,42.478,46.059,18.941,6.294,85.165,1.996,1.789
19015,ABADÍN,Lugo,43.405,-7.502,662.0,17,ssp126,far_future,rocio_fijo,31.412,5.706,1.176,102.549,4.824,10.0,40.562,36.471,13.0,3.941,75.376,1.974,1.765
19015,ABADÍN,Lugo,43.405,-7.502,662.0,17,ssp126,far_future,hr_fija,31.412,5.706,1.176,102.549,4.824,10.0,42.435,45.882,18.588,6.294,85.165,1.974,1.765
19015,ABADÍN,Lugo,43.405,-7.502,662.0,17,ssp245,near_future,rocio_fijo,30.713,4.647,0.941,85.809,4.824,10.0,39.863,31.471,11.059,3.059,78.69,1.275,1.349
19015,ABADÍN,Lugo,43.405,-7.502,662.0,17,ssp245,near_future,hr_fija,30.713,4.647,0.941,85.809,4.824,10.0,41.078,38.118,13.941,4.353,85.165,1.275,1.349
19015,ABADÍN,Lugo,43.405,-7.502,662.0,17,ssp245,medium_future,rocio_fijo,31.564,6.059,1.412,123.015,4.824,10.0,40.714,37.706,13.412,4.0,74.676,2.126,2.191
19015,ABADÍN,Lugo,43.405,-7.502,662.0,17,ssp245,medium_future,hr_fija,31.564,6.059,1.412,123.015,4.824,10.0,42.731,47.294,19.824,6.647,85.165,2.126,2.191
19015,ABADÍN,Lugo,43.405,-7.502,662.0,17,ssp245,far_future,rocio_fijo,32.793,9.235,2.118,153.799,4.824,10.0,41.943,45.412,17.824,5.588,69.279,3.355,2.729
19015,ABADÍN,Lugo,43.405,-7.502,662.0,17,ssp245,far_future,hr_fija,32.793,9.235,2.118,153.799,4.824,10.0,45.191,65.118,30.235,11.412,85.165,3.355,2.729
19015,ABADÍN,Lugo,43.405,-7.502,662.0,17,ssp370,near_future,rocio_fijo,30.758,4.824,0.941,84.064,4.824,10.0,39.908,31.765,11.176,3.235,78.472,1.32,1.301
19015,ABADÍN,Lugo,43.405,-7.502,662.0,17,ssp370,near_future,hr_fija,30.758,4.824,0.941,84.064,4.824,10.0,41.169,38.529,14.235,4.353,85.165,1.32,1.301
19015,ABADÍN,Lugo,43.405,-7.502,662.0,17,ssp370,medium_future,rocio_fijo,31.908,6.412,1.647,130.679,4.824,10.0,41.058,39.588,14.588,4.471,73.119,2.47,2.335
19015,ABADÍN,Lugo,43.405,-7.502,662.0,17,ssp370,medium_future,hr_fija,31.908,6.412,1.647,130.679,4.824,10.0,43.418,52.412,22.588,8.118,85.165,2.47,2.335
19015,ABADÍN,Lugo,43.405,-7.502,662.0,17,ssp370,far_future,rocio_fijo,33.473,11.529,4.529,211.656,4.824,10.0,42.623,50.412,20.765,6.824,66.483,4.035,3.523
19015,ABADÍN,Lugo,43.405,-7.502,662.0,17,ssp370,far_future,hr_fija,33.473,11.529,4.529,211.656,4.824,10.0,46.582,77.941,38.059,15.235,85.165,4.035,3.523
19015,ABADÍN,Lugo,43.405,-7.502,662.0,17,ssp585,near_future,rocio_fijo,30.859,5.0,1.059,91.736,4.824,10.0,40.009,32.529,11.235,3.412,77.984,1.421,1.505
19015,ABADÍN,Lugo,43.405,-7.502,662.0,17,ssp585,near_future,hr_fija,30.859,5.0,1.059,91.736,4.824,10.0,41.374,39.647,14.824,4.824,85.165,1.421,1.505
19015,ABADÍN,Lugo,43.405,-7.502,662.0,17,ssp585,medium_future,rocio_fijo,32.29,7.176,2.118,153.736,4.824,10.0,41.44,41.941,16.176,4.941,71.433,2.852,2.728
19015,ABADÍN,Lugo,43.405,-7.502,662.0,17,ssp585,medium_future,hr_fija,32.29,7.176,2.118,153.736,4.824,10.0,44.184,57.176,26.647,9.353,85.165,2.852,2.728
19015,ABADÍN,Lugo,43.405,-7.502,662.0,17,ssp585,far_future,rocio_fijo,34.78,16.647,10.118,313.896,4.824,10.0,43.93,60.882,27.353,9.294,61.457,5.342,4.617
19015,ABADÍN,Lugo,43.405,-7.502,662.0,17,ssp585,far_future,hr_fija,34.78,16.647,10.118,313.896,4.824,10.0,49.327,103.176,53.882,25.412,85.165,5.342,4.617
19024,ANTAS DE ULLA,Lugo,42.72,-7.832,647.0,17,-,hoy,medido,34.723,15.824,0.235,108.872,4.765,6.0,49.31,79.529,42.941,19.412,78.386,,
19024,ANTAS DE ULLA,Lugo,42.72,-7.832,647.0,17,ssp126,near_future,rocio_fijo,36.586,26.882,0.647,191.397,4.765,6.0,51.173,93.824,55.118,26.0,70.138,1.863,1.448
19024,ANTAS DE ULLA,Lugo,42.72,-7.832,647.0,17,ssp126,near_future,hr_fija,36.586,26.882,0.647,191.397,4.765,6.0,53.347,105.471,67.412,34.412,78.386,1.863,1.448
19024,ANTAS DE ULLA,Lugo,42.72,-7.832,647.0,17,ssp126,medium_future,rocio_fijo,37.436,33.353,1.118,245.612,4.765,6.0,52.023,100.471,61.176,29.353,66.704,2.713,2.16
19024,ANTAS DE ULLA,Lugo,42.72,-7.832,647.0,17,ssp126,medium_future,hr_fija,37.436,33.353,1.118,245.612,4.765,6.0,55.233,116.471,78.824,44.118,78.386,2.713,2.16
19024,ANTAS DE ULLA,Lugo,42.72,-7.832,647.0,17,ssp126,far_future,rocio_fijo,37.495,33.706,1.118,243.631,4.765,6.0,52.082,100.941,62.059,29.706,66.472,2.772,2.136
19024,ANTAS DE ULLA,Lugo,42.72,-7.832,647.0,17,ssp126,far_future,hr_fija,37.495,33.706,1.118,243.631,4.765,6.0,55.371,117.176,79.059,44.824,78.386,2.772,2.136
19024,ANTAS DE ULLA,Lugo,42.72,-7.832,647.0,17,ssp245,near_future,rocio_fijo,36.632,27.118,0.706,203.267,4.765,6.0,51.219,94.0,55.471,26.176,69.947,1.909,1.616
19024,ANTAS DE ULLA,Lugo,42.72,-7.832,647.0,17,ssp245,near_future,hr_fija,36.632,27.118,0.706,203.267,4.765,6.0,53.449,105.941,68.0,34.882,78.386,1.909,1.616
19024,ANTAS DE ULLA,Lugo,42.72,-7.832,647.0,17,ssp245,medium_future,rocio_fijo,37.801,36.235,1.412,285.057,4.765,6.0,52.388,104.118,64.118,31.176,65.287,3.078,2.611
19024,ANTAS DE ULLA,Lugo,42.72,-7.832,647.0,17,ssp245,medium_future,hr_fija,37.801,36.235,1.412,285.057,4.765,6.0,56.068,121.176,83.706,49.235,78.386,3.078,2.611
19024,ANTAS DE ULLA,Lugo,42.72,-7.832,647.0,17,ssp245,far_future,rocio_fijo,39.052,48.412,2.529,348.033,4.765,6.0,53.639,113.412,73.588,39.118,60.684,4.329,3.253
19024,ANTAS DE ULLA,Lugo,42.72,-7.832,647.0,17,ssp245,far_future,hr_fija,39.052,48.412,2.529,348.033,4.765,6.0,58.967,139.882,100.529,65.353,78.386,4.329,3.253
19024,ANTAS DE ULLA,Lugo,42.72,-7.832,647.0,17,ssp370,near_future,rocio_fijo,36.651,27.235,0.706,199.384,4.765,6.0,51.238,94.176,55.529,26.176,69.869,1.928,1.562
19024,ANTAS DE ULLA,Lugo,42.72,-7.832,647.0,17,ssp370,near_future,hr_fija,36.651,27.235,0.706,199.384,4.765,6.0,53.491,106.235,68.235,35.0,78.386,1.928,1.562
19024,ANTAS DE ULLA,Lugo,42.72,-7.832,647.0,17,ssp370,medium_future,rocio_fijo,38.174,39.824,1.647,305.47,4.765,6.0,52.761,107.0,68.118,33.882,63.875,3.451,2.827
19024,ANTAS DE ULLA,Lugo,42.72,-7.832,647.0,17,ssp370,medium_future,hr_fija,38.174,39.824,1.647,305.47,4.765,6.0,56.917,126.118,88.412,53.235,78.386,3.451,2.827
19024,ANTAS DE ULLA,Lugo,42.72,-7.832,647.0,17,ssp370,far_future,rocio_fijo,40.302,64.059,5.588,456.333,4.765,6.0,54.889,123.941,83.706,46.882,56.447,5.579,4.214
19024,ANTAS DE ULLA,Lugo,42.72,-7.832,647.0,17,ssp370,far_future,hr_fija,40.302,64.059,5.588,456.333,4.765,6.0,62.001,159.765,118.0,82.471,78.386,5.579,4.214
19024,ANTAS DE ULLA,Lugo,42.72,-7.832,647.0,17,ssp585,near_future,rocio_fijo,36.812,28.294,0.765,218.371,4.765,6.0,51.399,95.176,56.471,26.706,69.206,2.089,1.818
19024,ANTAS DE ULLA,Lugo,42.72,-7.832,647.0,17,ssp585,near_future,hr_fija,36.812,28.294,0.765,218.371,4.765,6.0,53.836,107.824,70.0,36.824,78.386,2.089,1.818
19024,ANTAS DE ULLA,Lugo,42.72,-7.832,647.0,17,ssp585,medium_future,rocio_fijo,38.645,44.588,2.529,349.583,4.765,6.0,53.232,110.412,70.235,36.647,62.14,3.922,3.268
19024,ANTAS DE ULLA,Lugo,42.72,-7.832,647.0,17,ssp585,medium_future,hr_fija,38.645,44.588,2.529,349.583,4.765,6.0,58.005,134.118,94.588,59.059,78.386,3.922,3.268
19024,ANTAS DE ULLA,Lugo,42.72,-7.832,647.0,17,ssp585,far_future,rocio_fijo,41.783,83.118,14.588,628.133,4.765,6.0,56.37,138.0,95.0,56.353,51.852,7.06,5.498
19024,ANTAS DE ULLA,Lugo,42.72,-7.832,647.0,17,ssp585,far_future,hr_fija,41.783,83.118,14.588,628.133,4.765,6.0,65.726,183.529,139.647,103.235,78.386,7.06,5.498
19018,BALEIRA,Lugo,43.032,-7.188,990.0,17,-,hoy,medido,30.73,4.647,1.235,86.081,6.0,11.0,39.606,45.529,14.824,2.941,81.661,,
19018,BALEIRA,Lugo,43.032,-7.188,990.0,17,ssp126,near_future,rocio_fijo,32.589,10.647,2.647,146.497,6.0,11.0,41.465,59.588,23.765,6.294,72.889,1.859,1.472
19018,BALEIRA,Lugo,43.032,-7.188,990.0,17,ssp126,near_future,hr_fija,32.589,10.647,2.647,146.497,6.0,11.0,43.052,70.824,33.0,9.824,81.661,1.859,1.472
19018,BALEIRA,Lugo,43.032,-7.188,990.0,17,ssp126,medium_future,rocio_fijo,33.459,13.765,3.706,186.95,6.0,11.0,42.335,66.706,29.235,7.882,69.152,2.729,2.18
19018,BALEIRA,Lugo,43.032,-7.188,990.0,17,ssp126,medium_future,hr_fija,33.459,13.765,3.706,186.95,6.0,11.0,44.741,82.647,44.353,15.353,81.661,2.729,2.18
19018,BALEIRA,Lugo,43.032,-7.188,990.0,17,ssp126,far_future,rocio_fijo,33.426,13.706,3.706,185.423,6.0,11.0,42.302,66.529,29.176,7.765,69.29,2.696,2.156
19018,BALEIRA,Lugo,43.032,-7.188,990.0,17,ssp126,far_future,hr_fija,33.426,13.706,3.706,185.423,6.0,11.0,44.677,82.118,44.176,15.0,81.661,2.696,2.156
19018,BALEIRA,Lugo,43.032,-7.188,990.0,17,ssp245,near_future,rocio_fijo,32.639,10.824,2.882,155.414,6.0,11.0,41.515,60.059,24.0,6.353,72.668,1.909,1.641
19018,BALEIRA,Lugo,43.032,-7.188,990.0,17,ssp245,near_future,hr_fija,32.639,10.824,2.882,155.414,6.0,11.0,43.148,71.529,33.588,9.882,81.661,1.909,1.641
19018,BALEIRA,Lugo,43.032,-7.188,990.0,17,ssp245,medium_future,rocio_fijo,33.808,15.176,4.882,218.346,6.0,11.0,42.684,69.765,31.471,8.824,67.714,3.078,2.641
19018,BALEIRA,Lugo,43.032,-7.188,990.0,17,ssp245,medium_future,hr_fija,33.808,15.176,4.882,218.346,6.0,11.0,45.429,88.412,49.882,18.824,81.661,3.078,2.641
19018,BALEIRA,Lugo,43.032,-7.188,990.0,17,ssp245,far_future,rocio_fijo,35.066,23.529,6.235,267.435,6.0,11.0,43.942,80.824,39.824,12.706,62.802,4.336,3.273
19018,BALEIRA,Lugo,43.032,-7.188,990.0,17,ssp245,far_future,hr_fija,35.066,23.529,6.235,267.435,6.0,11.0,47.965,109.765,65.882,31.0,81.661,4.336,3.273
19018,BALEIRA,Lugo,43.032,-7.188,990.0,17,ssp370,near_future,rocio_fijo,32.699,11.059,2.824,152.779,6.0,11.0,41.575,60.471,24.353,6.353,72.404,1.969,1.592
19018,BALEIRA,Lugo,43.032,-7.188,990.0,17,ssp370,near_future,hr_fija,32.699,11.059,2.824,152.779,6.0,11.0,43.264,72.294,34.412,10.353,81.661,1.969,1.592
19018,BALEIRA,Lugo,43.032,-7.188,990.0,17,ssp370,medium_future,rocio_fijo,34.232,17.412,5.235,233.085,6.0,11.0,43.108,73.412,34.0,9.706,66.012,3.502,2.84
19018,BALEIRA,Lugo,43.032,-7.188,990.0,17,ssp370,medium_future,hr_fija,34.232,17.412,5.235,233.085,6.0,11.0,46.26,94.765,55.0,22.647,81.661,3.502,2.84
19018,BALEIRA,Lugo,43.032,-7.188,990.0,17,ssp370,far_future,rocio_fijo,36.208,32.941,10.118,355.467,6.0,11.0,45.084,90.588,49.353,16.824,58.689,5.478,4.226
19018,BALEIRA,Lugo,43.032,-7.188,990.0,17,ssp370,far_future,hr_fija,36.208,32.941,10.118,355.467,6.0,11.0,50.368,126.471,82.647,46.882,81.661,5.478,4.226
19018,BALEIRA,Lugo,43.032,-7.188,990.0,17,ssp585,near_future,rocio_fijo,32.898,11.765,3.118,166.665,6.0,11.0,41.774,62.529,25.824,6.588,71.536,2.168,1.844
19018,BALEIRA,Lugo,43.032,-7.188,990.0,17,ssp585,near_future,hr_fija,32.898,11.765,3.118,166.665,6.0,11.0,43.648,75.118,37.294,11.941,81.661,2.168,1.844
19018,BALEIRA,Lugo,43.032,-7.188,990.0,17,ssp585,medium_future,rocio_fijo,34.693,20.647,6.235,269.184,6.0,11.0,43.569,77.353,37.706,11.471,64.215,3.963,3.294
19018,BALEIRA,Lugo,43.032,-7.188,990.0,17,ssp585,medium_future,hr_fija,34.693,20.647,6.235,269.184,6.0,11.0,47.191,103.353,61.059,27.412,81.661,3.963,3.294
19018,BALEIRA,Lugo,43.032,-7.188,990.0,17,ssp585,far_future,rocio_fijo,37.756,50.294,17.882,499.108,6.0,11.0,46.632,106.882,60.941,24.882,53.589,7.026,5.485
19018,BALEIRA,Lugo,43.032,-7.188,990.0,17,ssp585,far_future,hr_fija,37.756,50.294,17.882,499.108,6.0,11.0,53.67,152.529,108.235,67.353,81.661,7.026,5.485
10099,BÓVEDA,Lugo,42.648,-7.476,432.0,17,-,hoy,medido,36.375,38.941,0.0,233.424,4.765,7.0,51.897,118.412,77.529,42.588,71.29,,
10099,BÓVEDA,Lugo,42.648,-7.476,432.0,17,ssp126,near_future,rocio_fijo,38.503,63.941,1.118,388.541,4.765,7.0,54.025,135.0,94.882,56.941,62.982,2.128,1.593
10099,BÓVEDA,Lugo,42.648,-7.476,432.0,17,ssp126,near_future,hr_fija,38.503,63.941,1.118,388.541,4.765,7.0,56.595,148.176,108.941,70.471,71.29,2.128,1.593
10099,BÓVEDA,Lugo,42.648,-7.476,432.0,17,ssp126,medium_future,rocio_fijo,39.338,75.294,2.353,478.891,4.765,7.0,54.86,142.471,101.647,63.294,60.026,2.963,2.345
10099,BÓVEDA,Lugo,42.648,-7.476,432.0,17,ssp126,medium_future,hr_fija,39.338,75.294,2.353,478.891,4.765,7.0,58.517,161.176,120.353,82.294,71.29,2.963,2.345
10099,BÓVEDA,Lugo,42.648,-7.476,432.0,17,ssp126,far_future,rocio_fijo,39.333,75.059,2.353,475.598,4.765,7.0,54.855,142.471,101.647,63.235,60.043,2.958,2.319
10099,BÓVEDA,Lugo,42.648,-7.476,432.0,17,ssp126,far_future,hr_fija,39.333,75.059,2.353,475.598,4.765,7.0,58.505,161.176,120.294,82.176,71.29,2.958,2.319
10099,BÓVEDA,Lugo,42.648,-7.476,432.0,17,ssp245,near_future,rocio_fijo,38.612,65.529,1.235,409.738,4.765,7.0,54.134,135.824,96.0,57.941,62.587,2.237,1.777
10099,BÓVEDA,Lugo,42.648,-7.476,432.0,17,ssp245,near_future,hr_fija,38.612,65.529,1.235,409.738,4.765,7.0,56.842,149.706,110.824,71.765,71.29,2.237,1.777
10099,BÓVEDA,Lugo,42.648,-7.476,432.0,17,ssp245,medium_future,rocio_fijo,39.824,81.412,4.0,543.222,4.765,7.0,55.346,146.588,105.529,66.059,58.377,3.449,2.835
10099,BÓVEDA,Lugo,42.648,-7.476,432.0,17,ssp245,medium_future,hr_fija,39.824,81.412,4.0,543.222,4.765,7.0,59.707,169.118,126.176,88.824,71.29,3.449,2.835
10099,BÓVEDA,Lugo,42.648,-7.476,432.0,17,ssp245,far_future,rocio_fijo,40.974,96.824,7.0,638.661,4.765,7.0,56.496,157.176,115.588,74.294,54.675,4.599,3.509
10099,BÓVEDA,Lugo,42.648,-7.476,432.0,17,ssp245,far_future,hr_fija,40.974,96.824,7.0,638.661,4.765,7.0,62.596,187.0,143.235,106.353,71.29,4.599,3.509
10099,BÓVEDA,Lugo,42.648,-7.476,432.0,17,ssp370,near_future,rocio_fijo,38.707,66.824,1.118,403.564,4.765,7.0,54.229,137.059,96.824,58.529,62.245,2.332,1.724
10099,BÓVEDA,Lugo,42.648,-7.476,432.0,17,ssp370,near_future,hr_fija,38.707,66.824,1.118,403.564,4.765,7.0,57.054,151.118,111.941,72.941,71.29,2.332,1.724
10099,BÓVEDA,Lugo,42.648,-7.476,432.0,17,ssp370,medium_future,rocio_fijo,40.251,87.412,5.0,575.754,4.765,7.0,55.773,150.706,109.647,69.294,56.97,3.876,3.072
10099,BÓVEDA,Lugo,42.648,-7.476,432.0,17,ssp370,medium_future,hr_fija,40.251,87.412,5.0,575.754,4.765,7.0,60.785,176.412,132.059,95.529,71.29,3.876,3.072
10099,BÓVEDA,Lugo,42.648,-7.476,432.0,17,ssp370,far_future,rocio_fijo,42.349,115.824,16.412,801.139,4.765,7.0,57.871,170.647,125.294,85.471,50.593,5.974,4.545
10099,BÓVEDA,Lugo,42.648,-7.476,432.0,17,ssp370,far_future,hr_fija,42.349,115.824,16.412,801.139,4.765,7.0,66.217,206.941,164.765,124.588,71.29,5.974,4.545
10099,BÓVEDA,Lugo,42.648,-7.476,432.0,17,ssp585,near_future,rocio_fijo,38.93,69.706,1.588,436.095,4.765,7.0,54.452,139.059,98.353,60.176,61.45,2.555,1.999
10099,BÓVEDA,Lugo,42.648,-7.476,432.0,17,ssp585,near_future,hr_fija,38.93,69.706,1.588,436.095,4.765,7.0,57.556,154.412,114.941,76.118,71.29,2.555,1.999
10099,BÓVEDA,Lugo,42.648,-7.476,432.0,17,ssp585,medium_future,rocio_fijo,40.797,93.824,7.235,643.254,4.765,7.0,56.319,155.176,114.412,73.235,55.227,4.422,3.54
10099,BÓVEDA,Lugo,42.648,-7.476,432.0,17,ssp585,medium_future,hr_fija,40.797,93.824,7.235,643.254,4.765,7.0,62.16,184.529,140.412,103.176,71.29,4.422,3.54
10099,BÓVEDA,Lugo,42.648,-7.476,432.0,17,ssp585,far_future,rocio_fijo,43.936,136.353,35.529,1043.602,4.765,7.0,59.458,186.118,139.118,98.412,46.303,7.561,5.9
10099,BÓVEDA,Lugo,42.648,-7.476,432.0,17,ssp585,far_future,hr_fija,43.936,136.353,35.529,1043.602,4.765,7.0,70.524,233.0,190.294,148.176,71.29,7.561,5.9
10118,BURELA,Lugo,43.645,-7.375,421.0,17,-,hoy,medido,27.21,1.059,0.647,45.534,5.471,8.0,35.442,15.059,3.941,0.882,88.269,,
10118,BURELA,Lugo,43.645,-7.375,421.0,17,ssp126,near_future,rocio_fijo,28.221,1.529,1.412,85.866,5.471,8.0,36.453,19.176,4.882,1.235,82.884,1.011,1.068
10118,BURELA,Lugo,43.645,-7.375,421.0,17,ssp126,near_future,hr_fija,28.221,1.529,1.412,85.866,5.471,8.0,37.26,23.941,6.353,1.706,88.269,1.011,1.068
10118,BURELA,Lugo,43.645,-7.375,421.0,17,ssp126,medium_future,rocio_fijo,28.752,2.0,2.059,114.157,5.471,8.0,36.984,22.176,5.765,1.412,80.204,1.542,1.567
10118,BURELA,Lugo,43.645,-7.375,421.0,17,ssp126,medium_future,hr_fija,28.752,2.0,2.059,114.157,5.471,8.0,38.265,30.941,8.176,2.0,88.269,1.542,1.567
10118,BURELA,Lugo,43.645,-7.375,421.0,17,ssp126,far_future,rocio_fijo,28.636,1.824,2.059,112.06,5.471,8.0,36.868,21.412,5.588,1.353,80.781,1.426,1.534
10118,BURELA,Lugo,43.645,-7.375,421.0,17,ssp126,far_future,hr_fija,28.636,1.824,2.059,112.06,5.471,8.0,38.041,29.412,7.588,1.941,88.269,1.426,1.534
10118,BURELA,Lugo,43.645,-7.375,421.0,17,ssp245,near_future,rocio_fijo,28.263,1.588,1.471,94.566,5.471,8.0,36.495,19.529,4.882,1.235,82.668,1.053,1.235
10118,BURELA,Lugo,43.645,-7.375,421.0,17,ssp245,near_future,hr_fija,28.263,1.588,1.471,94.566,5.471,8.0,37.336,24.294,6.588,1.706,88.269,1.053,1.235
10118,BURELA,Lugo,43.645,-7.375,421.0,17,ssp245,medium_future,rocio_fijo,28.89,2.118,2.529,139.087,5.471,8.0,37.122,23.0,5.941,1.412,79.523,1.68,1.927
10118,BURELA,Lugo,43.645,-7.375,421.0,17,ssp245,medium_future,hr_fija,28.89,2.118,2.529,139.087,5.471,8.0,38.532,32.941,8.882,2.118,88.269,1.68,1.927
10118,BURELA,Lugo,43.645,-7.375,421.0,17,ssp245,far_future,rocio_fijo,29.749,3.0,4.588,174.983,5.471,8.0,37.981,29.529,7.529,1.824,75.43,2.539,2.369
10118,BURELA,Lugo,43.645,-7.375,421.0,17,ssp245,far_future,hr_fija,29.749,3.0,4.588,174.983,5.471,8.0,40.091,49.412,13.588,3.588,88.269,2.539,2.369
10118,BURELA,Lugo,43.645,-7.375,421.0,17,ssp370,near_future,rocio_fijo,28.309,1.588,1.471,91.617,5.471,8.0,36.541,19.765,4.941,1.235,82.433,1.099,1.18
10118,BURELA,Lugo,43.645,-7.375,421.0,17,ssp370,near_future,hr_fija,28.309,1.588,1.471,91.617,5.471,8.0,37.42,25.059,6.882,1.706,88.269,1.099,1.18
10118,BURELA,Lugo,43.645,-7.375,421.0,17,ssp370,medium_future,rocio_fijo,28.93,2.118,2.941,146.498,5.471,8.0,37.162,23.471,6.059,1.412,79.327,1.72,2.024
10118,BURELA,Lugo,43.645,-7.375,421.0,17,ssp370,medium_future,hr_fija,28.93,2.118,2.941,146.498,5.471,8.0,38.61,33.824,9.118,2.176,88.269,1.72,2.024
10118,BURELA,Lugo,43.645,-7.375,421.0,17,ssp370,far_future,rocio_fijo,30.249,4.235,9.882,245.54,5.471,8.0,38.481,34.529,8.706,2.059,73.157,3.039,3.086
10118,BURELA,Lugo,43.645,-7.375,421.0,17,ssp370,far_future,hr_fija,30.249,4.235,9.882,245.54,5.471,8.0,41.047,58.824,16.706,4.529,88.269,3.039,3.086
10118,BURELA,Lugo,43.645,-7.375,421.0,17,ssp585,near_future,rocio_fijo,28.473,1.706,1.529,100.072,5.471,8.0,36.705,20.529,5.118,1.235,81.6,1.263,1.334
10118,BURELA,Lugo,43.645,-7.375,421.0,17,ssp585,near_future,hr_fija,28.473,1.706,1.529,100.072,5.471,8.0,37.728,27.059,7.294,1.765,88.269,1.263,1.334
10118,BURELA,Lugo,43.645,-7.375,421.0,17,ssp585,medium_future,rocio_fijo,29.376,2.529,4.588,175.418,5.471,8.0,37.608,26.706,7.118,1.706,77.178,2.166,2.374
10118,BURELA,Lugo,43.645,-7.375,421.0,17,ssp585,medium_future,hr_fija,29.376,2.529,4.588,175.418,5.471,8.0,39.411,42.529,11.294,2.882,88.269,2.166,2.374
10118,BURELA,Lugo,43.645,-7.375,421.0,17,ssp585,far_future,rocio_fijo,31.218,5.588,21.824,357.912,5.471,8.0,39.45,44.706,11.588,2.765,68.968,4.008,4.008
10118,BURELA,Lugo,43.645,-7.375,421.0,17,ssp585,far_future,hr_fija,31.218,5.588,21.824,357.912,5.471,8.0,42.974,82.294,27.235,7.647,88.269,4.008,4.008
10146,CASTRO DE REI,Lugo,43.156,-7.486,428.0,17,-,hoy,medido,33.425,12.059,0.059,96.845,5.118,6.0,48.942,85.353,44.294,19.882,80.98,,
10146,CASTRO DE REI,Lugo,43.156,-7.486,428.0,17,ssp126,near_future,rocio_fijo,35.056,21.647,0.471,189.133,5.118,6.0,50.573,101.529,56.882,26.0,73.46,1.631,1.369
10146,CASTRO DE REI,Lugo,43.156,-7.486,428.0,17,ssp126,near_future,hr_fija,35.056,21.647,0.471,189.133,5.118,6.0,52.673,114.294,68.059,34.353,80.98,1.631,1.369
10146,CASTRO DE REI,Lugo,43.156,-7.486,428.0,17,ssp126,medium_future,rocio_fijo,35.84,27.765,1.412,247.484,5.118,6.0,51.357,110.0,63.412,30.118,70.128,2.415,2.027
10146,CASTRO DE REI,Lugo,43.156,-7.486,428.0,17,ssp126,medium_future,hr_fija,35.84,27.765,1.412,247.484,5.118,6.0,54.496,127.706,81.0,42.588,80.98,2.415,2.027
10146,CASTRO DE REI,Lugo,43.156,-7.486,428.0,17,ssp126,far_future,rocio_fijo,35.806,27.471,1.353,244.921,5.118,6.0,51.323,109.471,63.059,29.882,70.269,2.381,2.0
10146,CASTRO DE REI,Lugo,43.156,-7.486,428.0,17,ssp126,far_future,hr_fija,35.806,27.471,1.353,244.921,5.118,6.0,54.414,127.176,80.294,42.471,80.98,2.381,2.0
10146,CASTRO DE REI,Lugo,43.156,-7.486,428.0,17,ssp245,near_future,rocio_fijo,35.147,22.176,0.588,204.148,5.118,6.0,50.664,102.588,58.118,26.353,73.064,1.722,1.548
10146,CASTRO DE REI,Lugo,43.156,-7.486,428.0,17,ssp245,near_future,hr_fija,35.147,22.176,0.588,204.148,5.118,6.0,52.882,116.059,69.471,35.176,80.98,1.722,1.548
10146,CASTRO DE REI,Lugo,43.156,-7.486,428.0,17,ssp245,medium_future,rocio_fijo,36.14,29.412,3.059,291.582,5.118,6.0,51.657,113.118,65.471,32.118,68.898,2.715,2.47
10146,CASTRO DE REI,Lugo,43.156,-7.486,428.0,17,ssp245,medium_future,hr_fija,36.14,29.412,3.059,291.582,5.118,6.0,55.203,134.118,85.353,46.412,80.98,2.715,2.47
10146,CASTRO DE REI,Lugo,43.156,-7.486,428.0,17,ssp245,far_future,rocio_fijo,37.311,40.706,5.353,354.888,5.118,6.0,52.828,124.706,76.0,38.0,64.325,3.886,3.049
10146,CASTRO DE REI,Lugo,43.156,-7.486,428.0,17,ssp245,far_future,hr_fija,37.311,40.706,5.353,354.888,5.118,6.0,58.018,154.588,106.235,63.412,80.98,3.886,3.049
10146,CASTRO DE REI,Lugo,43.156,-7.486,428.0,17,ssp370,near_future,rocio_fijo,35.152,22.176,0.529,199.552,5.118,6.0,50.669,102.706,58.118,26.412,73.043,1.727,1.494
10146,CASTRO DE REI,Lugo,43.156,-7.486,428.0,17,ssp370,near_future,hr_fija,35.152,22.176,0.529,199.552,5.118,6.0,52.894,116.353,69.706,35.294,80.98,1.727,1.494
10146,CASTRO DE REI,Lugo,43.156,-7.486,428.0,17,ssp370,medium_future,rocio_fijo,36.481,32.765,3.412,309.319,5.118,6.0,51.998,116.706,68.353,33.529,67.529,3.056,2.638
10146,CASTRO DE REI,Lugo,43.156,-7.486,428.0,17,ssp370,medium_future,hr_fija,36.481,32.765,3.412,309.319,5.118,6.0,56.014,139.706,90.471,51.235,80.98,3.056,2.638
10146,CASTRO DE REI,Lugo,43.156,-7.486,428.0,17,ssp370,far_future,rocio_fijo,38.261,52.412,11.824,466.274,5.118,6.0,53.778,135.294,84.118,43.588,60.865,4.836,3.945
10146,CASTRO DE REI,Lugo,43.156,-7.486,428.0,17,ssp370,far_future,hr_fija,38.261,52.412,11.824,466.274,5.118,6.0,60.366,171.0,122.353,78.176,80.98,4.836,3.945
10146,CASTRO DE REI,Lugo,43.156,-7.486,428.0,17,ssp585,near_future,rocio_fijo,35.357,23.765,0.824,219.196,5.118,6.0,50.874,104.941,59.765,27.235,72.16,1.932,1.72
10146,CASTRO DE REI,Lugo,43.156,-7.486,428.0,17,ssp585,near_future,hr_fija,35.357,23.765,0.824,219.196,5.118,6.0,53.353,119.647,73.176,37.471,80.98,1.932,1.72
10146,CASTRO DE REI,Lugo,43.156,-7.486,428.0,17,ssp585,medium_future,rocio_fijo,36.935,37.235,5.529,356.962,5.118,6.0,52.452,121.294,72.529,36.118,65.755,3.51,3.067
10146,CASTRO DE REI,Lugo,43.156,-7.486,428.0,17,ssp585,medium_future,hr_fija,36.935,37.235,5.529,356.962,5.118,6.0,57.105,148.118,99.059,58.0,80.98,3.51,3.067
10146,CASTRO DE REI,Lugo,43.156,-7.486,428.0,17,ssp585,far_future,rocio_fijo,39.727,74.0,26.353,641.957,5.118,6.0,55.244,151.294,98.412,54.059,55.93,6.302,5.134
10146,CASTRO DE REI,Lugo,43.156,-7.486,428.0,17,ssp585,far_future,hr_fija,39.727,74.0,26.353,641.957,5.118,6.0,64.133,196.471,149.941,103.294,80.98,6.302,5.134
10062,CERVANTES,Lugo,42.821,-6.923,1364.0,17,-,hoy,medido,29.335,2.941,2.353,93.472,7.118,13.0,34.24,17.647,2.412,0.059,71.029,,
10062,CERVANTES,Lugo,42.821,-6.923,1364.0,17,ssp126,near_future,rocio_fijo,31.397,7.294,5.471,162.479,7.118,13.0,36.302,31.529,6.118,0.353,62.536,2.062,1.579
10062,CERVANTES,Lugo,42.821,-6.923,1364.0,17,ssp126,near_future,hr_fija,31.397,7.294,5.471,162.479,7.118,13.0,37.793,41.706,10.118,1.176,71.029,2.062,1.579
10062,CERVANTES,Lugo,42.821,-6.923,1364.0,17,ssp126,medium_future,rocio_fijo,32.176,9.706,7.353,204.475,7.118,13.0,37.081,37.647,8.235,0.647,59.629,2.841,2.315
10062,CERVANTES,Lugo,42.821,-6.923,1364.0,17,ssp126,medium_future,hr_fija,32.176,9.706,7.353,204.475,7.118,13.0,39.218,52.471,16.235,2.294,71.029,2.841,2.315
10062,CERVANTES,Lugo,42.821,-6.923,1364.0,17,ssp126,far_future,rocio_fijo,32.195,9.706,7.294,203.053,7.118,13.0,37.1,37.765,8.235,0.647,59.56,2.86,2.292
10062,CERVANTES,Lugo,42.821,-6.923,1364.0,17,ssp126,far_future,hr_fija,32.195,9.706,7.294,203.053,7.118,13.0,39.253,52.765,16.412,2.412,71.029,2.86,2.292
10062,CERVANTES,Lugo,42.821,-6.923,1364.0,17,ssp245,near_future,rocio_fijo,31.45,7.353,6.118,170.866,7.118,13.0,36.355,32.059,6.353,0.353,62.333,2.115,1.735
10062,CERVANTES,Lugo,42.821,-6.923,1364.0,17,ssp245,near_future,hr_fija,31.45,7.353,6.118,170.866,7.118,13.0,37.892,42.471,10.353,1.353,71.029,2.115,1.735
10062,CERVANTES,Lugo,42.821,-6.923,1364.0,17,ssp245,medium_future,rocio_fijo,32.712,12.765,9.0,235.65,7.118,13.0,37.617,42.529,10.0,0.882,57.718,3.377,2.795
10062,CERVANTES,Lugo,42.821,-6.923,1364.0,17,ssp245,medium_future,hr_fija,32.712,12.765,9.0,235.65,7.118,13.0,40.204,59.941,20.706,3.765,71.029,3.377,2.795
10062,CERVANTES,Lugo,42.821,-6.923,1364.0,17,ssp245,far_future,rocio_fijo,33.756,18.529,12.176,285.324,7.118,13.0,38.661,51.471,14.471,1.824,54.189,4.421,3.476
10062,CERVANTES,Lugo,42.821,-6.923,1364.0,17,ssp245,far_future,hr_fija,33.756,18.529,12.176,285.324,7.118,13.0,42.158,73.529,34.588,7.471,71.029,4.421,3.476
10062,CERVANTES,Lugo,42.821,-6.923,1364.0,17,ssp370,near_future,rocio_fijo,31.528,7.765,5.824,168.799,7.118,13.0,36.433,32.588,6.471,0.353,62.036,2.193,1.697
10062,CERVANTES,Lugo,42.821,-6.923,1364.0,17,ssp370,near_future,hr_fija,31.528,7.765,5.824,168.799,7.118,13.0,38.041,43.647,10.706,1.412,71.029,2.193,1.697
10062,CERVANTES,Lugo,42.821,-6.923,1364.0,17,ssp370,medium_future,rocio_fijo,33.179,15.471,9.941,253.169,7.118,13.0,38.084,46.176,11.824,1.471,56.108,3.844,3.046
10062,CERVANTES,Lugo,42.821,-6.923,1364.0,17,ssp370,medium_future,hr_fija,33.179,15.471,9.941,253.169,7.118,13.0,41.073,66.235,26.176,5.588,71.029,3.844,3.046
10062,CERVANTES,Lugo,42.821,-6.923,1364.0,17,ssp370,far_future,rocio_fijo,35.13,30.059,17.471,372.587,7.118,13.0,40.035,63.353,22.353,3.647,49.909,5.795,4.508
10062,CERVANTES,Lugo,42.821,-6.923,1364.0,17,ssp370,far_future,hr_fija,35.13,30.059,17.471,372.587,7.118,13.0,44.642,95.294,52.824,17.647,71.029,5.795,4.508
10062,CERVANTES,Lugo,42.821,-6.923,1364.0,17,ssp585,near_future,rocio_fijo,31.8,8.353,6.824,184.277,7.118,13.0,36.705,34.647,7.0,0.412,61.013,2.465,1.975
10062,CERVANTES,Lugo,42.821,-6.923,1364.0,17,ssp585,near_future,hr_fija,31.8,8.353,6.824,184.277,7.118,13.0,38.536,47.588,13.118,1.765,71.029,2.465,1.975
10062,CERVANTES,Lugo,42.821,-6.923,1364.0,17,ssp585,medium_future,rocio_fijo,33.689,18.0,12.529,288.908,7.118,13.0,38.594,51.118,14.176,1.765,54.408,4.354,3.522
10062,CERVANTES,Lugo,42.821,-6.923,1364.0,17,ssp585,medium_future,hr_fija,33.689,18.0,12.529,288.908,7.118,13.0,42.032,72.882,33.294,7.118,71.029,4.354,3.522
10062,CERVANTES,Lugo,42.821,-6.923,1364.0,17,ssp585,far_future,rocio_fijo,36.689,45.471,26.529,505.872,7.118,13.0,41.594,76.294,33.706,6.765,45.508,7.354,5.809
10062,CERVANTES,Lugo,42.821,-6.923,1364.0,17,ssp585,far_future,hr_fija,36.689,45.471,26.529,505.872,7.118,13.0,47.722,118.882,74.412,36.353,71.029,7.354,5.809
10202,CHANTADA,Lugo,42.67,-7.888,842.0,16,-,hoy,medido,31.434,5.562,0.5,80.374,5.062,9.0,41.74,46.438,20.188,5.562,80.7,,
10202,CHANTADA,Lugo,42.67,-7.888,842.0,16,ssp126,near_future,rocio_fijo,33.284,12.312,1.375,138.064,5.062,9.0,43.59,59.25,28.312,8.625,72.114,1.85,1.448
10202,CHANTADA,Lugo,42.67,-7.888,842.0,16,ssp126,near_future,hr_fija,33.284,12.312,1.375,138.064,5.062,9.0,45.392,70.688,36.75,14.312,80.7,1.85,1.448
10202,CHANTADA,Lugo,42.67,-7.888,842.0,16,ssp126,medium_future,rocio_fijo,34.136,16.125,1.938,177.871,5.062,9.0,44.442,66.562,33.062,11.938,68.509,2.702,2.158
10202,CHANTADA,Lugo,42.67,-7.888,842.0,16,ssp126,medium_future,hr_fija,34.136,16.125,1.938,177.871,5.062,9.0,47.042,82.562,45.5,20.5,80.7,2.702,2.158
10202,CHANTADA,Lugo,42.67,-7.888,842.0,16,ssp126,far_future,rocio_fijo,34.203,16.438,1.875,176.364,5.062,9.0,44.509,67.062,33.562,12.062,68.234,2.769,2.134
10202,CHANTADA,Lugo,42.67,-7.888,842.0,16,ssp126,far_future,hr_fija,34.203,16.438,1.875,176.364,5.062,9.0,47.172,83.75,46.438,21.25,80.7,2.769,2.134
10202,CHANTADA,Lugo,42.67,-7.888,842.0,16,ssp245,near_future,rocio_fijo,33.322,12.438,1.5,146.674,5.062,9.0,43.628,59.438,28.625,8.625,71.948,1.888,1.616
10202,CHANTADA,Lugo,42.67,-7.888,842.0,16,ssp245,near_future,hr_fija,33.322,12.438,1.5,146.674,5.062,9.0,45.462,71.5,37.125,14.438,80.7,1.888,1.616
10202,CHANTADA,Lugo,42.67,-7.888,842.0,16,ssp245,medium_future,rocio_fijo,34.519,18.688,2.688,208.036,5.062,9.0,44.825,69.875,35.375,13.312,66.955,3.085,2.609
10202,CHANTADA,Lugo,42.67,-7.888,842.0,16,ssp245,medium_future,hr_fija,34.519,18.688,2.688,208.036,5.062,9.0,47.853,87.812,49.875,23.375,80.7,3.085,2.609
10202,CHANTADA,Lugo,42.67,-7.888,842.0,16,ssp245,far_future,rocio_fijo,35.751,25.938,3.438,257.326,5.062,9.0,46.057,80.125,42.688,17.188,62.219,4.317,3.253
10202,CHANTADA,Lugo,42.67,-7.888,842.0,16,ssp245,far_future,hr_fija,35.751,25.938,3.438,257.326,5.062,9.0,50.627,105.188,66.125,35.188,80.7,4.317,3.253
10202,CHANTADA,Lugo,42.67,-7.888,842.0,16,ssp370,near_future,rocio_fijo,33.334,12.438,1.5,144.075,5.062,9.0,43.64,59.438,28.625,8.688,71.896,1.9,1.566
10202,CHANTADA,Lugo,42.67,-7.888,842.0,16,ssp370,near_future,hr_fija,33.334,12.438,1.5,144.075,5.062,9.0,45.484,71.625,37.25,14.5,80.7,1.9,1.566
10202,CHANTADA,Lugo,42.67,-7.888,842.0,16,ssp370,medium_future,rocio_fijo,34.876,20.938,2.812,224.145,5.062,9.0,45.182,73.0,37.688,14.312,65.542,3.442,2.831
10202,CHANTADA,Lugo,42.67,-7.888,842.0,16,ssp370,medium_future,hr_fija,34.876,20.938,2.812,224.145,5.062,9.0,48.647,92.438,53.875,26.438,80.7,3.442,2.831
10202,CHANTADA,Lugo,42.67,-7.888,842.0,16,ssp370,far_future,rocio_fijo,37.034,37.125,6.25,345.226,5.062,9.0,47.34,90.812,50.25,22.438,57.684,5.6,4.214
10202,CHANTADA,Lugo,42.67,-7.888,842.0,16,ssp370,far_future,hr_fija,37.034,37.125,6.25,345.226,5.062,9.0,53.597,125.5,84.938,49.188,80.7,5.6,4.214
10202,CHANTADA,Lugo,42.67,-7.888,842.0,16,ssp585,near_future,rocio_fijo,33.495,13.25,1.625,158.001,5.062,9.0,43.801,61.0,29.438,9.25,71.201,2.061,1.825
10202,CHANTADA,Lugo,42.67,-7.888,842.0,16,ssp585,near_future,hr_fija,33.495,13.25,1.625,158.001,5.062,9.0,45.782,73.625,39.0,15.75,80.7,2.061,1.825
10202,CHANTADA,Lugo,42.67,-7.888,842.0,16,ssp585,medium_future,rocio_fijo,35.34,23.5,3.438,258.824,5.062,9.0,45.646,76.938,40.312,15.375,63.755,3.906,3.271
10202,CHANTADA,Lugo,42.67,-7.888,842.0,16,ssp585,medium_future,hr_fija,35.34,23.5,3.438,258.824,5.062,9.0,49.691,99.688,60.5,30.938,80.7,3.906,3.271
10202,CHANTADA,Lugo,42.67,-7.888,842.0,16,ssp585,far_future,rocio_fijo,38.49,52.062,12.75,489.631,5.062,9.0,48.796,103.312,61.0,29.375,52.982,7.056,5.495
10202,CHANTADA,Lugo,42.67,-7.888,842.0,16,ssp585,far_future,hr_fija,38.49,52.062,12.75,489.631,5.062,9.0,57.145,148.688,105.0,68.5,80.7,7.056,5.495
19021,CHANTADA,Lugo,42.614,-7.718,391.0,17,-,hoy,medido,35.148,28.059,0.235,219.446,5.235,9.0,50.56,105.647,64.0,32.941,72.94,,
19021,CHANTADA,Lugo,42.614,-7.718,391.0,17,ssp126,near_future,rocio_fijo,37.159,47.471,2.706,367.408,5.235,9.0,52.571,123.118,80.412,45.0,64.817,2.011,1.532
19021,CHANTADA,Lugo,42.614,-7.718,391.0,17,ssp126,near_future,hr_fija,37.159,47.471,2.706,367.408,5.235,9.0,55.049,135.647,95.471,56.294,72.94,2.011,1.532
19021,CHANTADA,Lugo,42.614,-7.718,391.0,17,ssp126,medium_future,rocio_fijo,38.022,57.353,4.882,455.085,5.235,9.0,53.434,130.588,87.941,49.941,61.649,2.874,2.266
19021,CHANTADA,Lugo,42.614,-7.718,391.0,17,ssp126,medium_future,hr_fija,38.022,57.353,4.882,455.085,5.235,9.0,57.078,148.941,106.765,67.706,72.94,2.874,2.266
19021,CHANTADA,Lugo,42.614,-7.718,391.0,17,ssp126,far_future,rocio_fijo,38.033,57.471,4.824,451.819,5.235,9.0,53.445,130.765,87.941,50.059,61.609,2.885,2.24
19021,CHANTADA,Lugo,42.614,-7.718,391.0,17,ssp126,far_future,hr_fija,38.033,57.471,4.824,451.819,5.235,9.0,57.104,149.176,106.824,67.882,72.94,2.885,2.24
19021,CHANTADA,Lugo,42.614,-7.718,391.0,17,ssp245,near_future,rocio_fijo,37.242,48.118,3.059,388.075,5.235,9.0,52.654,123.647,81.176,45.412,64.505,2.094,1.713
19021,CHANTADA,Lugo,42.614,-7.718,391.0,17,ssp245,near_future,hr_fija,37.242,48.118,3.059,388.075,5.235,9.0,55.242,136.941,96.706,57.0,72.94,2.094,1.713
19021,CHANTADA,Lugo,42.614,-7.718,391.0,17,ssp245,medium_future,rocio_fijo,38.431,62.412,8.176,517.222,5.235,9.0,53.843,134.412,92.529,53.471,60.208,3.283,2.739
19021,CHANTADA,Lugo,42.614,-7.718,391.0,17,ssp245,medium_future,hr_fija,38.431,62.412,8.176,517.222,5.235,9.0,58.057,155.294,113.294,73.824,72.94,3.283,2.739
19021,CHANTADA,Lugo,42.614,-7.718,391.0,17,ssp245,far_future,rocio_fijo,39.631,79.059,14.941,611.212,5.235,9.0,55.043,145.824,101.529,60.353,56.196,4.483,3.4
19021,CHANTADA,Lugo,42.614,-7.718,391.0,17,ssp245,far_future,hr_fija,39.631,79.059,14.941,611.212,5.235,9.0,60.992,175.882,130.529,92.294,72.94,4.483,3.4
19021,CHANTADA,Lugo,42.614,-7.718,391.0,17,ssp370,near_future,rocio_fijo,37.302,48.824,2.824,381.848,5.235,9.0,52.714,123.824,81.765,45.765,64.28,2.154,1.659
19021,CHANTADA,Lugo,42.614,-7.718,391.0,17,ssp370,near_future,hr_fija,37.302,48.824,2.824,381.848,5.235,9.0,55.382,137.941,97.176,57.941,72.94,2.154,1.659
19021,CHANTADA,Lugo,42.614,-7.718,391.0,17,ssp370,medium_future,rocio_fijo,38.845,68.118,10.118,549.164,5.235,9.0,54.257,138.118,96.471,55.294,58.789,3.697,2.97
19021,CHANTADA,Lugo,42.614,-7.718,391.0,17,ssp370,medium_future,hr_fija,38.845,68.118,10.118,549.164,5.235,9.0,59.059,162.235,118.941,79.647,72.94,3.697,2.97
19021,CHANTADA,Lugo,42.614,-7.718,391.0,17,ssp370,far_future,rocio_fijo,40.955,97.706,28.529,768.932,5.235,9.0,56.367,157.824,113.0,70.882,52.116,5.807,4.403
19021,CHANTADA,Lugo,42.614,-7.718,391.0,17,ssp370,far_future,hr_fija,40.955,97.706,28.529,768.932,5.235,9.0,64.323,197.765,151.824,111.294,72.94,5.807,4.403
19021,CHANTADA,Lugo,42.614,-7.718,391.0,17,ssp585,near_future,rocio_fijo,37.504,51.294,3.471,413.353,5.235,9.0,52.916,126.294,83.059,47.118,63.529,2.356,1.927
19021,CHANTADA,Lugo,42.614,-7.718,391.0,17,ssp585,near_future,hr_fija,37.504,51.294,3.471,413.353,5.235,9.0,55.855,141.0,99.235,59.941,72.94,2.356,1.927
19021,CHANTADA,Lugo,42.614,-7.718,391.0,17,ssp585,medium_future,rocio_fijo,39.348,75.059,15.059,615.221,5.235,9.0,54.76,143.059,99.412,58.706,57.115,4.2,3.427
19021,CHANTADA,Lugo,42.614,-7.718,391.0,17,ssp585,medium_future,hr_fija,39.348,75.059,15.059,615.221,5.235,9.0,60.291,170.176,126.765,87.529,72.94,4.2,3.427
19021,CHANTADA,Lugo,42.614,-7.718,391.0,17,ssp585,far_future,rocio_fijo,42.497,117.647,52.294,1007.028,5.235,9.0,57.909,174.471,126.176,83.0,47.78,7.349,5.734
19021,CHANTADA,Lugo,42.614,-7.718,391.0,17,ssp585,far_future,hr_fija,42.497,117.647,52.294,1007.028,5.235,9.0,68.39,223.882,178.0,134.059,72.94,7.349,5.734
10168,COSPEITO,Lugo,43.24,-7.555,408.0,8,-,hoy,medido,33.552,11.875,0.0,78.056,3.25,7.0,50.308,70.5,38.125,18.375,84.393,,
10168,COSPEITO,Lugo,43.24,-7.555,408.0,8,ssp126,near_future,rocio_fijo,35.127,17.5,0.25,149.904,3.25,7.0,51.883,85.5,47.625,22.625,76.799,1.575,1.347
10168,COSPEITO,Lugo,43.24,-7.555,408.0,8,ssp126,near_future,hr_fija,35.127,17.5,0.25,149.904,3.25,7.0,53.944,95.625,55.75,29.625,84.393,1.575,1.347
10168,COSPEITO,Lugo,43.24,-7.555,408.0,8,ssp126,medium_future,rocio_fijo,35.89,22.5,1.125,197.144,3.25,7.0,52.646,91.625,52.0,26.125,73.399,2.338,1.99
10168,COSPEITO,Lugo,43.24,-7.555,408.0,8,ssp126,medium_future,hr_fija,35.89,22.5,1.125,197.144,3.25,7.0,55.766,109.625,66.125,36.375,84.393,2.338,1.99
10168,COSPEITO,Lugo,43.24,-7.555,408.0,8,ssp126,far_future,rocio_fijo,35.863,22.25,1.0,194.903,3.25,7.0,52.619,91.5,51.875,26.125,73.516,2.311,1.962
10168,COSPEITO,Lugo,43.24,-7.555,408.0,8,ssp126,far_future,hr_fija,35.863,22.25,1.0,194.903,3.25,7.0,55.701,109.25,66.0,36.0,84.393,2.311,1.962
10168,COSPEITO,Lugo,43.24,-7.555,408.0,8,ssp245,near_future,rocio_fijo,35.209,18.375,0.375,162.431,3.25,7.0,51.965,86.375,48.0,23.125,76.425,1.657,1.529
10168,COSPEITO,Lugo,43.24,-7.555,408.0,8,ssp245,near_future,hr_fija,35.209,18.375,0.375,162.431,3.25,7.0,54.138,97.375,57.125,30.0,84.393,1.657,1.529
10168,COSPEITO,Lugo,43.24,-7.555,408.0,8,ssp245,medium_future,rocio_fijo,36.181,24.25,1.625,233.585,3.25,7.0,52.937,94.5,53.5,27.25,72.147,2.629,2.428
10168,COSPEITO,Lugo,43.24,-7.555,408.0,8,ssp245,medium_future,hr_fija,36.181,24.25,1.625,233.585,3.25,7.0,56.471,113.25,69.5,39.5,84.393,2.629,2.428
10168,COSPEITO,Lugo,43.24,-7.555,408.0,8,ssp245,far_future,rocio_fijo,37.369,33.125,3.25,286.069,3.25,7.0,54.125,107.25,62.625,32.875,67.28,3.817,2.997
10168,COSPEITO,Lugo,43.24,-7.555,408.0,8,ssp245,far_future,hr_fija,37.369,33.125,3.25,286.069,3.25,7.0,59.408,133.75,87.875,52.125,84.393,3.817,2.997
10168,COSPEITO,Lugo,43.24,-7.555,408.0,8,ssp370,near_future,rocio_fijo,35.207,18.375,0.375,158.65,3.25,7.0,51.963,86.375,48.0,23.125,76.434,1.655,1.475
10168,COSPEITO,Lugo,43.24,-7.555,408.0,8,ssp370,near_future,hr_fija,35.207,18.375,0.375,158.65,3.25,7.0,54.133,97.375,57.0,30.0,84.393,1.655,1.475
10168,COSPEITO,Lugo,43.24,-7.555,408.0,8,ssp370,medium_future,rocio_fijo,36.502,25.875,1.875,248.063,3.25,7.0,53.258,98.0,56.125,28.25,70.794,2.95,2.592
10168,COSPEITO,Lugo,43.24,-7.555,408.0,8,ssp370,medium_future,hr_fija,36.502,25.875,1.875,248.063,3.25,7.0,57.256,119.125,74.75,42.75,84.393,2.95,2.592
10168,COSPEITO,Lugo,43.24,-7.555,408.0,8,ssp370,far_future,rocio_fijo,38.278,40.75,8.125,377.923,3.25,7.0,55.034,115.375,67.75,36.875,63.806,4.726,3.879
10168,COSPEITO,Lugo,43.24,-7.555,408.0,8,ssp370,far_future,hr_fija,38.278,40.75,8.125,377.923,3.25,7.0,61.65,150.25,103.625,64.5,84.393,4.726,3.879
10168,COSPEITO,Lugo,43.24,-7.555,408.0,8,ssp585,near_future,rocio_fijo,35.402,19.25,0.625,174.618,3.25,7.0,52.158,87.375,49.0,23.625,75.553,1.85,1.697
10168,COSPEITO,Lugo,43.24,-7.555,408.0,8,ssp585,near_future,hr_fija,35.402,19.25,0.625,174.618,3.25,7.0,54.596,100.5,59.375,31.875,84.393,1.85,1.697
10168,COSPEITO,Lugo,43.24,-7.555,408.0,8,ssp585,medium_future,rocio_fijo,36.957,29.75,3.25,287.914,3.25,7.0,53.713,102.25,59.25,30.75,68.925,3.405,3.016
10168,COSPEITO,Lugo,43.24,-7.555,408.0,8,ssp585,medium_future,hr_fija,36.957,29.75,3.25,287.914,3.25,7.0,58.38,125.875,82.25,47.75,84.393,3.405,3.016
10168,COSPEITO,Lugo,43.24,-7.555,408.0,8,ssp585,far_future,rocio_fijo,39.708,55.625,17.75,523.753,3.25,7.0,56.464,129.75,81.875,44.875,58.742,6.156,5.053
10168,COSPEITO,Lugo,43.24,-7.555,408.0,8,ssp585,far_future,hr_fija,39.708,55.625,17.75,523.753,3.25,7.0,65.462,175.25,127.625,85.25,84.393,6.156,5.053
10102,FOLGOSO DO COUREL,Lugo,42.595,-7.192,777.0,17,-,hoy,medido,34.902,26.824,2.0,210.158,6.059,5.0,45.913,83.294,49.529,20.235,68.853,,
10102,FOLGOSO DO COUREL,Lugo,42.595,-7.192,777.0,17,ssp126,near_future,rocio_fijo,37.021,46.824,4.588,342.123,6.059,5.0,48.032,100.941,63.353,31.0,60.737,2.119,1.61
10102,FOLGOSO DO COUREL,Lugo,42.595,-7.192,777.0,17,ssp126,near_future,hr_fija,37.021,46.824,4.588,342.123,6.059,5.0,50.227,110.882,74.471,41.529,68.853,2.119,1.61
10102,FOLGOSO DO COUREL,Lugo,42.595,-7.192,777.0,17,ssp126,medium_future,rocio_fijo,37.817,54.647,6.647,418.019,6.059,5.0,48.828,106.941,69.353,35.824,57.971,2.915,2.357
10102,FOLGOSO DO COUREL,Lugo,42.595,-7.192,777.0,17,ssp126,medium_future,hr_fija,37.817,54.647,6.647,418.019,6.059,5.0,51.987,121.824,83.0,51.588,68.853,2.915,2.357
10102,FOLGOSO DO COUREL,Lugo,42.595,-7.192,777.0,17,ssp126,far_future,rocio_fijo,37.826,54.765,6.529,415.531,6.059,5.0,48.837,107.0,69.471,35.882,57.941,2.924,2.334
10102,FOLGOSO DO COUREL,Lugo,42.595,-7.192,777.0,17,ssp126,far_future,hr_fija,37.826,54.765,6.529,415.531,6.059,5.0,52.008,122.0,83.0,51.647,68.853,2.924,2.334
10102,FOLGOSO DO COUREL,Lugo,42.595,-7.192,777.0,17,ssp245,near_future,rocio_fijo,37.096,47.412,5.059,357.963,6.059,5.0,48.107,101.412,63.824,31.588,60.47,2.194,1.774
10102,FOLGOSO DO COUREL,Lugo,42.595,-7.192,777.0,17,ssp245,near_future,hr_fija,37.096,47.412,5.059,357.963,6.059,5.0,50.384,112.118,75.412,42.588,68.853,2.194,1.774
10102,FOLGOSO DO COUREL,Lugo,42.595,-7.192,777.0,17,ssp245,medium_future,rocio_fijo,38.352,60.412,9.176,472.857,6.059,5.0,49.363,110.941,72.824,39.118,56.193,3.45,2.844
10102,FOLGOSO DO COUREL,Lugo,42.595,-7.192,777.0,17,ssp245,medium_future,hr_fija,38.352,60.412,9.176,472.857,6.059,5.0,53.132,129.412,90.294,57.588,68.853,3.45,2.844
10102,FOLGOSO DO COUREL,Lugo,42.595,-7.192,777.0,17,ssp245,far_future,rocio_fijo,39.43,71.706,11.471,557.933,6.059,5.0,50.441,120.235,80.294,46.412,52.792,4.528,3.536
10102,FOLGOSO DO COUREL,Lugo,42.595,-7.192,777.0,17,ssp245,far_future,hr_fija,39.43,71.706,11.471,557.933,6.059,5.0,55.586,143.529,105.353,70.706,68.853,4.528,3.536
10102,FOLGOSO DO COUREL,Lugo,42.595,-7.192,777.0,17,ssp370,near_future,rocio_fijo,37.175,47.941,4.882,354.062,6.059,5.0,48.186,102.059,64.529,32.118,60.191,2.273,1.734
10102,FOLGOSO DO COUREL,Lugo,42.595,-7.192,777.0,17,ssp370,near_future,hr_fija,37.175,47.941,4.882,354.062,6.059,5.0,50.559,113.294,76.529,43.647,68.853,2.273,1.734
10102,FOLGOSO DO COUREL,Lugo,42.595,-7.192,777.0,17,ssp370,medium_future,rocio_fijo,38.837,65.176,10.118,503.706,6.059,5.0,49.848,115.294,76.353,42.118,54.633,3.935,3.103
10102,FOLGOSO DO COUREL,Lugo,42.595,-7.192,777.0,17,ssp370,medium_future,hr_fija,38.837,65.176,10.118,503.706,6.059,5.0,54.194,135.294,97.471,63.176,68.853,3.935,3.103
10102,FOLGOSO DO COUREL,Lugo,42.595,-7.192,777.0,17,ssp370,far_future,rocio_fijo,40.85,89.0,18.765,702.843,6.059,5.0,51.861,132.765,90.294,56.176,48.662,5.948,4.583
10102,FOLGOSO DO COUREL,Lugo,42.595,-7.192,777.0,17,ssp370,far_future,hr_fija,40.85,89.0,18.765,702.843,6.059,5.0,58.925,163.0,124.0,87.059,68.853,5.948,4.583
10102,FOLGOSO DO COUREL,Lugo,42.595,-7.192,777.0,17,ssp585,near_future,rocio_fijo,37.407,50.706,5.824,382.478,6.059,5.0,48.418,103.529,66.235,33.0,59.378,2.505,2.019
10102,FOLGOSO DO COUREL,Lugo,42.595,-7.192,777.0,17,ssp585,near_future,hr_fija,37.407,50.706,5.824,382.478,6.059,5.0,51.081,116.471,78.941,46.647,68.853,2.505,2.019
10102,FOLGOSO DO COUREL,Lugo,42.595,-7.192,777.0,17,ssp585,medium_future,rocio_fijo,39.333,70.647,11.529,563.143,6.059,5.0,50.344,119.412,79.941,45.824,53.088,4.431,3.576
10102,FOLGOSO DO COUREL,Lugo,42.595,-7.192,777.0,17,ssp585,medium_future,hr_fija,39.333,70.647,11.529,563.143,6.059,5.0,55.356,142.294,103.882,69.471,68.853,4.431,3.576
10102,FOLGOSO DO COUREL,Lugo,42.595,-7.192,777.0,17,ssp585,far_future,rocio_fijo,42.371,105.706,34.118,915.708,6.059,5.0,53.382,144.765,103.294,66.059,44.638,7.469,5.92
10102,FOLGOSO DO COUREL,Lugo,42.595,-7.192,777.0,17,ssp585,far_future,hr_fija,42.371,105.706,34.118,915.708,6.059,5.0,62.492,185.647,143.882,108.059,68.853,7.469,5.92
10103,FOZ,Lugo,43.558,-7.278,73.0,17,-,hoy,medido,27.915,0.941,0.294,89.425,3.0,5.0,38.367,44.235,9.529,2.0,83.787,,
10103,FOZ,Lugo,43.558,-7.278,73.0,17,ssp126,near_future,rocio_fijo,28.938,1.882,1.588,178.286,3.0,5.0,39.39,57.824,12.529,2.941,78.719,1.023,1.098
10103,FOZ,Lugo,43.558,-7.278,73.0,17,ssp126,near_future,hr_fija,28.938,1.882,1.588,178.286,3.0,5.0,40.31,68.647,16.588,4.059,83.787,1.023,1.098
10103,FOZ,Lugo,43.558,-7.278,73.0,17,ssp126,medium_future,rocio_fijo,29.463,2.529,3.765,229.803,3.0,5.0,39.915,65.353,14.353,3.471,76.252,1.548,1.597
10103,FOZ,Lugo,43.558,-7.278,73.0,17,ssp126,medium_future,hr_fija,29.463,2.529,3.765,229.803,3.0,5.0,41.351,82.118,23.235,5.176,83.787,1.548,1.597
10103,FOZ,Lugo,43.558,-7.278,73.0,17,ssp126,far_future,rocio_fijo,29.326,2.353,3.706,225.891,3.0,5.0,39.778,63.059,13.529,3.412,76.887,1.411,1.561
10103,FOZ,Lugo,43.558,-7.278,73.0,17,ssp126,far_future,hr_fija,29.326,2.353,3.706,225.891,3.0,5.0,41.073,78.765,21.0,5.059,83.787,1.411,1.561
10103,FOZ,Lugo,43.558,-7.278,73.0,17,ssp245,near_future,rocio_fijo,28.986,2.0,2.294,195.154,3.0,5.0,39.438,58.353,12.588,3.059,78.49,1.071,1.268
10103,FOZ,Lugo,43.558,-7.278,73.0,17,ssp245,near_future,hr_fija,28.986,2.0,2.294,195.154,3.0,5.0,40.403,70.471,17.059,4.235,83.787,1.071,1.268
10103,FOZ,Lugo,43.558,-7.278,73.0,17,ssp245,medium_future,rocio_fijo,29.663,2.765,6.412,270.826,3.0,5.0,40.115,68.0,15.647,3.765,75.336,1.748,1.958
10103,FOZ,Lugo,43.558,-7.278,73.0,17,ssp245,medium_future,hr_fija,29.663,2.765,6.412,270.826,3.0,5.0,41.759,86.471,26.294,5.882,83.787,1.748,1.958
10103,FOZ,Lugo,43.558,-7.278,73.0,17,ssp245,far_future,rocio_fijo,30.398,4.529,10.588,325.297,3.0,5.0,40.85,78.706,20.0,4.706,72.072,2.483,2.398
10103,FOZ,Lugo,43.558,-7.278,73.0,17,ssp245,far_future,hr_fija,30.398,4.529,10.588,325.297,3.0,5.0,43.281,104.529,39.824,9.0,83.787,2.483,2.398
10103,FOZ,Lugo,43.558,-7.278,73.0,17,ssp370,near_future,rocio_fijo,29.051,2.235,2.176,189.612,3.0,5.0,39.503,59.176,12.706,3.059,78.18,1.136,1.213
10103,FOZ,Lugo,43.558,-7.278,73.0,17,ssp370,near_future,hr_fija,29.051,2.235,2.176,189.612,3.0,5.0,40.529,72.059,17.706,4.471,83.787,1.136,1.213
10103,FOZ,Lugo,43.558,-7.278,73.0,17,ssp370,medium_future,rocio_fijo,29.635,2.765,7.471,282.788,3.0,5.0,40.087,67.647,15.235,3.706,75.463,1.72,2.058
10103,FOZ,Lugo,43.558,-7.278,73.0,17,ssp370,medium_future,hr_fija,29.635,2.765,7.471,282.788,3.0,5.0,41.702,85.941,26.059,5.706,83.787,1.72,2.058
10103,FOZ,Lugo,43.558,-7.278,73.0,17,ssp370,far_future,rocio_fijo,30.967,5.647,20.0,426.29,3.0,5.0,41.419,86.765,24.471,5.118,69.654,3.052,3.128
10103,FOZ,Lugo,43.558,-7.278,73.0,17,ssp370,far_future,hr_fija,30.967,5.647,20.0,426.29,3.0,5.0,44.479,117.824,52.353,12.353,83.787,3.052,3.128
10103,FOZ,Lugo,43.558,-7.278,73.0,17,ssp585,near_future,rocio_fijo,29.227,2.294,2.647,205.096,3.0,5.0,39.679,61.353,13.118,3.353,77.35,1.312,1.365
10103,FOZ,Lugo,43.558,-7.278,73.0,17,ssp585,near_future,hr_fija,29.227,2.294,2.647,205.096,3.0,5.0,40.873,76.118,19.706,4.824,83.787,1.312,1.365
10103,FOZ,Lugo,43.558,-7.278,73.0,17,ssp585,medium_future,rocio_fijo,30.101,3.941,10.588,326.722,3.0,5.0,40.553,74.824,18.0,4.353,73.371,2.186,2.409
10103,FOZ,Lugo,43.558,-7.278,73.0,17,ssp585,medium_future,hr_fija,30.101,3.941,10.588,326.722,3.0,5.0,42.663,98.235,33.941,7.529,83.787,2.186,2.409
10103,FOZ,Lugo,43.558,-7.278,73.0,17,ssp585,far_future,rocio_fijo,31.907,8.882,35.471,572.784,3.0,5.0,42.359,100.471,33.235,7.0,65.857,3.992,4.048
10103,FOZ,Lugo,43.558,-7.278,73.0,17,ssp585,far_future,hr_fija,31.907,8.882,35.471,572.784,3.0,5.0,46.467,140.882,74.529,21.706,83.787,3.992,4.048
10101,FRIOL,Lugo,43.037,-7.893,731.0,17,-,hoy,medido,31.115,5.882,0.588,70.758,5.882,8.0,42.064,52.647,22.294,6.882,82.902,,
10101,FRIOL,Lugo,43.037,-7.893,731.0,17,ssp126,near_future,rocio_fijo,32.721,10.941,1.353,123.467,5.882,8.0,43.67,64.882,29.412,9.765,75.17,1.606,1.347
10101,FRIOL,Lugo,43.037,-7.893,731.0,17,ssp126,near_future,hr_fija,32.721,10.941,1.353,123.467,5.882,8.0,45.392,74.882,37.412,14.0,82.902,1.606,1.347
10101,FRIOL,Lugo,43.037,-7.893,731.0,17,ssp126,medium_future,rocio_fijo,33.599,14.824,2.235,160.666,5.882,8.0,44.548,73.0,34.529,12.176,71.289,2.484,2.022
10101,FRIOL,Lugo,43.037,-7.893,731.0,17,ssp126,medium_future,hr_fija,33.599,14.824,2.235,160.666,5.882,8.0,47.294,88.235,48.941,21.059,82.902,2.484,2.022
10101,FRIOL,Lugo,43.037,-7.893,731.0,17,ssp126,far_future,rocio_fijo,33.622,14.882,2.235,159.079,5.882,8.0,44.571,73.118,34.706,12.176,71.19,2.507,1.996
10101,FRIOL,Lugo,43.037,-7.893,731.0,17,ssp126,far_future,hr_fija,33.622,14.882,2.235,159.079,5.882,8.0,47.344,88.647,49.529,21.294,82.902,2.507,1.996
10101,FRIOL,Lugo,43.037,-7.893,731.0,17,ssp245,near_future,rocio_fijo,32.762,11.176,1.412,131.833,5.882,8.0,43.711,65.235,29.529,9.824,74.984,1.647,1.513
10101,FRIOL,Lugo,43.037,-7.893,731.0,17,ssp245,near_future,hr_fija,32.762,11.176,1.412,131.833,5.882,8.0,45.479,75.529,37.941,14.471,82.902,1.647,1.513
10101,FRIOL,Lugo,43.037,-7.893,731.0,17,ssp245,medium_future,rocio_fijo,33.829,16.118,2.588,189.211,5.882,8.0,44.778,74.412,36.235,12.824,70.309,2.714,2.453
10101,FRIOL,Lugo,43.037,-7.893,731.0,17,ssp245,medium_future,hr_fija,33.829,16.118,2.588,189.211,5.882,8.0,47.802,91.529,51.765,22.824,82.902,2.714,2.453
10101,FRIOL,Lugo,43.037,-7.893,731.0,17,ssp245,far_future,rocio_fijo,35.16,25.941,3.647,235.316,5.882,8.0,46.109,86.647,45.176,18.0,64.932,4.045,3.054
10101,FRIOL,Lugo,43.037,-7.893,731.0,17,ssp245,far_future,hr_fija,35.16,25.941,3.647,235.316,5.882,8.0,50.795,112.647,70.412,35.588,82.902,4.045,3.054
10101,FRIOL,Lugo,43.037,-7.893,731.0,17,ssp370,near_future,rocio_fijo,32.755,11.176,1.412,128.864,5.882,8.0,43.704,65.235,29.471,9.824,75.016,1.64,1.455
10101,FRIOL,Lugo,43.037,-7.893,731.0,17,ssp370,near_future,hr_fija,32.755,11.176,1.412,128.864,5.882,8.0,45.464,75.471,37.824,14.471,82.902,1.64,1.455
10101,FRIOL,Lugo,43.037,-7.893,731.0,17,ssp370,medium_future,rocio_fijo,34.207,18.235,3.118,202.299,5.882,8.0,45.156,77.647,38.706,14.294,68.733,3.092,2.633
10101,FRIOL,Lugo,43.037,-7.893,731.0,17,ssp370,medium_future,hr_fija,34.207,18.235,3.118,202.299,5.882,8.0,48.646,96.588,56.353,25.882,82.902,3.092,2.633
10101,FRIOL,Lugo,43.037,-7.893,731.0,17,ssp370,far_future,rocio_fijo,36.23,34.0,6.118,318.434,5.882,8.0,47.179,94.706,53.471,22.765,60.943,5.115,3.957
10101,FRIOL,Lugo,43.037,-7.893,731.0,17,ssp370,far_future,hr_fija,36.23,34.0,6.118,318.434,5.882,8.0,53.224,131.176,85.941,48.588,82.902,5.115,3.957
10101,FRIOL,Lugo,43.037,-7.893,731.0,17,ssp585,near_future,rocio_fijo,32.85,11.824,1.412,141.01,5.882,8.0,43.799,66.059,30.059,10.0,74.585,1.735,1.685
10101,FRIOL,Lugo,43.037,-7.893,731.0,17,ssp585,near_future,hr_fija,32.85,11.824,1.412,141.01,5.882,8.0,45.665,76.765,39.0,15.118,82.902,1.735,1.685
10101,FRIOL,Lugo,43.037,-7.893,731.0,17,ssp585,medium_future,rocio_fijo,34.627,21.294,3.647,235.563,5.882,8.0,45.576,81.765,41.294,15.882,67.028,3.512,3.057
10101,FRIOL,Lugo,43.037,-7.893,731.0,17,ssp585,medium_future,hr_fija,34.627,21.294,3.647,235.563,5.882,8.0,49.596,103.412,62.706,29.529,82.902,3.512,3.057
10101,FRIOL,Lugo,43.037,-7.893,731.0,17,ssp585,far_future,rocio_fijo,37.648,49.765,12.647,457.738,5.882,8.0,48.597,109.647,64.353,29.118,56.076,6.533,5.169
10101,FRIOL,Lugo,43.037,-7.893,731.0,17,ssp585,far_future,hr_fija,37.648,49.765,12.647,457.738,5.882,8.0,56.53,157.059,108.471,69.235,82.902,6.533,5.169
10107,GUITIRIZ,Lugo,43.146,-7.791,496.0,17,-,hoy,medido,32.615,9.412,0.0,61.948,5.176,6.0,46.955,74.529,36.235,15.176,80.417,,
10107,GUITIRIZ,Lugo,43.146,-7.791,496.0,17,ssp126,near_future,rocio_fijo,34.239,17.235,0.059,130.228,5.176,6.0,48.579,87.882,47.471,19.941,72.935,1.624,1.362
10107,GUITIRIZ,Lugo,43.146,-7.791,496.0,17,ssp126,near_future,hr_fija,34.239,17.235,0.059,130.228,5.176,6.0,50.556,98.412,57.059,25.882,80.417,1.624,1.362
10107,GUITIRIZ,Lugo,43.146,-7.791,496.0,17,ssp126,medium_future,rocio_fijo,35.087,22.882,0.059,177.768,5.176,6.0,49.427,95.706,52.941,23.059,69.342,2.472,2.026
10107,GUITIRIZ,Lugo,43.146,-7.791,496.0,17,ssp126,medium_future,hr_fija,35.087,22.882,0.059,177.768,5.176,6.0,52.501,113.941,70.471,34.588,80.417,2.472,2.026
10107,GUITIRIZ,Lugo,43.146,-7.791,496.0,17,ssp126,far_future,rocio_fijo,35.064,22.706,0.059,175.641,5.176,6.0,49.404,95.529,52.765,23.0,69.437,2.449,1.999
10107,GUITIRIZ,Lugo,43.146,-7.791,496.0,17,ssp126,far_future,hr_fija,35.064,22.706,0.059,175.641,5.176,6.0,52.448,113.529,70.235,34.412,80.417,2.449,1.999
10107,GUITIRIZ,Lugo,43.146,-7.791,496.0,17,ssp245,near_future,rocio_fijo,34.3,17.647,0.059,141.973,5.176,6.0,48.64,88.471,47.706,20.176,72.67,1.685,1.539
10107,GUITIRIZ,Lugo,43.146,-7.791,496.0,17,ssp245,near_future,hr_fija,34.3,17.647,0.059,141.973,5.176,6.0,50.694,99.529,57.706,26.471,80.417,1.685,1.539
10107,GUITIRIZ,Lugo,43.146,-7.791,496.0,17,ssp245,medium_future,rocio_fijo,35.334,24.588,0.588,214.856,5.176,6.0,49.674,97.765,54.765,23.882,68.333,2.719,2.466
10107,GUITIRIZ,Lugo,43.146,-7.791,496.0,17,ssp245,medium_future,hr_fija,35.334,24.588,0.588,214.856,5.176,6.0,53.077,118.0,73.824,37.471,80.417,2.719,2.466
10107,GUITIRIZ,Lugo,43.146,-7.791,496.0,17,ssp245,far_future,rocio_fijo,36.63,35.941,1.588,271.126,5.176,6.0,50.97,111.235,65.882,30.412,63.303,4.015,3.056
10107,GUITIRIZ,Lugo,43.146,-7.791,496.0,17,ssp245,far_future,hr_fija,36.63,35.941,1.588,271.126,5.176,6.0,56.054,141.471,93.294,53.765,80.417,4.015,3.056
10107,GUITIRIZ,Lugo,43.146,-7.791,496.0,17,ssp370,near_future,rocio_fijo,34.284,17.471,0.059,138.203,5.176,6.0,48.624,88.353,47.588,20.176,72.739,1.669,1.483
10107,GUITIRIZ,Lugo,43.146,-7.791,496.0,17,ssp370,near_future,hr_fija,34.284,17.471,0.059,138.203,5.176,6.0,50.658,99.294,57.471,26.412,80.417,1.669,1.483
10107,GUITIRIZ,Lugo,43.146,-7.791,496.0,17,ssp370,medium_future,rocio_fijo,35.702,27.941,0.765,230.718,5.176,6.0,50.042,101.294,57.647,25.647,66.86,3.087,2.64
10107,GUITIRIZ,Lugo,43.146,-7.791,496.0,17,ssp370,medium_future,hr_fija,35.702,27.941,0.765,230.718,5.176,6.0,53.906,124.176,78.941,42.118,80.417,3.087,2.64
10107,GUITIRIZ,Lugo,43.146,-7.791,496.0,17,ssp370,far_future,rocio_fijo,37.634,47.824,4.412,370.657,5.176,6.0,51.974,121.882,74.588,36.235,59.693,5.019,3.959
10107,GUITIRIZ,Lugo,43.146,-7.791,496.0,17,ssp370,far_future,hr_fija,37.634,47.824,4.412,370.657,5.176,6.0,58.518,161.176,110.765,69.941,80.417,5.019,3.959
10107,GUITIRIZ,Lugo,43.146,-7.791,496.0,17,ssp585,near_future,rocio_fijo,34.415,18.471,0.059,153.971,5.176,6.0,48.755,89.471,48.471,20.647,72.172,1.8,1.711
10107,GUITIRIZ,Lugo,43.146,-7.791,496.0,17,ssp585,near_future,hr_fija,34.415,18.471,0.059,153.971,5.176,6.0,50.956,101.294,59.941,27.235,80.417,1.8,1.711
10107,GUITIRIZ,Lugo,43.146,-7.791,496.0,17,ssp585,medium_future,rocio_fijo,36.14,30.588,1.588,272.444,5.176,6.0,50.48,105.706,61.706,27.235,65.154,3.525,3.069
10107,GUITIRIZ,Lugo,43.146,-7.791,496.0,17,ssp585,medium_future,hr_fija,36.14,30.588,1.588,272.444,5.176,6.0,54.883,132.0,85.706,47.882,80.417,3.525,3.069
10107,GUITIRIZ,Lugo,43.146,-7.791,496.0,17,ssp585,far_future,rocio_fijo,39.104,67.765,12.176,532.782,5.176,6.0,53.444,137.765,87.059,46.353,54.818,6.489,5.167
10107,GUITIRIZ,Lugo,43.146,-7.791,496.0,17,ssp585,far_future,hr_fija,39.104,67.765,12.176,532.782,5.176,6.0,62.254,188.588,136.529,91.941,80.417,6.489,5.167
19025,LOURENZÁ,Lugo,43.437,-7.279,103.0,17,-,hoy,medido,31.463,5.647,0.647,135.286,4.471,7.0,44.972,79.235,32.941,11.118,81.65,,
19025,LOURENZÁ,Lugo,43.437,-7.279,103.0,17,ssp126,near_future,rocio_fijo,32.746,10.353,2.765,241.016,4.471,7.0,46.255,94.647,42.706,14.353,75.594,1.283,1.194
19025,LOURENZÁ,Lugo,43.437,-7.279,103.0,17,ssp126,near_future,hr_fija,32.746,10.353,2.765,241.016,4.471,7.0,47.779,106.588,53.471,18.941,81.65,1.283,1.194
19025,LOURENZÁ,Lugo,43.437,-7.279,103.0,17,ssp126,medium_future,rocio_fijo,33.403,12.941,6.294,302.802,4.471,7.0,46.912,102.941,49.294,16.588,72.69,1.94,1.766
19025,LOURENZÁ,Lugo,43.437,-7.279,103.0,17,ssp126,medium_future,hr_fija,33.403,12.941,6.294,302.802,4.471,7.0,49.255,119.941,64.0,25.235,81.65,1.94,1.766
19025,LOURENZÁ,Lugo,43.437,-7.279,103.0,17,ssp126,far_future,rocio_fijo,33.327,12.706,6.059,299.486,4.471,7.0,46.836,101.941,48.765,16.353,73.019,1.864,1.737
19025,LOURENZÁ,Lugo,43.437,-7.279,103.0,17,ssp126,far_future,hr_fija,33.327,12.706,6.059,299.486,4.471,7.0,49.083,118.118,63.176,23.941,81.65,1.864,1.737
19025,LOURENZÁ,Lugo,43.437,-7.279,103.0,17,ssp245,near_future,rocio_fijo,32.811,10.471,3.824,259.053,4.471,7.0,46.32,95.294,43.353,14.529,75.301,1.348,1.368
19025,LOURENZÁ,Lugo,43.437,-7.279,103.0,17,ssp245,near_future,hr_fija,32.811,10.471,3.824,259.053,4.471,7.0,47.924,108.118,54.235,19.412,81.65,1.348,1.368
19025,LOURENZÁ,Lugo,43.437,-7.279,103.0,17,ssp245,medium_future,rocio_fijo,33.544,13.647,9.353,350.62,4.471,7.0,47.053,104.706,50.824,17.294,72.083,2.081,2.164
19025,LOURENZÁ,Lugo,43.437,-7.279,103.0,17,ssp245,medium_future,hr_fija,33.544,13.647,9.353,350.62,4.471,7.0,49.576,122.529,66.941,26.471,81.65,2.081,2.164
19025,LOURENZÁ,Lugo,43.437,-7.279,103.0,17,ssp245,far_future,rocio_fijo,34.603,20.765,14.118,415.567,4.471,7.0,48.112,117.412,59.941,21.765,67.704,3.14,2.666
19025,LOURENZÁ,Lugo,43.437,-7.279,103.0,17,ssp245,far_future,hr_fija,34.603,20.765,14.118,415.567,4.471,7.0,52.021,145.529,87.353,40.647,81.65,3.14,2.666
19025,LOURENZÁ,Lugo,43.437,-7.279,103.0,17,ssp370,near_future,rocio_fijo,32.875,10.824,3.294,253.285,4.471,7.0,46.384,96.118,44.059,14.706,75.014,1.412,1.313
19025,LOURENZÁ,Lugo,43.437,-7.279,103.0,17,ssp370,near_future,hr_fija,32.875,10.824,3.294,253.285,4.471,7.0,48.067,109.647,55.235,19.941,81.65,1.412,1.313
19025,LOURENZÁ,Lugo,43.437,-7.279,103.0,17,ssp370,medium_future,rocio_fijo,33.789,14.824,10.941,365.882,4.471,7.0,47.298,107.529,53.176,18.059,71.042,2.326,2.285
19025,LOURENZÁ,Lugo,43.437,-7.279,103.0,17,ssp370,medium_future,hr_fija,33.789,14.824,10.941,365.882,4.471,7.0,50.135,127.059,71.765,29.294,81.65,2.326,2.285
19025,LOURENZÁ,Lugo,43.437,-7.279,103.0,17,ssp370,far_future,rocio_fijo,35.189,26.765,24.176,527.846,4.471,7.0,48.698,123.882,65.765,24.529,65.41,3.726,3.447
19025,LOURENZÁ,Lugo,43.437,-7.279,103.0,17,ssp370,far_future,hr_fija,35.189,26.765,24.176,527.846,4.471,7.0,53.406,158.118,100.235,51.059,81.65,3.726,3.447
19025,LOURENZÁ,Lugo,43.437,-7.279,103.0,17,ssp585,near_future,rocio_fijo,33.054,11.471,4.647,273.286,4.471,7.0,46.563,98.471,45.588,15.412,74.217,1.591,1.501
19025,LOURENZÁ,Lugo,43.437,-7.279,103.0,17,ssp585,near_future,hr_fija,33.054,11.471,4.647,273.286,4.471,7.0,48.468,113.235,58.176,21.588,81.65,1.591,1.501
19025,LOURENZÁ,Lugo,43.437,-7.279,103.0,17,ssp585,medium_future,rocio_fijo,34.227,17.706,14.176,416.371,4.471,7.0,47.736,113.118,56.412,19.824,69.223,2.764,2.672
19025,LOURENZÁ,Lugo,43.437,-7.279,103.0,17,ssp585,medium_future,hr_fija,34.227,17.706,14.176,416.371,4.471,7.0,51.145,136.529,80.118,35.529,81.65,2.764,2.672
19025,LOURENZÁ,Lugo,43.437,-7.279,103.0,17,ssp585,far_future,rocio_fijo,36.44,43.529,40.235,703.074,4.471,7.0,49.949,139.941,78.941,32.765,60.799,4.977,4.499
19025,LOURENZÁ,Lugo,43.437,-7.279,103.0,17,ssp585,far_future,hr_fija,36.44,43.529,40.235,703.074,4.471,7.0,56.346,183.471,125.235,73.412,81.65,4.977,4.499
10053,LUGO,Lugo,42.993,-7.547,400.0,17,-,hoy,medido,34.87,21.294,0.059,149.082,4.941,8.0,50.702,101.294,59.294,28.412,75.672,,
10053,LUGO,Lugo,42.993,-7.547,400.0,17,ssp126,near_future,rocio_fijo,36.748,37.118,0.765,270.498,4.941,8.0,52.58,117.706,75.529,37.706,67.727,1.878,1.473
10053,LUGO,Lugo,42.993,-7.547,400.0,17,ssp126,near_future,hr_fija,36.748,37.118,0.765,270.498,4.941,8.0,54.87,131.588,86.882,48.235,75.672,1.878,1.473
10053,LUGO,Lugo,42.993,-7.547,400.0,17,ssp126,medium_future,rocio_fijo,37.572,45.176,2.294,343.842,4.941,8.0,53.404,125.941,81.353,43.059,64.541,2.702,2.18
10053,LUGO,Lugo,42.993,-7.547,400.0,17,ssp126,medium_future,hr_fija,37.572,45.176,2.294,343.842,4.941,8.0,56.824,144.059,100.118,60.529,75.672,2.702,2.18
10053,LUGO,Lugo,42.993,-7.547,400.0,17,ssp126,far_future,rocio_fijo,37.583,45.235,2.176,340.982,4.941,8.0,53.415,126.118,81.529,43.118,64.499,2.713,2.154
10053,LUGO,Lugo,42.993,-7.547,400.0,17,ssp126,far_future,hr_fija,37.583,45.235,2.176,340.982,4.941,8.0,56.85,144.176,100.353,60.706,75.672,2.713,2.154
10053,LUGO,Lugo,42.993,-7.547,400.0,17,ssp245,near_future,rocio_fijo,36.821,37.647,1.176,288.041,4.941,8.0,52.653,118.588,76.118,38.059,67.437,1.951,1.651
10053,LUGO,Lugo,42.993,-7.547,400.0,17,ssp245,near_future,hr_fija,36.821,37.647,1.176,288.041,4.941,8.0,55.04,132.294,88.471,49.176,75.672,1.951,1.651
10053,LUGO,Lugo,42.993,-7.547,400.0,17,ssp245,medium_future,rocio_fijo,37.953,49.647,4.118,397.114,4.941,8.0,53.785,130.176,84.529,45.235,63.125,3.083,2.644
10053,LUGO,Lugo,42.993,-7.547,400.0,17,ssp245,medium_future,hr_fija,37.953,49.647,4.118,397.114,4.941,8.0,57.744,150.824,105.882,66.706,75.672,3.083,2.644
10053,LUGO,Lugo,42.993,-7.547,400.0,17,ssp245,far_future,rocio_fijo,39.157,66.765,7.294,475.999,4.941,8.0,54.989,141.118,95.118,53.059,58.876,4.287,3.269
10053,LUGO,Lugo,42.993,-7.547,400.0,17,ssp245,far_future,hr_fija,39.157,66.765,7.294,475.999,4.941,8.0,60.639,173.118,125.0,83.882,75.672,4.287,3.269
10053,LUGO,Lugo,42.993,-7.547,400.0,17,ssp370,near_future,rocio_fijo,36.855,38.0,1.118,282.647,4.941,8.0,52.687,119.059,76.353,38.412,67.303,1.985,1.597
10053,LUGO,Lugo,42.993,-7.547,400.0,17,ssp370,near_future,hr_fija,36.855,38.0,1.118,282.647,4.941,8.0,55.12,132.588,88.882,49.471,75.672,1.985,1.597
10053,LUGO,Lugo,42.993,-7.547,400.0,17,ssp370,medium_future,rocio_fijo,38.362,55.471,5.471,421.287,4.941,8.0,54.194,133.824,87.706,46.824,61.644,3.492,2.842
10053,LUGO,Lugo,42.993,-7.547,400.0,17,ssp370,medium_future,hr_fija,38.362,55.471,5.471,421.287,4.941,8.0,58.721,158.706,111.294,72.941,75.672,3.492,2.842
10053,LUGO,Lugo,42.993,-7.547,400.0,17,ssp370,far_future,rocio_fijo,40.339,83.412,17.471,613.437,4.941,8.0,56.171,153.824,105.176,63.0,55.017,5.469,4.233
10053,LUGO,Lugo,42.993,-7.547,400.0,17,ssp370,far_future,hr_fija,40.339,83.412,17.471,613.437,4.941,8.0,63.578,193.647,144.059,102.471,75.672,5.469,4.233
10053,LUGO,Lugo,42.993,-7.547,400.0,17,ssp585,near_future,rocio_fijo,37.061,39.471,1.647,307.87,4.941,8.0,52.893,120.941,77.353,39.706,66.496,2.191,1.845
10053,LUGO,Lugo,42.993,-7.547,400.0,17,ssp585,near_future,hr_fija,37.061,39.471,1.647,307.87,4.941,8.0,55.605,136.0,91.706,52.235,75.672,2.191,1.845
10053,LUGO,Lugo,42.993,-7.547,400.0,17,ssp585,medium_future,rocio_fijo,38.835,62.0,7.471,478.918,4.941,8.0,54.667,138.235,91.529,50.706,59.98,3.965,3.291
10053,LUGO,Lugo,42.993,-7.547,400.0,17,ssp585,medium_future,hr_fija,38.835,62.0,7.471,478.918,4.941,8.0,59.855,167.588,119.294,79.412,75.672,3.965,3.291
10053,LUGO,Lugo,42.993,-7.547,400.0,17,ssp585,far_future,rocio_fijo,41.879,105.235,36.118,821.627,4.941,8.0,57.711,170.765,119.235,76.471,50.409,7.009,5.496
10053,LUGO,Lugo,42.993,-7.547,400.0,17,ssp585,far_future,hr_fija,41.879,105.235,36.118,821.627,4.941,8.0,67.582,222.588,172.941,126.706,75.672,7.009,5.496
19014,MONDOÑEDO,Lugo,43.457,-7.34,115.0,17,-,hoy,medido,30.747,4.647,1.294,121.774,4.706,8.0,43.855,63.529,25.647,8.176,80.616,,
19014,MONDOÑEDO,Lugo,43.457,-7.34,115.0,17,ssp126,near_future,rocio_fijo,31.965,7.529,3.941,218.659,4.706,8.0,45.073,76.176,31.941,10.824,74.901,1.218,1.175
19014,MONDOÑEDO,Lugo,43.457,-7.34,115.0,17,ssp126,near_future,hr_fija,31.965,7.529,3.941,218.659,4.706,8.0,46.395,85.882,39.529,14.471,80.616,1.218,1.175
19014,MONDOÑEDO,Lugo,43.457,-7.34,115.0,17,ssp126,medium_future,rocio_fijo,32.571,10.235,6.706,274.408,4.706,8.0,45.679,82.706,36.412,12.412,72.228,1.824,1.722
19014,MONDOÑEDO,Lugo,43.457,-7.34,115.0,17,ssp126,medium_future,hr_fija,32.571,10.235,6.706,274.408,4.706,8.0,47.707,98.471,48.412,19.0,80.616,1.824,1.722
19014,MONDOÑEDO,Lugo,43.457,-7.34,115.0,17,ssp126,far_future,rocio_fijo,32.481,9.647,6.294,271.036,4.706,8.0,45.589,81.176,35.882,12.176,72.618,1.734,1.691
19014,MONDOÑEDO,Lugo,43.457,-7.34,115.0,17,ssp126,far_future,hr_fija,32.481,9.647,6.294,271.036,4.706,8.0,47.512,96.471,47.118,18.471,80.616,1.734,1.691
19014,MONDOÑEDO,Lugo,43.457,-7.34,115.0,17,ssp245,near_future,rocio_fijo,32.041,7.882,4.706,235.951,4.706,8.0,45.149,76.765,32.471,11.118,74.56,1.294,1.353
19014,MONDOÑEDO,Lugo,43.457,-7.34,115.0,17,ssp245,near_future,hr_fija,32.041,7.882,4.706,235.951,4.706,8.0,46.557,87.294,40.412,14.824,80.616,1.294,1.353
19014,MONDOÑEDO,Lugo,43.457,-7.34,115.0,17,ssp245,medium_future,rocio_fijo,32.728,10.824,9.765,318.82,4.706,8.0,45.836,84.471,37.765,12.882,71.554,1.981,2.113
19014,MONDOÑEDO,Lugo,43.457,-7.34,115.0,17,ssp245,medium_future,hr_fija,32.728,10.824,9.765,318.82,4.706,8.0,48.048,101.588,50.294,19.824,80.616,1.981,2.113
19014,MONDOÑEDO,Lugo,43.457,-7.34,115.0,17,ssp245,far_future,rocio_fijo,33.706,15.647,14.471,378.293,4.706,8.0,46.814,96.0,44.765,17.059,67.506,2.959,2.594
19014,MONDOÑEDO,Lugo,43.457,-7.34,115.0,17,ssp245,far_future,hr_fija,33.706,15.647,14.471,378.293,4.706,8.0,50.233,122.0,67.176,28.824,80.616,2.959,2.594
19014,MONDOÑEDO,Lugo,43.457,-7.34,115.0,17,ssp370,near_future,rocio_fijo,32.092,8.176,4.353,230.54,4.706,8.0,45.2,77.412,32.824,11.412,74.332,1.345,1.298
19014,MONDOÑEDO,Lugo,43.457,-7.34,115.0,17,ssp370,near_future,hr_fija,32.092,8.176,4.353,230.54,4.706,8.0,46.669,88.176,41.118,15.353,80.616,1.345,1.298
19014,MONDOÑEDO,Lugo,43.457,-7.34,115.0,17,ssp370,medium_future,rocio_fijo,32.882,11.529,10.588,332.83,4.706,8.0,45.99,86.0,38.765,13.471,70.899,2.135,2.23
19014,MONDOÑEDO,Lugo,43.457,-7.34,115.0,17,ssp370,medium_future,hr_fija,32.882,11.529,10.588,332.83,4.706,8.0,48.384,105.0,52.529,21.0,80.616,2.135,2.23
19014,MONDOÑEDO,Lugo,43.457,-7.34,115.0,17,ssp370,far_future,rocio_fijo,34.275,20.059,22.588,484.328,4.706,8.0,47.383,103.059,49.471,18.765,65.271,3.528,3.365
19014,MONDOÑEDO,Lugo,43.457,-7.34,115.0,17,ssp370,far_future,hr_fija,34.275,20.059,22.588,484.328,4.706,8.0,51.531,136.941,77.412,36.118,80.616,3.528,3.365
19014,MONDOÑEDO,Lugo,43.457,-7.34,115.0,17,ssp585,near_future,rocio_fijo,32.293,8.941,5.294,248.376,4.706,8.0,45.401,79.176,34.529,11.765,73.441,1.546,1.476
19014,MONDOÑEDO,Lugo,43.457,-7.34,115.0,17,ssp585,near_future,hr_fija,32.293,8.941,5.294,248.376,4.706,8.0,47.107,92.647,43.882,17.353,80.616,1.546,1.476
19014,MONDOÑEDO,Lugo,43.457,-7.34,115.0,17,ssp585,medium_future,rocio_fijo,33.352,14.0,14.706,380.09,4.706,8.0,46.46,91.529,42.059,15.118,68.941,2.605,2.608
19014,MONDOÑEDO,Lugo,43.457,-7.34,115.0,17,ssp585,medium_future,hr_fija,33.352,14.0,14.706,380.09,4.706,8.0,49.431,115.706,60.412,25.588,80.616,2.605,2.608
19014,MONDOÑEDO,Lugo,43.457,-7.34,115.0,17,ssp585,far_future,rocio_fijo,35.427,31.353,38.412,646.46,4.706,8.0,48.535,117.588,59.706,23.765,60.995,4.68,4.375
19014,MONDOÑEDO,Lugo,43.457,-7.34,115.0,17,ssp585,far_future,hr_fija,35.427,31.353,38.412,646.46,4.706,8.0,54.23,161.647,100.882,52.353,80.616,4.68,4.375
10056,MONFORTE DE LEMOS,Lugo,42.473,-7.502,645.0,17,-,hoy,medido,34.49,23.412,1.765,178.691,5.235,6.0,47.287,88.471,52.294,24.176,73.641,,
10056,MONFORTE DE LEMOS,Lugo,42.473,-7.502,645.0,17,ssp126,near_future,rocio_fijo,36.677,41.471,4.059,313.167,5.235,6.0,49.474,106.941,67.588,35.412,64.716,2.187,1.632
10056,MONFORTE DE LEMOS,Lugo,42.473,-7.502,645.0,17,ssp126,near_future,hr_fija,36.677,41.471,4.059,313.167,5.235,6.0,52.179,119.824,80.412,46.941,73.641,2.187,1.632
10056,MONFORTE DE LEMOS,Lugo,42.473,-7.502,645.0,17,ssp126,medium_future,rocio_fijo,37.52,50.647,6.588,393.871,5.235,6.0,50.317,114.059,74.059,40.294,61.606,3.03,2.398
10056,MONFORTE DE LEMOS,Lugo,42.473,-7.502,645.0,17,ssp126,medium_future,hr_fija,37.52,50.647,6.588,393.871,5.235,6.0,54.035,131.118,91.765,57.824,73.641,3.03,2.398
10056,MONFORTE DE LEMOS,Lugo,42.473,-7.502,645.0,17,ssp126,far_future,rocio_fijo,37.529,50.647,6.471,391.152,5.235,6.0,50.326,114.235,74.118,40.412,61.574,3.039,2.374
10056,MONFORTE DE LEMOS,Lugo,42.473,-7.502,645.0,17,ssp126,far_future,hr_fija,37.529,50.647,6.471,391.152,5.235,6.0,54.055,131.294,91.882,57.941,73.641,3.039,2.374
10056,MONFORTE DE LEMOS,Lugo,42.473,-7.502,645.0,17,ssp245,near_future,rocio_fijo,36.814,42.882,4.529,331.496,5.235,6.0,49.611,107.882,68.647,36.059,64.198,2.324,1.817
10056,MONFORTE DE LEMOS,Lugo,42.473,-7.502,645.0,17,ssp245,near_future,hr_fija,36.814,42.882,4.529,331.496,5.235,6.0,52.491,121.412,81.882,48.412,73.641,2.324,1.817
10056,MONFORTE DE LEMOS,Lugo,42.473,-7.502,645.0,17,ssp245,medium_future,rocio_fijo,38.046,57.0,8.471,452.744,5.235,6.0,50.843,118.353,77.941,44.471,59.751,3.556,2.896
10056,MONFORTE DE LEMOS,Lugo,42.473,-7.502,645.0,17,ssp245,medium_future,hr_fija,38.046,57.0,8.471,452.744,5.235,6.0,55.216,138.353,100.059,63.294,73.641,3.556,2.896
10056,MONFORTE DE LEMOS,Lugo,42.473,-7.502,645.0,17,ssp245,far_future,rocio_fijo,39.175,70.176,12.353,541.992,5.235,6.0,51.972,127.706,86.118,50.235,55.979,4.685,3.589
10056,MONFORTE DE LEMOS,Lugo,42.473,-7.502,645.0,17,ssp245,far_future,hr_fija,39.175,70.176,12.353,541.992,5.235,6.0,57.881,154.941,115.059,78.471,73.641,4.685,3.589
10056,MONFORTE DE LEMOS,Lugo,42.473,-7.502,645.0,17,ssp370,near_future,rocio_fijo,36.923,43.941,4.412,326.29,5.235,6.0,49.72,108.824,69.294,36.588,63.79,2.433,1.765
10056,MONFORTE DE LEMOS,Lugo,42.473,-7.502,645.0,17,ssp370,near_future,hr_fija,36.923,43.941,4.412,326.29,5.235,6.0,52.727,122.706,83.235,49.471,73.641,2.433,1.765
10056,MONFORTE DE LEMOS,Lugo,42.473,-7.502,645.0,17,ssp370,medium_future,rocio_fijo,38.499,61.882,9.706,484.214,5.235,6.0,51.296,122.412,81.294,46.588,58.204,4.009,3.148
10056,MONFORTE DE LEMOS,Lugo,42.473,-7.502,645.0,17,ssp370,medium_future,hr_fija,38.499,61.882,9.706,484.214,5.235,6.0,56.264,145.059,105.765,68.941,73.641,4.009,3.148
10056,MONFORTE DE LEMOS,Lugo,42.473,-7.502,645.0,17,ssp370,far_future,rocio_fijo,40.622,88.412,23.235,697.146,5.235,6.0,53.419,140.941,99.118,60.647,51.531,6.132,4.652
10056,MONFORTE DE LEMOS,Lugo,42.473,-7.502,645.0,17,ssp370,far_future,hr_fija,40.622,88.412,23.235,697.146,5.235,6.0,61.449,176.765,135.118,98.647,73.641,6.132,4.652
10056,MONFORTE DE LEMOS,Lugo,42.473,-7.502,645.0,17,ssp585,near_future,rocio_fijo,37.158,46.706,5.059,355.305,5.235,6.0,49.955,111.0,71.118,38.294,62.92,2.668,2.047
10056,MONFORTE DE LEMOS,Lugo,42.473,-7.502,645.0,17,ssp585,near_future,hr_fija,37.158,46.706,5.059,355.305,5.235,6.0,53.24,125.824,86.412,52.353,73.641,2.668,2.047
10056,MONFORTE DE LEMOS,Lugo,42.473,-7.502,645.0,17,ssp585,medium_future,rocio_fijo,39.065,69.0,12.647,546.198,5.235,6.0,51.862,126.647,85.294,49.941,56.335,4.575,3.62
10056,MONFORTE DE LEMOS,Lugo,42.473,-7.502,645.0,17,ssp585,medium_future,hr_fija,39.065,69.0,12.647,546.198,5.235,6.0,57.629,153.647,113.765,77.176,73.641,4.575,3.62
10056,MONFORTE DE LEMOS,Lugo,42.473,-7.502,645.0,17,ssp585,far_future,rocio_fijo,42.25,109.941,46.059,930.696,5.235,6.0,55.047,155.529,111.882,71.706,46.998,7.76,6.038
10056,MONFORTE DE LEMOS,Lugo,42.473,-7.502,645.0,17,ssp585,far_future,hr_fija,42.25,109.941,46.059,930.696,5.235,6.0,65.571,203.059,158.118,120.882,73.641,7.76,6.038
10171,MONFORTE DE LEMOS,Lugo,42.514,-7.523,286.0,8,-,hoy,medido,37.928,50.875,0.625,323.555,4.5,6.0,56.032,132.625,96.25,62.0,73.237,,
10171,MONFORTE DE LEMOS,Lugo,42.514,-7.523,286.0,8,ssp126,near_future,rocio_fijo,40.113,76.25,5.0,508.056,4.5,6.0,58.217,153.375,111.875,75.875,64.577,2.185,1.635
10171,MONFORTE DE LEMOS,Lugo,42.514,-7.523,286.0,8,ssp126,near_future,hr_fija,40.113,76.25,5.0,508.056,4.5,6.0,61.238,167.875,125.125,90.25,73.237,2.185,1.635
10171,MONFORTE DE LEMOS,Lugo,42.514,-7.523,286.0,8,ssp126,medium_future,rocio_fijo,40.947,87.875,8.375,610.042,4.5,6.0,59.051,160.625,118.375,82.625,61.581,3.019,2.398
10171,MONFORTE DE LEMOS,Lugo,42.514,-7.523,286.0,8,ssp126,medium_future,hr_fija,40.947,87.875,8.375,610.042,4.5,6.0,63.373,180.875,136.375,101.125,73.237,3.019,2.398
10171,MONFORTE DE LEMOS,Lugo,42.514,-7.523,286.0,8,ssp126,far_future,rocio_fijo,40.954,88.0,8.125,606.541,4.5,6.0,59.058,160.625,118.375,82.625,61.557,3.026,2.373
10171,MONFORTE DE LEMOS,Lugo,42.514,-7.523,286.0,8,ssp126,far_future,hr_fija,40.954,88.0,8.125,606.541,4.5,6.0,63.391,180.875,136.625,101.25,73.237,3.026,2.373
10171,MONFORTE DE LEMOS,Lugo,42.514,-7.523,286.0,8,ssp245,near_future,rocio_fijo,40.247,78.375,5.5,532.275,4.5,6.0,58.351,154.125,112.75,76.625,64.085,2.319,1.823
10171,MONFORTE DE LEMOS,Lugo,42.514,-7.523,286.0,8,ssp245,near_future,hr_fija,40.247,78.375,5.5,532.275,4.5,6.0,61.585,170.125,127.0,92.0,73.237,2.319,1.823
10171,MONFORTE DE LEMOS,Lugo,42.514,-7.523,286.0,8,ssp245,medium_future,rocio_fijo,41.468,93.375,13.5,682.601,4.5,6.0,59.572,165.5,121.875,86.25,59.79,3.54,2.897
10171,MONFORTE DE LEMOS,Lugo,42.514,-7.523,286.0,8,ssp245,medium_future,hr_fija,41.468,93.375,13.5,682.601,4.5,6.0,64.705,189.375,144.75,108.75,73.237,3.54,2.897
10171,MONFORTE DE LEMOS,Lugo,42.514,-7.523,286.0,8,ssp245,far_future,rocio_fijo,42.586,107.375,20.875,789.339,4.5,6.0,60.69,175.625,129.75,93.375,56.14,4.658,3.585
10171,MONFORTE DE LEMOS,Lugo,42.514,-7.523,286.0,8,ssp245,far_future,hr_fija,42.586,107.375,20.875,789.339,4.5,6.0,67.661,207.25,162.75,123.25,73.237,4.658,3.585
10171,MONFORTE DE LEMOS,Lugo,42.514,-7.523,286.0,8,ssp370,near_future,rocio_fijo,40.351,79.625,5.375,525.374,4.5,6.0,58.455,154.875,113.625,77.25,63.706,2.423,1.77
10171,MONFORTE DE LEMOS,Lugo,42.514,-7.523,286.0,8,ssp370,near_future,hr_fija,40.351,79.625,5.375,525.374,4.5,6.0,61.855,171.75,128.125,93.5,73.237,2.423,1.77
10171,MONFORTE DE LEMOS,Lugo,42.514,-7.523,286.0,8,ssp370,medium_future,rocio_fijo,41.922,98.75,15.5,720.261,4.5,6.0,60.026,169.875,125.0,89.125,58.276,3.994,3.146
10171,MONFORTE DE LEMOS,Lugo,42.514,-7.523,286.0,8,ssp370,medium_future,hr_fija,41.922,98.75,15.5,720.261,4.5,6.0,65.882,196.0,151.75,114.25,73.237,3.994,3.146
10171,MONFORTE DE LEMOS,Lugo,42.514,-7.523,286.0,8,ssp370,far_future,rocio_fijo,44.02,123.25,34.125,970.728,4.5,6.0,62.124,189.5,142.125,104.25,51.822,6.092,4.648
10171,MONFORTE DE LEMOS,Lugo,42.514,-7.523,286.0,8,ssp370,far_future,hr_fija,44.02,123.25,34.125,970.728,4.5,6.0,71.632,233.5,187.25,143.875,73.237,6.092,4.648
10171,MONFORTE DE LEMOS,Lugo,42.514,-7.523,286.0,8,ssp585,near_future,rocio_fijo,40.595,83.625,6.5,562.385,4.5,6.0,58.699,157.0,115.375,79.625,62.826,2.667,2.05
10171,MONFORTE DE LEMOS,Lugo,42.514,-7.523,286.0,8,ssp585,near_future,hr_fija,40.595,83.625,6.5,562.385,4.5,6.0,62.484,174.75,131.125,97.25,73.237,2.667,2.05
10171,MONFORTE DE LEMOS,Lugo,42.514,-7.523,286.0,8,ssp585,medium_future,rocio_fijo,42.485,105.75,21.375,794.838,4.5,6.0,60.589,175.125,129.0,92.875,56.459,4.557,3.619
10171,MONFORTE DE LEMOS,Lugo,42.514,-7.523,286.0,8,ssp585,medium_future,hr_fija,42.485,105.75,21.375,794.838,4.5,6.0,67.388,206.5,161.0,122.0,73.237,4.557,3.619
10171,MONFORTE DE LEMOS,Lugo,42.514,-7.523,286.0,8,ssp585,far_future,rocio_fijo,45.641,147.625,57.0,1240.544,4.5,6.0,63.745,206.0,157.875,115.75,47.387,7.713,6.03
10171,MONFORTE DE LEMOS,Lugo,42.514,-7.523,286.0,8,ssp585,far_future,hr_fija,45.641,147.625,57.0,1240.544,4.5,6.0,76.328,259.625,215.25,171.125,73.237,7.713,6.03
10137,NAVIA DE SUARNA,Lugo,42.956,-6.915,910.0,17,-,hoy,medido,31.91,9.471,0.588,97.295,6.0,9.0,41.599,60.059,27.294,6.706,76.073,,
10137,NAVIA DE SUARNA,Lugo,42.956,-6.915,910.0,17,ssp126,near_future,rocio_fijo,33.924,19.294,1.353,175.714,6.0,9.0,43.613,73.824,39.294,12.588,67.362,2.014,1.535
10137,NAVIA DE SUARNA,Lugo,42.956,-6.915,910.0,17,ssp126,near_future,hr_fija,33.924,19.294,1.353,175.714,6.0,9.0,45.513,85.176,49.0,20.353,76.073,2.014,1.535
10137,NAVIA DE SUARNA,Lugo,42.956,-6.915,910.0,17,ssp126,medium_future,rocio_fijo,34.778,25.941,2.235,227.005,6.0,9.0,44.467,80.882,45.118,16.412,64.012,2.868,2.259
10137,NAVIA DE SUARNA,Lugo,42.956,-6.915,910.0,17,ssp126,medium_future,hr_fija,34.778,25.941,2.235,227.005,6.0,9.0,47.301,97.824,60.294,29.059,76.073,2.868,2.259
10137,NAVIA DE SUARNA,Lugo,42.956,-6.915,910.0,17,ssp126,far_future,rocio_fijo,34.714,25.765,2.235,225.066,6.0,9.0,44.403,80.471,44.706,16.176,64.257,2.804,2.234
10137,NAVIA DE SUARNA,Lugo,42.956,-6.915,910.0,17,ssp126,far_future,hr_fija,34.714,25.765,2.235,225.066,6.0,9.0,47.164,96.353,59.529,28.235,76.073,2.804,2.234
10137,NAVIA DE SUARNA,Lugo,42.956,-6.915,910.0,17,ssp245,near_future,rocio_fijo,34.003,20.059,1.471,187.453,6.0,9.0,43.692,74.529,40.0,12.824,67.044,2.093,1.713
10137,NAVIA DE SUARNA,Lugo,42.956,-6.915,910.0,17,ssp245,near_future,hr_fija,34.003,20.059,1.471,187.453,6.0,9.0,45.673,86.118,50.059,21.0,76.073,2.093,1.713
10137,NAVIA DE SUARNA,Lugo,42.956,-6.915,910.0,17,ssp245,medium_future,rocio_fijo,35.193,29.529,2.824,265.718,6.0,9.0,44.882,84.588,47.471,18.294,62.453,3.283,2.732
10137,NAVIA DE SUARNA,Lugo,42.956,-6.915,910.0,17,ssp245,medium_future,hr_fija,35.193,29.529,2.824,265.718,6.0,9.0,48.174,104.118,65.529,32.941,76.073,3.283,2.732
10137,NAVIA DE SUARNA,Lugo,42.956,-6.915,910.0,17,ssp245,far_future,rocio_fijo,36.408,41.235,3.941,325.609,6.0,9.0,46.097,94.941,56.176,24.412,58.127,4.498,3.377
10137,NAVIA DE SUARNA,Lugo,42.956,-6.915,910.0,17,ssp245,far_future,hr_fija,36.408,41.235,3.941,325.609,6.0,9.0,50.586,121.706,80.353,47.588,76.073,4.498,3.377
10137,NAVIA DE SUARNA,Lugo,42.956,-6.915,910.0,17,ssp370,near_future,rocio_fijo,34.097,20.471,1.412,184.047,6.0,9.0,43.786,75.588,40.353,13.235,66.668,2.187,1.662
10137,NAVIA DE SUARNA,Lugo,42.956,-6.915,910.0,17,ssp370,near_future,hr_fija,34.097,20.471,1.412,184.047,6.0,9.0,45.864,87.824,51.059,21.706,76.073,2.187,1.662
10137,NAVIA DE SUARNA,Lugo,42.956,-6.915,910.0,17,ssp370,medium_future,rocio_fijo,35.653,34.118,3.059,283.768,6.0,9.0,45.342,88.353,50.353,20.235,60.773,3.743,2.936
10137,NAVIA DE SUARNA,Lugo,42.956,-6.915,910.0,17,ssp370,medium_future,hr_fija,35.653,34.118,3.059,283.768,6.0,9.0,49.083,111.588,70.941,38.588,76.073,3.743,2.936
10137,NAVIA DE SUARNA,Lugo,42.956,-6.915,910.0,17,ssp370,far_future,rocio_fijo,37.639,54.529,6.412,432.4,6.0,9.0,47.328,106.824,65.412,31.588,54.085,5.729,4.354
10137,NAVIA DE SUARNA,Lugo,42.956,-6.915,910.0,17,ssp370,far_future,hr_fija,37.639,54.529,6.412,432.4,6.0,9.0,53.35,139.706,98.059,63.529,76.073,5.729,4.354
10137,NAVIA DE SUARNA,Lugo,42.956,-6.915,910.0,17,ssp585,near_future,rocio_fijo,34.348,22.471,1.882,201.698,6.0,9.0,44.037,77.353,42.824,14.294,65.675,2.438,1.92
10137,NAVIA DE SUARNA,Lugo,42.956,-6.915,910.0,17,ssp585,near_future,hr_fija,34.348,22.471,1.882,201.698,6.0,9.0,46.383,91.176,54.824,24.882,76.073,2.438,1.92
10137,NAVIA DE SUARNA,Lugo,42.956,-6.915,910.0,17,ssp585,medium_future,rocio_fijo,36.17,38.765,4.0,328.104,6.0,9.0,45.859,92.706,54.118,23.059,58.947,4.26,3.402
10137,NAVIA DE SUARNA,Lugo,42.956,-6.915,910.0,17,ssp585,medium_future,hr_fija,36.17,38.765,4.0,328.104,6.0,9.0,50.122,118.765,77.294,44.941,76.073,4.26,3.402
10137,NAVIA DE SUARNA,Lugo,42.956,-6.915,910.0,17,ssp585,far_future,rocio_fijo,39.262,73.588,14.0,601.407,6.0,9.0,48.951,121.471,76.529,42.294,49.232,7.352,5.641
10137,NAVIA DE SUARNA,Lugo,42.956,-6.915,910.0,17,ssp585,far_future,hr_fija,39.262,73.588,14.0,601.407,6.0,9.0,56.895,166.941,122.529,83.294,76.073,7.352,5.641
10167,O VALADOURO,Lugo,43.544,-7.452,71.0,8,-,hoy,medido,31.198,5.625,0.75,149.834,4.875,7.0,44.773,84.625,34.875,12.0,83.581,,
10167,O VALADOURO,Lugo,43.544,-7.452,71.0,8,ssp126,near_future,rocio_fijo,32.359,9.125,4.625,256.106,4.875,7.0,45.934,98.875,45.375,15.0,77.949,1.161,1.127
10167,O VALADOURO,Lugo,43.544,-7.452,71.0,8,ssp126,near_future,hr_fija,32.359,9.125,4.625,256.106,4.875,7.0,47.333,110.375,54.875,18.5,83.581,1.161,1.127
10167,O VALADOURO,Lugo,43.544,-7.452,71.0,8,ssp126,medium_future,rocio_fijo,32.998,11.875,7.25,318.193,4.875,7.0,46.573,105.5,51.25,17.0,75.031,1.8,1.674
10167,O VALADOURO,Lugo,43.544,-7.452,71.0,8,ssp126,medium_future,hr_fija,32.998,11.875,7.25,318.193,4.875,7.0,48.777,124.25,64.5,25.625,83.581,1.8,1.674
10167,O VALADOURO,Lugo,43.544,-7.452,71.0,8,ssp126,far_future,rocio_fijo,32.95,11.5,7.125,314.951,4.875,7.0,46.525,104.75,50.875,16.625,75.246,1.752,1.647
10167,O VALADOURO,Lugo,43.544,-7.452,71.0,8,ssp126,far_future,hr_fija,32.95,11.5,7.125,314.951,4.875,7.0,48.668,123.25,63.75,25.125,83.581,1.752,1.647
10167,O VALADOURO,Lugo,43.544,-7.452,71.0,8,ssp245,near_future,rocio_fijo,32.39,9.25,5.75,274.064,4.875,7.0,45.965,99.25,45.75,15.0,77.804,1.192,1.292
10167,O VALADOURO,Lugo,43.544,-7.452,71.0,8,ssp245,near_future,hr_fija,32.39,9.25,5.75,274.064,4.875,7.0,47.402,111.125,55.5,18.75,83.581,1.192,1.292
10167,O VALADOURO,Lugo,43.544,-7.452,71.0,8,ssp245,medium_future,rocio_fijo,33.098,12.75,10.5,366.372,4.875,7.0,46.672,108.375,52.25,17.125,74.591,1.899,2.058
10167,O VALADOURO,Lugo,43.544,-7.452,71.0,8,ssp245,medium_future,hr_fija,33.098,12.75,10.5,366.372,4.875,7.0,49.003,126.375,66.125,26.125,83.581,1.899,2.058
10167,O VALADOURO,Lugo,43.544,-7.452,71.0,8,ssp245,far_future,rocio_fijo,34.226,18.75,14.375,432.254,4.875,7.0,47.8,122.75,61.75,22.0,69.768,3.027,2.545
10167,O VALADOURO,Lugo,43.544,-7.452,71.0,8,ssp245,far_future,hr_fija,34.226,18.75,14.375,432.254,4.875,7.0,51.598,154.5,90.625,42.875,83.581,3.027,2.545
10167,O VALADOURO,Lugo,43.544,-7.452,71.0,8,ssp370,near_future,rocio_fijo,32.431,9.375,5.25,268.329,4.875,7.0,46.006,99.25,46.125,15.125,77.614,1.233,1.24
10167,O VALADOURO,Lugo,43.544,-7.452,71.0,8,ssp370,near_future,hr_fija,32.431,9.375,5.25,268.329,4.875,7.0,47.494,111.875,55.875,19.0,83.581,1.233,1.24
10167,O VALADOURO,Lugo,43.544,-7.452,71.0,8,ssp370,medium_future,rocio_fijo,33.342,13.625,11.625,381.587,4.875,7.0,46.917,111.875,54.5,18.0,73.512,2.144,2.174
10167,O VALADOURO,Lugo,43.544,-7.452,71.0,8,ssp370,medium_future,hr_fija,33.342,13.625,11.625,381.587,4.875,7.0,49.56,132.375,71.625,28.75,83.581,2.144,2.174
10167,O VALADOURO,Lugo,43.544,-7.452,71.0,8,ssp370,far_future,rocio_fijo,34.739,23.625,24.5,545.439,4.875,7.0,48.314,130.0,66.125,25.25,67.688,3.541,3.295
10167,O VALADOURO,Lugo,43.544,-7.452,71.0,8,ssp370,far_future,hr_fija,34.739,23.625,24.5,545.439,4.875,7.0,52.808,165.875,100.75,51.25,83.581,3.541,3.295
10167,O VALADOURO,Lugo,43.544,-7.452,71.0,8,ssp585,near_future,rocio_fijo,32.6,10.0,6.25,288.56,4.875,7.0,46.175,100.5,47.75,15.75,76.834,1.402,1.421
10167,O VALADOURO,Lugo,43.544,-7.452,71.0,8,ssp585,near_future,hr_fija,32.6,10.0,6.25,288.56,4.875,7.0,47.875,115.125,58.5,20.875,83.581,1.402,1.421
10167,O VALADOURO,Lugo,43.544,-7.452,71.0,8,ssp585,medium_future,rocio_fijo,33.764,15.75,14.375,432.395,4.875,7.0,47.339,116.5,58.125,19.875,71.695,2.566,2.546
10167,O VALADOURO,Lugo,43.544,-7.452,71.0,8,ssp585,medium_future,hr_fija,33.764,15.75,14.375,432.395,4.875,7.0,50.528,143.5,81.5,35.0,83.581,2.566,2.546
10167,O VALADOURO,Lugo,43.544,-7.452,71.0,8,ssp585,far_future,rocio_fijo,35.942,39.0,39.0,719.271,4.875,7.0,49.516,146.5,81.75,32.125,63.09,4.743,4.307
10167,O VALADOURO,Lugo,43.544,-7.452,71.0,8,ssp585,far_future,hr_fija,35.942,39.0,39.0,719.271,4.875,7.0,55.705,195.75,129.625,72.0,83.581,4.743,4.307
19022,PANTÓN,Lugo,42.535,-7.705,340.0,17,-,hoy,medido,39.33,55.0,0.412,304.701,5.706,9.0,57.63,128.294,93.294,59.412,70.055,,
19022,PANTÓN,Lugo,42.535,-7.705,340.0,17,ssp126,near_future,rocio_fijo,41.346,76.706,3.882,468.573,5.706,9.0,59.646,142.294,108.294,72.412,62.382,2.016,1.548
19022,PANTÓN,Lugo,42.535,-7.705,340.0,17,ssp126,near_future,hr_fija,41.346,76.706,3.882,468.573,5.706,9.0,62.41,152.235,119.824,85.0,70.055,2.016,1.548
19022,PANTÓN,Lugo,42.535,-7.705,340.0,17,ssp126,medium_future,rocio_fijo,42.21,87.706,7.706,562.078,5.706,9.0,60.51,148.353,115.235,78.118,59.387,2.88,2.291
19022,PANTÓN,Lugo,42.535,-7.705,340.0,17,ssp126,medium_future,hr_fija,42.21,87.706,7.706,562.078,5.706,9.0,64.597,163.706,129.294,96.824,70.055,2.88,2.291
19022,PANTÓN,Lugo,42.535,-7.705,340.0,17,ssp126,far_future,rocio_fijo,42.228,87.765,7.412,558.788,5.706,9.0,60.528,148.529,115.412,78.176,59.327,2.898,2.266
19022,PANTÓN,Lugo,42.535,-7.705,340.0,17,ssp126,far_future,hr_fija,42.228,87.765,7.412,558.788,5.706,9.0,64.643,163.882,129.706,96.941,70.055,2.898,2.266
19022,PANTÓN,Lugo,42.535,-7.705,340.0,17,ssp245,near_future,rocio_fijo,41.444,77.882,4.353,490.395,5.706,9.0,59.744,143.059,109.235,73.176,62.034,2.114,1.728
19022,PANTÓN,Lugo,42.535,-7.705,340.0,17,ssp245,near_future,hr_fija,41.444,77.882,4.353,490.395,5.706,9.0,62.658,153.529,120.706,86.294,70.055,2.114,1.728
19022,PANTÓN,Lugo,42.535,-7.705,340.0,17,ssp245,medium_future,rocio_fijo,42.645,93.235,11.529,626.526,5.706,9.0,60.945,151.529,117.882,81.118,57.941,3.315,2.766
19022,PANTÓN,Lugo,42.535,-7.705,340.0,17,ssp245,medium_future,hr_fija,42.645,93.235,11.529,626.526,5.706,9.0,65.713,169.235,135.059,102.529,70.055,3.315,2.766
19022,PANTÓN,Lugo,42.535,-7.705,340.0,17,ssp245,far_future,rocio_fijo,43.829,107.294,18.765,724.227,5.706,9.0,62.129,160.235,125.235,89.471,54.203,4.499,3.437
19022,PANTÓN,Lugo,42.535,-7.705,340.0,17,ssp245,far_future,hr_fija,43.829,107.294,18.765,724.227,5.706,9.0,68.823,185.529,148.706,118.235,70.055,4.499,3.437
19022,PANTÓN,Lugo,42.535,-7.705,340.0,17,ssp370,near_future,rocio_fijo,41.514,78.882,4.294,483.902,5.706,9.0,59.814,143.412,110.0,73.471,61.786,2.184,1.675
19022,PANTÓN,Lugo,42.535,-7.705,340.0,17,ssp370,near_future,hr_fija,41.514,78.882,4.294,483.902,5.706,9.0,62.835,154.353,121.294,87.0,70.055,2.184,1.675
19022,PANTÓN,Lugo,42.535,-7.705,340.0,17,ssp370,medium_future,rocio_fijo,43.067,97.941,14.176,660.364,5.706,9.0,61.367,154.529,120.235,84.471,56.576,3.737,3.005
19022,PANTÓN,Lugo,42.535,-7.705,340.0,17,ssp370,medium_future,hr_fija,43.067,97.941,14.176,660.364,5.706,9.0,66.81,174.765,140.059,107.824,70.055,3.737,3.005
19022,PANTÓN,Lugo,42.535,-7.705,340.0,17,ssp370,far_future,rocio_fijo,45.19,122.471,33.706,885.068,5.706,9.0,63.49,171.412,134.588,100.0,50.238,5.86,4.452
19022,PANTÓN,Lugo,42.535,-7.705,340.0,17,ssp370,far_future,hr_fija,45.19,122.471,33.706,885.068,5.706,9.0,72.499,204.941,166.647,134.118,70.055,5.86,4.452
19022,PANTÓN,Lugo,42.535,-7.705,340.0,17,ssp585,near_future,rocio_fijo,41.714,81.941,5.588,517.776,5.706,9.0,60.014,144.412,111.588,74.706,61.086,2.384,1.948
19022,PANTÓN,Lugo,42.535,-7.705,340.0,17,ssp585,near_future,hr_fija,41.714,81.941,5.588,517.776,5.706,9.0,63.34,157.412,123.353,89.471,70.055,2.384,1.948
19022,PANTÓN,Lugo,42.535,-7.705,340.0,17,ssp585,medium_future,rocio_fijo,43.552,104.294,19.059,728.308,5.706,9.0,61.852,158.529,123.0,87.765,55.053,4.222,3.464
19022,PANTÓN,Lugo,42.535,-7.705,340.0,17,ssp585,medium_future,hr_fija,43.552,104.294,19.059,728.308,5.706,9.0,68.086,181.824,145.647,115.0,70.055,4.222,3.464
19022,PANTÓN,Lugo,42.535,-7.705,340.0,17,ssp585,far_future,rocio_fijo,46.724,138.941,56.529,1124.866,5.706,9.0,65.024,184.0,144.412,111.647,46.158,7.394,5.798
19022,PANTÓN,Lugo,42.535,-7.705,340.0,17,ssp585,far_future,hr_fija,46.724,138.941,56.529,1124.866,5.706,9.0,76.712,228.706,187.471,152.941,70.055,7.394,5.798
10132,PEDRAFITA DO CEBREIRO,Lugo,42.707,-7.047,1310.0,17,-,hoy,medido,31.225,6.471,0.176,67.033,6.059,7.0,40.395,52.706,20.529,4.353,77.867,,
10132,PEDRAFITA DO CEBREIRO,Lugo,42.707,-7.047,1310.0,17,ssp126,near_future,rocio_fijo,33.341,16.0,0.765,129.026,6.059,7.0,42.511,67.176,32.765,9.529,68.482,2.116,1.606
10132,PEDRAFITA DO CEBREIRO,Lugo,42.707,-7.047,1310.0,17,ssp126,near_future,hr_fija,33.341,16.0,0.765,129.026,6.059,7.0,44.487,78.118,44.353,15.529,77.867,2.116,1.606
10132,PEDRAFITA DO CEBREIRO,Lugo,42.707,-7.047,1310.0,17,ssp126,medium_future,rocio_fijo,34.141,21.471,1.529,168.492,6.059,7.0,43.311,73.059,38.353,12.294,65.271,2.916,2.35
10132,PEDRAFITA DO CEBREIRO,Lugo,42.707,-7.047,1310.0,17,ssp126,medium_future,hr_fija,34.141,21.471,1.529,168.492,6.059,7.0,46.034,88.471,54.0,22.529,77.867,2.916,2.35
10132,PEDRAFITA DO CEBREIRO,Lugo,42.707,-7.047,1310.0,17,ssp126,far_future,rocio_fijo,34.147,21.647,1.529,167.047,6.059,7.0,43.317,73.118,38.353,12.353,65.248,2.922,2.325
10132,PEDRAFITA DO CEBREIRO,Lugo,42.707,-7.047,1310.0,17,ssp126,far_future,hr_fija,34.147,21.647,1.529,167.047,6.059,7.0,46.046,88.588,54.118,22.529,77.867,2.922,2.325
10132,PEDRAFITA DO CEBREIRO,Lugo,42.707,-7.047,1310.0,17,ssp245,near_future,rocio_fijo,33.42,16.588,1.0,137.124,6.059,7.0,42.59,67.412,33.176,9.706,68.157,2.195,1.771
10132,PEDRAFITA DO CEBREIRO,Lugo,42.707,-7.047,1310.0,17,ssp245,near_future,hr_fija,33.42,16.588,1.0,137.124,6.059,7.0,44.641,79.118,45.353,16.176,77.867,2.195,1.771
10132,PEDRAFITA DO CEBREIRO,Lugo,42.707,-7.047,1310.0,17,ssp245,medium_future,rocio_fijo,34.67,24.765,2.176,198.427,6.059,7.0,43.84,76.824,42.471,14.471,63.241,3.445,2.836
10132,PEDRAFITA DO CEBREIRO,Lugo,42.707,-7.047,1310.0,17,ssp245,medium_future,hr_fija,34.67,24.765,2.176,198.427,6.059,7.0,47.119,96.176,60.353,28.235,77.867,3.445,2.836
10132,PEDRAFITA DO CEBREIRO,Lugo,42.707,-7.047,1310.0,17,ssp245,far_future,rocio_fijo,35.742,35.765,3.471,246.016,6.059,7.0,44.912,86.0,49.765,18.588,59.342,4.517,3.522
10132,PEDRAFITA DO CEBREIRO,Lugo,42.707,-7.047,1310.0,17,ssp245,far_future,hr_fija,35.742,35.765,3.471,246.016,6.059,7.0,49.329,109.882,72.118,40.706,77.867,4.517,3.522
10132,PEDRAFITA DO CEBREIRO,Lugo,42.707,-7.047,1310.0,17,ssp370,near_future,rocio_fijo,33.489,16.765,0.882,135.072,6.059,7.0,42.659,67.882,33.647,10.0,67.875,2.264,1.73
10132,PEDRAFITA DO CEBREIRO,Lugo,42.707,-7.047,1310.0,17,ssp370,near_future,hr_fija,33.489,16.765,0.882,135.072,6.059,7.0,44.779,80.235,46.0,17.118,77.867,2.264,1.73
10132,PEDRAFITA DO CEBREIRO,Lugo,42.707,-7.047,1310.0,17,ssp370,medium_future,rocio_fijo,35.152,28.882,2.647,215.238,6.059,7.0,44.322,81.529,45.176,16.0,61.453,3.927,3.089
10132,PEDRAFITA DO CEBREIRO,Lugo,42.707,-7.047,1310.0,17,ssp370,medium_future,hr_fija,35.152,28.882,2.647,215.238,6.059,7.0,48.141,102.059,66.176,33.706,77.867,3.927,3.089
10132,PEDRAFITA DO CEBREIRO,Lugo,42.707,-7.047,1310.0,17,ssp370,far_future,rocio_fijo,37.143,48.765,6.235,331.042,6.059,7.0,46.313,97.118,59.118,25.588,54.648,5.918,4.564
10132,PEDRAFITA DO CEBREIRO,Lugo,42.707,-7.047,1310.0,17,ssp370,far_future,hr_fija,37.143,48.765,6.235,331.042,6.059,7.0,52.352,127.588,91.235,57.882,77.867,5.918,4.564
10132,PEDRAFITA DO CEBREIRO,Lugo,42.707,-7.047,1310.0,17,ssp585,near_future,rocio_fijo,33.753,18.471,1.294,149.681,6.059,7.0,42.923,69.765,35.588,10.882,66.807,2.528,2.013
10132,PEDRAFITA DO CEBREIRO,Lugo,42.707,-7.047,1310.0,17,ssp585,near_future,hr_fija,33.753,18.471,1.294,149.681,6.059,7.0,45.286,84.059,49.235,19.294,77.867,2.528,2.013
10132,PEDRAFITA DO CEBREIRO,Lugo,42.707,-7.047,1310.0,17,ssp585,medium_future,rocio_fijo,35.666,34.765,3.588,249.274,6.059,7.0,44.836,85.706,49.118,18.235,59.609,4.441,3.566
10132,PEDRAFITA DO CEBREIRO,Lugo,42.707,-7.047,1310.0,17,ssp585,medium_future,hr_fija,35.666,34.765,3.588,249.274,6.059,7.0,49.183,108.647,71.588,40.059,77.867,4.441,3.566
10132,PEDRAFITA DO CEBREIRO,Lugo,42.707,-7.047,1310.0,17,ssp585,far_future,rocio_fijo,38.709,65.824,12.353,463.263,6.059,7.0,47.879,109.529,69.353,35.176,49.89,7.484,5.889
10132,PEDRAFITA DO CEBREIRO,Lugo,42.707,-7.047,1310.0,17,ssp585,far_future,hr_fija,38.709,65.824,12.353,463.263,6.059,7.0,55.839,146.529,112.765,77.118,77.867,7.484,5.889
10201,PEDRAFITA DO CEBREIRO,Lugo,42.712,-7.126,1330.0,15,-,hoy,medido,29.22,1.867,1.467,83.267,5.6,13.0,34.274,17.8,2.4,0.0,72.17,,
10201,PEDRAFITA DO CEBREIRO,Lugo,42.712,-7.126,1330.0,15,ssp126,near_future,rocio_fijo,31.235,6.467,3.4,145.349,5.6,13.0,36.289,30.0,5.867,0.333,63.712,2.015,1.558
10201,PEDRAFITA DO CEBREIRO,Lugo,42.712,-7.126,1330.0,15,ssp126,near_future,hr_fija,31.235,6.467,3.4,145.349,5.6,13.0,37.545,38.933,10.533,0.667,72.17,2.015,1.558
10201,PEDRAFITA DO CEBREIRO,Lugo,42.712,-7.126,1330.0,15,ssp126,medium_future,rocio_fijo,32.036,8.467,5.533,184.434,5.6,13.0,37.09,35.667,8.267,0.467,60.664,2.816,2.292
10201,PEDRAFITA DO CEBREIRO,Lugo,42.712,-7.126,1330.0,15,ssp126,medium_future,hr_fija,32.036,8.467,5.533,184.434,5.6,13.0,38.924,48.733,16.667,2.467,72.17,2.816,2.292
10201,PEDRAFITA DO CEBREIRO,Lugo,42.712,-7.126,1330.0,15,ssp126,far_future,rocio_fijo,32.047,8.533,5.333,183.121,5.6,13.0,37.101,35.933,8.267,0.467,60.624,2.827,2.269
10201,PEDRAFITA DO CEBREIRO,Lugo,42.712,-7.126,1330.0,15,ssp126,far_future,hr_fija,32.047,8.533,5.333,183.121,5.6,13.0,38.943,48.733,16.867,2.533,72.17,2.827,2.269
10201,PEDRAFITA DO CEBREIRO,Lugo,42.712,-7.126,1330.0,15,ssp245,near_future,rocio_fijo,31.292,6.467,4.133,152.945,5.6,13.0,36.346,30.4,5.933,0.333,63.49,2.072,1.712
10201,PEDRAFITA DO CEBREIRO,Lugo,42.712,-7.126,1330.0,15,ssp245,near_future,hr_fija,31.292,6.467,4.133,152.945,5.6,13.0,37.655,39.467,10.933,0.667,72.17,2.072,1.712
10201,PEDRAFITA DO CEBREIRO,Lugo,42.712,-7.126,1330.0,15,ssp245,medium_future,rocio_fijo,32.528,11.067,6.733,213.174,5.6,13.0,37.582,39.2,10.2,0.6,58.874,3.308,2.766
10201,PEDRAFITA DO CEBREIRO,Lugo,42.712,-7.126,1330.0,15,ssp245,medium_future,hr_fija,32.528,11.067,6.733,213.174,5.6,13.0,39.852,55.8,21.067,3.333,72.17,3.308,2.766
10201,PEDRAFITA DO CEBREIRO,Lugo,42.712,-7.126,1330.0,15,ssp245,far_future,rocio_fijo,33.607,16.4,9.533,259.635,5.6,13.0,38.661,47.533,15.4,1.733,55.151,4.387,3.445
10201,PEDRAFITA DO CEBREIRO,Lugo,42.712,-7.126,1330.0,15,ssp245,far_future,hr_fija,33.607,16.4,9.533,259.635,5.6,13.0,41.869,70.867,32.267,7.067,72.17,4.387,3.445
10201,PEDRAFITA DO CEBREIRO,Lugo,42.712,-7.126,1330.0,15,ssp370,near_future,rocio_fijo,31.35,6.667,3.933,150.944,5.6,13.0,36.404,30.933,6.333,0.333,63.264,2.13,1.672
10201,PEDRAFITA DO CEBREIRO,Lugo,42.712,-7.126,1330.0,15,ssp370,near_future,hr_fija,31.35,6.667,3.933,150.944,5.6,13.0,37.764,40.333,11.467,0.8,72.17,2.13,1.672
10201,PEDRAFITA DO CEBREIRO,Lugo,42.712,-7.126,1330.0,15,ssp370,medium_future,rocio_fijo,32.984,12.733,7.667,229.403,5.6,13.0,38.038,42.6,12.067,0.733,57.267,3.764,3.014
10201,PEDRAFITA DO CEBREIRO,Lugo,42.712,-7.126,1330.0,15,ssp370,medium_future,hr_fija,32.984,12.733,7.667,229.403,5.6,13.0,40.754,62.0,25.467,4.933,72.17,3.764,3.014
10201,PEDRAFITA DO CEBREIRO,Lugo,42.712,-7.126,1330.0,15,ssp370,far_future,rocio_fijo,34.963,24.933,13.667,341.123,5.6,13.0,40.017,58.933,21.733,3.467,50.843,5.743,4.467
10201,PEDRAFITA DO CEBREIRO,Lugo,42.712,-7.126,1330.0,15,ssp370,far_future,hr_fija,34.963,24.933,13.667,341.123,5.6,13.0,44.474,89.4,49.2,17.467,72.17,5.743,4.467
10201,PEDRAFITA DO CEBREIRO,Lugo,42.712,-7.126,1330.0,15,ssp585,near_future,rocio_fijo,31.585,7.2,4.6,165.421,5.6,13.0,36.639,32.533,7.133,0.333,62.36,2.365,1.95
10201,PEDRAFITA DO CEBREIRO,Lugo,42.712,-7.126,1330.0,15,ssp585,near_future,hr_fija,31.585,7.2,4.6,165.421,5.6,13.0,38.159,43.133,13.0,1.4,72.17,2.365,1.95
10201,PEDRAFITA DO CEBREIRO,Lugo,42.712,-7.126,1330.0,15,ssp585,medium_future,rocio_fijo,33.464,15.4,9.733,262.351,5.6,13.0,38.518,46.0,14.733,1.6,55.629,4.244,3.482
10201,PEDRAFITA DO CEBREIRO,Lugo,42.712,-7.126,1330.0,15,ssp585,medium_future,hr_fija,33.464,15.4,9.733,262.351,5.6,13.0,41.616,69.133,30.4,6.4,72.17,4.244,3.482
10201,PEDRAFITA DO CEBREIRO,Lugo,42.712,-7.126,1330.0,15,ssp585,far_future,rocio_fijo,36.474,37.467,22.0,467.16,5.6,13.0,41.528,71.867,31.533,6.6,46.484,7.254,5.769
10201,PEDRAFITA DO CEBREIRO,Lugo,42.712,-7.126,1330.0,15,ssp585,far_future,hr_fija,36.474,37.467,22.0,467.16,5.6,13.0,47.354,113.267,70.933,33.2,72.17,7.254,5.769
10105,POL,Lugo,43.163,-7.283,647.0,17,-,hoy,medido,32.215,8.294,0.118,78.121,6.471,9.0,43.933,62.294,29.0,9.706,81.688,,
10105,POL,Lugo,43.163,-7.283,647.0,17,ssp126,near_future,rocio_fijo,33.838,14.235,1.0,143.314,6.471,9.0,45.556,76.647,37.824,14.706,74.044,1.623,1.345
10105,POL,Lugo,43.163,-7.283,647.0,17,ssp126,near_future,hr_fija,33.838,14.235,1.0,143.314,6.471,9.0,47.277,87.118,46.706,20.588,81.688,1.623,1.345
10105,POL,Lugo,43.163,-7.283,647.0,17,ssp126,medium_future,rocio_fijo,34.648,18.882,1.353,188.502,6.471,9.0,46.366,83.824,43.647,17.412,70.532,2.433,2.005
10105,POL,Lugo,43.163,-7.283,647.0,17,ssp126,medium_future,hr_fija,34.648,18.882,1.353,188.502,6.471,9.0,48.977,100.706,57.882,27.235,81.688,2.433,2.005
10105,POL,Lugo,43.163,-7.283,647.0,17,ssp126,far_future,rocio_fijo,34.582,18.235,1.353,186.493,6.471,9.0,46.3,83.471,43.294,17.118,70.811,2.367,1.978
10105,POL,Lugo,43.163,-7.283,647.0,17,ssp126,far_future,hr_fija,34.582,18.235,1.353,186.493,6.471,9.0,48.834,99.353,57.059,26.706,81.688,2.367,1.978
10105,POL,Lugo,43.163,-7.283,647.0,17,ssp245,near_future,rocio_fijo,33.892,14.294,1.059,154.225,6.471,9.0,45.61,77.118,38.118,14.824,73.803,1.677,1.516
10105,POL,Lugo,43.163,-7.283,647.0,17,ssp245,near_future,hr_fija,33.892,14.294,1.059,154.225,6.471,9.0,47.387,87.824,47.412,21.0,81.688,1.677,1.516
10105,POL,Lugo,43.163,-7.283,647.0,17,ssp245,medium_future,rocio_fijo,34.908,20.765,1.647,223.071,6.471,9.0,46.626,86.059,45.353,18.294,69.445,2.693,2.44
10105,POL,Lugo,43.163,-7.283,647.0,17,ssp245,medium_future,hr_fija,34.908,20.765,1.647,223.071,6.471,9.0,49.55,104.471,61.353,29.882,81.688,2.693,2.44
10105,POL,Lugo,43.163,-7.283,647.0,17,ssp245,far_future,rocio_fijo,36.102,30.765,2.471,275.539,6.471,9.0,47.82,97.118,53.882,23.353,64.689,3.887,3.02
10105,POL,Lugo,43.163,-7.283,647.0,17,ssp245,far_future,hr_fija,36.102,30.765,2.471,275.539,6.471,9.0,52.115,123.941,80.176,43.059,81.688,3.887,3.02
10105,POL,Lugo,43.163,-7.283,647.0,17,ssp370,near_future,rocio_fijo,33.951,14.765,1.059,150.588,6.471,9.0,45.669,77.588,38.294,14.882,73.542,1.736,1.46
10105,POL,Lugo,43.163,-7.283,647.0,17,ssp370,near_future,hr_fija,33.951,14.765,1.059,150.588,6.471,9.0,47.507,88.706,48.294,21.412,81.688,1.736,1.46
10105,POL,Lugo,43.163,-7.283,647.0,17,ssp370,medium_future,rocio_fijo,35.277,23.765,1.824,237.012,6.471,9.0,46.995,89.353,47.176,19.882,67.934,3.062,2.602
10105,POL,Lugo,43.163,-7.283,647.0,17,ssp370,medium_future,hr_fija,35.277,23.765,1.824,237.012,6.471,9.0,50.377,110.824,67.0,32.882,81.688,3.062,2.602
10105,POL,Lugo,43.163,-7.283,647.0,17,ssp370,far_future,rocio_fijo,37.053,38.235,5.882,368.887,6.471,9.0,48.771,106.941,61.176,28.118,61.162,4.838,3.896
10105,POL,Lugo,43.163,-7.283,647.0,17,ssp370,far_future,hr_fija,37.053,38.235,5.882,368.887,6.471,9.0,54.157,140.412,93.647,55.529,81.688,4.838,3.896
10105,POL,Lugo,43.163,-7.283,647.0,17,ssp585,near_future,rocio_fijo,34.113,15.706,1.235,165.547,6.471,9.0,45.831,79.118,39.294,15.529,72.83,1.898,1.685
10105,POL,Lugo,43.163,-7.283,647.0,17,ssp585,near_future,hr_fija,34.113,15.706,1.235,165.547,6.471,9.0,47.838,91.0,50.176,22.471,81.688,1.898,1.685
10105,POL,Lugo,43.163,-7.283,647.0,17,ssp585,medium_future,rocio_fijo,35.717,27.059,2.471,276.221,6.471,9.0,47.435,92.941,50.706,22.059,66.181,3.502,3.027
10105,POL,Lugo,43.163,-7.283,647.0,17,ssp585,medium_future,hr_fija,35.717,27.059,2.471,276.221,6.471,9.0,51.316,117.824,73.941,37.882,81.688,3.502,3.027
10105,POL,Lugo,43.163,-7.283,647.0,17,ssp585,far_future,rocio_fijo,38.519,54.588,15.647,522.523,6.471,9.0,50.237,121.647,73.765,35.706,56.143,6.304,5.082
10105,POL,Lugo,43.163,-7.283,647.0,17,ssp585,far_future,hr_fija,38.519,54.588,15.647,522.523,6.471,9.0,57.628,166.647,119.176,77.235,81.688,6.304,5.082
10108,PORTOMARÍN,Lugo,42.813,-7.62,447.0,17,-,hoy,medido,35.53,27.529,0.0,151.805,6.0,6.0,51.966,110.706,71.765,37.118,76.29,,
10108,PORTOMARÍN,Lugo,42.813,-7.62,447.0,17,ssp126,near_future,rocio_fijo,37.48,46.882,0.706,273.494,6.0,6.0,53.916,126.529,86.588,49.176,68.044,1.95,1.496
10108,PORTOMARÍN,Lugo,42.813,-7.62,447.0,17,ssp126,near_future,hr_fija,37.48,46.882,0.706,273.494,6.0,6.0,56.57,138.941,98.471,61.765,76.29,1.95,1.496
10108,PORTOMARÍN,Lugo,42.813,-7.62,447.0,17,ssp126,medium_future,rocio_fijo,38.332,56.529,1.647,347.354,6.0,6.0,54.768,133.412,92.824,55.941,64.76,2.802,2.218
10108,PORTOMARÍN,Lugo,42.813,-7.62,447.0,17,ssp126,medium_future,hr_fija,38.332,56.529,1.647,347.354,6.0,6.0,58.65,150.941,111.588,74.0,76.29,2.802,2.218
10108,PORTOMARÍN,Lugo,42.813,-7.62,447.0,17,ssp126,far_future,rocio_fijo,38.333,56.529,1.647,344.534,6.0,6.0,54.769,133.471,92.824,55.941,64.757,2.803,2.192
10108,PORTOMARÍN,Lugo,42.813,-7.62,447.0,17,ssp126,far_future,hr_fija,38.333,56.529,1.647,344.534,6.0,6.0,58.652,150.941,111.588,74.0,76.29,2.803,2.192
10108,PORTOMARÍN,Lugo,42.813,-7.62,447.0,17,ssp245,near_future,rocio_fijo,37.552,47.941,0.941,290.896,6.0,6.0,53.988,127.235,87.059,49.471,67.759,2.022,1.674
10108,PORTOMARÍN,Lugo,42.813,-7.62,447.0,17,ssp245,near_future,hr_fija,37.552,47.941,0.941,290.896,6.0,6.0,56.744,139.471,99.882,62.706,76.29,2.022,1.674
10108,PORTOMARÍN,Lugo,42.813,-7.62,447.0,17,ssp245,medium_future,rocio_fijo,38.715,61.706,2.765,400.317,6.0,6.0,55.151,136.882,95.824,57.765,63.343,3.185,2.685
10108,PORTOMARÍN,Lugo,42.813,-7.62,447.0,17,ssp245,medium_future,hr_fija,38.715,61.706,2.765,400.317,6.0,6.0,59.601,157.176,116.647,79.588,76.29,3.185,2.685
10108,PORTOMARÍN,Lugo,42.813,-7.62,447.0,17,ssp245,far_future,rocio_fijo,39.928,78.118,5.412,480.595,6.0,6.0,56.364,147.647,106.176,66.882,59.079,4.398,3.327
10108,PORTOMARÍN,Lugo,42.813,-7.62,447.0,17,ssp245,far_future,hr_fija,39.928,78.118,5.412,480.595,6.0,6.0,62.683,176.647,133.529,96.647,76.29,4.398,3.327
10108,PORTOMARÍN,Lugo,42.813,-7.62,447.0,17,ssp370,near_future,rocio_fijo,37.604,48.235,0.882,285.463,6.0,6.0,54.04,127.647,87.294,49.941,67.555,2.074,1.619
10108,PORTOMARÍN,Lugo,42.813,-7.62,447.0,17,ssp370,near_future,hr_fija,37.604,48.235,0.882,285.463,6.0,6.0,56.87,140.059,100.588,63.412,76.29,2.074,1.619
10108,PORTOMARÍN,Lugo,42.813,-7.62,447.0,17,ssp370,medium_future,rocio_fijo,39.115,67.588,3.647,425.806,6.0,6.0,55.551,140.235,98.706,60.647,61.9,3.585,2.896
10108,PORTOMARÍN,Lugo,42.813,-7.62,447.0,17,ssp370,medium_future,hr_fija,39.115,67.588,3.647,425.806,6.0,6.0,60.605,163.0,121.706,84.765,76.29,3.585,2.896
10108,PORTOMARÍN,Lugo,42.813,-7.62,447.0,17,ssp370,far_future,rocio_fijo,41.173,95.059,12.0,619.578,6.0,6.0,57.609,159.294,115.941,76.824,55.037,5.643,4.311
10108,PORTOMARÍN,Lugo,42.813,-7.62,447.0,17,ssp370,far_future,hr_fija,41.173,95.059,12.0,619.578,6.0,6.0,65.913,197.118,152.647,115.118,76.29,5.643,4.311
10108,PORTOMARÍN,Lugo,42.813,-7.62,447.0,17,ssp585,near_future,rocio_fijo,37.797,50.294,1.176,311.133,6.0,6.0,54.233,129.471,88.118,51.706,66.801,2.267,1.875
10108,PORTOMARÍN,Lugo,42.813,-7.62,447.0,17,ssp585,near_future,hr_fija,37.797,50.294,1.176,311.133,6.0,6.0,57.338,143.0,103.765,66.882,76.29,2.267,1.875
10108,PORTOMARÍN,Lugo,42.813,-7.62,447.0,17,ssp585,medium_future,rocio_fijo,39.618,74.235,5.471,483.361,6.0,6.0,56.054,144.529,103.294,64.294,60.137,4.088,3.348
10108,PORTOMARÍN,Lugo,42.813,-7.62,447.0,17,ssp585,medium_future,hr_fija,39.618,74.235,5.471,483.361,6.0,6.0,61.885,170.706,129.647,92.118,76.29,4.088,3.348
10108,PORTOMARÍN,Lugo,42.813,-7.62,447.0,17,ssp585,far_future,rocio_fijo,42.709,116.294,27.882,832.058,6.0,6.0,59.145,173.294,128.647,87.824,50.473,7.179,5.607
10108,PORTOMARÍN,Lugo,42.813,-7.62,447.0,17,ssp585,far_future,hr_fija,42.709,116.294,27.882,832.058,6.0,6.0,69.98,221.294,177.176,137.118,76.29,7.179,5.607
10170,PORTOMARÍN,Lugo,42.817,-7.75,780.0,8,-,hoy,medido,33.576,12.625,1.375,108.705,4.25,7.0,47.348,73.75,40.5,17.0,84.916,,
10170,PORTOMARÍN,Lugo,42.817,-7.75,780.0,8,ssp126,near_future,rocio_fijo,35.41,20.875,2.75,185.902,4.25,7.0,49.182,89.0,51.0,22.875,76.06,1.834,1.452
10170,PORTOMARÍN,Lugo,42.817,-7.75,780.0,8,ssp126,near_future,hr_fija,35.41,20.875,2.75,185.902,4.25,7.0,51.509,99.875,61.75,30.75,84.916,1.834,1.452
10170,PORTOMARÍN,Lugo,42.817,-7.75,780.0,8,ssp126,medium_future,rocio_fijo,36.287,26.375,3.875,236.347,4.25,7.0,50.059,95.625,57.125,26.625,72.196,2.711,2.164
10170,PORTOMARÍN,Lugo,42.817,-7.75,780.0,8,ssp126,medium_future,hr_fija,36.287,26.375,3.875,236.347,4.25,7.0,53.546,112.375,73.875,41.875,84.916,2.711,2.164
10170,PORTOMARÍN,Lugo,42.817,-7.75,780.0,8,ssp126,far_future,rocio_fijo,36.325,26.625,3.875,234.432,4.25,7.0,50.097,96.0,57.375,26.75,72.034,2.749,2.139
10170,PORTOMARÍN,Lugo,42.817,-7.75,780.0,8,ssp126,far_future,hr_fija,36.325,26.625,3.875,234.432,4.25,7.0,53.628,113.375,74.125,42.25,84.916,2.749,2.139
10170,PORTOMARÍN,Lugo,42.817,-7.75,780.0,8,ssp245,near_future,rocio_fijo,35.463,21.375,3.0,197.419,4.25,7.0,49.235,89.25,51.25,23.0,75.82,1.887,1.625
10170,PORTOMARÍN,Lugo,42.817,-7.75,780.0,8,ssp245,near_future,hr_fija,35.463,21.375,3.0,197.419,4.25,7.0,51.633,100.375,62.875,31.625,84.916,1.887,1.625
10170,PORTOMARÍN,Lugo,42.817,-7.75,780.0,8,ssp245,medium_future,rocio_fijo,36.628,28.75,4.625,273.096,4.25,7.0,50.4,98.75,59.875,28.5,70.754,3.052,2.62
10170,PORTOMARÍN,Lugo,42.817,-7.75,780.0,8,ssp245,medium_future,hr_fija,36.628,28.75,4.625,273.096,4.25,7.0,54.289,117.25,79.0,46.875,84.916,3.052,2.62
10170,PORTOMARÍN,Lugo,42.817,-7.75,780.0,8,ssp245,far_future,rocio_fijo,37.919,40.125,6.25,331.32,4.25,7.0,51.691,109.25,69.625,34.875,65.581,4.343,3.258
10170,PORTOMARÍN,Lugo,42.817,-7.75,780.0,8,ssp245,far_future,hr_fija,37.919,40.125,6.25,331.32,4.25,7.0,57.166,136.625,96.75,60.875,84.916,4.343,3.258
10170,PORTOMARÍN,Lugo,42.817,-7.75,780.0,8,ssp370,near_future,rocio_fijo,35.498,21.875,3.0,193.699,4.25,7.0,49.27,89.375,51.625,23.125,75.662,1.922,1.57
10170,PORTOMARÍN,Lugo,42.817,-7.75,780.0,8,ssp370,near_future,hr_fija,35.498,21.875,3.0,193.699,4.25,7.0,51.715,100.75,63.375,32.125,84.916,1.922,1.57
10170,PORTOMARÍN,Lugo,42.817,-7.75,780.0,8,ssp370,medium_future,rocio_fijo,37.02,32.25,4.875,291.168,4.25,7.0,50.792,101.625,62.25,30.0,69.136,3.444,2.828
10170,PORTOMARÍN,Lugo,42.817,-7.75,780.0,8,ssp370,medium_future,hr_fija,37.02,32.25,4.875,291.168,4.25,7.0,55.156,121.875,85.125,50.0,84.916,3.444,2.828
10170,PORTOMARÍN,Lugo,42.817,-7.75,780.0,8,ssp370,far_future,rocio_fijo,39.137,55.375,10.375,433.853,4.25,7.0,52.909,118.875,78.875,44.375,61.089,5.561,4.221
10170,PORTOMARÍN,Lugo,42.817,-7.75,780.0,8,ssp370,far_future,hr_fija,39.137,55.375,10.375,433.853,4.25,7.0,59.932,153.625,114.375,78.75,84.916,5.561,4.221
10170,PORTOMARÍN,Lugo,42.817,-7.75,780.0,8,ssp585,near_future,rocio_fijo,35.636,23.0,3.375,211.157,4.25,7.0,49.408,90.875,53.25,23.25,75.043,2.06,1.822
10170,PORTOMARÍN,Lugo,42.817,-7.75,780.0,8,ssp585,near_future,hr_fija,35.636,23.0,3.375,211.157,4.25,7.0,52.039,103.125,64.875,33.375,84.916,2.06,1.822
10170,PORTOMARÍN,Lugo,42.817,-7.75,780.0,8,ssp585,medium_future,rocio_fijo,37.482,35.625,6.375,332.784,4.25,7.0,51.254,104.875,65.5,33.25,67.283,3.906,3.273
10170,PORTOMARÍN,Lugo,42.817,-7.75,780.0,8,ssp585,medium_future,hr_fija,37.482,35.625,6.375,332.784,4.25,7.0,56.218,129.125,91.125,55.5,84.916,3.906,3.273
10170,PORTOMARÍN,Lugo,42.817,-7.75,780.0,8,ssp585,far_future,rocio_fijo,40.627,73.375,22.0,598.586,4.25,7.0,54.399,132.125,90.75,53.25,56.058,7.051,5.501
10170,PORTOMARÍN,Lugo,42.817,-7.75,780.0,8,ssp585,far_future,hr_fija,40.627,73.375,22.0,598.586,4.25,7.0,63.804,179.0,136.625,99.0,84.916,7.051,5.501
10100,QUIROGA,Lugo,42.492,-7.276,697.0,17,-,hoy,medido,35.2,30.765,1.706,230.358,6.0,9.0,48.858,102.176,63.353,33.176,73.808,,
10100,QUIROGA,Lugo,42.492,-7.276,697.0,17,ssp126,near_future,rocio_fijo,37.437,54.0,4.294,375.606,6.0,9.0,51.095,119.294,81.353,46.941,64.725,2.237,1.618
10100,QUIROGA,Lugo,42.492,-7.276,697.0,17,ssp126,near_future,hr_fija,37.437,54.0,4.294,375.606,6.0,9.0,53.701,131.824,93.059,58.882,73.808,2.237,1.618
10100,QUIROGA,Lugo,42.492,-7.276,697.0,17,ssp126,medium_future,rocio_fijo,38.269,63.882,6.765,459.685,6.0,9.0,51.927,126.294,86.412,51.353,61.673,3.069,2.376
10100,QUIROGA,Lugo,42.492,-7.276,697.0,17,ssp126,medium_future,hr_fija,38.269,63.882,6.765,459.685,6.0,9.0,55.558,144.235,104.765,68.882,73.808,3.069,2.376
10100,QUIROGA,Lugo,42.492,-7.276,697.0,17,ssp126,far_future,rocio_fijo,38.251,63.824,6.647,456.85,6.0,9.0,51.909,126.118,86.294,51.353,61.738,3.051,2.352
10100,QUIROGA,Lugo,42.492,-7.276,697.0,17,ssp126,far_future,hr_fija,38.251,63.824,6.647,456.85,6.0,9.0,55.516,144.059,104.647,68.765,73.808,3.051,2.352
10100,QUIROGA,Lugo,42.492,-7.276,697.0,17,ssp245,near_future,rocio_fijo,37.546,55.0,4.824,394.265,6.0,9.0,51.204,119.824,82.059,47.353,64.315,2.346,1.795
10100,QUIROGA,Lugo,42.492,-7.276,697.0,17,ssp245,near_future,hr_fija,37.546,55.0,4.824,394.265,6.0,9.0,53.931,133.471,94.765,59.765,73.808,2.346,1.795
10100,QUIROGA,Lugo,42.492,-7.276,697.0,17,ssp245,medium_future,rocio_fijo,38.788,70.059,8.294,519.869,6.0,9.0,52.446,130.294,90.0,54.706,59.852,3.588,2.867
10100,QUIROGA,Lugo,42.492,-7.276,697.0,17,ssp245,medium_future,hr_fija,38.788,70.059,8.294,519.869,6.0,9.0,56.778,151.588,112.529,76.235,73.808,3.588,2.867
10100,QUIROGA,Lugo,42.492,-7.276,697.0,17,ssp245,far_future,rocio_fijo,39.932,84.765,12.529,611.549,6.0,9.0,53.59,141.118,99.176,62.0,56.049,4.732,3.558
10100,QUIROGA,Lugo,42.492,-7.276,697.0,17,ssp245,far_future,hr_fija,39.932,84.765,12.529,611.549,6.0,9.0,59.46,167.235,127.294,91.471,73.808,4.732,3.558
10100,QUIROGA,Lugo,42.492,-7.276,697.0,17,ssp370,near_future,rocio_fijo,37.656,55.941,4.706,388.933,6.0,9.0,51.314,120.471,82.824,47.941,63.905,2.456,1.745
10100,QUIROGA,Lugo,42.492,-7.276,697.0,17,ssp370,near_future,hr_fija,37.656,55.941,4.706,388.933,6.0,9.0,54.169,135.176,96.294,61.294,73.808,2.456,1.745
10100,QUIROGA,Lugo,42.492,-7.276,697.0,17,ssp370,medium_future,rocio_fijo,39.286,75.765,9.647,552.14,6.0,9.0,52.944,135.059,94.059,57.706,58.162,4.086,3.117
10100,QUIROGA,Lugo,42.492,-7.276,697.0,17,ssp370,medium_future,hr_fija,39.286,75.765,9.647,552.14,6.0,9.0,57.959,158.235,118.529,83.118,73.808,4.086,3.117
10100,QUIROGA,Lugo,42.492,-7.276,697.0,17,ssp370,far_future,rocio_fijo,41.381,101.353,22.882,764.84,6.0,9.0,55.039,153.353,111.353,72.235,51.617,6.181,4.599
10100,QUIROGA,Lugo,42.492,-7.276,697.0,17,ssp370,far_future,hr_fija,41.381,101.353,22.882,764.84,6.0,9.0,63.055,188.529,148.471,111.941,73.808,6.181,4.599
10100,QUIROGA,Lugo,42.492,-7.276,697.0,17,ssp585,near_future,rocio_fijo,37.901,58.765,5.412,419.831,6.0,9.0,51.559,123.294,84.059,49.765,63.002,2.701,2.029
10100,QUIROGA,Lugo,42.492,-7.276,697.0,17,ssp585,near_future,hr_fija,37.901,58.765,5.412,419.831,6.0,9.0,54.722,139.059,99.706,63.941,73.808,2.701,2.029
10100,QUIROGA,Lugo,42.492,-7.276,697.0,17,ssp585,medium_future,rocio_fijo,39.832,83.353,12.765,615.428,6.0,9.0,53.49,139.824,98.588,61.529,56.37,4.632,3.586
10100,QUIROGA,Lugo,42.492,-7.276,697.0,17,ssp585,medium_future,hr_fija,39.832,83.353,12.765,615.428,6.0,9.0,59.215,165.706,125.765,89.824,73.808,4.632,3.586
10100,QUIROGA,Lugo,42.492,-7.276,697.0,17,ssp585,far_future,rocio_fijo,43.0,123.235,44.588,995.34,6.0,9.0,56.658,167.471,124.118,85.118,47.126,7.8,5.969
10100,QUIROGA,Lugo,42.492,-7.276,697.0,17,ssp585,far_future,hr_fija,43.0,123.235,44.588,995.34,6.0,9.0,67.116,213.353,171.353,134.0,73.808,7.8,5.969
10047,RIBADEO,Lugo,43.541,-7.083,51.0,17,-,hoy,medido,27.745,1.176,0.765,131.269,3.059,5.0,38.224,48.765,9.235,1.706,85.317,,
10047,RIBADEO,Lugo,43.541,-7.083,51.0,17,ssp126,near_future,rocio_fijo,28.854,1.941,5.176,245.511,3.059,5.0,39.333,64.412,13.588,2.647,79.741,1.109,1.135
10047,RIBADEO,Lugo,43.541,-7.083,51.0,17,ssp126,near_future,hr_fija,28.854,1.941,5.176,245.511,3.059,5.0,40.443,76.529,19.059,4.059,85.317,1.109,1.135
10047,RIBADEO,Lugo,43.541,-7.083,51.0,17,ssp126,medium_future,rocio_fijo,29.399,2.647,9.235,308.819,3.059,5.0,39.878,72.0,16.059,3.353,77.152,1.654,1.65
10047,RIBADEO,Lugo,43.541,-7.083,51.0,17,ssp126,medium_future,hr_fija,29.399,2.647,9.235,308.819,3.059,5.0,41.58,90.529,27.0,5.706,85.317,1.654,1.65
10047,RIBADEO,Lugo,43.541,-7.083,51.0,17,ssp126,far_future,rocio_fijo,29.228,2.353,8.941,304.167,3.059,5.0,39.707,70.176,15.235,3.059,77.954,1.483,1.614
10047,RIBADEO,Lugo,43.541,-7.083,51.0,17,ssp126,far_future,hr_fija,29.228,2.353,8.941,304.167,3.059,5.0,41.221,86.529,24.059,5.294,85.317,1.483,1.614
10047,RIBADEO,Lugo,43.541,-7.083,51.0,17,ssp245,near_future,rocio_fijo,28.921,1.941,5.941,266.673,3.059,5.0,39.4,65.353,13.765,2.706,79.417,1.176,1.313
10047,RIBADEO,Lugo,43.541,-7.083,51.0,17,ssp245,near_future,hr_fija,28.921,1.941,5.941,266.673,3.059,5.0,40.582,78.412,20.118,4.235,85.317,1.176,1.313
10047,RIBADEO,Lugo,43.541,-7.083,51.0,17,ssp245,medium_future,rocio_fijo,29.59,2.882,13.824,358.571,3.059,5.0,40.069,75.412,17.588,3.765,76.267,1.845,2.02
10047,RIBADEO,Lugo,43.541,-7.083,51.0,17,ssp245,medium_future,hr_fija,29.59,2.882,13.824,358.571,3.059,5.0,41.984,95.412,31.0,6.118,85.317,1.845,2.02
10047,RIBADEO,Lugo,43.541,-7.083,51.0,17,ssp245,far_future,rocio_fijo,30.315,4.0,19.471,423.7,3.059,5.0,40.794,85.765,22.706,4.824,73.01,2.57,2.469
10047,RIBADEO,Lugo,43.541,-7.083,51.0,17,ssp245,far_future,hr_fija,30.315,4.0,19.471,423.7,3.059,5.0,43.5,113.824,45.647,9.412,85.317,2.57,2.469
10047,RIBADEO,Lugo,43.541,-7.083,51.0,17,ssp370,near_future,rocio_fijo,29.012,2.0,5.588,259.816,3.059,5.0,39.491,66.412,14.176,3.0,78.98,1.267,1.256
10047,RIBADEO,Lugo,43.541,-7.083,51.0,17,ssp370,near_future,hr_fija,29.012,2.0,5.588,259.816,3.059,5.0,40.769,80.706,21.235,4.765,85.317,1.267,1.256
10047,RIBADEO,Lugo,43.541,-7.083,51.0,17,ssp370,medium_future,rocio_fijo,29.589,2.882,14.824,372.903,3.059,5.0,40.068,75.294,17.529,3.765,76.271,1.844,2.122
10047,RIBADEO,Lugo,43.541,-7.083,51.0,17,ssp370,medium_future,hr_fija,29.589,2.882,14.824,372.903,3.059,5.0,41.982,95.412,30.941,6.118,85.317,1.844,2.122
10047,RIBADEO,Lugo,43.541,-7.083,51.0,17,ssp370,far_future,rocio_fijo,30.885,5.706,33.824,544.218,3.059,5.0,41.364,94.118,27.588,5.647,70.559,3.14,3.214
10047,RIBADEO,Lugo,43.541,-7.083,51.0,17,ssp370,far_future,hr_fija,30.885,5.706,33.824,544.218,3.059,5.0,44.707,128.824,59.941,13.529,85.317,3.14,3.214
10047,RIBADEO,Lugo,43.541,-7.083,51.0,17,ssp585,near_future,rocio_fijo,29.21,2.353,6.529,279.007,3.059,5.0,39.689,69.824,15.235,3.059,78.039,1.465,1.414
10047,RIBADEO,Lugo,43.541,-7.083,51.0,17,ssp585,near_future,hr_fija,29.21,2.353,6.529,279.007,3.059,5.0,41.183,86.118,23.882,5.294,85.317,1.465,1.414
10047,RIBADEO,Lugo,43.541,-7.083,51.0,17,ssp585,medium_future,rocio_fijo,30.089,3.647,19.941,425.818,3.059,5.0,40.568,82.471,20.765,4.294,74.008,2.344,2.483
10047,RIBADEO,Lugo,43.541,-7.083,51.0,17,ssp585,medium_future,hr_fija,30.089,3.647,19.941,425.818,3.059,5.0,43.03,108.176,40.176,8.176,85.317,2.344,2.483
10047,RIBADEO,Lugo,43.541,-7.083,51.0,17,ssp585,far_future,rocio_fijo,31.909,9.882,55.529,720.05,3.059,5.0,42.388,109.941,38.118,7.294,66.385,4.164,4.163
10047,RIBADEO,Lugo,43.541,-7.083,51.0,17,ssp585,far_future,hr_fija,31.909,9.882,55.529,720.05,3.059,5.0,46.923,155.235,85.235,27.0,85.317,4.164,4.163
19023,RIBAS DE SIL,Lugo,42.463,-7.287,257.0,17,-,hoy,medido,38.405,57.0,0.765,372.463,3.824,8.0,55.171,134.353,95.176,59.412,67.552,,
19023,RIBAS DE SIL,Lugo,42.463,-7.287,257.0,17,ssp126,near_future,rocio_fijo,40.642,84.176,5.353,559.479,3.824,8.0,57.408,153.118,112.471,75.706,59.417,2.237,1.618
19023,RIBAS DE SIL,Lugo,42.463,-7.287,257.0,17,ssp126,near_future,hr_fija,40.642,84.176,5.353,559.479,3.824,8.0,60.226,164.647,126.0,89.706,67.552,2.237,1.618
19023,RIBAS DE SIL,Lugo,42.463,-7.287,257.0,17,ssp126,medium_future,rocio_fijo,41.474,93.765,9.529,661.534,3.824,8.0,58.24,158.765,118.294,81.235,56.678,3.069,2.376
19023,RIBAS DE SIL,Lugo,42.463,-7.287,257.0,17,ssp126,medium_future,hr_fija,41.474,93.765,9.529,661.534,3.824,8.0,62.135,177.294,138.0,101.059,67.552,3.069,2.376
19023,RIBAS DE SIL,Lugo,42.463,-7.287,257.0,17,ssp126,far_future,rocio_fijo,41.456,93.706,9.412,658.147,3.824,8.0,58.222,158.706,118.176,81.118,56.736,3.051,2.352
19023,RIBAS DE SIL,Lugo,42.463,-7.287,257.0,17,ssp126,far_future,hr_fija,41.456,93.706,9.412,658.147,3.824,8.0,62.094,176.824,137.765,100.647,67.552,3.051,2.352
19023,RIBAS DE SIL,Lugo,42.463,-7.287,257.0,17,ssp245,near_future,rocio_fijo,40.751,85.529,6.0,582.474,3.824,8.0,57.517,154.059,113.0,76.235,59.05,2.346,1.795
19023,RIBAS DE SIL,Lugo,42.463,-7.287,257.0,17,ssp245,near_future,hr_fija,40.751,85.529,6.0,582.474,3.824,8.0,60.474,166.0,127.765,91.294,67.552,2.346,1.795
19023,RIBAS DE SIL,Lugo,42.463,-7.287,257.0,17,ssp245,medium_future,rocio_fijo,41.993,100.412,11.765,732.999,3.824,8.0,58.759,163.176,122.765,84.941,55.042,3.588,2.867
19023,RIBAS DE SIL,Lugo,42.463,-7.287,257.0,17,ssp245,medium_future,hr_fija,41.993,100.412,11.765,732.999,3.824,8.0,63.348,184.824,145.706,107.882,67.552,3.588,2.867
19023,RIBAS DE SIL,Lugo,42.463,-7.287,257.0,17,ssp245,far_future,rocio_fijo,43.137,113.706,17.706,839.742,3.824,8.0,59.903,173.353,132.647,93.471,51.621,4.732,3.558
19023,RIBAS DE SIL,Lugo,42.463,-7.287,257.0,17,ssp245,far_future,hr_fija,43.137,113.706,17.706,839.742,3.824,8.0,66.104,200.176,160.235,124.0,67.552,4.732,3.558
19023,RIBAS DE SIL,Lugo,42.463,-7.287,257.0,17,ssp370,near_future,rocio_fijo,40.861,86.882,5.765,575.922,3.824,8.0,57.627,154.588,113.765,77.0,58.682,2.456,1.745
19023,RIBAS DE SIL,Lugo,42.463,-7.287,257.0,17,ssp370,near_future,hr_fija,40.861,86.882,5.765,575.922,3.824,8.0,60.725,167.647,129.0,92.765,67.552,2.456,1.745
19023,RIBAS DE SIL,Lugo,42.463,-7.287,257.0,17,ssp370,medium_future,rocio_fijo,42.491,105.941,13.176,770.81,3.824,8.0,59.257,167.059,126.882,88.412,53.522,4.086,3.117
19023,RIBAS DE SIL,Lugo,42.463,-7.287,257.0,17,ssp370,medium_future,hr_fija,42.491,105.941,13.176,770.81,3.824,8.0,64.526,192.235,152.588,114.529,67.552,4.086,3.117
19023,RIBAS DE SIL,Lugo,42.463,-7.287,257.0,17,ssp370,far_future,rocio_fijo,44.586,131.529,29.529,1014.528,3.824,8.0,61.352,186.118,144.294,104.235,47.627,6.181,4.599
19023,RIBAS DE SIL,Lugo,42.463,-7.287,257.0,17,ssp370,far_future,hr_fija,44.586,131.529,29.529,1014.528,3.824,8.0,69.9,222.118,182.882,145.588,67.552,6.181,4.599
19023,RIBAS DE SIL,Lugo,42.463,-7.287,257.0,17,ssp585,near_future,rocio_fijo,41.106,90.235,7.294,613.645,3.824,8.0,57.872,156.0,115.824,78.353,57.871,2.701,2.029
19023,RIBAS DE SIL,Lugo,42.463,-7.287,257.0,17,ssp585,near_future,hr_fija,41.106,90.235,7.294,613.645,3.824,8.0,61.286,172.176,133.118,95.647,67.552,2.701,2.029
19023,RIBAS DE SIL,Lugo,42.463,-7.287,257.0,17,ssp585,medium_future,rocio_fijo,43.037,112.529,18.0,844.227,3.824,8.0,59.803,172.765,131.588,92.824,51.91,4.632,3.586
19023,RIBAS DE SIL,Lugo,42.463,-7.287,257.0,17,ssp585,medium_future,hr_fija,43.037,112.529,18.0,844.227,3.824,8.0,65.853,198.765,159.529,122.647,67.552,4.632,3.586
19023,RIBAS DE SIL,Lugo,42.463,-7.287,257.0,17,ssp585,far_future,rocio_fijo,46.205,151.588,49.471,1274.33,3.824,8.0,62.971,199.647,156.706,116.353,43.573,7.8,5.969
19023,RIBAS DE SIL,Lugo,42.463,-7.287,257.0,17,ssp585,far_future,hr_fija,46.205,151.588,49.471,1274.33,3.824,8.0,74.098,250.588,204.647,167.176,67.552,7.8,5.969
10164,RIOTORTO,Lugo,43.352,-7.266,270.0,8,-,hoy,medido,32.852,10.125,0.25,131.829,4.375,6.0,49.104,81.5,40.375,16.625,86.868,,
10164,RIOTORTO,Lugo,43.352,-7.266,270.0,8,ssp126,near_future,rocio_fijo,34.219,13.75,2.125,236.346,4.375,6.0,50.471,95.875,48.5,21.0,80.019,1.367,1.231
10164,RIOTORTO,Lugo,43.352,-7.266,270.0,8,ssp126,near_future,hr_fija,34.219,13.75,2.125,236.346,4.375,6.0,52.291,109.75,58.875,26.875,86.868,1.367,1.231
10164,RIOTORTO,Lugo,43.352,-7.266,270.0,8,ssp126,medium_future,rocio_fijo,34.907,16.875,4.75,297.941,4.375,6.0,51.159,106.5,54.25,23.875,76.803,2.055,1.825
10164,RIOTORTO,Lugo,43.352,-7.266,270.0,8,ssp126,medium_future,hr_fija,34.907,16.875,4.75,297.941,4.375,6.0,53.941,122.25,71.5,34.5,86.868,2.055,1.825
10164,RIOTORTO,Lugo,43.352,-7.266,270.0,8,ssp126,far_future,rocio_fijo,34.833,16.875,4.75,294.84,4.375,6.0,51.085,105.0,53.625,23.625,77.142,1.981,1.797
10164,RIOTORTO,Lugo,43.352,-7.266,270.0,8,ssp126,far_future,hr_fija,34.833,16.875,4.75,294.84,4.375,6.0,53.762,121.625,69.375,33.875,86.868,1.981,1.797
10164,RIOTORTO,Lugo,43.352,-7.266,270.0,8,ssp245,near_future,rocio_fijo,34.277,14.625,2.375,253.773,4.375,6.0,50.529,96.625,48.875,21.375,79.742,1.425,1.406
10164,RIOTORTO,Lugo,43.352,-7.266,270.0,8,ssp245,near_future,hr_fija,34.277,14.625,2.375,253.773,4.375,6.0,52.429,110.125,60.375,27.625,86.868,1.425,1.406
10164,RIOTORTO,Lugo,43.352,-7.266,270.0,8,ssp245,medium_future,rocio_fijo,35.078,18.125,9.5,345.139,4.375,6.0,51.33,108.5,55.75,24.75,76.026,2.226,2.234
10164,RIOTORTO,Lugo,43.352,-7.266,270.0,8,ssp245,medium_future,hr_fija,35.078,18.125,9.5,345.139,4.375,6.0,54.357,126.5,74.25,36.375,86.868,2.226,2.234
10164,RIOTORTO,Lugo,43.352,-7.266,270.0,8,ssp245,far_future,rocio_fijo,36.172,26.125,14.375,411.106,4.375,6.0,52.424,119.75,66.375,29.75,71.263,3.32,2.756
10164,RIOTORTO,Lugo,43.352,-7.266,270.0,8,ssp245,far_future,hr_fija,36.172,26.125,14.375,411.106,4.375,6.0,57.063,150.25,93.25,50.25,86.868,3.32,2.756
10164,RIOTORTO,Lugo,43.352,-7.266,270.0,8,ssp370,near_future,rocio_fijo,34.337,14.75,2.375,248.155,4.375,6.0,50.589,97.25,49.75,21.5,79.457,1.485,1.35
10164,RIOTORTO,Lugo,43.352,-7.266,270.0,8,ssp370,near_future,hr_fija,34.337,14.75,2.375,248.155,4.375,6.0,52.571,111.0,61.125,28.25,86.868,1.485,1.35
10164,RIOTORTO,Lugo,43.352,-7.266,270.0,8,ssp370,medium_future,rocio_fijo,35.349,20.0,11.25,360.961,4.375,6.0,51.601,110.125,58.125,26.125,74.814,2.497,2.364
10164,RIOTORTO,Lugo,43.352,-7.266,270.0,8,ssp370,medium_future,hr_fija,35.349,20.0,11.25,360.961,4.375,6.0,55.019,132.125,77.875,40.125,86.868,2.497,2.364
10164,RIOTORTO,Lugo,43.352,-7.266,270.0,8,ssp370,far_future,rocio_fijo,36.831,31.75,24.5,524.936,4.375,6.0,53.083,128.125,72.875,34.125,68.556,3.979,3.56
10164,RIOTORTO,Lugo,43.352,-7.266,270.0,8,ssp370,far_future,hr_fija,36.831,31.75,24.5,524.936,4.375,6.0,58.735,162.25,108.0,60.5,86.868,3.979,3.56
10164,RIOTORTO,Lugo,43.352,-7.266,270.0,8,ssp585,near_future,rocio_fijo,34.514,15.125,3.0,268.15,4.375,6.0,50.766,100.0,50.75,22.125,78.622,1.662,1.547
10164,RIOTORTO,Lugo,43.352,-7.266,270.0,8,ssp585,near_future,hr_fija,34.514,15.125,3.0,268.15,4.375,6.0,52.994,114.125,65.0,29.875,86.868,1.662,1.547
10164,RIOTORTO,Lugo,43.352,-7.266,270.0,8,ssp585,medium_future,rocio_fijo,35.792,23.375,14.5,411.902,4.375,6.0,52.044,114.0,62.875,27.875,72.878,2.94,2.762
10164,RIOTORTO,Lugo,43.352,-7.266,270.0,8,ssp585,medium_future,hr_fija,35.792,23.375,14.5,411.902,4.375,6.0,56.113,141.125,85.875,45.375,86.868,2.94,2.762
10164,RIOTORTO,Lugo,43.352,-7.266,270.0,8,ssp585,far_future,rocio_fijo,38.156,49.875,45.125,704.221,4.375,6.0,54.408,143.875,84.625,42.25,63.457,5.304,4.65
10164,RIOTORTO,Lugo,43.352,-7.266,270.0,8,ssp585,far_future,hr_fija,38.156,49.875,45.125,704.221,4.375,6.0,62.196,190.625,134.25,83.5,86.868,5.304,4.65
10098,SAMOS,Lugo,42.747,-7.249,826.0,17,-,hoy,medido,33.695,18.353,0.824,147.757,6.353,10.0,44.913,77.471,43.471,17.118,73.538,,
10098,SAMOS,Lugo,42.747,-7.249,826.0,17,ssp126,near_future,rocio_fijo,35.671,33.882,2.353,254.232,6.353,10.0,46.889,92.294,55.824,26.706,65.367,1.976,1.56
10098,SAMOS,Lugo,42.747,-7.249,826.0,17,ssp126,near_future,hr_fija,35.671,33.882,2.353,254.232,6.353,10.0,48.864,103.529,66.529,35.294,73.538,1.976,1.56
10098,SAMOS,Lugo,42.747,-7.249,826.0,17,ssp126,medium_future,rocio_fijo,36.49,41.412,3.471,319.958,6.353,10.0,47.708,98.529,62.176,30.941,62.284,2.795,2.296
10098,SAMOS,Lugo,42.747,-7.249,826.0,17,ssp126,medium_future,hr_fija,36.49,41.412,3.471,319.958,6.353,10.0,50.569,113.706,76.412,44.588,73.538,2.795,2.296
10098,SAMOS,Lugo,42.747,-7.249,826.0,17,ssp126,far_future,rocio_fijo,36.508,41.588,3.412,317.747,6.353,10.0,47.726,98.588,62.294,30.941,62.218,2.813,2.273
10098,SAMOS,Lugo,42.747,-7.249,826.0,17,ssp126,far_future,hr_fija,36.508,41.588,3.412,317.747,6.353,10.0,50.609,113.824,76.588,44.824,73.538,2.813,2.273
10098,SAMOS,Lugo,42.747,-7.249,826.0,17,ssp245,near_future,rocio_fijo,35.732,34.588,2.588,267.628,6.353,10.0,46.95,92.647,56.294,26.824,65.131,2.037,1.719
10098,SAMOS,Lugo,42.747,-7.249,826.0,17,ssp245,near_future,hr_fija,35.732,34.588,2.588,267.628,6.353,10.0,48.986,104.059,67.294,36.059,73.538,2.037,1.719
10098,SAMOS,Lugo,42.747,-7.249,826.0,17,ssp245,medium_future,rocio_fijo,36.967,45.765,4.294,368.242,6.353,10.0,48.185,103.176,64.824,32.765,60.564,3.272,2.774
10098,SAMOS,Lugo,42.747,-7.249,826.0,17,ssp245,medium_future,hr_fija,36.967,45.765,4.294,368.242,6.353,10.0,51.637,119.765,81.706,49.882,73.538,3.272,2.774
10098,SAMOS,Lugo,42.747,-7.249,826.0,17,ssp245,far_future,rocio_fijo,38.079,58.294,6.353,443.835,6.353,10.0,49.297,111.529,73.0,39.412,56.758,4.384,3.451
10098,SAMOS,Lugo,42.747,-7.249,826.0,17,ssp245,far_future,hr_fija,38.079,58.294,6.353,443.835,6.353,10.0,54.079,134.706,97.118,63.647,73.538,4.384,3.451
10098,SAMOS,Lugo,42.747,-7.249,826.0,17,ssp370,near_future,rocio_fijo,35.776,34.941,2.529,264.22,6.353,10.0,46.994,93.0,56.647,27.294,64.962,2.081,1.679
10098,SAMOS,Lugo,42.747,-7.249,826.0,17,ssp370,near_future,hr_fija,35.776,34.941,2.529,264.22,6.353,10.0,49.074,104.882,67.529,36.529,73.538,2.081,1.679
10098,SAMOS,Lugo,42.747,-7.249,826.0,17,ssp370,medium_future,rocio_fijo,37.407,51.0,4.882,394.575,6.353,10.0,48.625,106.706,68.0,35.235,59.025,3.712,3.019
10098,SAMOS,Lugo,42.747,-7.249,826.0,17,ssp370,medium_future,hr_fija,37.407,51.0,4.882,394.575,6.353,10.0,52.606,126.0,88.353,54.765,73.538,3.712,3.019
10098,SAMOS,Lugo,42.747,-7.249,826.0,17,ssp370,far_future,rocio_fijo,39.417,74.588,11.059,574.687,6.353,10.0,50.635,122.294,81.941,47.824,52.532,5.722,4.475
10098,SAMOS,Lugo,42.747,-7.249,826.0,17,ssp370,far_future,hr_fija,39.417,74.588,11.059,574.687,6.353,10.0,57.135,155.059,114.824,79.118,73.538,5.722,4.475
10098,SAMOS,Lugo,42.747,-7.249,826.0,17,ssp585,near_future,rocio_fijo,35.991,36.941,3.118,288.439,6.353,10.0,47.209,94.647,58.529,28.765,64.142,2.296,1.957
10098,SAMOS,Lugo,42.747,-7.249,826.0,17,ssp585,near_future,hr_fija,35.991,36.941,3.118,288.439,6.353,10.0,49.505,107.765,70.0,38.647,73.538,2.296,1.957
10098,SAMOS,Lugo,42.747,-7.249,826.0,17,ssp585,medium_future,rocio_fijo,37.865,56.412,6.353,448.215,6.353,10.0,49.083,109.588,71.294,38.235,57.469,4.17,3.488
10098,SAMOS,Lugo,42.747,-7.249,826.0,17,ssp585,medium_future,hr_fija,37.865,56.412,6.353,448.215,6.353,10.0,53.599,132.412,94.0,60.706,73.538,4.17,3.488
10098,SAMOS,Lugo,42.747,-7.249,826.0,17,ssp585,far_future,rocio_fijo,40.903,92.353,24.706,770.201,6.353,10.0,52.121,135.471,94.0,57.706,48.25,7.208,5.782
10098,SAMOS,Lugo,42.747,-7.249,826.0,17,ssp585,far_future,hr_fija,40.903,92.353,24.706,770.201,6.353,10.0,60.599,178.118,135.235,98.941,73.538,7.208,5.782
19020,SARRIA,Lugo,42.797,-7.382,416.0,17,-,hoy,medido,35.911,32.706,0.059,180.002,5.647,7.0,53.404,118.353,79.059,45.235,76.643,,
19020,SARRIA,Lugo,42.797,-7.382,416.0,17,ssp126,near_future,rocio_fijo,37.894,55.529,0.706,309.441,5.647,7.0,55.387,134.176,95.235,57.235,68.265,1.983,1.482
19020,SARRIA,Lugo,42.797,-7.382,416.0,17,ssp126,near_future,hr_fija,37.894,55.529,0.706,309.441,5.647,7.0,58.042,146.059,107.471,70.0,76.643,1.983,1.482
19020,SARRIA,Lugo,42.797,-7.382,416.0,17,ssp126,medium_future,rocio_fijo,38.731,64.765,2.0,386.545,5.647,7.0,56.224,140.647,101.294,63.235,65.043,2.82,2.2
19020,SARRIA,Lugo,42.797,-7.382,416.0,17,ssp126,medium_future,hr_fija,38.731,64.765,2.0,386.545,5.647,7.0,60.071,158.824,119.0,82.529,76.643,2.82,2.2
19020,SARRIA,Lugo,42.797,-7.382,416.0,17,ssp126,far_future,rocio_fijo,38.715,64.412,1.882,383.7,5.647,7.0,56.208,140.529,101.118,63.176,65.103,2.804,2.175
19020,SARRIA,Lugo,42.797,-7.382,416.0,17,ssp126,far_future,hr_fija,38.715,64.412,1.882,383.7,5.647,7.0,60.032,158.529,118.706,82.412,76.643,2.804,2.175
19020,SARRIA,Lugo,42.797,-7.382,416.0,17,ssp245,near_future,rocio_fijo,37.981,56.059,0.824,326.444,5.647,7.0,55.474,135.059,95.882,57.471,67.922,2.07,1.648
19020,SARRIA,Lugo,42.797,-7.382,416.0,17,ssp245,near_future,hr_fija,37.981,56.059,0.824,326.444,5.647,7.0,58.251,147.235,108.882,71.176,76.643,2.07,1.648
19020,SARRIA,Lugo,42.797,-7.382,416.0,17,ssp245,medium_future,rocio_fijo,39.151,70.941,3.588,440.708,5.647,7.0,56.644,144.353,104.941,66.176,63.491,3.24,2.659
19020,SARRIA,Lugo,42.797,-7.382,416.0,17,ssp245,medium_future,hr_fija,39.151,70.941,3.588,440.708,5.647,7.0,61.12,165.824,123.765,88.882,76.643,3.24,2.659
19020,SARRIA,Lugo,42.797,-7.382,416.0,17,ssp245,far_future,rocio_fijo,40.341,87.118,5.647,523.062,5.647,7.0,57.834,155.588,114.294,74.765,59.315,4.43,3.302
19020,SARRIA,Lugo,42.797,-7.382,416.0,17,ssp245,far_future,hr_fija,40.341,87.118,5.647,523.062,5.647,7.0,64.059,184.0,141.0,105.059,76.643,4.43,3.302
19020,SARRIA,Lugo,42.797,-7.382,416.0,17,ssp370,near_future,rocio_fijo,38.044,56.588,0.824,320.757,5.647,7.0,55.537,135.412,96.176,57.882,67.674,2.133,1.593
19020,SARRIA,Lugo,42.797,-7.382,416.0,17,ssp370,near_future,hr_fija,38.044,56.588,0.824,320.757,5.647,7.0,58.403,148.471,109.882,72.471,76.643,2.133,1.593
19020,SARRIA,Lugo,42.797,-7.382,416.0,17,ssp370,medium_future,rocio_fijo,39.588,76.706,4.118,467.034,5.647,7.0,57.081,148.471,108.529,68.765,61.92,3.677,2.871
19020,SARRIA,Lugo,42.797,-7.382,416.0,17,ssp370,medium_future,hr_fija,39.588,76.706,4.118,467.034,5.647,7.0,62.226,173.0,130.588,95.294,76.643,3.677,2.871
19020,SARRIA,Lugo,42.797,-7.382,416.0,17,ssp370,far_future,rocio_fijo,41.6,104.059,12.176,661.318,5.647,7.0,59.093,167.765,122.588,85.529,55.232,5.689,4.266
19020,SARRIA,Lugo,42.797,-7.382,416.0,17,ssp370,far_future,hr_fija,41.6,104.059,12.176,661.318,5.647,7.0,67.384,204.471,161.118,121.882,76.643,5.689,4.266
19020,SARRIA,Lugo,42.797,-7.382,416.0,17,ssp585,near_future,rocio_fijo,38.256,58.353,1.176,347.768,5.647,7.0,55.749,137.176,97.353,59.765,66.85,2.345,1.85
19020,SARRIA,Lugo,42.797,-7.382,416.0,17,ssp585,near_future,hr_fija,38.256,58.353,1.176,347.768,5.647,7.0,58.914,152.118,113.235,75.294,76.643,2.345,1.85
19020,SARRIA,Lugo,42.797,-7.382,416.0,17,ssp585,medium_future,rocio_fijo,40.078,83.765,5.647,524.806,5.647,7.0,57.571,153.647,112.353,72.941,60.211,4.167,3.315
19020,SARRIA,Lugo,42.797,-7.382,416.0,17,ssp585,medium_future,hr_fija,40.078,83.765,5.647,524.806,5.647,7.0,63.412,180.176,137.588,101.647,76.643,4.167,3.315
19020,SARRIA,Lugo,42.797,-7.382,416.0,17,ssp585,far_future,rocio_fijo,43.141,122.176,26.647,872.325,5.647,7.0,60.634,181.706,136.118,96.529,50.66,7.23,5.549
19020,SARRIA,Lugo,42.797,-7.382,416.0,17,ssp585,far_future,hr_fija,43.141,122.176,26.647,872.325,5.647,7.0,71.674,228.353,185.471,144.941,76.643,7.23,5.549
19074,SOBER,Lugo,42.411,-7.634,319.0,13,-,hoy,medido,37.221,43.692,0.385,259.377,4.538,7.0,54.642,118.538,83.385,48.615,70.604,,
19074,SOBER,Lugo,42.411,-7.634,319.0,13,ssp126,near_future,rocio_fijo,39.318,66.923,2.692,415.801,4.538,7.0,56.739,135.154,96.846,60.846,62.551,2.097,1.576
19074,SOBER,Lugo,42.411,-7.634,319.0,13,ssp126,near_future,hr_fija,39.318,66.923,2.692,415.801,4.538,7.0,59.607,146.231,110.077,74.538,70.604,2.097,1.576
19074,SOBER,Lugo,42.411,-7.634,319.0,13,ssp126,medium_future,rocio_fijo,40.175,78.154,5.923,505.241,4.538,7.0,57.596,142.231,104.0,67.385,59.562,2.954,2.323
19074,SOBER,Lugo,42.411,-7.634,319.0,13,ssp126,medium_future,hr_fija,40.175,78.154,5.923,505.241,4.538,7.0,61.706,158.154,119.846,86.769,70.604,2.954,2.323
19074,SOBER,Lugo,42.411,-7.634,319.0,13,ssp126,far_future,rocio_fijo,40.181,78.231,5.846,502.325,4.538,7.0,57.602,142.231,104.077,67.385,59.542,2.96,2.3
19074,SOBER,Lugo,42.411,-7.634,319.0,13,ssp126,far_future,hr_fija,40.181,78.231,5.846,502.325,4.538,7.0,61.721,158.154,119.923,86.769,70.604,2.96,2.3
19074,SOBER,Lugo,42.411,-7.634,319.0,13,ssp245,near_future,rocio_fijo,39.433,69.077,3.154,436.103,4.538,7.0,56.854,136.692,97.769,62.0,62.14,2.212,1.753
19074,SOBER,Lugo,42.411,-7.634,319.0,13,ssp245,near_future,hr_fija,39.433,69.077,3.154,436.103,4.538,7.0,59.889,148.077,110.923,76.077,70.604,2.212,1.753
19074,SOBER,Lugo,42.411,-7.634,319.0,13,ssp245,medium_future,rocio_fijo,40.657,83.846,9.154,568.227,4.538,7.0,58.078,145.308,108.154,71.308,57.952,3.436,2.803
19074,SOBER,Lugo,42.411,-7.634,319.0,13,ssp245,medium_future,hr_fija,40.657,83.846,9.154,568.227,4.538,7.0,62.915,164.615,126.154,92.462,70.604,3.436,2.803
19074,SOBER,Lugo,42.411,-7.634,319.0,13,ssp245,far_future,rocio_fijo,41.802,96.308,14.615,664.757,4.538,7.0,59.223,154.385,115.769,79.692,54.321,4.581,3.484
19074,SOBER,Lugo,42.411,-7.634,319.0,13,ssp245,far_future,hr_fija,41.802,96.308,14.615,664.757,4.538,7.0,65.812,182.615,142.769,107.923,70.604,4.581,3.484
19074,SOBER,Lugo,42.411,-7.634,319.0,13,ssp370,near_future,rocio_fijo,39.525,70.231,3.077,430.546,4.538,7.0,56.946,137.308,98.615,62.462,61.814,2.304,1.705
19074,SOBER,Lugo,42.411,-7.634,319.0,13,ssp370,near_future,hr_fija,39.525,70.231,3.077,430.546,4.538,7.0,60.115,149.154,112.0,77.538,70.604,2.304,1.705
19074,SOBER,Lugo,42.411,-7.634,319.0,13,ssp370,medium_future,rocio_fijo,41.096,89.0,11.615,602.619,4.538,7.0,58.517,148.615,110.692,73.846,56.529,3.875,3.053
19074,SOBER,Lugo,42.411,-7.634,319.0,13,ssp370,medium_future,hr_fija,41.096,89.0,11.615,602.619,4.538,7.0,64.029,171.385,132.769,98.154,70.604,3.875,3.053
19074,SOBER,Lugo,42.411,-7.634,319.0,13,ssp370,far_future,rocio_fijo,43.213,113.538,28.385,825.76,4.538,7.0,60.634,166.692,125.231,89.692,50.196,5.992,4.508
19074,SOBER,Lugo,42.411,-7.634,319.0,13,ssp370,far_future,hr_fija,43.213,113.538,28.385,825.76,4.538,7.0,69.456,203.846,162.077,125.077,70.604,5.992,4.508
19074,SOBER,Lugo,42.411,-7.634,319.0,13,ssp585,near_future,rocio_fijo,39.732,72.154,4.077,463.581,4.538,7.0,57.153,138.692,100.462,63.846,61.086,2.511,1.986
19074,SOBER,Lugo,42.411,-7.634,319.0,13,ssp585,near_future,hr_fija,39.732,72.154,4.077,463.581,4.538,7.0,60.618,151.538,115.154,80.846,70.604,2.511,1.986
19074,SOBER,Lugo,42.411,-7.634,319.0,13,ssp585,medium_future,rocio_fijo,41.604,94.769,15.0,669.212,4.538,7.0,59.025,152.538,114.0,77.923,54.931,4.383,3.514
19074,SOBER,Lugo,42.411,-7.634,319.0,13,ssp585,medium_future,hr_fija,41.604,94.769,15.0,669.212,4.538,7.0,65.318,179.846,139.769,105.154,70.604,4.383,3.514
19074,SOBER,Lugo,42.411,-7.634,319.0,13,ssp585,far_future,rocio_fijo,44.779,132.769,50.0,1071.584,4.538,7.0,62.2,182.0,139.0,100.923,46.026,7.558,5.867
19074,SOBER,Lugo,42.411,-7.634,319.0,13,ssp585,far_future,hr_fija,44.779,132.769,50.0,1071.584,4.538,7.0,73.721,231.769,185.385,147.462,70.604,7.558,5.867
10055,VILALBA,Lugo,43.227,-7.783,684.0,17,-,hoy,medido,30.995,5.412,0.765,66.198,5.588,8.0,41.836,50.0,19.235,5.588,83.819,,
10055,VILALBA,Lugo,43.227,-7.783,684.0,17,ssp126,near_future,rocio_fijo,32.544,9.235,1.235,118.538,5.588,8.0,43.385,63.824,26.647,8.353,76.26,1.549,1.338
10055,VILALBA,Lugo,43.227,-7.783,684.0,17,ssp126,near_future,hr_fija,32.544,9.235,1.235,118.538,5.588,8.0,44.985,72.824,34.176,12.471,83.819,1.549,1.338
10055,VILALBA,Lugo,43.227,-7.783,684.0,17,ssp126,medium_future,rocio_fijo,33.355,12.882,1.765,154.962,5.588,8.0,44.196,70.412,31.824,10.706,72.61,2.36,1.984
10055,VILALBA,Lugo,43.227,-7.783,684.0,17,ssp126,medium_future,hr_fija,33.355,12.882,1.765,154.962,5.588,8.0,46.697,84.471,44.941,17.059,83.819,2.36,1.984
10055,VILALBA,Lugo,43.227,-7.783,684.0,17,ssp126,far_future,rocio_fijo,33.34,12.706,1.765,153.194,5.588,8.0,44.181,70.353,31.706,10.706,72.676,2.345,1.956
10055,VILALBA,Lugo,43.227,-7.783,684.0,17,ssp126,far_future,hr_fija,33.34,12.706,1.765,153.194,5.588,8.0,46.665,84.0,44.765,16.941,83.819,2.345,1.956
10055,VILALBA,Lugo,43.227,-7.783,684.0,17,ssp245,near_future,rocio_fijo,32.628,9.706,1.412,127.941,5.588,8.0,43.469,64.765,27.412,8.706,75.872,1.633,1.521
10055,VILALBA,Lugo,43.227,-7.783,684.0,17,ssp245,near_future,hr_fija,32.628,9.706,1.412,127.941,5.588,8.0,45.167,73.824,35.059,13.118,83.819,1.633,1.521
10055,VILALBA,Lugo,43.227,-7.783,684.0,17,ssp245,medium_future,rocio_fijo,33.621,13.706,2.353,184.607,5.588,8.0,44.462,72.235,33.529,11.294,71.456,2.626,2.422
10055,VILALBA,Lugo,43.227,-7.783,684.0,17,ssp245,medium_future,hr_fija,33.621,13.706,2.353,184.607,5.588,8.0,47.256,89.412,48.118,19.294,83.819,2.626,2.422
10055,VILALBA,Lugo,43.227,-7.783,684.0,17,ssp245,far_future,rocio_fijo,34.891,20.941,3.294,229.606,5.588,8.0,45.732,82.765,42.059,15.059,66.224,3.896,2.997
10055,VILALBA,Lugo,43.227,-7.783,684.0,17,ssp245,far_future,hr_fija,34.891,20.941,3.294,229.606,5.588,8.0,49.836,111.412,67.529,31.706,83.819,3.896,2.997
10055,VILALBA,Lugo,43.227,-7.783,684.0,17,ssp370,near_future,rocio_fijo,32.606,9.647,1.353,125.051,5.588,8.0,43.447,64.529,27.235,8.706,75.974,1.611,1.466
10055,VILALBA,Lugo,43.227,-7.783,684.0,17,ssp370,near_future,hr_fija,32.606,9.647,1.353,125.051,5.588,8.0,45.119,73.529,34.824,13.0,83.819,1.611,1.466
10055,VILALBA,Lugo,43.227,-7.783,684.0,17,ssp370,medium_future,rocio_fijo,33.955,15.588,2.647,196.934,5.588,8.0,44.796,75.235,34.941,12.588,70.036,2.96,2.588
10055,VILALBA,Lugo,43.227,-7.783,684.0,17,ssp370,medium_future,hr_fija,33.955,15.588,2.647,196.934,5.588,8.0,47.936,94.588,52.765,22.0,83.819,2.96,2.588
10055,VILALBA,Lugo,43.227,-7.783,684.0,17,ssp370,far_future,rocio_fijo,35.843,28.0,6.0,312.874,5.588,8.0,46.684,92.176,48.588,18.235,62.584,4.848,3.882
10055,VILALBA,Lugo,43.227,-7.783,684.0,17,ssp370,far_future,hr_fija,35.843,28.0,6.0,312.874,5.588,8.0,51.878,128.588,80.471,43.471,83.819,4.848,3.882
10055,VILALBA,Lugo,43.227,-7.783,684.0,17,ssp585,near_future,rocio_fijo,32.753,10.176,1.529,137.092,5.588,8.0,43.594,65.529,28.118,9.059,75.3,1.758,1.687
10055,VILALBA,Lugo,43.227,-7.783,684.0,17,ssp585,near_future,hr_fija,32.753,10.176,1.529,137.092,5.588,8.0,45.437,75.588,36.882,13.588,83.819,1.758,1.687
10055,VILALBA,Lugo,43.227,-7.783,684.0,17,ssp585,medium_future,rocio_fijo,34.397,17.471,3.353,230.955,5.588,8.0,45.238,78.0,38.353,13.706,68.206,3.402,3.013
10055,VILALBA,Lugo,43.227,-7.783,684.0,17,ssp585,medium_future,hr_fija,34.397,17.471,3.353,230.955,5.588,8.0,48.829,102.176,59.588,26.294,83.819,3.402,3.013
10055,VILALBA,Lugo,43.227,-7.783,684.0,17,ssp585,far_future,rocio_fijo,37.298,44.059,14.588,452.642,5.588,8.0,48.139,107.529,61.353,25.412,57.448,6.303,5.069
10055,VILALBA,Lugo,43.227,-7.783,684.0,17,ssp585,far_future,hr_fija,37.298,44.059,14.588,452.642,5.588,8.0,55.039,154.882,105.0,64.765,83.819,6.303,5.069
10104,VIVEIRO,Lugo,43.661,-7.563,545.0,17,-,hoy,medido,27.64,1.647,1.118,44.126,5.941,8.0,35.212,14.412,3.824,0.882,87.84,,
10104,VIVEIRO,Lugo,43.661,-7.563,545.0,17,ssp126,near_future,rocio_fijo,28.64,2.294,1.529,70.762,5.941,8.0,36.212,18.765,4.941,1.118,82.516,1.0,1.055
10104,VIVEIRO,Lugo,43.661,-7.563,545.0,17,ssp126,near_future,hr_fija,28.64,2.294,1.529,70.762,5.941,8.0,37.146,22.588,6.0,1.353,87.84,1.0,1.055
10104,VIVEIRO,Lugo,43.661,-7.563,545.0,17,ssp126,medium_future,rocio_fijo,29.157,2.824,1.824,88.87,5.941,8.0,36.729,21.176,5.588,1.176,79.906,1.517,1.544
10104,VIVEIRO,Lugo,43.661,-7.563,545.0,17,ssp126,medium_future,hr_fija,29.157,2.824,1.824,88.87,5.941,8.0,38.099,28.0,7.706,1.765,87.84,1.517,1.544
10104,VIVEIRO,Lugo,43.661,-7.563,545.0,17,ssp126,far_future,rocio_fijo,29.079,2.529,1.824,87.502,5.941,8.0,36.651,20.882,5.588,1.176,80.294,1.439,1.511
10104,VIVEIRO,Lugo,43.661,-7.563,545.0,17,ssp126,far_future,hr_fija,29.079,2.529,1.824,87.502,5.941,8.0,37.957,26.765,7.412,1.647,87.84,1.439,1.511
10104,VIVEIRO,Lugo,43.661,-7.563,545.0,17,ssp245,near_future,rocio_fijo,28.673,2.353,1.647,76.493,5.941,8.0,36.245,18.824,4.941,1.118,82.346,1.033,1.224
10104,VIVEIRO,Lugo,43.661,-7.563,545.0,17,ssp245,near_future,hr_fija,28.673,2.353,1.647,76.493,5.941,8.0,37.21,22.765,6.0,1.353,87.84,1.033,1.224
10104,VIVEIRO,Lugo,43.661,-7.563,545.0,17,ssp245,medium_future,rocio_fijo,29.305,3.0,2.412,105.351,5.941,8.0,36.877,22.176,5.882,1.235,79.176,1.665,1.904
10104,VIVEIRO,Lugo,43.661,-7.563,545.0,17,ssp245,medium_future,hr_fija,29.305,3.0,2.412,105.351,5.941,8.0,38.369,29.882,8.529,2.118,87.84,1.665,1.904
10104,VIVEIRO,Lugo,43.661,-7.563,545.0,17,ssp245,far_future,rocio_fijo,30.2,3.824,3.235,129.524,5.941,8.0,37.772,27.176,7.294,1.706,74.919,2.56,2.341
10104,VIVEIRO,Lugo,43.661,-7.563,545.0,17,ssp245,far_future,hr_fija,30.2,3.824,3.235,129.524,5.941,8.0,40.002,42.176,13.353,3.529,87.84,2.56,2.341
10104,VIVEIRO,Lugo,43.661,-7.563,545.0,17,ssp370,near_future,rocio_fijo,28.689,2.412,1.647,74.588,5.941,8.0,36.261,18.824,4.941,1.118,82.264,1.049,1.17
10104,VIVEIRO,Lugo,43.661,-7.563,545.0,17,ssp370,near_future,hr_fija,28.689,2.412,1.647,74.588,5.941,8.0,37.242,23.0,6.118,1.353,87.84,1.049,1.17
10104,VIVEIRO,Lugo,43.661,-7.563,545.0,17,ssp370,medium_future,rocio_fijo,29.335,3.0,2.529,110.349,5.941,8.0,36.907,22.412,5.882,1.235,79.029,1.695,2.002
10104,VIVEIRO,Lugo,43.661,-7.563,545.0,17,ssp370,medium_future,hr_fija,29.335,3.0,2.529,110.349,5.941,8.0,38.424,30.294,8.706,2.118,87.84,1.695,2.002
10104,VIVEIRO,Lugo,43.661,-7.563,545.0,17,ssp370,far_future,rocio_fijo,30.693,4.706,5.412,180.583,5.941,8.0,38.265,31.118,8.529,2.118,72.684,3.053,3.053
10104,VIVEIRO,Lugo,43.661,-7.563,545.0,17,ssp370,far_future,hr_fija,30.693,4.706,5.412,180.583,5.941,8.0,40.986,51.118,16.118,4.471,87.84,3.053,3.053
10104,VIVEIRO,Lugo,43.661,-7.563,545.0,17,ssp585,near_future,rocio_fijo,28.857,2.412,1.706,80.093,5.941,8.0,36.429,19.647,5.059,1.176,81.409,1.217,1.322
10104,VIVEIRO,Lugo,43.661,-7.563,545.0,17,ssp585,near_future,hr_fija,28.857,2.412,1.706,80.093,5.941,8.0,37.551,24.471,6.588,1.471,87.84,1.217,1.322
10104,VIVEIRO,Lugo,43.661,-7.563,545.0,17,ssp585,medium_future,rocio_fijo,29.772,3.529,3.235,130.017,5.941,8.0,37.344,24.529,6.529,1.353,76.922,2.132,2.349
10104,VIVEIRO,Lugo,43.661,-7.563,545.0,17,ssp585,medium_future,hr_fija,29.772,3.529,3.235,130.017,5.941,8.0,39.231,36.176,10.529,2.765,87.84,2.132,2.349
10104,VIVEIRO,Lugo,43.661,-7.563,545.0,17,ssp585,far_future,rocio_fijo,31.67,6.118,10.588,264.987,5.941,8.0,39.242,38.765,10.824,2.824,68.472,4.03,3.964
10104,VIVEIRO,Lugo,43.661,-7.563,545.0,17,ssp585,far_future,hr_fija,31.67,6.118,10.588,264.987,5.941,8.0,42.994,70.647,25.0,7.176,87.84,4.03,3.964
10162,VIVEIRO,Lugo,43.631,-7.631,59.0,17,-,hoy,medido,28.755,1.647,0.647,118.701,5.353,10.0,40.276,69.882,22.294,3.647,81.791,,
10162,VIVEIRO,Lugo,43.631,-7.631,59.0,17,ssp126,near_future,rocio_fijo,29.866,3.235,2.882,214.002,5.353,10.0,41.387,84.294,29.471,5.412,76.483,1.111,1.101
10162,VIVEIRO,Lugo,43.631,-7.631,59.0,17,ssp126,near_future,hr_fija,29.866,3.235,2.882,214.002,5.353,10.0,42.528,95.824,38.059,8.176,81.791,1.111,1.101
10162,VIVEIRO,Lugo,43.631,-7.631,59.0,17,ssp126,medium_future,rocio_fijo,30.465,4.706,5.706,269.404,5.353,10.0,41.986,92.059,34.765,7.059,73.782,1.71,1.619
10162,VIVEIRO,Lugo,43.631,-7.631,59.0,17,ssp126,medium_future,hr_fija,30.465,4.706,5.706,269.404,5.353,10.0,43.761,109.235,48.353,13.294,81.791,1.71,1.619
10162,VIVEIRO,Lugo,43.631,-7.631,59.0,17,ssp126,far_future,rocio_fijo,30.407,4.588,5.529,265.861,5.353,10.0,41.928,91.059,34.176,6.941,74.039,1.652,1.588
10162,VIVEIRO,Lugo,43.631,-7.631,59.0,17,ssp126,far_future,hr_fija,30.407,4.588,5.529,265.861,5.353,10.0,43.642,107.941,47.353,12.765,81.791,1.652,1.588
10162,VIVEIRO,Lugo,43.631,-7.631,59.0,17,ssp245,near_future,rocio_fijo,29.91,3.294,3.706,231.654,5.353,10.0,41.431,84.941,29.706,5.471,76.28,1.155,1.274
10162,VIVEIRO,Lugo,43.631,-7.631,59.0,17,ssp245,near_future,hr_fija,29.91,3.294,3.706,231.654,5.353,10.0,42.619,96.588,38.529,8.529,81.791,1.155,1.274
10162,VIVEIRO,Lugo,43.631,-7.631,59.0,17,ssp245,medium_future,rocio_fijo,30.585,5.0,7.588,314.59,5.353,10.0,42.106,93.706,35.882,7.353,73.254,1.83,1.998
10162,VIVEIRO,Lugo,43.631,-7.631,59.0,17,ssp245,medium_future,hr_fija,30.585,5.0,7.588,314.59,5.353,10.0,44.009,111.588,50.647,14.235,81.791,1.83,1.998
10162,VIVEIRO,Lugo,43.631,-7.631,59.0,17,ssp245,far_future,rocio_fijo,31.633,9.176,11.824,374.715,5.353,10.0,43.154,107.882,45.235,11.118,68.819,2.878,2.462
10162,VIVEIRO,Lugo,43.631,-7.631,59.0,17,ssp245,far_future,hr_fija,31.633,9.176,11.824,374.715,5.353,10.0,46.218,136.059,73.412,26.118,81.791,2.878,2.462
10162,VIVEIRO,Lugo,43.631,-7.631,59.0,17,ssp370,near_future,rocio_fijo,29.93,3.353,3.353,226.163,5.353,10.0,41.451,85.353,29.824,5.471,76.189,1.175,1.221
10162,VIVEIRO,Lugo,43.631,-7.631,59.0,17,ssp370,near_future,hr_fija,29.93,3.353,3.353,226.163,5.353,10.0,42.66,97.059,39.0,8.588,81.791,1.175,1.221
10162,VIVEIRO,Lugo,43.631,-7.631,59.0,17,ssp370,medium_future,rocio_fijo,30.735,5.529,8.529,328.115,5.353,10.0,42.256,96.176,37.353,7.647,72.6,1.98,2.106
10162,VIVEIRO,Lugo,43.631,-7.631,59.0,17,ssp370,medium_future,hr_fija,30.735,5.529,8.529,328.115,5.353,10.0,44.32,114.882,53.941,15.588,81.791,1.98,2.106
10162,VIVEIRO,Lugo,43.631,-7.631,59.0,17,ssp370,far_future,rocio_fijo,32.138,12.294,20.588,480.969,5.353,10.0,43.659,114.471,50.882,13.353,66.79,3.383,3.2
10162,VIVEIRO,Lugo,43.631,-7.631,59.0,17,ssp370,far_future,hr_fija,32.138,12.294,20.588,480.969,5.353,10.0,47.322,148.882,83.941,33.176,81.791,3.383,3.2
10162,VIVEIRO,Lugo,43.631,-7.631,59.0,17,ssp585,near_future,rocio_fijo,30.116,3.706,4.176,243.735,5.353,10.0,41.637,87.588,31.235,5.647,75.342,1.361,1.388
10162,VIVEIRO,Lugo,43.631,-7.631,59.0,17,ssp585,near_future,hr_fija,30.116,3.706,4.176,243.735,5.353,10.0,43.045,100.882,42.529,10.529,81.791,1.361,1.388
10162,VIVEIRO,Lugo,43.631,-7.631,59.0,17,ssp585,medium_future,rocio_fijo,31.157,7.294,11.882,375.796,5.353,10.0,42.678,101.294,41.235,9.059,70.794,2.402,2.47
10162,VIVEIRO,Lugo,43.631,-7.631,59.0,17,ssp585,medium_future,hr_fija,31.157,7.294,11.882,375.796,5.353,10.0,45.201,126.706,61.765,20.882,81.791,2.402,2.47
10162,VIVEIRO,Lugo,43.631,-7.631,59.0,17,ssp585,far_future,rocio_fijo,33.262,23.412,33.294,642.42,5.353,10.0,44.783,130.412,62.941,19.529,62.512,4.507,4.172
10162,VIVEIRO,Lugo,43.631,-7.631,59.0,17,ssp585,far_future,hr_fija,33.262,23.412,33.294,642.42,5.353,10.0,49.809,175.235,110.118,53.294,81.791,4.507,4.172
19044,A ARNOIA,Ourense,42.24,-8.131,120.0,17,-,hoy,medido,39.956,74.471,0.176,341.792,4.0,4.0,60.619,151.0,115.471,81.118,69.857,,
19044,A ARNOIA,Ourense,42.24,-8.131,120.0,17,ssp126,near_future,rocio_fijo,41.99,97.882,2.353,526.101,4.0,4.0,62.653,164.765,128.588,95.471,62.232,2.034,1.596
19044,A ARNOIA,Ourense,42.24,-8.131,120.0,17,ssp126,near_future,hr_fija,41.99,97.882,2.353,526.101,4.0,4.0,65.734,175.412,141.529,107.529,69.857,2.034,1.596
19044,A ARNOIA,Ourense,42.24,-8.131,120.0,17,ssp126,medium_future,rocio_fijo,42.821,108.176,5.588,626.384,4.0,4.0,63.484,171.412,134.588,101.176,59.392,2.865,2.338
19044,A ARNOIA,Ourense,42.24,-8.131,120.0,17,ssp126,medium_future,hr_fija,42.821,108.176,5.588,626.384,4.0,4.0,67.856,186.353,152.412,118.353,69.857,2.865,2.338
19044,A ARNOIA,Ourense,42.24,-8.131,120.0,17,ssp126,far_future,rocio_fijo,42.859,108.412,5.353,622.862,4.0,4.0,63.522,171.647,134.882,101.176,59.265,2.903,2.313
19044,A ARNOIA,Ourense,42.24,-8.131,120.0,17,ssp126,far_future,hr_fija,42.859,108.412,5.353,622.862,4.0,4.0,67.953,186.765,153.0,118.588,69.857,2.903,2.313
19044,A ARNOIA,Ourense,42.24,-8.131,120.0,17,ssp245,near_future,rocio_fijo,42.064,99.059,3.471,552.409,4.0,4.0,62.727,165.471,128.941,96.235,61.973,2.108,1.797
19044,A ARNOIA,Ourense,42.24,-8.131,120.0,17,ssp245,near_future,hr_fija,42.064,99.059,3.471,552.409,4.0,4.0,65.926,176.118,142.471,108.588,69.857,2.108,1.797
19044,A ARNOIA,Ourense,42.24,-8.131,120.0,17,ssp245,medium_future,rocio_fijo,43.341,114.588,8.0,695.644,4.0,4.0,64.004,174.235,139.353,104.176,57.689,3.385,2.816
19044,A ARNOIA,Ourense,42.24,-8.131,120.0,17,ssp245,medium_future,hr_fija,43.341,114.588,8.0,695.644,4.0,4.0,69.23,193.235,159.0,124.529,69.857,3.385,2.816
19044,A ARNOIA,Ourense,42.24,-8.131,120.0,17,ssp245,far_future,rocio_fijo,44.374,126.529,12.647,800.17,4.0,4.0,65.037,182.588,146.529,111.765,54.467,4.418,3.491
19044,A ARNOIA,Ourense,42.24,-8.131,120.0,17,ssp245,far_future,hr_fija,44.374,126.529,12.647,800.17,4.0,4.0,72.034,207.353,171.0,137.765,69.857,4.418,3.491
19044,A ARNOIA,Ourense,42.24,-8.131,120.0,17,ssp370,near_future,rocio_fijo,42.062,99.059,3.176,546.455,4.0,4.0,62.725,165.471,128.882,96.235,61.98,2.106,1.752
19044,A ARNOIA,Ourense,42.24,-8.131,120.0,17,ssp370,near_future,hr_fija,42.062,99.059,3.176,546.455,4.0,4.0,65.921,176.118,142.471,108.588,69.857,2.106,1.752
19044,A ARNOIA,Ourense,42.24,-8.131,120.0,17,ssp370,medium_future,rocio_fijo,43.695,118.765,9.588,736.412,4.0,4.0,64.358,176.824,141.765,106.471,56.561,3.739,3.085
19044,A ARNOIA,Ourense,42.24,-8.131,120.0,17,ssp370,medium_future,hr_fija,43.695,118.765,9.588,736.412,4.0,4.0,70.181,198.588,162.882,128.294,69.857,3.739,3.085
19044,A ARNOIA,Ourense,42.24,-8.131,120.0,17,ssp370,far_future,rocio_fijo,45.799,142.471,23.941,977.127,4.0,4.0,66.462,193.353,156.941,120.941,50.351,5.843,4.531
19044,A ARNOIA,Ourense,42.24,-8.131,120.0,17,ssp370,far_future,hr_fija,45.799,142.471,23.941,977.127,4.0,4.0,75.985,231.176,189.412,157.588,69.857,5.843,4.531
19044,A ARNOIA,Ourense,42.24,-8.131,120.0,17,ssp585,near_future,rocio_fijo,42.237,101.882,4.0,584.118,4.0,4.0,62.9,166.882,130.941,97.176,61.372,2.281,2.033
19044,A ARNOIA,Ourense,42.24,-8.131,120.0,17,ssp585,near_future,hr_fija,42.237,101.882,4.0,584.118,4.0,4.0,66.369,178.529,144.353,110.941,69.857,2.281,2.033
19044,A ARNOIA,Ourense,42.24,-8.131,120.0,17,ssp585,medium_future,rocio_fijo,44.229,124.824,13.235,808.72,4.0,4.0,64.892,181.353,145.588,110.588,54.907,4.273,3.544
19044,A ARNOIA,Ourense,42.24,-8.131,120.0,17,ssp585,medium_future,hr_fija,44.229,124.824,13.235,808.72,4.0,4.0,71.635,205.588,169.471,135.882,69.857,4.273,3.544
19044,A ARNOIA,Ourense,42.24,-8.131,120.0,17,ssp585,far_future,rocio_fijo,47.371,159.706,45.0,1240.053,4.0,4.0,68.034,206.765,167.647,131.412,46.214,7.415,5.888
19044,A ARNOIA,Ourense,42.24,-8.131,120.0,17,ssp585,far_future,hr_fija,47.371,159.706,45.0,1240.053,4.0,4.0,80.567,259.765,212.235,176.471,69.857,7.415,5.888
19041,A MEZQUITA,Ourense,42.017,-7.049,1025.0,17,-,hoy,medido,32.87,15.176,1.118,190.912,7.176,8.0,39.254,59.235,20.412,1.824,61.702,,
19041,A MEZQUITA,Ourense,42.017,-7.049,1025.0,17,ssp126,near_future,rocio_fijo,35.166,34.176,3.353,322.567,7.176,8.0,41.55,78.0,35.647,8.0,53.802,2.296,1.788
19041,A MEZQUITA,Ourense,42.017,-7.049,1025.0,17,ssp126,near_future,hr_fija,35.166,34.176,3.353,322.567,7.176,8.0,43.271,90.235,48.353,15.529,61.702,2.296,1.788
19041,A MEZQUITA,Ourense,42.017,-7.049,1025.0,17,ssp126,medium_future,rocio_fijo,35.932,42.118,5.059,397.173,7.176,8.0,42.316,84.588,42.529,11.412,51.425,3.062,2.594
19041,A MEZQUITA,Ourense,42.017,-7.049,1025.0,17,ssp126,medium_future,hr_fija,35.932,42.118,5.059,397.173,7.176,8.0,44.663,99.412,59.706,21.706,61.702,3.062,2.594
19041,A MEZQUITA,Ourense,42.017,-7.049,1025.0,17,ssp126,far_future,rocio_fijo,36.012,42.706,5.059,395.89,7.176,8.0,42.396,85.353,43.059,11.765,51.183,3.142,2.581
19041,A MEZQUITA,Ourense,42.017,-7.049,1025.0,17,ssp126,far_future,hr_fija,36.012,42.706,5.059,395.89,7.176,8.0,44.806,100.059,60.941,22.588,61.702,3.142,2.581
19041,A MEZQUITA,Ourense,42.017,-7.049,1025.0,17,ssp245,near_future,rocio_fijo,35.262,35.294,3.529,337.091,7.176,8.0,41.646,78.529,36.647,8.294,53.497,2.392,1.953
19041,A MEZQUITA,Ourense,42.017,-7.049,1025.0,17,ssp245,near_future,hr_fija,35.262,35.294,3.529,337.091,7.176,8.0,43.446,91.118,49.824,16.353,61.702,2.392,1.953
19041,A MEZQUITA,Ourense,42.017,-7.049,1025.0,17,ssp245,medium_future,rocio_fijo,36.621,49.235,7.412,450.386,7.176,8.0,43.005,90.118,47.588,14.294,49.387,3.751,3.113
19041,A MEZQUITA,Ourense,42.017,-7.049,1025.0,17,ssp245,medium_future,hr_fija,36.621,49.235,7.412,450.386,7.176,8.0,45.932,107.941,69.529,29.765,61.702,3.751,3.113
19041,A MEZQUITA,Ourense,42.017,-7.049,1025.0,17,ssp245,far_future,rocio_fijo,37.652,61.294,11.235,537.529,7.176,8.0,44.036,98.0,56.824,19.588,46.506,4.782,3.892
19041,A MEZQUITA,Ourense,42.017,-7.049,1025.0,17,ssp245,far_future,hr_fija,37.652,61.294,11.235,537.529,7.176,8.0,47.848,122.294,83.588,43.588,61.702,4.782,3.892
19041,A MEZQUITA,Ourense,42.017,-7.049,1025.0,17,ssp370,near_future,rocio_fijo,35.324,36.0,3.529,334.065,7.176,8.0,41.708,79.059,37.471,8.706,53.301,2.454,1.919
19041,A MEZQUITA,Ourense,42.017,-7.049,1025.0,17,ssp370,near_future,hr_fija,35.324,36.0,3.529,334.065,7.176,8.0,43.559,91.706,51.176,16.588,61.702,2.454,1.919
19041,A MEZQUITA,Ourense,42.017,-7.049,1025.0,17,ssp370,medium_future,rocio_fijo,37.208,55.588,8.647,485.127,7.176,8.0,43.592,95.176,52.824,17.176,47.723,4.338,3.433
19041,A MEZQUITA,Ourense,42.017,-7.049,1025.0,17,ssp370,medium_future,hr_fija,37.208,55.588,8.647,485.127,7.176,8.0,47.002,115.412,77.529,37.882,61.702,4.338,3.433
19041,A MEZQUITA,Ourense,42.017,-7.049,1025.0,17,ssp370,far_future,rocio_fijo,39.276,79.882,19.0,686.339,7.176,8.0,45.66,111.059,70.588,29.412,42.345,6.406,5.06
19041,A MEZQUITA,Ourense,42.017,-7.049,1025.0,17,ssp370,far_future,hr_fija,39.276,79.882,19.0,686.339,7.176,8.0,51.093,143.941,104.471,68.0,61.702,6.406,5.06
19041,A MEZQUITA,Ourense,42.017,-7.049,1025.0,17,ssp585,near_future,rocio_fijo,35.55,38.176,4.353,362.482,7.176,8.0,41.934,81.118,39.118,9.529,52.595,2.68,2.232
19041,A MEZQUITA,Ourense,42.017,-7.049,1025.0,17,ssp585,near_future,hr_fija,35.55,38.176,4.353,362.482,7.176,8.0,43.972,94.765,54.235,19.118,61.702,2.68,2.232
19041,A MEZQUITA,Ourense,42.017,-7.049,1025.0,17,ssp585,medium_future,rocio_fijo,37.717,61.706,11.412,541.902,7.176,8.0,44.101,98.706,57.824,19.765,46.331,4.847,3.929
19041,A MEZQUITA,Ourense,42.017,-7.049,1025.0,17,ssp585,medium_future,hr_fija,37.717,61.706,11.412,541.902,7.176,8.0,47.976,123.118,84.412,44.588,61.702,4.847,3.929
19041,A MEZQUITA,Ourense,42.017,-7.049,1025.0,17,ssp585,far_future,rocio_fijo,40.851,99.412,32.235,899.064,7.176,8.0,47.235,125.294,83.941,42.118,38.706,7.981,6.5
19041,A MEZQUITA,Ourense,42.017,-7.049,1025.0,17,ssp585,far_future,hr_fija,40.851,99.412,32.235,899.064,7.176,8.0,54.403,166.235,126.824,89.706,61.702,7.981,6.5
10115,A VEIGA,Ourense,42.355,-7.009,1229.0,17,-,hoy,medido,31.075,6.059,1.118,110.677,6.059,13.0,38.207,40.353,12.588,1.412,70.672,,
10115,A VEIGA,Ourense,42.355,-7.009,1229.0,17,ssp126,near_future,rocio_fijo,33.385,16.176,2.882,200.668,6.059,13.0,40.517,58.059,22.588,4.471,61.416,2.31,1.708
10115,A VEIGA,Ourense,42.355,-7.009,1229.0,17,ssp126,near_future,hr_fija,33.385,16.176,2.882,200.668,6.059,13.0,42.357,69.588,33.059,9.588,70.672,2.31,1.708
10115,A VEIGA,Ourense,42.355,-7.009,1229.0,17,ssp126,medium_future,rocio_fijo,34.186,21.176,4.412,254.546,6.059,13.0,41.318,64.235,27.176,6.353,58.531,3.111,2.484
10115,A VEIGA,Ourense,42.355,-7.009,1229.0,17,ssp126,medium_future,hr_fija,34.186,21.176,4.412,254.546,6.059,13.0,43.869,80.882,42.765,14.412,70.672,3.111,2.484
10115,A VEIGA,Ourense,42.355,-7.009,1229.0,17,ssp126,far_future,rocio_fijo,34.177,21.176,4.412,252.837,6.059,13.0,41.309,64.118,27.059,6.235,58.562,3.102,2.461
10115,A VEIGA,Ourense,42.355,-7.009,1229.0,17,ssp126,far_future,hr_fija,34.177,21.176,4.412,252.837,6.059,13.0,43.853,80.765,42.706,14.353,70.672,3.102,2.461
10115,A VEIGA,Ourense,42.355,-7.009,1229.0,17,ssp245,near_future,rocio_fijo,33.514,16.765,3.353,212.354,6.059,13.0,40.646,59.294,23.235,4.706,60.94,2.439,1.887
10115,A VEIGA,Ourense,42.355,-7.009,1229.0,17,ssp245,near_future,hr_fija,33.514,16.765,3.353,212.354,6.059,13.0,42.626,71.588,34.529,10.412,70.672,2.439,1.887
10115,A VEIGA,Ourense,42.355,-7.009,1229.0,17,ssp245,medium_future,rocio_fijo,34.784,25.647,5.824,294.164,6.059,13.0,41.916,68.059,31.294,8.235,56.477,3.709,2.992
10115,A VEIGA,Ourense,42.355,-7.009,1229.0,17,ssp245,medium_future,hr_fija,34.784,25.647,5.824,294.164,6.059,13.0,45.063,90.0,50.529,19.706,70.672,3.709,2.992
10115,A VEIGA,Ourense,42.355,-7.009,1229.0,17,ssp245,far_future,rocio_fijo,35.841,35.118,7.882,356.737,6.059,13.0,42.973,79.059,38.765,11.882,53.041,4.766,3.715
10115,A VEIGA,Ourense,42.355,-7.009,1229.0,17,ssp245,far_future,hr_fija,35.841,35.118,7.882,356.737,6.059,13.0,47.168,105.471,63.765,28.824,70.672,4.766,3.715
10115,A VEIGA,Ourense,42.355,-7.009,1229.0,17,ssp370,near_future,rocio_fijo,33.617,17.412,3.353,209.374,6.059,13.0,40.749,59.824,24.0,5.059,60.564,2.542,1.842
10115,A VEIGA,Ourense,42.355,-7.009,1229.0,17,ssp370,near_future,hr_fija,33.617,17.412,3.353,209.374,6.059,13.0,42.817,73.235,35.765,10.941,70.672,2.542,1.842
10115,A VEIGA,Ourense,42.355,-7.009,1229.0,17,ssp370,medium_future,rocio_fijo,35.342,30.412,6.588,317.555,6.059,13.0,42.474,74.176,35.353,9.824,54.633,4.267,3.272
10115,A VEIGA,Ourense,42.355,-7.009,1229.0,17,ssp370,medium_future,hr_fija,35.342,30.412,6.588,317.555,6.059,13.0,46.2,98.0,57.706,24.118,70.672,4.267,3.272
10115,A VEIGA,Ourense,42.355,-7.009,1229.0,17,ssp370,far_future,rocio_fijo,37.353,49.706,14.471,466.88,6.059,13.0,44.485,92.118,49.706,17.882,48.529,6.278,4.809
10115,A VEIGA,Ourense,42.355,-7.009,1229.0,17,ssp370,far_future,hr_fija,37.353,49.706,14.471,466.88,6.059,13.0,50.279,126.941,85.588,47.765,70.672,6.278,4.809
10115,A VEIGA,Ourense,42.355,-7.009,1229.0,17,ssp585,near_future,rocio_fijo,33.882,19.294,3.941,229.843,6.059,13.0,41.014,61.412,25.706,5.647,59.607,2.807,2.143
10115,A VEIGA,Ourense,42.355,-7.009,1229.0,17,ssp585,near_future,hr_fija,33.882,19.294,3.941,229.843,6.059,13.0,43.305,77.294,38.882,12.706,70.672,2.807,2.143
10115,A VEIGA,Ourense,42.355,-7.009,1229.0,17,ssp585,medium_future,rocio_fijo,35.891,35.471,8.0,360.601,6.059,13.0,43.023,79.412,39.176,12.0,52.885,4.816,3.757
10115,A VEIGA,Ourense,42.355,-7.009,1229.0,17,ssp585,medium_future,hr_fija,35.891,35.471,8.0,360.601,6.059,13.0,47.267,106.059,64.471,29.471,70.672,4.816,3.757
10115,A VEIGA,Ourense,42.355,-7.009,1229.0,17,ssp585,far_future,rocio_fijo,38.976,68.529,27.706,636.904,6.059,13.0,46.108,106.294,62.588,26.176,44.161,7.901,6.21
10115,A VEIGA,Ourense,42.355,-7.009,1229.0,17,ssp585,far_future,hr_fija,38.976,68.529,27.706,636.904,6.059,13.0,53.719,149.882,109.353,70.588,70.672,7.901,6.21
10138,A VEIGA,Ourense,42.208,-6.893,1762.0,17,-,hoy,medido,26.425,0.118,0.353,39.682,8.176,8.0,29.154,2.059,0.0,0.0,65.375,,
10138,A VEIGA,Ourense,42.208,-6.893,1762.0,17,ssp126,near_future,rocio_fijo,28.538,1.118,1.471,85.782,8.176,8.0,31.267,7.765,0.176,0.0,57.266,2.113,1.615
10138,A VEIGA,Ourense,42.208,-6.893,1762.0,17,ssp126,near_future,hr_fija,28.538,1.118,1.471,85.782,8.176,8.0,32.384,13.529,0.588,0.0,65.375,2.113,1.615
10138,A VEIGA,Ourense,42.208,-6.893,1762.0,17,ssp126,medium_future,rocio_fijo,29.296,1.706,2.588,117.255,8.176,8.0,32.025,11.765,0.294,0.0,54.637,2.871,2.381
10138,A VEIGA,Ourense,42.208,-6.893,1762.0,17,ssp126,medium_future,hr_fija,29.296,1.706,2.588,117.255,8.176,8.0,33.636,19.529,1.529,0.0,65.375,2.871,2.381
10138,A VEIGA,Ourense,42.208,-6.893,1762.0,17,ssp126,far_future,rocio_fijo,29.309,1.765,2.588,116.658,8.176,8.0,32.038,11.765,0.353,0.0,54.593,2.884,2.368
10138,A VEIGA,Ourense,42.208,-6.893,1762.0,17,ssp126,far_future,hr_fija,29.309,1.765,2.588,116.658,8.176,8.0,33.658,19.647,1.529,0.0,65.375,2.884,2.368
10138,A VEIGA,Ourense,42.208,-6.893,1762.0,17,ssp245,near_future,rocio_fijo,28.485,1.118,1.588,90.251,8.176,8.0,31.214,7.706,0.176,0.0,57.455,2.06,1.735
10138,A VEIGA,Ourense,42.208,-6.893,1762.0,17,ssp245,near_future,hr_fija,28.485,1.118,1.588,90.251,8.176,8.0,32.3,13.059,0.529,0.0,65.375,2.06,1.735
10138,A VEIGA,Ourense,42.208,-6.893,1762.0,17,ssp245,medium_future,rocio_fijo,29.861,3.118,3.176,140.271,8.176,8.0,32.59,14.118,0.706,0.0,52.766,3.436,2.856
10138,A VEIGA,Ourense,42.208,-6.893,1762.0,17,ssp245,medium_future,hr_fija,29.861,3.118,3.176,140.271,8.176,8.0,34.562,25.059,2.765,0.0,65.375,3.436,2.856
10138,A VEIGA,Ourense,42.208,-6.893,1762.0,17,ssp245,far_future,rocio_fijo,30.856,6.471,4.471,180.987,8.176,8.0,33.585,20.0,1.353,0.0,49.643,4.431,3.599
10138,A VEIGA,Ourense,42.208,-6.893,1762.0,17,ssp245,far_future,hr_fija,30.856,6.471,4.471,180.987,8.176,8.0,36.258,39.588,7.941,0.176,65.375,4.431,3.599
10138,A VEIGA,Ourense,42.208,-6.893,1762.0,17,ssp370,near_future,rocio_fijo,28.568,1.118,1.588,88.969,8.176,8.0,31.297,7.824,0.176,0.0,57.159,2.143,1.701
10138,A VEIGA,Ourense,42.208,-6.893,1762.0,17,ssp370,near_future,hr_fija,28.568,1.118,1.588,88.969,8.176,8.0,32.432,13.588,0.647,0.0,65.375,2.143,1.701
10138,A VEIGA,Ourense,42.208,-6.893,1762.0,17,ssp370,medium_future,rocio_fijo,30.348,5.059,3.647,155.048,8.176,8.0,33.077,17.176,0.824,0.0,51.211,3.923,3.139
10138,A VEIGA,Ourense,42.208,-6.893,1762.0,17,ssp370,medium_future,hr_fija,30.348,5.059,3.647,155.048,8.176,8.0,35.378,32.0,4.353,0.0,65.375,3.923,3.139
10138,A VEIGA,Ourense,42.208,-6.893,1762.0,17,ssp370,far_future,rocio_fijo,32.302,12.0,8.588,252.101,8.176,8.0,35.031,29.765,3.471,0.0,45.469,5.877,4.685
10138,A VEIGA,Ourense,42.208,-6.893,1762.0,17,ssp370,far_future,hr_fija,32.302,12.0,8.588,252.101,8.176,8.0,38.783,60.176,18.824,1.471,65.375,5.877,4.685
10138,A VEIGA,Ourense,42.208,-6.893,1762.0,17,ssp585,near_future,rocio_fijo,28.76,1.353,1.882,99.829,8.176,8.0,31.489,8.882,0.176,0.0,56.481,2.335,1.979
10138,A VEIGA,Ourense,42.208,-6.893,1762.0,17,ssp585,near_future,hr_fija,28.76,1.353,1.882,99.829,8.176,8.0,32.742,15.176,0.765,0.0,65.375,2.335,1.979
10138,A VEIGA,Ourense,42.208,-6.893,1762.0,17,ssp585,medium_future,rocio_fijo,30.788,6.0,4.471,181.462,8.176,8.0,33.517,19.706,1.353,0.0,49.85,4.363,3.607
10138,A VEIGA,Ourense,42.208,-6.893,1762.0,17,ssp585,medium_future,hr_fija,30.788,6.0,4.471,181.462,8.176,8.0,36.14,38.412,7.412,0.118,65.375,4.363,3.607
10138,A VEIGA,Ourense,42.208,-6.893,1762.0,17,ssp585,far_future,rocio_fijo,33.816,22.824,16.529,359.546,8.176,8.0,36.545,44.706,9.0,0.176,41.517,7.391,6.007
10138,A VEIGA,Ourense,42.208,-6.893,1762.0,17,ssp585,far_future,hr_fija,33.816,22.824,16.529,359.546,8.176,8.0,41.506,84.176,39.118,8.471,65.375,7.391,6.007
19037,A VEIGA,Ourense,42.211,-6.992,1217.0,17,-,hoy,medido,31.586,8.235,0.176,87.488,6.647,9.0,38.413,47.882,14.588,1.353,68.61,,
19037,A VEIGA,Ourense,42.211,-6.992,1217.0,17,ssp126,near_future,rocio_fijo,33.773,20.118,0.824,163.668,6.647,9.0,40.6,66.059,26.235,4.824,60.121,2.187,1.671
19037,A VEIGA,Ourense,42.211,-6.992,1217.0,17,ssp126,near_future,hr_fija,33.773,20.118,0.824,163.668,6.647,9.0,42.268,76.765,37.353,9.588,68.61,2.187,1.671
19037,A VEIGA,Ourense,42.211,-6.992,1217.0,17,ssp126,medium_future,rocio_fijo,34.496,25.059,1.235,211.527,6.647,9.0,41.323,71.647,31.176,6.706,57.58,2.91,2.444
19037,A VEIGA,Ourense,42.211,-6.992,1217.0,17,ssp126,medium_future,hr_fija,34.496,25.059,1.235,211.527,6.647,9.0,43.545,88.529,48.353,15.059,68.61,2.91,2.444
19037,A VEIGA,Ourense,42.211,-6.992,1217.0,17,ssp126,far_future,rocio_fijo,34.56,25.824,1.235,210.454,6.647,9.0,41.387,72.059,31.529,6.882,57.361,2.974,2.428
19037,A VEIGA,Ourense,42.211,-6.992,1217.0,17,ssp126,far_future,hr_fija,34.56,25.824,1.235,210.454,6.647,9.0,43.661,89.471,48.882,15.471,68.61,2.974,2.428
19037,A VEIGA,Ourense,42.211,-6.992,1217.0,17,ssp245,near_future,rocio_fijo,33.804,20.118,0.882,172.258,6.647,9.0,40.631,66.294,26.353,5.0,60.009,2.218,1.819
19037,A VEIGA,Ourense,42.211,-6.992,1217.0,17,ssp245,near_future,hr_fija,33.804,20.118,0.882,172.258,6.647,9.0,42.321,77.0,37.765,9.706,68.61,2.218,1.819
19037,A VEIGA,Ourense,42.211,-6.992,1217.0,17,ssp245,medium_future,rocio_fijo,35.125,30.412,1.353,246.591,6.647,9.0,41.952,76.176,35.824,8.588,55.467,3.539,2.937
19037,A VEIGA,Ourense,42.211,-6.992,1217.0,17,ssp245,medium_future,hr_fija,35.125,30.412,1.353,246.591,6.647,9.0,44.741,96.882,57.176,20.588,68.61,3.539,2.937
19037,A VEIGA,Ourense,42.211,-6.992,1217.0,17,ssp245,far_future,rocio_fijo,36.116,40.118,2.353,306.357,6.647,9.0,42.943,86.0,44.294,12.235,52.313,4.53,3.677
19037,A VEIGA,Ourense,42.211,-6.992,1217.0,17,ssp245,far_future,hr_fija,36.116,40.118,2.353,306.357,6.647,9.0,46.633,110.647,70.0,32.059,68.61,4.53,3.677
19037,A VEIGA,Ourense,42.211,-6.992,1217.0,17,ssp370,near_future,rocio_fijo,33.893,20.882,0.882,170.034,6.647,9.0,40.72,67.0,27.059,5.235,59.691,2.307,1.781
19037,A VEIGA,Ourense,42.211,-6.992,1217.0,17,ssp370,near_future,hr_fija,33.893,20.882,0.882,170.034,6.647,9.0,42.475,78.824,38.765,10.294,68.61,2.307,1.781
19037,A VEIGA,Ourense,42.211,-6.992,1217.0,17,ssp370,medium_future,rocio_fijo,35.659,35.647,1.765,269.184,6.647,9.0,42.486,82.059,40.176,10.412,53.742,4.073,3.229
19037,A VEIGA,Ourense,42.211,-6.992,1217.0,17,ssp370,medium_future,hr_fija,35.659,35.647,1.765,269.184,6.647,9.0,45.764,104.471,64.118,26.412,68.61,4.073,3.229
19037,A VEIGA,Ourense,42.211,-6.992,1217.0,17,ssp370,far_future,rocio_fijo,37.614,56.059,4.353,411.478,6.647,9.0,44.441,99.941,57.059,19.824,47.923,6.028,4.781
19037,A VEIGA,Ourense,42.211,-6.992,1217.0,17,ssp370,far_future,hr_fija,37.614,56.059,4.353,411.478,6.647,9.0,49.702,130.941,91.824,53.118,68.61,6.028,4.781
19037,A VEIGA,Ourense,42.211,-6.992,1217.0,17,ssp585,near_future,rocio_fijo,34.089,22.412,1.0,187.744,6.647,9.0,40.916,68.118,28.235,5.529,58.995,2.503,2.075
19037,A VEIGA,Ourense,42.211,-6.992,1217.0,17,ssp585,near_future,hr_fija,34.089,22.412,1.0,187.744,6.647,9.0,42.819,82.412,42.176,11.647,68.61,2.503,2.075
19037,A VEIGA,Ourense,42.211,-6.992,1217.0,17,ssp585,medium_future,rocio_fijo,36.145,40.353,2.353,308.79,6.647,9.0,42.972,86.412,44.588,12.294,52.224,4.559,3.705
19037,A VEIGA,Ourense,42.211,-6.992,1217.0,17,ssp585,medium_future,hr_fija,36.145,40.353,2.353,308.79,6.647,9.0,46.691,111.118,70.118,32.118,68.61,4.559,3.705
19037,A VEIGA,Ourense,42.211,-6.992,1217.0,17,ssp585,far_future,rocio_fijo,39.149,74.118,10.294,570.267,6.647,9.0,45.976,112.529,68.412,28.471,43.849,7.563,6.146
19037,A VEIGA,Ourense,42.211,-6.992,1217.0,17,ssp585,far_future,hr_fija,39.149,74.118,10.294,570.267,6.647,9.0,52.849,153.529,113.176,74.059,68.61,7.563,6.146
10109,AVIÓN,Ourense,42.415,-8.238,553.0,17,-,hoy,medido,35.085,28.118,1.059,213.698,5.706,6.0,47.604,93.059,54.529,25.882,71.279,,
10109,AVIÓN,Ourense,42.415,-8.238,553.0,17,ssp126,near_future,rocio_fijo,36.965,44.824,3.353,343.876,5.706,6.0,49.484,108.882,67.941,36.059,63.785,1.88,1.512
10109,AVIÓN,Ourense,42.415,-8.238,553.0,17,ssp126,near_future,hr_fija,36.965,44.824,3.353,343.876,5.706,6.0,51.504,119.471,79.471,45.176,71.279,1.88,1.512
10109,AVIÓN,Ourense,42.415,-8.238,553.0,17,ssp126,medium_future,rocio_fijo,37.835,53.353,5.0,420.847,5.706,6.0,50.354,116.118,74.118,40.941,60.621,2.75,2.233
10109,AVIÓN,Ourense,42.415,-8.238,553.0,17,ssp126,medium_future,hr_fija,37.835,53.353,5.0,420.847,5.706,6.0,53.348,132.824,91.588,55.412,71.279,2.75,2.233
10109,AVIÓN,Ourense,42.415,-8.238,553.0,17,ssp126,far_future,rocio_fijo,37.9,53.882,4.882,418.249,5.706,6.0,50.419,116.706,74.647,41.588,60.392,2.815,2.21
10109,AVIÓN,Ourense,42.415,-8.238,553.0,17,ssp126,far_future,hr_fija,37.9,53.882,4.882,418.249,5.706,6.0,53.485,134.0,92.412,56.059,71.279,2.815,2.21
10109,AVIÓN,Ourense,42.415,-8.238,553.0,17,ssp245,near_future,rocio_fijo,37.027,45.294,3.706,362.982,5.706,6.0,49.546,109.647,68.353,36.471,63.554,1.942,1.699
10109,AVIÓN,Ourense,42.415,-8.238,553.0,17,ssp245,near_future,hr_fija,37.027,45.294,3.706,362.982,5.706,6.0,51.637,120.176,80.412,45.706,71.279,1.942,1.699
10109,AVIÓN,Ourense,42.415,-8.238,553.0,17,ssp245,medium_future,rocio_fijo,38.283,58.412,6.882,475.234,5.706,6.0,50.802,119.647,78.235,43.471,59.061,3.198,2.694
10109,AVIÓN,Ourense,42.415,-8.238,553.0,17,ssp245,medium_future,hr_fija,38.283,58.412,6.882,475.234,5.706,6.0,54.307,139.471,97.353,60.882,71.279,3.198,2.694
10109,AVIÓN,Ourense,42.415,-8.238,553.0,17,ssp245,far_future,rocio_fijo,39.411,70.824,9.882,560.345,5.706,6.0,51.93,130.765,87.824,50.529,55.33,4.326,3.352
10109,AVIÓN,Ourense,42.415,-8.238,553.0,17,ssp245,far_future,hr_fija,39.411,70.824,9.882,560.345,5.706,6.0,56.795,156.824,113.824,75.765,71.279,4.326,3.352
10109,AVIÓN,Ourense,42.415,-8.238,553.0,17,ssp370,near_future,rocio_fijo,37.028,45.294,3.529,358.326,5.706,6.0,49.547,109.647,68.353,36.471,63.55,1.943,1.654
10109,AVIÓN,Ourense,42.415,-8.238,553.0,17,ssp370,near_future,hr_fija,37.028,45.294,3.529,358.326,5.706,6.0,51.639,120.176,80.412,45.706,71.279,1.943,1.654
10109,AVIÓN,Ourense,42.415,-8.238,553.0,17,ssp370,medium_future,rocio_fijo,38.612,61.941,8.0,506.609,5.706,6.0,51.131,123.118,80.941,45.235,57.944,3.527,2.944
10109,AVIÓN,Ourense,42.415,-8.238,553.0,17,ssp370,medium_future,hr_fija,38.612,61.941,8.0,506.609,5.706,6.0,55.021,143.588,102.118,64.824,71.279,3.527,2.944
10109,AVIÓN,Ourense,42.415,-8.238,553.0,17,ssp370,far_future,rocio_fijo,40.796,88.471,19.176,704.813,5.706,6.0,53.315,142.882,98.412,59.588,51.107,5.711,4.35
10109,AVIÓN,Ourense,42.415,-8.238,553.0,17,ssp370,far_future,hr_fija,40.796,88.471,19.176,704.813,5.706,6.0,59.963,180.824,134.706,95.412,71.279,5.711,4.35
10109,AVIÓN,Ourense,42.415,-8.238,553.0,17,ssp585,near_future,rocio_fijo,37.206,46.824,4.0,386.742,5.706,6.0,49.725,111.412,69.529,37.176,62.89,2.121,1.924
10109,AVIÓN,Ourense,42.415,-8.238,553.0,17,ssp585,near_future,hr_fija,37.206,46.824,4.0,386.742,5.706,6.0,52.02,123.412,82.824,47.941,71.279,2.121,1.924
10109,AVIÓN,Ourense,42.415,-8.238,553.0,17,ssp585,medium_future,rocio_fijo,39.101,66.824,10.0,565.92,5.706,6.0,51.62,127.882,84.706,48.294,56.328,4.016,3.393
10109,AVIÓN,Ourense,42.415,-8.238,553.0,17,ssp585,medium_future,hr_fija,39.101,66.824,10.0,565.92,5.706,6.0,56.084,151.588,110.706,71.059,71.279,4.016,3.393
10109,AVIÓN,Ourense,42.415,-8.238,553.0,17,ssp585,far_future,rocio_fijo,42.276,107.294,37.941,923.221,5.706,6.0,54.795,157.059,111.941,69.941,46.993,7.191,5.667
10109,AVIÓN,Ourense,42.415,-8.238,553.0,17,ssp585,far_future,hr_fija,42.276,107.294,37.941,923.221,5.706,6.0,63.46,205.471,158.412,117.353,71.279,7.191,5.667
10110,BALTAR,Ourense,41.946,-7.708,807.0,17,-,hoy,medido,34.86,25.882,0.0,139.007,5.882,7.0,45.546,85.765,48.882,18.765,67.384,,
10110,BALTAR,Ourense,41.946,-7.708,807.0,17,ssp126,near_future,rocio_fijo,36.909,43.118,0.0,243.074,5.882,7.0,47.595,102.294,63.176,29.824,59.706,2.049,1.605
10110,BALTAR,Ourense,41.946,-7.708,807.0,17,ssp126,near_future,hr_fija,36.909,43.118,0.0,243.074,5.882,7.0,49.683,113.588,75.059,40.706,67.384,2.049,1.605
10110,BALTAR,Ourense,41.946,-7.708,807.0,17,ssp126,medium_future,rocio_fijo,37.692,50.824,0.118,305.205,5.882,7.0,48.378,108.706,69.294,34.294,57.037,2.832,2.347
10110,BALTAR,Ourense,41.946,-7.708,807.0,17,ssp126,medium_future,hr_fija,37.692,50.824,0.118,305.205,5.882,7.0,51.298,124.118,85.647,49.824,67.384,2.832,2.347
10110,BALTAR,Ourense,41.946,-7.708,807.0,17,ssp126,far_future,rocio_fijo,37.782,51.647,0.118,304.304,5.882,7.0,48.468,109.353,70.0,35.176,56.738,2.922,2.337
10110,BALTAR,Ourense,41.946,-7.708,807.0,17,ssp126,far_future,hr_fija,37.782,51.647,0.118,304.304,5.882,7.0,51.488,125.0,86.941,50.882,67.384,2.922,2.337
10110,BALTAR,Ourense,41.946,-7.708,807.0,17,ssp245,near_future,rocio_fijo,36.945,43.412,0.059,255.972,5.882,7.0,47.631,102.706,63.412,29.941,59.58,2.085,1.768
10110,BALTAR,Ourense,41.946,-7.708,807.0,17,ssp245,near_future,hr_fija,36.945,43.412,0.059,255.972,5.882,7.0,49.757,114.0,75.647,41.235,67.384,2.085,1.768
10110,BALTAR,Ourense,41.946,-7.708,807.0,17,ssp245,medium_future,rocio_fijo,38.249,56.706,0.294,350.158,5.882,7.0,48.935,113.118,73.176,38.059,55.219,3.389,2.821
10110,BALTAR,Ourense,41.946,-7.708,807.0,17,ssp245,medium_future,hr_fija,38.249,56.706,0.294,350.158,5.882,7.0,52.479,131.118,93.353,57.235,67.384,3.389,2.821
10110,BALTAR,Ourense,41.946,-7.708,807.0,17,ssp245,far_future,rocio_fijo,39.348,68.176,0.706,425.688,5.882,7.0,50.034,122.588,81.647,45.471,51.823,4.488,3.531
10110,BALTAR,Ourense,41.946,-7.708,807.0,17,ssp245,far_future,hr_fija,39.348,68.176,0.706,425.688,5.882,7.0,54.808,147.588,108.235,71.647,67.384,4.488,3.531
10110,BALTAR,Ourense,41.946,-7.708,807.0,17,ssp370,near_future,rocio_fijo,37.021,44.0,0.059,254.201,5.882,7.0,47.707,103.471,64.059,30.235,59.316,2.161,1.746
10110,BALTAR,Ourense,41.946,-7.708,807.0,17,ssp370,near_future,hr_fija,37.021,44.0,0.059,254.201,5.882,7.0,49.912,115.118,76.647,42.353,67.384,2.161,1.746
10110,BALTAR,Ourense,41.946,-7.708,807.0,17,ssp370,medium_future,rocio_fijo,38.703,62.0,0.412,380.306,5.882,7.0,49.389,117.353,76.706,41.353,53.787,3.843,3.115
10110,BALTAR,Ourense,41.946,-7.708,807.0,17,ssp370,medium_future,hr_fija,38.703,62.0,0.412,380.306,5.882,7.0,53.41,137.882,99.529,63.235,67.384,3.843,3.115
10110,BALTAR,Ourense,41.946,-7.708,807.0,17,ssp370,far_future,rocio_fijo,40.799,86.235,1.941,553.097,5.882,7.0,51.485,134.176,93.941,55.353,47.693,5.939,4.572
10110,BALTAR,Ourense,41.946,-7.708,807.0,17,ssp370,far_future,hr_fija,40.799,86.235,1.941,553.097,5.882,7.0,58.109,170.294,127.529,91.882,67.384,5.939,4.572
10110,BALTAR,Ourense,41.946,-7.708,807.0,17,ssp585,near_future,rocio_fijo,37.153,45.294,0.118,278.406,5.882,7.0,47.839,104.471,65.059,31.059,58.859,2.293,2.04
10110,BALTAR,Ourense,41.946,-7.708,807.0,17,ssp585,near_future,hr_fija,37.153,45.294,0.118,278.406,5.882,7.0,50.183,116.882,78.059,43.941,67.384,2.293,2.04
10110,BALTAR,Ourense,41.946,-7.708,807.0,17,ssp585,medium_future,rocio_fijo,39.153,66.647,0.824,430.331,5.882,7.0,49.839,120.882,80.0,44.176,52.408,4.293,3.572
10110,BALTAR,Ourense,41.946,-7.708,807.0,17,ssp585,medium_future,hr_fija,39.153,66.647,0.824,430.331,5.882,7.0,54.394,145.294,105.647,69.235,67.384,4.293,3.572
10110,BALTAR,Ourense,41.946,-7.708,807.0,17,ssp585,far_future,rocio_fijo,42.214,103.471,5.706,745.117,5.882,7.0,52.9,147.706,104.882,65.529,44.021,7.354,5.918
10110,BALTAR,Ourense,41.946,-7.708,807.0,17,ssp585,far_future,hr_fija,42.214,103.471,5.706,745.117,5.882,7.0,61.487,193.353,148.118,110.647,67.384,7.354,5.918
10113,BAÑOS DE MOLGAS,Ourense,42.233,-7.629,604.0,17,-,hoy,medido,34.995,27.176,0.059,193.685,5.471,7.0,47.972,96.529,55.706,26.059,70.696,,
10113,BAÑOS DE MOLGAS,Ourense,42.233,-7.629,604.0,17,ssp126,near_future,rocio_fijo,37.113,47.529,0.765,321.641,5.471,7.0,50.09,113.059,72.235,38.412,62.41,2.118,1.529
10113,BAÑOS DE MOLGAS,Ourense,42.233,-7.629,604.0,17,ssp126,near_future,hr_fija,37.113,47.529,0.765,321.641,5.471,7.0,52.443,126.294,86.294,50.176,70.696,2.118,1.529
10113,BAÑOS DE MOLGAS,Ourense,42.233,-7.629,604.0,17,ssp126,medium_future,rocio_fijo,37.935,57.471,1.529,398.988,5.471,7.0,50.912,120.353,79.118,44.294,59.494,2.94,2.258
10113,BAÑOS DE MOLGAS,Ourense,42.233,-7.629,604.0,17,ssp126,medium_future,hr_fija,37.935,57.471,1.529,398.988,5.471,7.0,54.262,138.353,97.294,59.059,70.696,2.94,2.258
10113,BAÑOS DE MOLGAS,Ourense,42.233,-7.629,604.0,17,ssp126,far_future,rocio_fijo,37.971,57.765,1.294,396.838,5.471,7.0,50.948,120.765,79.176,44.529,59.37,2.976,2.239
10113,BAÑOS DE MOLGAS,Ourense,42.233,-7.629,604.0,17,ssp126,far_future,hr_fija,37.971,57.765,1.294,396.838,5.471,7.0,54.343,139.0,97.824,59.412,70.696,2.976,2.239
10113,BAÑOS DE MOLGAS,Ourense,42.233,-7.629,604.0,17,ssp245,near_future,rocio_fijo,37.213,48.882,0.824,337.773,5.471,7.0,50.19,113.941,73.235,39.294,62.047,2.218,1.691
10113,BAÑOS DE MOLGAS,Ourense,42.233,-7.629,604.0,17,ssp245,near_future,hr_fija,37.213,48.882,0.824,337.773,5.471,7.0,52.662,127.412,87.529,50.824,70.696,2.218,1.691
10113,BAÑOS DE MOLGAS,Ourense,42.233,-7.629,604.0,17,ssp245,medium_future,rocio_fijo,38.453,63.0,2.118,453.125,5.471,7.0,51.43,125.706,84.0,47.294,57.735,3.458,2.718
10113,BAÑOS DE MOLGAS,Ourense,42.233,-7.629,604.0,17,ssp245,medium_future,hr_fija,38.453,63.0,2.118,453.125,5.471,7.0,55.432,146.353,104.882,67.176,70.696,3.458,2.718
10113,BAÑOS DE MOLGAS,Ourense,42.233,-7.629,604.0,17,ssp245,far_future,rocio_fijo,39.574,76.588,3.765,539.728,5.471,7.0,52.551,135.765,93.235,53.118,54.127,4.579,3.392
10113,BAÑOS DE MOLGAS,Ourense,42.233,-7.629,604.0,17,ssp245,far_future,hr_fija,39.574,76.588,3.765,539.728,5.471,7.0,58.015,163.882,120.059,83.118,70.696,4.579,3.392
10113,BAÑOS DE MOLGAS,Ourense,42.233,-7.629,604.0,17,ssp370,near_future,rocio_fijo,37.285,49.647,0.824,333.628,5.471,7.0,50.262,114.529,73.765,39.882,61.787,2.29,1.65
10113,BAÑOS DE MOLGAS,Ourense,42.233,-7.629,604.0,17,ssp370,near_future,hr_fija,37.285,49.647,0.824,333.628,5.471,7.0,52.821,128.706,88.412,51.412,70.696,2.29,1.65
10113,BAÑOS DE MOLGAS,Ourense,42.233,-7.629,604.0,17,ssp370,medium_future,rocio_fijo,38.91,68.706,2.529,485.232,5.471,7.0,51.887,129.529,87.647,49.824,56.232,3.915,2.976
10113,BAÑOS DE MOLGAS,Ourense,42.233,-7.629,604.0,17,ssp370,medium_future,hr_fija,38.91,68.706,2.529,485.232,5.471,7.0,56.481,153.294,110.294,72.647,70.696,3.915,2.976
10113,BAÑOS DE MOLGAS,Ourense,42.233,-7.629,604.0,17,ssp370,far_future,rocio_fijo,40.999,96.118,8.529,682.432,5.471,7.0,53.976,149.059,103.941,63.588,49.901,6.004,4.382
10113,BAÑOS DE MOLGAS,Ourense,42.233,-7.629,604.0,17,ssp370,far_future,hr_fija,40.999,96.118,8.529,682.432,5.471,7.0,61.38,187.471,141.941,103.294,70.696,6.004,4.382
10113,BAÑOS DE MOLGAS,Ourense,42.233,-7.629,604.0,17,ssp585,near_future,rocio_fijo,37.484,51.412,1.059,362.733,5.471,7.0,50.461,116.235,75.294,41.0,61.075,2.489,1.93
10113,BAÑOS DE MOLGAS,Ourense,42.233,-7.629,604.0,17,ssp585,near_future,hr_fija,37.484,51.412,1.059,362.733,5.471,7.0,53.259,131.294,91.647,53.647,70.696,2.489,1.93
10113,BAÑOS DE MOLGAS,Ourense,42.233,-7.629,604.0,17,ssp585,medium_future,rocio_fijo,39.401,74.294,3.765,543.252,5.471,7.0,52.378,133.765,92.118,52.118,54.666,4.406,3.418
10113,BAÑOS DE MOLGAS,Ourense,42.233,-7.629,604.0,17,ssp585,medium_future,hr_fija,39.401,74.294,3.765,543.252,5.471,7.0,57.618,160.941,117.118,80.294,70.696,4.406,3.418
10113,BAÑOS DE MOLGAS,Ourense,42.233,-7.629,604.0,17,ssp585,far_future,rocio_fijo,42.537,115.647,22.765,900.719,5.471,7.0,55.514,164.353,116.706,75.588,45.753,7.542,5.706
10113,BAÑOS DE MOLGAS,Ourense,42.233,-7.629,604.0,17,ssp585,far_future,hr_fija,42.537,115.647,22.765,900.719,5.471,7.0,65.154,212.647,165.765,125.412,70.696,7.542,5.706
19042,CALVOS DE RANDÍN,Ourense,41.962,-7.895,890.0,17,-,hoy,medido,33.245,15.882,0.0,63.306,6.235,12.0,44.762,77.647,41.765,15.0,76.366,,
19042,CALVOS DE RANDÍN,Ourense,41.962,-7.895,890.0,17,ssp126,near_future,rocio_fijo,35.193,28.647,0.0,123.959,6.235,12.0,46.71,94.059,55.412,25.118,67.968,1.948,1.524
19042,CALVOS DE RANDÍN,Ourense,41.962,-7.895,890.0,17,ssp126,near_future,hr_fija,35.193,28.647,0.0,123.959,6.235,12.0,48.663,105.647,67.118,33.647,76.366,1.948,1.524
19042,CALVOS DE RANDÍN,Ourense,41.962,-7.895,890.0,17,ssp126,medium_future,rocio_fijo,35.976,36.059,0.0,164.489,6.235,12.0,47.493,100.294,61.235,28.882,64.89,2.731,2.243
19042,CALVOS DE RANDÍN,Ourense,41.962,-7.895,890.0,17,ssp126,medium_future,hr_fija,35.976,36.059,0.0,164.489,6.235,12.0,50.298,116.765,76.765,42.765,76.366,2.731,2.243
19042,CALVOS DE RANDÍN,Ourense,41.962,-7.895,890.0,17,ssp126,far_future,rocio_fijo,36.041,36.529,0.0,163.683,6.235,12.0,47.558,100.765,61.765,29.353,64.641,2.796,2.23
19042,CALVOS DE RANDÍN,Ourense,41.962,-7.895,890.0,17,ssp126,far_future,hr_fija,36.041,36.529,0.0,163.683,6.235,12.0,50.438,118.176,77.882,43.294,76.366,2.796,2.23
19042,CALVOS DE RANDÍN,Ourense,41.962,-7.895,890.0,17,ssp245,near_future,rocio_fijo,35.237,29.118,0.0,132.282,6.235,12.0,46.754,94.353,55.706,25.176,67.791,1.992,1.685
19042,CALVOS DE RANDÍN,Ourense,41.962,-7.895,890.0,17,ssp245,near_future,hr_fija,35.237,29.118,0.0,132.282,6.235,12.0,48.753,106.235,67.706,34.706,76.366,1.992,1.685
19042,CALVOS DE RANDÍN,Ourense,41.962,-7.895,890.0,17,ssp245,medium_future,rocio_fijo,36.489,41.529,0.0,194.793,6.235,12.0,48.006,104.882,64.765,31.588,62.958,3.244,2.697
19042,CALVOS DE RANDÍN,Ourense,41.962,-7.895,890.0,17,ssp245,medium_future,hr_fija,36.489,41.529,0.0,194.793,6.235,12.0,51.417,123.765,84.176,49.706,76.366,3.244,2.697
19042,CALVOS DE RANDÍN,Ourense,41.962,-7.895,890.0,17,ssp245,far_future,rocio_fijo,37.566,52.941,0.0,247.5,6.235,12.0,49.083,114.529,72.118,38.176,59.11,4.321,3.374
19042,CALVOS DE RANDÍN,Ourense,41.962,-7.895,890.0,17,ssp245,far_future,hr_fija,37.566,52.941,0.0,247.5,6.235,12.0,53.757,138.882,99.647,63.412,76.366,4.321,3.374
19042,CALVOS DE RANDÍN,Ourense,41.962,-7.895,890.0,17,ssp370,near_future,rocio_fijo,35.284,29.471,0.0,130.909,6.235,12.0,46.801,94.647,56.176,25.353,67.602,2.039,1.659
19042,CALVOS DE RANDÍN,Ourense,41.962,-7.895,890.0,17,ssp370,near_future,hr_fija,35.284,29.471,0.0,130.909,6.235,12.0,48.85,106.353,68.176,35.353,76.366,2.039,1.659
19042,CALVOS DE RANDÍN,Ourense,41.962,-7.895,890.0,17,ssp370,medium_future,rocio_fijo,36.893,45.118,0.0,215.095,6.235,12.0,48.41,107.529,68.118,33.588,61.483,3.648,2.972
19042,CALVOS DE RANDÍN,Ourense,41.962,-7.895,890.0,17,ssp370,medium_future,hr_fija,36.893,45.118,0.0,215.095,6.235,12.0,52.294,128.941,90.529,54.353,76.366,3.648,2.972
19042,CALVOS DE RANDÍN,Ourense,41.962,-7.895,890.0,17,ssp370,far_future,rocio_fijo,38.945,66.765,0.412,340.029,6.235,12.0,50.462,125.118,83.0,46.588,54.565,5.7,4.363
19042,CALVOS DE RANDÍN,Ourense,41.962,-7.895,890.0,17,ssp370,far_future,hr_fija,38.945,66.765,0.412,340.029,6.235,12.0,56.867,161.176,119.882,82.0,76.366,5.7,4.363
19042,CALVOS DE RANDÍN,Ourense,41.962,-7.895,890.0,17,ssp585,near_future,rocio_fijo,35.392,30.176,0.0,146.414,6.235,12.0,46.909,95.529,56.765,25.941,67.17,2.147,1.941
19042,CALVOS DE RANDÍN,Ourense,41.962,-7.895,890.0,17,ssp585,near_future,hr_fija,35.392,30.176,0.0,146.414,6.235,12.0,49.073,107.824,69.118,36.471,76.366,2.147,1.941
19042,CALVOS DE RANDÍN,Ourense,41.962,-7.895,890.0,17,ssp585,medium_future,rocio_fijo,37.337,49.824,0.0,250.784,6.235,12.0,48.854,112.471,70.706,36.882,59.906,4.092,3.413
19042,CALVOS DE RANDÍN,Ourense,41.962,-7.895,890.0,17,ssp585,medium_future,hr_fija,37.337,49.824,0.0,250.784,6.235,12.0,53.254,135.412,96.471,60.0,76.366,4.092,3.413
19042,CALVOS DE RANDÍN,Ourense,41.962,-7.895,890.0,17,ssp585,far_future,rocio_fijo,40.326,84.353,1.118,492.181,6.235,12.0,51.843,137.824,94.882,56.353,50.404,7.081,5.667
19042,CALVOS DE RANDÍN,Ourense,41.962,-7.895,890.0,17,ssp585,far_future,hr_fija,40.326,84.353,1.118,492.181,6.235,12.0,60.215,185.176,139.059,102.529,76.366,7.081,5.667
10130,CARBALLEDA DE VALDEORRAS,Ourense,42.375,-6.783,1620.0,17,-,hoy,medido,28.065,0.706,0.706,59.354,7.529,9.0,31.846,10.412,0.118,0.0,67.667,,
10130,CARBALLEDA DE VALDEORRAS,Ourense,42.375,-6.783,1620.0,17,ssp126,near_future,rocio_fijo,30.337,4.529,2.882,121.651,7.529,9.0,34.118,21.588,1.824,0.0,58.782,2.272,1.705
10130,CARBALLEDA DE VALDEORRAS,Ourense,42.375,-6.783,1620.0,17,ssp126,near_future,hr_fija,30.337,4.529,2.882,121.651,7.529,9.0,35.64,31.941,5.059,0.0,67.667,2.272,1.705
10130,CARBALLEDA DE VALDEORRAS,Ourense,42.375,-6.783,1620.0,17,ssp126,medium_future,rocio_fijo,31.076,6.588,4.176,160.982,7.529,9.0,34.857,27.235,3.235,0.0,56.181,3.011,2.485
10130,CARBALLEDA DE VALDEORRAS,Ourense,42.375,-6.783,1620.0,17,ssp126,medium_future,hr_fija,31.076,6.588,4.176,160.982,7.529,9.0,36.939,41.118,9.647,0.118,67.667,3.011,2.485
10130,CARBALLEDA DE VALDEORRAS,Ourense,42.375,-6.783,1620.0,17,ssp126,far_future,rocio_fijo,31.101,6.647,4.059,159.79,7.529,9.0,34.882,27.294,3.294,0.0,56.096,3.036,2.463
10130,CARBALLEDA DE VALDEORRAS,Ourense,42.375,-6.783,1620.0,17,ssp126,far_future,hr_fija,31.101,6.647,4.059,159.79,7.529,9.0,36.987,41.529,9.647,0.118,67.667,3.036,2.463
10130,CARBALLEDA DE VALDEORRAS,Ourense,42.375,-6.783,1620.0,17,ssp245,near_future,rocio_fijo,30.449,4.706,3.059,129.325,7.529,9.0,34.23,22.294,2.118,0.0,58.379,2.384,1.868
10130,CARBALLEDA DE VALDEORRAS,Ourense,42.375,-6.783,1620.0,17,ssp245,near_future,hr_fija,30.449,4.706,3.059,129.325,7.529,9.0,35.845,33.471,5.529,0.0,67.667,2.384,1.868
10130,CARBALLEDA DE VALDEORRAS,Ourense,42.375,-6.783,1620.0,17,ssp245,medium_future,rocio_fijo,31.706,9.0,5.471,189.614,7.529,9.0,35.487,32.294,4.765,0.0,54.066,3.641,2.986
10130,CARBALLEDA DE VALDEORRAS,Ourense,42.375,-6.783,1620.0,17,ssp245,medium_future,hr_fija,31.706,9.0,5.471,189.614,7.529,9.0,38.076,49.588,14.059,1.0,67.667,3.641,2.986
10130,CARBALLEDA DE VALDEORRAS,Ourense,42.375,-6.783,1620.0,17,ssp245,far_future,rocio_fijo,32.697,14.235,8.471,237.034,7.529,9.0,36.478,39.882,9.0,0.0,50.917,4.632,3.72
10130,CARBALLEDA DE VALDEORRAS,Ourense,42.375,-6.783,1620.0,17,ssp245,far_future,hr_fija,32.697,14.235,8.471,237.034,7.529,9.0,39.883,64.412,23.824,3.235,67.667,4.632,3.72
10130,CARBALLEDA DE VALDEORRAS,Ourense,42.375,-6.783,1620.0,17,ssp370,near_future,rocio_fijo,30.539,5.059,3.059,127.075,7.529,9.0,34.32,23.235,2.176,0.0,58.058,2.474,1.821
10130,CARBALLEDA DE VALDEORRAS,Ourense,42.375,-6.783,1620.0,17,ssp370,near_future,hr_fija,30.539,5.059,3.059,127.075,7.529,9.0,36.01,34.412,6.118,0.0,67.667,2.474,1.821
10130,CARBALLEDA DE VALDEORRAS,Ourense,42.375,-6.783,1620.0,17,ssp370,medium_future,rocio_fijo,32.273,11.471,6.941,207.071,7.529,9.0,36.054,36.706,6.882,0.0,52.238,4.208,3.27
10130,CARBALLEDA DE VALDEORRAS,Ourense,42.375,-6.783,1620.0,17,ssp370,medium_future,hr_fija,32.273,11.471,6.941,207.071,7.529,9.0,39.063,57.941,19.0,1.882,67.667,4.208,3.27
10130,CARBALLEDA DE VALDEORRAS,Ourense,42.375,-6.783,1620.0,17,ssp370,far_future,rocio_fijo,34.2,24.588,13.824,321.921,7.529,9.0,37.981,53.529,14.882,1.059,46.528,6.135,4.827
10130,CARBALLEDA DE VALDEORRAS,Ourense,42.375,-6.783,1620.0,17,ssp370,far_future,hr_fija,34.2,24.588,13.824,321.921,7.529,9.0,42.659,86.765,42.941,11.471,67.667,6.135,4.827
10130,CARBALLEDA DE VALDEORRAS,Ourense,42.375,-6.783,1620.0,17,ssp585,near_future,rocio_fijo,30.783,5.765,3.529,141.732,7.529,9.0,34.564,25.118,2.588,0.0,57.197,2.718,2.119
10130,CARBALLEDA DE VALDEORRAS,Ourense,42.375,-6.783,1620.0,17,ssp585,near_future,hr_fija,30.783,5.765,3.529,141.732,7.529,9.0,36.429,37.294,7.824,0.059,67.667,2.718,2.119
10130,CARBALLEDA DE VALDEORRAS,Ourense,42.375,-6.783,1620.0,17,ssp585,medium_future,rocio_fijo,32.806,14.765,8.529,239.327,7.529,9.0,36.587,40.882,9.647,0.059,50.584,4.741,3.753
10130,CARBALLEDA DE VALDEORRAS,Ourense,42.375,-6.783,1620.0,17,ssp585,medium_future,hr_fija,32.806,14.765,8.529,239.327,7.529,9.0,40.079,65.353,25.412,3.706,67.667,4.741,3.753
10130,CARBALLEDA DE VALDEORRAS,Ourense,42.375,-6.783,1620.0,17,ssp585,far_future,rocio_fijo,35.802,40.0,23.941,452.794,7.529,9.0,39.583,67.882,25.176,2.588,42.313,7.737,6.215
10130,CARBALLEDA DE VALDEORRAS,Ourense,42.375,-6.783,1620.0,17,ssp585,far_future,hr_fija,35.802,40.0,23.941,452.794,7.529,9.0,45.74,110.353,66.765,27.353,67.667,7.737,6.215
10204,CARBALLEDA DE VALDEORRAS,Ourense,42.341,-6.765,1280.0,15,-,hoy,medido,30.487,5.0,3.467,144.157,7.733,11.0,34.843,24.2,2.8,0.0,60.026,,
10204,CARBALLEDA DE VALDEORRAS,Ourense,42.341,-6.765,1280.0,15,ssp126,near_future,rocio_fijo,32.653,13.0,7.667,242.75,7.733,11.0,37.009,38.133,9.067,0.133,52.624,2.166,1.649
10204,CARBALLEDA DE VALDEORRAS,Ourense,42.341,-6.765,1280.0,15,ssp126,near_future,hr_fija,32.653,13.0,7.667,242.75,7.733,11.0,38.494,47.6,15.733,1.2,60.026,2.166,1.649
10204,CARBALLEDA DE VALDEORRAS,Ourense,42.341,-6.765,1280.0,15,ssp126,medium_future,rocio_fijo,33.383,18.133,9.933,300.803,7.733,11.0,37.739,43.667,12.533,0.6,50.365,2.896,2.42
10204,CARBALLEDA DE VALDEORRAS,Ourense,42.341,-6.765,1280.0,15,ssp126,medium_future,hr_fija,33.383,18.133,9.933,300.803,7.733,11.0,39.789,57.267,22.4,2.867,60.026,2.896,2.42
10204,CARBALLEDA DE VALDEORRAS,Ourense,42.341,-6.765,1280.0,15,ssp126,far_future,rocio_fijo,33.424,18.333,9.933,299.427,7.733,11.0,37.78,44.067,12.867,0.6,50.241,2.937,2.403
10204,CARBALLEDA DE VALDEORRAS,Ourense,42.341,-6.765,1280.0,15,ssp126,far_future,hr_fija,33.424,18.333,9.933,299.427,7.733,11.0,39.866,57.533,22.733,3.0,60.026,2.937,2.403
10204,CARBALLEDA DE VALDEORRAS,Ourense,42.341,-6.765,1280.0,15,ssp245,near_future,rocio_fijo,32.651,13.0,7.867,252.354,7.733,11.0,37.007,38.067,9.067,0.133,52.63,2.164,1.785
10204,CARBALLEDA DE VALDEORRAS,Ourense,42.341,-6.765,1280.0,15,ssp245,near_future,hr_fija,32.651,13.0,7.867,252.354,7.733,11.0,38.491,47.6,15.733,1.2,60.026,2.164,1.785
10204,CARBALLEDA DE VALDEORRAS,Ourense,42.341,-6.765,1280.0,15,ssp245,medium_future,rocio_fijo,33.987,22.133,12.467,342.063,7.733,11.0,38.343,48.267,15.667,1.2,48.578,3.5,2.905
10204,CARBALLEDA DE VALDEORRAS,Ourense,42.341,-6.765,1280.0,15,ssp245,medium_future,hr_fija,33.987,22.133,12.467,342.063,7.733,11.0,40.924,63.733,27.467,5.0,60.026,3.5,2.905
10204,CARBALLEDA DE VALDEORRAS,Ourense,42.341,-6.765,1280.0,15,ssp245,far_future,rocio_fijo,34.942,30.0,16.8,411.965,7.733,11.0,39.298,56.8,21.333,2.067,45.897,4.455,3.645
10204,CARBALLEDA DE VALDEORRAS,Ourense,42.341,-6.765,1280.0,15,ssp245,far_future,hr_fija,34.942,30.0,16.8,411.965,7.733,11.0,42.55,76.067,37.667,10.0,60.026,4.455,3.645
10204,CARBALLEDA DE VALDEORRAS,Ourense,42.341,-6.765,1280.0,15,ssp370,near_future,rocio_fijo,32.737,13.533,7.733,249.432,7.733,11.0,37.093,38.867,9.533,0.133,52.358,2.25,1.744
10204,CARBALLEDA DE VALDEORRAS,Ourense,42.341,-6.765,1280.0,15,ssp370,near_future,hr_fija,32.737,13.533,7.733,249.432,7.733,11.0,38.641,48.467,16.467,1.4,60.026,2.25,1.744
10204,CARBALLEDA DE VALDEORRAS,Ourense,42.341,-6.765,1280.0,15,ssp370,medium_future,rocio_fijo,34.505,26.067,14.333,368.001,7.733,11.0,38.861,52.533,19.2,1.6,47.103,4.018,3.19
10204,CARBALLEDA DE VALDEORRAS,Ourense,42.341,-6.765,1280.0,15,ssp370,medium_future,hr_fija,34.505,26.067,14.333,368.001,7.733,11.0,41.817,69.6,32.667,7.733,60.026,4.018,3.19
10204,CARBALLEDA DE VALDEORRAS,Ourense,42.341,-6.765,1280.0,15,ssp370,far_future,rocio_fijo,36.43,44.533,25.0,531.143,7.733,11.0,40.786,68.133,29.133,5.2,42.045,5.943,4.743
10204,CARBALLEDA DE VALDEORRAS,Ourense,42.341,-6.765,1280.0,15,ssp370,far_future,hr_fija,36.43,44.533,25.0,531.143,7.733,11.0,45.281,97.267,57.333,23.067,60.026,5.943,4.743
10204,CARBALLEDA DE VALDEORRAS,Ourense,42.341,-6.765,1280.0,15,ssp585,near_future,rocio_fijo,32.942,14.133,8.533,270.45,7.733,11.0,37.298,40.133,10.2,0.267,51.716,2.455,2.032
10204,CARBALLEDA DE VALDEORRAS,Ourense,42.341,-6.765,1280.0,15,ssp585,near_future,hr_fija,32.942,14.133,8.533,270.45,7.733,11.0,39.001,51.4,18.667,1.867,60.026,2.455,2.032
10204,CARBALLEDA DE VALDEORRAS,Ourense,42.341,-6.765,1280.0,15,ssp585,medium_future,rocio_fijo,34.976,30.067,16.867,413.863,7.733,11.0,39.332,57.133,21.533,2.267,45.805,4.489,3.664
10204,CARBALLEDA DE VALDEORRAS,Ourense,42.341,-6.765,1280.0,15,ssp585,medium_future,hr_fija,34.976,30.067,16.867,413.863,7.733,11.0,42.61,76.6,38.133,10.267,60.026,4.489,3.664
10204,CARBALLEDA DE VALDEORRAS,Ourense,42.341,-6.765,1280.0,15,ssp585,far_future,rocio_fijo,37.973,59.933,40.467,705.139,7.733,11.0,42.329,81.067,40.333,10.333,38.432,7.486,6.09
10204,CARBALLEDA DE VALDEORRAS,Ourense,42.341,-6.765,1280.0,15,ssp585,far_future,hr_fija,37.973,59.933,40.467,705.139,7.733,11.0,48.254,117.533,76.933,39.533,60.026,7.486,6.09
19032,CASTRELO DE MIÑO,Ourense,42.312,-8.067,122.0,17,-,hoy,medido,38.295,58.588,0.882,366.354,5.059,7.0,56.134,129.353,92.235,58.882,68.407,,
19032,CASTRELO DE MIÑO,Ourense,42.312,-8.067,122.0,17,ssp126,near_future,rocio_fijo,40.352,83.176,4.647,562.524,5.059,7.0,58.191,143.529,106.588,71.824,60.801,2.057,1.627
19032,CASTRELO DE MIÑO,Ourense,42.312,-8.067,122.0,17,ssp126,near_future,hr_fija,40.352,83.176,4.647,562.524,5.059,7.0,60.847,155.059,118.824,85.0,68.407,2.057,1.627
19032,CASTRELO DE MIÑO,Ourense,42.312,-8.067,122.0,17,ssp126,medium_future,rocio_fijo,41.185,93.412,8.588,667.399,5.059,7.0,59.024,150.353,112.529,77.235,57.997,2.89,2.371
19032,CASTRELO DE MIÑO,Ourense,42.312,-8.067,122.0,17,ssp126,medium_future,hr_fija,41.185,93.412,8.588,667.399,5.059,7.0,62.859,165.471,130.412,95.647,68.407,2.89,2.371
19032,CASTRELO DE MIÑO,Ourense,42.312,-8.067,122.0,17,ssp126,far_future,rocio_fijo,41.223,93.588,8.353,663.289,5.059,7.0,59.062,150.529,112.765,77.471,57.873,2.928,2.343
19032,CASTRELO DE MIÑO,Ourense,42.312,-8.067,122.0,17,ssp126,far_future,hr_fija,41.223,93.588,8.353,663.289,5.059,7.0,62.951,165.765,130.824,96.059,68.407,2.928,2.343
19032,CASTRELO DE MIÑO,Ourense,42.312,-8.067,122.0,17,ssp245,near_future,rocio_fijo,40.431,84.118,5.765,590.991,5.059,7.0,58.27,144.176,107.176,72.294,60.529,2.136,1.835
19032,CASTRELO DE MIÑO,Ourense,42.312,-8.067,122.0,17,ssp245,near_future,hr_fija,40.431,84.118,5.765,590.991,5.059,7.0,61.038,155.941,119.647,86.059,68.407,2.136,1.835
19032,CASTRELO DE MIÑO,Ourense,42.312,-8.067,122.0,17,ssp245,medium_future,rocio_fijo,41.723,99.529,11.941,741.457,5.059,7.0,59.562,153.941,117.176,81.882,56.263,3.428,2.861
19032,CASTRELO DE MIÑO,Ourense,42.312,-8.067,122.0,17,ssp245,medium_future,hr_fija,41.723,99.529,11.941,741.457,5.059,7.0,64.17,173.824,137.0,102.353,68.407,3.428,2.861
19032,CASTRELO DE MIÑO,Ourense,42.312,-8.067,122.0,17,ssp245,far_future,rocio_fijo,42.757,112.706,18.412,850.481,5.059,7.0,60.596,162.0,125.824,89.0,53.093,4.462,3.537
19032,CASTRELO DE MIÑO,Ourense,42.312,-8.067,122.0,17,ssp245,far_future,hr_fija,42.757,112.706,18.412,850.481,5.059,7.0,66.787,188.471,150.0,115.941,68.407,4.462,3.537
19032,CASTRELO DE MIÑO,Ourense,42.312,-8.067,122.0,17,ssp370,near_future,rocio_fijo,40.431,84.118,5.176,584.351,5.059,7.0,58.27,144.176,107.176,72.294,60.529,2.136,1.787
19032,CASTRELO DE MIÑO,Ourense,42.312,-8.067,122.0,17,ssp370,near_future,hr_fija,40.431,84.118,5.176,584.351,5.059,7.0,61.038,155.941,119.647,86.059,68.407,2.136,1.787
19032,CASTRELO DE MIÑO,Ourense,42.312,-8.067,122.0,17,ssp370,medium_future,rocio_fijo,42.091,104.471,13.941,783.252,5.059,7.0,59.93,157.059,119.706,84.235,55.111,3.796,3.126
19032,CASTRELO DE MIÑO,Ourense,42.312,-8.067,122.0,17,ssp370,medium_future,hr_fija,42.091,104.471,13.941,783.252,5.059,7.0,65.084,179.059,141.765,106.647,68.407,3.796,3.126
19032,CASTRELO DE MIÑO,Ourense,42.312,-8.067,122.0,17,ssp370,far_future,rocio_fijo,44.216,131.941,33.294,1037.41,5.059,7.0,62.055,174.588,135.882,99.353,48.958,5.921,4.595
19032,CASTRELO DE MIÑO,Ourense,42.312,-8.067,122.0,17,ssp370,far_future,hr_fija,44.216,131.941,33.294,1037.41,5.059,7.0,70.659,211.353,170.176,135.529,68.407,5.921,4.595
19032,CASTRELO DE MIÑO,Ourense,42.312,-8.067,122.0,17,ssp585,near_future,rocio_fijo,40.619,86.647,6.882,623.522,5.059,7.0,58.458,145.824,108.294,73.765,59.886,2.324,2.067
19032,CASTRELO DE MIÑO,Ourense,42.312,-8.067,122.0,17,ssp585,near_future,hr_fija,40.619,86.647,6.882,623.522,5.059,7.0,61.496,158.588,123.529,88.588,68.407,2.324,2.067
19032,CASTRELO DE MIÑO,Ourense,42.312,-8.067,122.0,17,ssp585,medium_future,rocio_fijo,42.629,111.294,19.059,859.858,5.059,7.0,60.468,161.0,124.882,87.882,53.475,4.334,3.593
19032,CASTRELO DE MIÑO,Ourense,42.312,-8.067,122.0,17,ssp585,medium_future,hr_fija,42.629,111.294,19.059,859.858,5.059,7.0,66.463,186.353,148.235,114.118,68.407,4.334,3.593
19032,CASTRELO DE MIÑO,Ourense,42.312,-8.067,122.0,17,ssp585,far_future,rocio_fijo,45.802,151.353,55.941,1313.479,5.059,7.0,63.641,187.882,147.118,110.118,44.871,7.507,5.965
19032,CASTRELO DE MIÑO,Ourense,42.312,-8.067,122.0,17,ssp585,far_future,hr_fija,45.802,151.353,55.941,1313.479,5.059,7.0,74.967,239.353,193.176,156.235,68.407,7.507,5.965
19033,CASTRO CALDELAS,Ourense,42.388,-7.432,469.0,17,-,hoy,medido,35.9,38.706,0.706,265.429,6.353,8.0,50.715,109.0,69.882,36.176,68.326,,
19033,CASTRO CALDELAS,Ourense,42.388,-7.432,469.0,17,ssp126,near_future,rocio_fijo,37.977,60.765,2.706,426.677,6.353,8.0,52.792,126.588,86.294,48.529,60.53,2.077,1.534
19033,CASTRO CALDELAS,Ourense,42.388,-7.432,469.0,17,ssp126,near_future,hr_fija,37.977,60.765,2.706,426.677,6.353,8.0,55.145,139.059,97.588,61.176,68.326,2.077,1.534
19033,CASTRO CALDELAS,Ourense,42.388,-7.432,469.0,17,ssp126,medium_future,rocio_fijo,38.759,71.059,5.353,519.531,6.353,8.0,53.574,133.824,92.235,53.353,57.859,2.859,2.262
19033,CASTRO CALDELAS,Ourense,42.388,-7.432,469.0,17,ssp126,medium_future,hr_fija,38.759,71.059,5.353,519.531,6.353,8.0,56.956,150.765,108.176,71.882,68.326,2.859,2.262
19033,CASTRO CALDELAS,Ourense,42.388,-7.432,469.0,17,ssp126,far_future,rocio_fijo,38.804,71.941,5.235,516.852,6.353,8.0,53.619,134.294,92.412,54.0,57.71,2.904,2.242
19033,CASTRO CALDELAS,Ourense,42.388,-7.432,469.0,17,ssp126,far_future,hr_fija,38.804,71.941,5.235,516.852,6.353,8.0,57.063,151.353,109.118,72.941,68.326,2.904,2.242
19033,CASTRO CALDELAS,Ourense,42.388,-7.432,469.0,17,ssp245,near_future,rocio_fijo,38.057,61.412,3.353,445.812,6.353,8.0,52.872,127.706,87.118,48.882,60.251,2.157,1.691
19033,CASTRO CALDELAS,Ourense,42.388,-7.432,469.0,17,ssp245,near_future,hr_fija,38.057,61.412,3.353,445.812,6.353,8.0,55.32,140.294,99.0,61.882,68.326,2.157,1.691
19033,CASTRO CALDELAS,Ourense,42.388,-7.432,469.0,17,ssp245,medium_future,rocio_fijo,39.279,78.706,7.471,583.658,6.353,8.0,54.094,138.412,96.176,57.118,56.157,3.379,2.727
19033,CASTRO CALDELAS,Ourense,42.388,-7.432,469.0,17,ssp245,medium_future,hr_fija,39.279,78.706,7.471,583.658,6.353,8.0,58.2,159.118,115.235,79.059,68.326,3.379,2.727
19033,CASTRO CALDELAS,Ourense,42.388,-7.432,469.0,17,ssp245,far_future,rocio_fijo,40.382,92.824,12.529,683.524,6.353,8.0,55.197,147.941,104.118,65.235,52.73,4.482,3.399
19033,CASTRO CALDELAS,Ourense,42.388,-7.432,469.0,17,ssp245,far_future,hr_fija,40.382,92.824,12.529,683.524,6.353,8.0,60.874,175.176,132.765,94.0,68.326,4.482,3.399
19033,CASTRO CALDELAS,Ourense,42.388,-7.432,469.0,17,ssp370,near_future,rocio_fijo,38.139,62.824,3.118,440.641,6.353,8.0,52.954,128.353,87.706,49.412,59.966,2.239,1.649
19033,CASTRO CALDELAS,Ourense,42.388,-7.432,469.0,17,ssp370,near_future,hr_fija,38.139,62.824,3.118,440.641,6.353,8.0,55.502,141.353,100.059,62.765,68.326,2.239,1.649
19033,CASTRO CALDELAS,Ourense,42.388,-7.432,469.0,17,ssp370,medium_future,rocio_fijo,39.737,84.412,9.235,619.769,6.353,8.0,54.552,142.765,99.529,60.882,54.704,3.837,2.977
19033,CASTRO CALDELAS,Ourense,42.388,-7.432,469.0,17,ssp370,medium_future,hr_fija,39.737,84.412,9.235,619.769,6.353,8.0,59.318,165.941,122.118,86.471,68.326,3.837,2.977
19033,CASTRO CALDELAS,Ourense,42.388,-7.432,469.0,17,ssp370,far_future,rocio_fijo,41.766,110.588,25.0,846.727,6.353,8.0,56.581,161.941,114.941,76.941,48.758,5.866,4.394
19033,CASTRO CALDELAS,Ourense,42.388,-7.432,469.0,17,ssp370,far_future,hr_fija,41.766,110.588,25.0,846.727,6.353,8.0,64.397,197.059,153.588,112.412,68.326,5.866,4.394
19033,CASTRO CALDELAS,Ourense,42.388,-7.432,469.0,17,ssp585,near_future,rocio_fijo,38.333,65.0,4.294,475.581,6.353,8.0,53.148,129.471,88.824,50.765,59.298,2.433,1.927
19033,CASTRO CALDELAS,Ourense,42.388,-7.432,469.0,17,ssp585,near_future,hr_fija,38.333,65.0,4.294,475.581,6.353,8.0,55.954,144.765,101.941,65.471,68.326,2.433,1.927
19033,CASTRO CALDELAS,Ourense,42.388,-7.432,469.0,17,ssp585,medium_future,rocio_fijo,40.215,91.235,12.824,687.409,6.353,8.0,55.03,147.059,103.176,64.176,53.233,4.315,3.424
19033,CASTRO CALDELAS,Ourense,42.388,-7.432,469.0,17,ssp585,medium_future,hr_fija,40.215,91.235,12.824,687.409,6.353,8.0,60.471,173.118,130.588,92.118,68.326,4.315,3.424
19033,CASTRO CALDELAS,Ourense,42.388,-7.432,469.0,17,ssp585,far_future,rocio_fijo,43.256,128.353,48.412,1089.949,6.353,8.0,58.071,175.588,129.059,88.235,44.856,7.356,5.706
19033,CASTRO CALDELAS,Ourense,42.388,-7.432,469.0,17,ssp585,far_future,hr_fija,43.256,128.353,48.412,1089.949,6.353,8.0,68.34,218.294,176.059,136.0,68.326,7.356,5.706
10112,CELANOVA,Ourense,42.174,-7.968,623.0,17,-,hoy,medido,35.375,31.176,2.294,235.934,5.529,6.0,49.668,106.0,67.0,35.118,74.494,,
10112,CELANOVA,Ourense,42.174,-7.968,623.0,17,ssp126,near_future,rocio_fijo,37.38,51.412,4.941,374.87,5.529,6.0,51.673,122.0,82.235,45.765,66.232,2.005,1.516
10112,CELANOVA,Ourense,42.174,-7.968,623.0,17,ssp126,near_future,hr_fija,37.38,51.412,4.941,374.87,5.529,6.0,54.154,134.353,94.059,58.118,74.494,2.005,1.516
10112,CELANOVA,Ourense,42.174,-7.968,623.0,17,ssp126,medium_future,rocio_fijo,38.215,60.765,6.529,456.307,5.529,6.0,52.508,128.941,88.235,51.176,63.1,2.84,2.242
10112,CELANOVA,Ourense,42.174,-7.968,623.0,17,ssp126,medium_future,hr_fija,38.215,60.765,6.529,456.307,5.529,6.0,55.991,145.882,106.118,69.529,74.494,2.84,2.242
10112,CELANOVA,Ourense,42.174,-7.968,623.0,17,ssp126,far_future,rocio_fijo,38.262,61.059,6.529,453.926,5.529,6.0,52.555,129.471,88.882,51.294,62.929,2.887,2.222
10112,CELANOVA,Ourense,42.174,-7.968,623.0,17,ssp126,far_future,hr_fija,38.262,61.059,6.529,453.926,5.529,6.0,56.105,146.647,106.824,70.176,74.494,2.887,2.222
10112,CELANOVA,Ourense,42.174,-7.968,623.0,17,ssp245,near_future,rocio_fijo,37.463,52.529,5.294,393.797,5.529,6.0,51.756,122.235,82.941,46.294,65.913,2.088,1.693
10112,CELANOVA,Ourense,42.174,-7.968,623.0,17,ssp245,near_future,hr_fija,37.463,52.529,5.294,393.797,5.529,6.0,54.333,135.765,95.353,59.176,74.494,2.088,1.693
10112,CELANOVA,Ourense,42.174,-7.968,623.0,17,ssp245,medium_future,rocio_fijo,38.715,66.353,8.176,512.545,5.529,6.0,53.008,133.882,92.0,54.588,61.305,3.34,2.698
10112,CELANOVA,Ourense,42.174,-7.968,623.0,17,ssp245,medium_future,hr_fija,38.715,66.353,8.176,512.545,5.529,6.0,57.208,153.118,114.235,76.176,74.494,3.34,2.698
10112,CELANOVA,Ourense,42.174,-7.968,623.0,17,ssp245,far_future,rocio_fijo,39.781,80.0,12.0,601.815,5.529,6.0,54.074,143.176,100.059,62.765,57.666,4.406,3.364
10112,CELANOVA,Ourense,42.174,-7.968,623.0,17,ssp245,far_future,hr_fija,39.781,80.0,12.0,601.815,5.529,6.0,59.749,169.941,127.588,90.706,74.494,4.406,3.364
10112,CELANOVA,Ourense,42.174,-7.968,623.0,17,ssp370,near_future,rocio_fijo,37.512,53.118,5.176,389.251,5.529,6.0,51.805,122.353,83.118,46.588,65.725,2.137,1.651
10112,CELANOVA,Ourense,42.174,-7.968,623.0,17,ssp370,near_future,hr_fija,37.512,53.118,5.176,389.251,5.529,6.0,54.437,136.412,96.059,59.824,74.494,2.137,1.651
10112,CELANOVA,Ourense,42.174,-7.968,623.0,17,ssp370,medium_future,rocio_fijo,39.098,71.941,9.765,546.287,5.529,6.0,53.391,137.294,94.882,57.765,59.968,3.723,2.958
10112,CELANOVA,Ourense,42.174,-7.968,623.0,17,ssp370,medium_future,hr_fija,39.098,71.941,9.765,546.287,5.529,6.0,58.136,159.824,119.118,81.353,74.494,3.723,2.958
10112,CELANOVA,Ourense,42.174,-7.968,623.0,17,ssp370,far_future,rocio_fijo,41.217,98.412,20.824,748.458,5.529,6.0,55.51,155.647,113.765,72.941,53.144,5.842,4.35
10112,CELANOVA,Ourense,42.174,-7.968,623.0,17,ssp370,far_future,hr_fija,41.217,98.412,20.824,748.458,5.529,6.0,63.254,191.941,149.353,112.471,74.494,5.842,4.35
10112,CELANOVA,Ourense,42.174,-7.968,623.0,17,ssp585,near_future,rocio_fijo,37.694,55.353,5.647,419.89,5.529,6.0,51.987,123.941,84.353,47.176,65.034,2.319,1.928
10112,CELANOVA,Ourense,42.174,-7.968,623.0,17,ssp585,near_future,hr_fija,37.694,55.353,5.647,419.89,5.529,6.0,54.823,139.118,98.412,62.294,74.494,2.319,1.928
10112,CELANOVA,Ourense,42.174,-7.968,623.0,17,ssp585,medium_future,rocio_fijo,39.59,78.176,12.294,607.039,5.529,6.0,53.883,141.529,99.059,61.471,58.3,4.215,3.401
10112,CELANOVA,Ourense,42.174,-7.968,623.0,17,ssp585,medium_future,hr_fija,39.59,78.176,12.294,607.039,5.529,6.0,59.293,167.412,125.176,88.059,74.494,4.215,3.401
10112,CELANOVA,Ourense,42.174,-7.968,623.0,17,ssp585,far_future,rocio_fijo,42.716,116.353,42.118,972.75,5.529,6.0,57.009,170.0,124.176,84.647,48.846,7.341,5.673
10112,CELANOVA,Ourense,42.174,-7.968,623.0,17,ssp585,far_future,hr_fija,42.716,116.353,42.118,972.75,5.529,6.0,67.086,216.118,171.706,133.235,74.494,7.341,5.673
19031,COLES,Ourense,42.43,-7.836,403.0,17,-,hoy,medido,35.93,31.529,0.706,258.851,5.294,9.0,50.285,97.765,59.294,30.647,68.942,,
19031,COLES,Ourense,42.43,-7.836,403.0,17,ssp126,near_future,rocio_fijo,38.054,51.0,3.765,421.681,5.294,9.0,52.409,115.235,74.647,41.294,60.884,2.124,1.645
19031,COLES,Ourense,42.43,-7.836,403.0,17,ssp126,near_future,hr_fija,38.054,51.0,3.765,421.681,5.294,9.0,55.014,126.765,88.294,52.118,68.942,2.124,1.645
19031,COLES,Ourense,42.43,-7.836,403.0,17,ssp126,medium_future,rocio_fijo,38.957,61.294,6.706,516.037,5.294,9.0,53.312,122.059,81.941,46.588,57.785,3.027,2.415
19031,COLES,Ourense,42.43,-7.836,403.0,17,ssp126,medium_future,hr_fija,38.957,61.294,6.706,516.037,5.294,9.0,57.15,139.294,99.882,63.471,68.942,3.027,2.415
19031,COLES,Ourense,42.43,-7.836,403.0,17,ssp126,far_future,rocio_fijo,38.975,61.765,6.412,512.539,5.294,9.0,53.33,122.176,82.0,46.588,57.725,3.045,2.388
19031,COLES,Ourense,42.43,-7.836,403.0,17,ssp126,far_future,hr_fija,38.975,61.765,6.412,512.539,5.294,9.0,57.19,139.412,100.176,63.588,68.942,3.045,2.388
19031,COLES,Ourense,42.43,-7.836,403.0,17,ssp245,near_future,rocio_fijo,38.184,52.529,4.353,444.982,5.294,9.0,52.539,116.294,75.765,42.118,60.426,2.254,1.844
19031,COLES,Ourense,42.43,-7.836,403.0,17,ssp245,near_future,hr_fija,38.184,52.529,4.353,444.982,5.294,9.0,55.321,128.529,90.235,53.647,68.942,2.254,1.844
19031,COLES,Ourense,42.43,-7.836,403.0,17,ssp245,medium_future,rocio_fijo,39.481,67.529,10.294,582.577,5.294,9.0,53.836,126.882,86.941,49.647,56.068,3.551,2.914
19031,COLES,Ourense,42.43,-7.836,403.0,17,ssp245,medium_future,hr_fija,39.481,67.529,10.294,582.577,5.294,9.0,58.316,146.824,107.471,71.0,68.942,3.551,2.914
19031,COLES,Ourense,42.43,-7.836,403.0,17,ssp245,far_future,rocio_fijo,40.594,80.824,17.529,682.396,5.294,9.0,54.949,136.529,94.706,56.529,52.609,4.664,3.611
19031,COLES,Ourense,42.43,-7.836,403.0,17,ssp245,far_future,hr_fija,40.594,80.824,17.529,682.396,5.294,9.0,60.845,163.176,122.882,85.824,68.942,4.664,3.611
19031,COLES,Ourense,42.43,-7.836,403.0,17,ssp370,near_future,rocio_fijo,38.247,53.118,4.059,438.811,5.294,9.0,52.602,116.647,76.176,42.353,60.206,2.317,1.792
19031,COLES,Ourense,42.43,-7.836,403.0,17,ssp370,near_future,hr_fija,38.247,53.118,4.059,438.811,5.294,9.0,55.47,129.118,90.647,54.353,68.942,2.317,1.792
19031,COLES,Ourense,42.43,-7.836,403.0,17,ssp370,medium_future,rocio_fijo,39.884,72.235,12.118,618.795,5.294,9.0,54.239,130.118,89.824,52.059,54.787,3.954,3.174
19031,COLES,Ourense,42.43,-7.836,403.0,17,ssp370,medium_future,hr_fija,39.884,72.235,12.118,618.795,5.294,9.0,59.223,152.824,113.412,75.765,68.942,3.954,3.174
19031,COLES,Ourense,42.43,-7.836,403.0,17,ssp370,far_future,rocio_fijo,42.104,100.471,34.353,853.13,5.294,9.0,56.459,149.882,107.176,68.0,48.295,6.174,4.685
19031,COLES,Ourense,42.43,-7.836,403.0,17,ssp370,far_future,hr_fija,42.104,100.471,34.353,853.13,5.294,9.0,64.514,188.529,144.294,106.882,68.942,6.174,4.685
19031,COLES,Ourense,42.43,-7.836,403.0,17,ssp585,near_future,rocio_fijo,38.472,55.529,5.353,473.358,5.294,9.0,52.827,118.176,77.882,43.824,59.427,2.542,2.078
19031,COLES,Ourense,42.43,-7.836,403.0,17,ssp585,near_future,hr_fija,38.472,55.529,5.353,473.358,5.294,9.0,56.004,132.471,93.059,56.824,68.942,2.542,2.078
19031,COLES,Ourense,42.43,-7.836,403.0,17,ssp585,medium_future,rocio_fijo,40.427,78.529,18.294,688.829,5.294,9.0,54.782,134.941,93.412,55.176,53.112,4.497,3.654
19031,COLES,Ourense,42.43,-7.836,403.0,17,ssp585,medium_future,hr_fija,40.427,78.529,18.294,688.829,5.294,9.0,60.461,161.235,120.529,83.235,68.942,4.497,3.654
19031,COLES,Ourense,42.43,-7.836,403.0,17,ssp585,far_future,rocio_fijo,43.716,120.824,58.471,1108.604,5.294,9.0,58.071,164.706,119.353,79.706,44.125,7.786,6.091
19031,COLES,Ourense,42.43,-7.836,403.0,17,ssp585,far_future,hr_fija,43.716,120.824,58.471,1108.604,5.294,9.0,68.516,213.471,169.353,129.118,68.942,7.786,6.091
10111,ENTRIMO,Ourense,41.945,-8.106,763.0,17,-,hoy,medido,34.915,29.941,2.765,251.908,5.941,5.0,45.835,92.471,53.412,23.118,71.199,,
10111,ENTRIMO,Ourense,41.945,-8.106,763.0,17,ssp126,near_future,rocio_fijo,36.856,47.059,6.353,382.073,5.941,5.0,47.776,110.294,67.235,33.647,63.461,1.941,1.545
10111,ENTRIMO,Ourense,41.945,-8.106,763.0,17,ssp126,near_future,hr_fija,36.856,47.059,6.353,382.073,5.941,5.0,49.858,122.176,80.118,44.235,71.199,1.941,1.545
10111,ENTRIMO,Ourense,41.945,-8.106,763.0,17,ssp126,medium_future,rocio_fijo,37.672,54.412,9.294,457.308,5.941,5.0,48.592,117.706,74.471,38.412,60.495,2.757,2.27
10111,ENTRIMO,Ourense,41.945,-8.106,763.0,17,ssp126,medium_future,hr_fija,37.672,54.412,9.294,457.308,5.941,5.0,51.62,133.471,90.647,54.059,71.199,2.757,2.27
10111,ENTRIMO,Ourense,41.945,-8.106,763.0,17,ssp126,far_future,rocio_fijo,37.737,55.059,9.176,455.769,5.941,5.0,48.657,118.471,75.176,39.0,60.265,2.822,2.256
10111,ENTRIMO,Ourense,41.945,-8.106,763.0,17,ssp126,far_future,hr_fija,37.737,55.059,9.176,455.769,5.941,5.0,51.763,134.529,91.235,55.529,71.199,2.822,2.256
10111,ENTRIMO,Ourense,41.945,-8.106,763.0,17,ssp245,near_future,rocio_fijo,36.937,47.765,6.882,399.877,5.941,5.0,47.857,110.824,68.0,34.471,63.159,2.022,1.725
10111,ENTRIMO,Ourense,41.945,-8.106,763.0,17,ssp245,near_future,hr_fija,36.937,47.765,6.882,399.877,5.941,5.0,50.039,123.176,80.882,45.235,71.199,2.022,1.725
10111,ENTRIMO,Ourense,41.945,-8.106,763.0,17,ssp245,medium_future,rocio_fijo,38.18,60.235,11.412,509.511,5.941,5.0,49.1,121.941,79.059,41.647,58.727,3.265,2.729
10111,ENTRIMO,Ourense,41.945,-8.106,763.0,17,ssp245,medium_future,hr_fija,38.18,60.235,11.412,509.511,5.941,5.0,52.757,140.059,99.118,60.412,71.199,3.265,2.729
10111,ENTRIMO,Ourense,41.945,-8.106,763.0,17,ssp245,far_future,rocio_fijo,39.196,71.706,15.412,592.986,5.941,5.0,50.116,131.353,85.882,48.647,55.364,4.281,3.403
10111,ENTRIMO,Ourense,41.945,-8.106,763.0,17,ssp245,far_future,hr_fija,39.196,71.706,15.412,592.986,5.941,5.0,55.031,154.882,115.235,74.118,71.199,4.281,3.403
10111,ENTRIMO,Ourense,41.945,-8.106,763.0,17,ssp370,near_future,rocio_fijo,36.968,48.0,6.824,396.971,5.941,5.0,47.888,111.0,68.0,34.706,63.044,2.053,1.696
10111,ENTRIMO,Ourense,41.945,-8.106,763.0,17,ssp370,near_future,hr_fija,36.968,48.0,6.824,396.971,5.941,5.0,50.108,123.824,81.294,45.529,71.199,2.053,1.696
10111,ENTRIMO,Ourense,41.945,-8.106,763.0,17,ssp370,medium_future,rocio_fijo,38.518,64.294,13.353,543.695,5.941,5.0,49.438,124.882,81.353,44.412,57.583,3.603,3.013
10111,ENTRIMO,Ourense,41.945,-8.106,763.0,17,ssp370,medium_future,hr_fija,38.518,64.294,13.353,543.695,5.941,5.0,53.515,144.471,104.118,64.353,71.199,3.603,3.013
10111,ENTRIMO,Ourense,41.945,-8.106,763.0,17,ssp370,far_future,rocio_fijo,40.58,88.941,23.706,732.248,5.941,5.0,51.5,142.412,98.647,58.765,51.127,5.665,4.403
10111,ENTRIMO,Ourense,41.945,-8.106,763.0,17,ssp370,far_future,hr_fija,40.58,88.941,23.706,732.248,5.941,5.0,58.193,179.294,134.235,93.824,71.199,5.665,4.403
10111,ENTRIMO,Ourense,41.945,-8.106,763.0,17,ssp585,near_future,rocio_fijo,37.093,48.941,8.0,426.556,5.941,5.0,48.013,112.588,69.471,35.412,62.583,2.178,1.984
10111,ENTRIMO,Ourense,41.945,-8.106,763.0,17,ssp585,near_future,hr_fija,37.093,48.941,8.0,426.556,5.941,5.0,50.38,125.235,83.0,46.588,71.199,2.178,1.984
10111,ENTRIMO,Ourense,41.945,-8.106,763.0,17,ssp585,medium_future,rocio_fijo,39.005,69.765,15.647,600.283,5.941,5.0,49.925,129.412,84.647,47.471,55.979,4.09,3.459
10111,ENTRIMO,Ourense,41.945,-8.106,763.0,17,ssp585,medium_future,hr_fija,39.005,69.765,15.647,600.283,5.941,5.0,54.597,152.0,111.824,71.588,71.199,4.09,3.459
10111,ENTRIMO,Ourense,41.945,-8.106,763.0,17,ssp585,far_future,rocio_fijo,42.026,108.765,39.118,943.354,5.941,5.0,52.946,155.706,111.824,68.765,47.087,7.111,5.721
10111,ENTRIMO,Ourense,41.945,-8.106,763.0,17,ssp585,far_future,hr_fija,42.026,108.765,39.118,943.354,5.941,5.0,61.729,203.176,155.765,117.529,71.199,7.111,5.721
19030,LAROUCO,Ourense,42.346,-7.153,522.0,17,-,hoy,medido,37.388,45.353,0.412,323.071,6.235,8.0,50.424,108.824,69.588,37.294,62.697,,
19030,LAROUCO,Ourense,42.346,-7.153,522.0,17,ssp126,near_future,rocio_fijo,39.701,70.706,2.882,504.609,6.235,8.0,52.737,127.412,86.941,49.824,54.837,2.313,1.689
19030,LAROUCO,Ourense,42.346,-7.153,522.0,17,ssp126,near_future,hr_fija,39.701,70.706,2.882,504.609,6.235,8.0,55.279,139.235,101.0,62.824,62.697,2.313,1.689
19030,LAROUCO,Ourense,42.346,-7.153,522.0,17,ssp126,medium_future,rocio_fijo,40.522,80.059,5.706,604.152,6.235,8.0,53.558,134.647,94.353,55.824,52.319,3.134,2.463
19030,LAROUCO,Ourense,42.346,-7.153,522.0,17,ssp126,medium_future,hr_fija,40.522,80.059,5.706,604.152,6.235,8.0,57.099,150.353,111.235,74.588,62.697,3.134,2.463
19030,LAROUCO,Ourense,42.346,-7.153,522.0,17,ssp126,far_future,rocio_fijo,40.52,80.059,5.706,601.066,6.235,8.0,53.556,134.647,94.353,55.765,52.325,3.132,2.44
19030,LAROUCO,Ourense,42.346,-7.153,522.0,17,ssp126,far_future,hr_fija,40.52,80.059,5.706,601.066,6.235,8.0,57.094,150.353,111.176,74.588,62.697,3.132,2.44
19030,LAROUCO,Ourense,42.346,-7.153,522.0,17,ssp245,near_future,rocio_fijo,39.836,72.0,3.412,527.028,6.235,8.0,52.872,128.529,88.588,50.765,54.414,2.448,1.87
19030,LAROUCO,Ourense,42.346,-7.153,522.0,17,ssp245,near_future,hr_fija,39.836,72.0,3.412,527.028,6.235,8.0,55.586,141.059,102.471,64.294,62.697,2.448,1.87
19030,LAROUCO,Ourense,42.346,-7.153,522.0,17,ssp245,medium_future,rocio_fijo,41.093,87.471,8.882,674.123,6.235,8.0,54.129,138.882,98.588,59.824,50.645,3.705,2.968
19030,LAROUCO,Ourense,42.346,-7.153,522.0,17,ssp245,medium_future,hr_fija,41.093,87.471,8.882,674.123,6.235,8.0,58.482,158.529,119.118,81.588,62.697,3.705,2.968
19030,LAROUCO,Ourense,42.346,-7.153,522.0,17,ssp245,far_future,rocio_fijo,42.216,101.059,14.765,780.467,6.235,8.0,55.252,148.118,107.765,68.118,47.527,4.828,3.683
19030,LAROUCO,Ourense,42.346,-7.153,522.0,17,ssp245,far_future,hr_fija,42.216,101.059,14.765,780.467,6.235,8.0,61.211,174.059,134.647,97.471,62.697,4.828,3.683
19030,LAROUCO,Ourense,42.346,-7.153,522.0,17,ssp370,near_future,rocio_fijo,39.952,73.529,3.412,521.391,6.235,8.0,52.988,129.588,89.529,51.588,54.053,2.564,1.825
19030,LAROUCO,Ourense,42.346,-7.153,522.0,17,ssp370,near_future,hr_fija,39.952,73.529,3.412,521.391,6.235,8.0,55.851,142.588,104.0,66.471,62.697,2.564,1.825
19030,LAROUCO,Ourense,42.346,-7.153,522.0,17,ssp370,medium_future,rocio_fijo,41.634,94.941,10.941,713.777,6.235,8.0,54.67,143.176,103.0,63.235,49.115,4.246,3.241
19030,LAROUCO,Ourense,42.346,-7.153,522.0,17,ssp370,medium_future,hr_fija,41.634,94.941,10.941,713.777,6.235,8.0,59.802,166.0,126.824,89.824,62.697,4.246,3.241
19030,LAROUCO,Ourense,42.346,-7.153,522.0,17,ssp370,far_future,rocio_fijo,43.724,119.588,27.882,954.272,6.235,8.0,56.76,160.765,118.882,79.824,43.674,6.336,4.76
19030,LAROUCO,Ourense,42.346,-7.153,522.0,17,ssp370,far_future,hr_fija,43.724,119.588,27.882,954.272,6.235,8.0,64.894,196.765,154.941,117.824,62.697,6.336,4.76
19030,LAROUCO,Ourense,42.346,-7.153,522.0,17,ssp585,near_future,rocio_fijo,40.215,76.529,4.294,559.285,6.235,8.0,53.251,131.765,92.059,53.824,53.245,2.827,2.123
19030,LAROUCO,Ourense,42.346,-7.153,522.0,17,ssp585,near_future,hr_fija,40.215,76.529,4.294,559.285,6.235,8.0,56.454,146.412,107.529,70.412,62.697,2.827,2.123
19030,LAROUCO,Ourense,42.346,-7.153,522.0,17,ssp585,medium_future,rocio_fijo,42.191,100.941,15.176,786.332,6.235,8.0,55.227,147.941,107.529,67.941,47.594,4.803,3.721
19030,LAROUCO,Ourense,42.346,-7.153,522.0,17,ssp585,medium_future,hr_fija,42.191,100.941,15.176,786.332,6.235,8.0,61.15,173.706,133.941,97.235,62.697,4.803,3.721
19030,LAROUCO,Ourense,42.346,-7.153,522.0,17,ssp585,far_future,rocio_fijo,45.353,138.529,50.765,1212.44,6.235,8.0,58.389,175.294,133.059,93.294,39.904,7.965,6.168
19030,LAROUCO,Ourense,42.346,-7.153,522.0,17,ssp585,far_future,hr_fija,45.353,138.529,50.765,1212.44,6.235,8.0,68.945,221.882,178.235,140.176,62.697,7.965,6.168
19038,LAZA,Ourense,42.067,-7.472,575.0,17,-,hoy,medido,37.362,45.294,0.176,285.452,5.353,8.0,50.019,110.294,72.647,40.0,64.679,,
19038,LAZA,Ourense,42.067,-7.472,575.0,17,ssp126,near_future,rocio_fijo,39.631,69.529,1.118,447.155,5.353,8.0,52.288,127.765,90.0,53.941,56.707,2.269,1.674
19038,LAZA,Ourense,42.067,-7.472,575.0,17,ssp126,near_future,hr_fija,39.631,69.529,1.118,447.155,5.353,8.0,54.767,140.059,102.471,67.118,64.679,2.269,1.674
19038,LAZA,Ourense,42.067,-7.472,575.0,17,ssp126,medium_future,rocio_fijo,40.476,79.176,2.412,538.025,5.353,8.0,53.133,134.412,96.588,60.0,54.026,3.114,2.446
19038,LAZA,Ourense,42.067,-7.472,575.0,17,ssp126,medium_future,hr_fija,40.476,79.176,2.412,538.025,5.353,8.0,56.605,149.882,113.588,78.118,64.679,3.114,2.446
19038,LAZA,Ourense,42.067,-7.472,575.0,17,ssp126,far_future,rocio_fijo,40.535,80.118,2.353,536.289,5.353,8.0,53.192,134.824,96.824,60.471,53.845,3.173,2.432
19038,LAZA,Ourense,42.067,-7.472,575.0,17,ssp126,far_future,hr_fija,40.535,80.118,2.353,536.289,5.353,8.0,56.735,150.941,114.529,79.0,64.679,3.173,2.432
19038,LAZA,Ourense,42.067,-7.472,575.0,17,ssp245,near_future,rocio_fijo,39.723,70.765,1.294,466.224,5.353,8.0,52.38,128.882,90.706,54.647,56.408,2.361,1.843
19038,LAZA,Ourense,42.067,-7.472,575.0,17,ssp245,near_future,hr_fija,39.723,70.765,1.294,466.224,5.353,8.0,54.966,141.588,103.765,68.235,64.679,2.361,1.843
19038,LAZA,Ourense,42.067,-7.472,575.0,17,ssp245,medium_future,rocio_fijo,41.069,86.0,4.0,601.312,5.353,8.0,53.726,139.529,100.235,63.824,52.231,3.707,2.942
19038,LAZA,Ourense,42.067,-7.472,575.0,17,ssp245,medium_future,hr_fija,41.069,86.0,4.0,601.312,5.353,8.0,57.919,158.647,121.294,85.824,64.679,3.707,2.942
19038,LAZA,Ourense,42.067,-7.472,575.0,17,ssp245,far_future,rocio_fijo,42.24,101.059,7.235,701.154,5.353,8.0,54.897,148.0,109.176,72.0,48.879,4.878,3.671
19038,LAZA,Ourense,42.067,-7.472,575.0,17,ssp245,far_future,hr_fija,42.24,101.059,7.235,701.154,5.353,8.0,60.554,174.471,136.941,100.941,64.679,4.878,3.671
19038,LAZA,Ourense,42.067,-7.472,575.0,17,ssp370,near_future,rocio_fijo,39.818,72.0,1.294,462.575,5.353,8.0,52.475,129.647,91.412,55.353,56.101,2.456,1.811
19038,LAZA,Ourense,42.067,-7.472,575.0,17,ssp370,near_future,hr_fija,39.818,72.0,1.294,462.575,5.353,8.0,55.171,142.412,105.353,69.588,64.679,2.456,1.811
19038,LAZA,Ourense,42.067,-7.472,575.0,17,ssp370,medium_future,rocio_fijo,41.598,93.941,4.882,640.464,5.353,8.0,54.255,143.529,105.059,67.412,50.685,4.236,3.235
19038,LAZA,Ourense,42.067,-7.472,575.0,17,ssp370,medium_future,hr_fija,41.598,93.941,4.882,640.464,5.353,8.0,59.103,165.235,128.176,92.882,64.679,4.236,3.235
19038,LAZA,Ourense,42.067,-7.472,575.0,17,ssp370,far_future,rocio_fijo,43.787,119.588,15.941,864.136,5.353,8.0,56.444,160.471,121.412,82.941,44.818,6.425,4.754
19038,LAZA,Ourense,42.067,-7.472,575.0,17,ssp370,far_future,hr_fija,43.787,119.588,15.941,864.136,5.353,8.0,64.227,196.471,157.059,121.882,64.679,6.425,4.754
19038,LAZA,Ourense,42.067,-7.472,575.0,17,ssp585,near_future,rocio_fijo,40.003,73.765,1.882,497.479,5.353,8.0,52.66,131.647,92.882,56.412,55.509,2.641,2.112
19038,LAZA,Ourense,42.067,-7.472,575.0,17,ssp585,near_future,hr_fija,40.003,73.765,1.882,497.479,5.353,8.0,55.572,144.529,107.353,72.118,64.679,2.641,2.112
19038,LAZA,Ourense,42.067,-7.472,575.0,17,ssp585,medium_future,rocio_fijo,42.117,99.941,7.353,706.293,5.353,8.0,54.774,147.0,108.471,71.412,49.219,4.755,3.707
19038,LAZA,Ourense,42.067,-7.472,575.0,17,ssp585,medium_future,hr_fija,42.117,99.941,7.353,706.293,5.353,8.0,60.282,172.882,135.471,99.235,64.679,4.755,3.707
19038,LAZA,Ourense,42.067,-7.472,575.0,17,ssp585,far_future,rocio_fijo,45.398,138.059,34.882,1102.346,5.353,8.0,58.055,174.294,133.941,95.765,40.989,8.036,6.156
19038,LAZA,Ourense,42.067,-7.472,575.0,17,ssp585,far_future,hr_fija,45.398,138.059,34.882,1102.346,5.353,8.0,68.148,220.882,179.647,143.235,64.679,8.036,6.156
19026,LEIRO,Ourense,42.359,-8.118,105.0,17,-,hoy,medido,40.043,79.824,0.471,383.766,5.471,5.0,59.311,153.176,116.235,79.588,67.196,,
19026,LEIRO,Ourense,42.359,-8.118,105.0,17,ssp126,near_future,rocio_fijo,42.066,104.706,2.176,583.007,5.471,5.0,61.334,167.529,131.471,94.647,59.907,2.023,1.611
19026,LEIRO,Ourense,42.359,-8.118,105.0,17,ssp126,near_future,hr_fija,42.066,104.706,2.176,583.007,5.471,5.0,64.099,178.765,143.824,107.294,67.196,2.023,1.611
19026,LEIRO,Ourense,42.359,-8.118,105.0,17,ssp126,medium_future,rocio_fijo,42.923,116.706,5.118,689.67,5.471,5.0,62.191,174.176,137.412,101.529,57.092,2.88,2.353
19026,LEIRO,Ourense,42.359,-8.118,105.0,17,ssp126,medium_future,hr_fija,42.923,116.706,5.118,689.67,5.471,5.0,66.259,191.118,154.412,118.529,67.196,2.88,2.353
19026,LEIRO,Ourense,42.359,-8.118,105.0,17,ssp126,far_future,rocio_fijo,42.96,117.118,5.118,685.474,5.471,5.0,62.228,174.647,137.706,101.941,56.974,2.917,2.325
19026,LEIRO,Ourense,42.359,-8.118,105.0,17,ssp126,far_future,hr_fija,42.96,117.118,5.118,685.474,5.471,5.0,66.355,191.588,154.706,119.235,67.196,2.917,2.325
19026,LEIRO,Ourense,42.359,-8.118,105.0,17,ssp245,near_future,rocio_fijo,42.142,106.235,2.824,611.666,5.471,5.0,61.41,167.882,132.176,95.471,59.651,2.099,1.817
19026,LEIRO,Ourense,42.359,-8.118,105.0,17,ssp245,near_future,hr_fija,42.142,106.235,2.824,611.666,5.471,5.0,64.283,179.824,144.647,108.235,67.196,2.099,1.817
19026,LEIRO,Ourense,42.359,-8.118,105.0,17,ssp245,medium_future,rocio_fijo,43.451,122.882,7.647,764.932,5.471,5.0,62.719,178.294,141.588,105.0,55.432,3.408,2.84
19026,LEIRO,Ourense,42.359,-8.118,105.0,17,ssp245,medium_future,hr_fija,43.451,122.882,7.647,764.932,5.471,5.0,67.664,199.059,161.647,126.353,67.196,3.408,2.84
19026,LEIRO,Ourense,42.359,-8.118,105.0,17,ssp245,far_future,rocio_fijo,44.5,137.471,11.824,875.928,5.471,5.0,63.768,186.706,149.294,112.294,52.294,4.457,3.513
19026,LEIRO,Ourense,42.359,-8.118,105.0,17,ssp245,far_future,hr_fija,44.5,137.471,11.824,875.928,5.471,5.0,70.533,215.471,174.706,141.059,67.196,4.457,3.513
19026,LEIRO,Ourense,42.359,-8.118,105.0,17,ssp370,near_future,rocio_fijo,42.136,106.235,2.706,604.912,5.471,5.0,61.404,167.882,132.059,95.471,59.671,2.093,1.769
19026,LEIRO,Ourense,42.359,-8.118,105.0,17,ssp370,near_future,hr_fija,42.136,106.235,2.706,604.912,5.471,5.0,64.268,179.824,144.471,108.176,67.196,2.093,1.769
19026,LEIRO,Ourense,42.359,-8.118,105.0,17,ssp370,medium_future,rocio_fijo,43.806,128.059,9.059,806.981,5.471,5.0,63.074,181.176,144.529,106.941,54.347,3.763,3.101
19026,LEIRO,Ourense,42.359,-8.118,105.0,17,ssp370,medium_future,hr_fija,43.806,128.059,9.059,806.981,5.471,5.0,68.627,204.412,165.412,131.412,67.196,3.763,3.101
19026,LEIRO,Ourense,42.359,-8.118,105.0,17,ssp370,far_future,rocio_fijo,45.948,154.059,21.824,1066.457,5.471,5.0,65.216,199.765,160.235,122.647,48.287,5.905,4.565
19026,LEIRO,Ourense,42.359,-8.118,105.0,17,ssp370,far_future,hr_fija,45.948,154.059,21.824,1066.457,5.471,5.0,74.553,238.0,195.353,160.176,67.196,5.905,4.565
19026,LEIRO,Ourense,42.359,-8.118,105.0,17,ssp585,near_future,rocio_fijo,42.325,108.471,3.588,644.576,5.471,5.0,61.593,169.176,133.059,96.765,59.04,2.282,2.047
19026,LEIRO,Ourense,42.359,-8.118,105.0,17,ssp585,near_future,hr_fija,42.325,108.471,3.588,644.576,5.471,5.0,64.729,182.353,146.412,110.941,67.196,2.282,2.047
19026,LEIRO,Ourense,42.359,-8.118,105.0,17,ssp585,medium_future,rocio_fijo,44.329,134.941,12.353,885.214,5.471,5.0,63.597,185.412,147.765,110.882,52.792,4.286,3.567
19026,LEIRO,Ourense,42.359,-8.118,105.0,17,ssp585,medium_future,hr_fija,44.329,134.941,12.353,885.214,5.471,5.0,70.063,213.176,172.412,138.235,67.196,4.286,3.567
19026,LEIRO,Ourense,42.359,-8.118,105.0,17,ssp585,far_future,rocio_fijo,47.529,173.294,40.941,1347.088,5.471,5.0,66.797,215.412,170.941,134.471,44.304,7.486,5.928
19026,LEIRO,Ourense,42.359,-8.118,105.0,17,ssp585,far_future,hr_fija,47.529,173.294,40.941,1347.088,5.471,5.0,78.988,265.0,220.882,181.118,67.196,7.486,5.928
10057,MACEDA,Ourense,42.299,-7.591,981.0,17,-,hoy,medido,31.545,6.941,1.765,122.855,6.353,12.0,40.323,50.765,18.824,4.0,76.778,,
10057,MACEDA,Ourense,42.299,-7.591,981.0,17,ssp126,near_future,rocio_fijo,33.577,16.471,3.824,205.062,6.353,12.0,42.355,65.353,30.235,8.118,67.873,2.032,1.54
10057,MACEDA,Ourense,42.299,-7.591,981.0,17,ssp126,near_future,hr_fija,33.577,16.471,3.824,205.062,6.353,12.0,44.236,78.0,41.176,12.765,76.778,2.032,1.54
10057,MACEDA,Ourense,42.299,-7.591,981.0,17,ssp126,medium_future,rocio_fijo,34.36,20.706,5.176,256.505,6.353,12.0,43.138,72.412,34.882,9.647,64.756,2.815,2.269
10057,MACEDA,Ourense,42.299,-7.591,981.0,17,ssp126,medium_future,hr_fija,34.36,20.706,5.176,256.505,6.353,12.0,45.822,88.706,50.529,20.0,76.778,2.815,2.269
10057,MACEDA,Ourense,42.299,-7.591,981.0,17,ssp126,far_future,rocio_fijo,34.427,21.118,5.118,255.282,6.353,12.0,43.205,73.0,35.294,9.765,64.497,2.882,2.253
10057,MACEDA,Ourense,42.299,-7.591,981.0,17,ssp126,far_future,hr_fija,34.427,21.118,5.118,255.282,6.353,12.0,45.963,89.588,51.294,20.588,76.778,2.882,2.253
10057,MACEDA,Ourense,42.299,-7.591,981.0,17,ssp245,near_future,rocio_fijo,33.642,16.941,4.118,215.334,6.353,12.0,42.42,66.235,30.647,8.176,67.608,2.097,1.695
10057,MACEDA,Ourense,42.299,-7.591,981.0,17,ssp245,near_future,hr_fija,33.642,16.941,4.118,215.334,6.353,12.0,44.369,79.235,41.941,13.235,76.778,2.097,1.695
10057,MACEDA,Ourense,42.299,-7.591,981.0,17,ssp245,medium_future,rocio_fijo,34.883,24.294,6.588,293.706,6.353,12.0,43.661,77.059,39.235,11.235,62.765,3.338,2.734
10057,MACEDA,Ourense,42.299,-7.591,981.0,17,ssp245,medium_future,hr_fija,34.883,24.294,6.588,293.706,6.353,12.0,46.881,96.353,57.235,24.765,76.778,3.338,2.734
10057,MACEDA,Ourense,42.299,-7.591,981.0,17,ssp245,far_future,rocio_fijo,35.989,33.529,8.176,355.006,6.353,12.0,44.767,87.118,47.235,15.765,58.776,4.444,3.416
10057,MACEDA,Ourense,42.299,-7.591,981.0,17,ssp245,far_future,hr_fija,35.989,33.529,8.176,355.006,6.353,12.0,49.095,113.412,71.647,37.0,76.778,4.444,3.416
10057,MACEDA,Ourense,42.299,-7.591,981.0,17,ssp370,near_future,rocio_fijo,33.702,17.176,4.118,212.983,6.353,12.0,42.48,66.647,30.882,8.294,67.364,2.157,1.66
10057,MACEDA,Ourense,42.299,-7.591,981.0,17,ssp370,near_future,hr_fija,33.702,17.176,4.118,212.983,6.353,12.0,44.492,80.118,43.118,13.824,76.778,2.157,1.66
10057,MACEDA,Ourense,42.299,-7.591,981.0,17,ssp370,medium_future,rocio_fijo,35.323,27.647,7.059,316.219,6.353,12.0,44.101,81.0,42.588,13.0,61.142,3.778,2.996
10057,MACEDA,Ourense,42.299,-7.591,981.0,17,ssp370,medium_future,hr_fija,35.323,27.647,7.059,316.219,6.353,12.0,47.735,104.235,62.765,29.176,76.778,3.778,2.996
10057,MACEDA,Ourense,42.299,-7.591,981.0,17,ssp370,far_future,rocio_fijo,37.39,47.529,12.941,459.173,6.353,12.0,46.168,99.412,56.941,23.235,54.127,5.845,4.42
10057,MACEDA,Ourense,42.299,-7.591,981.0,17,ssp370,far_future,hr_fija,37.39,47.529,12.941,459.173,6.353,12.0,52.067,133.647,92.353,54.588,76.778,5.845,4.42
10057,MACEDA,Ourense,42.299,-7.591,981.0,17,ssp585,near_future,rocio_fijo,33.862,18.059,4.471,232.238,6.353,12.0,42.64,68.059,31.706,8.588,66.719,2.317,1.939
10057,MACEDA,Ourense,42.299,-7.591,981.0,17,ssp585,near_future,hr_fija,33.862,18.059,4.471,232.238,6.353,12.0,44.81,81.941,44.765,15.176,76.778,2.317,1.939
10057,MACEDA,Ourense,42.299,-7.591,981.0,17,ssp585,medium_future,rocio_fijo,35.774,31.941,8.176,357.698,6.353,12.0,44.552,85.176,45.824,14.765,59.528,4.229,3.444
10057,MACEDA,Ourense,42.299,-7.591,981.0,17,ssp585,medium_future,hr_fija,35.774,31.941,8.176,357.698,6.353,12.0,48.637,111.0,68.588,34.294,76.778,4.229,3.444
10057,MACEDA,Ourense,42.299,-7.591,981.0,17,ssp585,far_future,rocio_fijo,38.847,63.412,23.882,625.307,6.353,12.0,47.625,113.176,67.941,31.706,49.727,7.302,5.737
10057,MACEDA,Ourense,42.299,-7.591,981.0,17,ssp585,far_future,hr_fija,38.847,63.412,23.882,625.307,6.353,12.0,55.27,157.706,114.353,75.235,76.778,7.302,5.737
10131,MANZANEDA,Ourense,42.26,-7.298,1758.0,17,-,hoy,medido,25.41,0.0,0.353,29.134,7.529,10.0,28.176,1.0,0.0,0.0,67.899,,
10131,MANZANEDA,Ourense,42.26,-7.298,1758.0,17,ssp126,near_future,rocio_fijo,27.481,0.647,1.471,64.039,7.529,10.0,30.247,4.294,0.0,0.0,59.539,2.071,1.561
10131,MANZANEDA,Ourense,42.26,-7.298,1758.0,17,ssp126,near_future,hr_fija,27.481,0.647,1.471,64.039,7.529,10.0,31.438,6.824,0.353,0.0,67.899,2.071,1.561
10131,MANZANEDA,Ourense,42.26,-7.298,1758.0,17,ssp126,medium_future,rocio_fijo,28.223,1.176,2.529,88.239,7.529,10.0,30.989,6.0,0.176,0.0,56.831,2.813,2.299
10131,MANZANEDA,Ourense,42.26,-7.298,1758.0,17,ssp126,medium_future,hr_fija,28.223,1.176,2.529,88.239,7.529,10.0,32.573,11.059,0.882,0.0,67.899,2.813,2.299
10131,MANZANEDA,Ourense,42.26,-7.298,1758.0,17,ssp126,far_future,rocio_fijo,28.28,1.353,2.529,87.608,7.529,10.0,31.046,6.235,0.176,0.0,56.628,2.87,2.282
10131,MANZANEDA,Ourense,42.26,-7.298,1758.0,17,ssp126,far_future,hr_fija,28.28,1.353,2.529,87.608,7.529,10.0,32.656,11.294,0.882,0.0,67.899,2.87,2.282
10131,MANZANEDA,Ourense,42.26,-7.298,1758.0,17,ssp245,near_future,rocio_fijo,27.511,0.647,1.471,68.178,7.529,10.0,30.277,4.412,0.0,0.0,59.427,2.101,1.702
10131,MANZANEDA,Ourense,42.26,-7.298,1758.0,17,ssp245,near_future,hr_fija,27.511,0.647,1.471,68.178,7.529,10.0,31.486,6.941,0.412,0.0,67.899,2.101,1.702
10131,MANZANEDA,Ourense,42.26,-7.298,1758.0,17,ssp245,medium_future,rocio_fijo,28.799,1.529,3.235,106.797,7.529,10.0,31.565,7.412,0.529,0.0,54.823,3.389,2.765
10131,MANZANEDA,Ourense,42.26,-7.298,1758.0,17,ssp245,medium_future,hr_fija,28.799,1.529,3.235,106.797,7.529,10.0,33.489,15.412,1.294,0.0,67.899,3.389,2.765
10131,MANZANEDA,Ourense,42.26,-7.298,1758.0,17,ssp245,far_future,rocio_fijo,29.813,3.353,4.529,138.597,7.529,10.0,32.579,11.588,0.824,0.0,51.48,4.403,3.464
10131,MANZANEDA,Ourense,42.26,-7.298,1758.0,17,ssp245,far_future,hr_fija,29.813,3.353,4.529,138.597,7.529,10.0,35.187,23.529,4.0,0.0,67.899,4.403,3.464
10131,MANZANEDA,Ourense,42.26,-7.298,1758.0,17,ssp370,near_future,rocio_fijo,27.591,0.647,1.471,67.132,7.529,10.0,30.357,4.706,0.0,0.0,59.129,2.181,1.667
10131,MANZANEDA,Ourense,42.26,-7.298,1758.0,17,ssp370,near_future,hr_fija,27.591,0.647,1.471,67.132,7.529,10.0,31.614,7.412,0.529,0.0,67.899,2.181,1.667
10131,MANZANEDA,Ourense,42.26,-7.298,1758.0,17,ssp370,medium_future,rocio_fijo,29.288,2.529,3.941,118.508,7.529,10.0,32.054,9.176,0.588,0.0,53.182,3.878,3.036
10131,MANZANEDA,Ourense,42.26,-7.298,1758.0,17,ssp370,medium_future,hr_fija,29.288,2.529,3.941,118.508,7.529,10.0,34.288,19.353,2.176,0.0,67.899,3.878,3.036
10131,MANZANEDA,Ourense,42.26,-7.298,1758.0,17,ssp370,far_future,rocio_fijo,31.249,7.412,7.882,195.205,7.529,10.0,34.015,18.118,1.647,0.0,47.131,5.839,4.496
10131,MANZANEDA,Ourense,42.26,-7.298,1758.0,17,ssp370,far_future,hr_fija,31.249,7.412,7.882,195.205,7.529,10.0,37.652,40.353,10.471,0.941,67.899,5.839,4.496
10131,MANZANEDA,Ourense,42.26,-7.298,1758.0,17,ssp585,near_future,rocio_fijo,27.78,0.824,2.0,76.007,7.529,10.0,30.546,4.941,0.059,0.0,58.431,2.37,1.95
10131,MANZANEDA,Ourense,42.26,-7.298,1758.0,17,ssp585,near_future,hr_fija,27.78,0.824,2.0,76.007,7.529,10.0,31.922,8.176,0.588,0.0,67.899,2.37,1.95
10131,MANZANEDA,Ourense,42.26,-7.298,1758.0,17,ssp585,medium_future,rocio_fijo,29.74,3.235,4.647,139.876,7.529,10.0,32.506,11.412,0.824,0.0,51.713,4.33,3.49
10131,MANZANEDA,Ourense,42.26,-7.298,1758.0,17,ssp585,medium_future,hr_fija,29.74,3.235,4.647,139.876,7.529,10.0,35.062,22.765,3.647,0.0,67.899,4.33,3.49
10131,MANZANEDA,Ourense,42.26,-7.298,1758.0,17,ssp585,far_future,rocio_fijo,32.701,13.529,14.765,284.924,7.529,10.0,35.467,27.588,4.824,0.059,43.149,7.291,5.806
10131,MANZANEDA,Ourense,42.26,-7.298,1758.0,17,ssp585,far_future,hr_fija,32.701,13.529,14.765,284.924,7.529,10.0,40.143,61.118,22.412,4.0,67.899,7.291,5.806
10119,MUÍÑOS,Ourense,41.904,-7.972,1059.0,17,-,hoy,medido,31.66,9.059,3.588,175.878,6.647,6.0,37.768,44.765,12.824,0.882,69.798,,
10119,MUÍÑOS,Ourense,41.904,-7.972,1059.0,17,ssp126,near_future,rocio_fijo,33.579,19.471,7.647,274.586,6.647,6.0,39.687,60.412,23.588,3.0,62.125,1.919,1.516
10119,MUÍÑOS,Ourense,41.904,-7.972,1059.0,17,ssp126,near_future,hr_fija,33.579,19.471,7.647,274.586,6.647,6.0,41.116,70.588,33.235,7.059,69.798,1.919,1.516
10119,MUÍÑOS,Ourense,41.904,-7.972,1059.0,17,ssp126,medium_future,rocio_fijo,34.342,25.294,9.882,331.435,6.647,6.0,40.45,66.706,28.353,4.353,59.341,2.682,2.23
10119,MUÍÑOS,Ourense,41.904,-7.972,1059.0,17,ssp126,medium_future,hr_fija,34.342,25.294,9.882,331.435,6.647,6.0,42.463,82.118,41.941,12.0,69.798,2.682,2.23
10119,MUÍÑOS,Ourense,41.904,-7.972,1059.0,17,ssp126,far_future,rocio_fijo,34.412,25.882,9.882,330.346,6.647,6.0,40.52,67.176,29.118,4.471,59.093,2.752,2.217
10119,MUÍÑOS,Ourense,41.904,-7.972,1059.0,17,ssp126,far_future,hr_fija,34.412,25.882,9.882,330.346,6.647,6.0,42.581,83.412,42.706,12.412,69.798,2.752,2.217
10119,MUÍÑOS,Ourense,41.904,-7.972,1059.0,17,ssp245,near_future,rocio_fijo,33.613,19.706,7.941,286.93,6.647,6.0,39.721,60.588,23.706,3.059,61.997,1.953,1.679
10119,MUÍÑOS,Ourense,41.904,-7.972,1059.0,17,ssp245,near_future,hr_fija,33.613,19.706,7.941,286.93,6.647,6.0,41.174,71.0,33.588,7.294,69.798,1.953,1.679
10119,MUÍÑOS,Ourense,41.904,-7.972,1059.0,17,ssp245,medium_future,rocio_fijo,34.851,29.882,11.882,370.827,6.647,6.0,40.959,71.176,32.647,6.118,57.563,3.191,2.681
10119,MUÍÑOS,Ourense,41.904,-7.972,1059.0,17,ssp245,medium_future,hr_fija,34.851,29.882,11.882,370.827,6.647,6.0,43.442,89.882,48.0,15.294,69.798,3.191,2.681
10119,MUÍÑOS,Ourense,41.904,-7.972,1059.0,17,ssp245,far_future,rocio_fijo,35.889,38.059,15.412,436.097,6.647,6.0,41.997,81.294,39.412,9.882,54.119,4.229,3.353
10119,MUÍÑOS,Ourense,41.904,-7.972,1059.0,17,ssp245,far_future,hr_fija,35.889,38.059,15.412,436.097,6.647,6.0,45.461,106.235,63.176,26.471,69.798,4.229,3.353
10119,MUÍÑOS,Ourense,41.904,-7.972,1059.0,17,ssp370,near_future,rocio_fijo,33.657,20.059,7.882,285.08,6.647,6.0,39.765,61.0,23.882,3.059,61.833,1.997,1.655
10119,MUÍÑOS,Ourense,41.904,-7.972,1059.0,17,ssp370,near_future,hr_fija,33.657,20.059,7.882,285.08,6.647,6.0,41.248,71.588,33.824,7.471,69.798,1.997,1.655
10119,MUÍÑOS,Ourense,41.904,-7.972,1059.0,17,ssp370,medium_future,rocio_fijo,35.231,32.765,12.941,396.856,6.647,6.0,41.339,74.471,35.118,7.765,56.274,3.571,2.959
10119,MUÍÑOS,Ourense,41.904,-7.972,1059.0,17,ssp370,medium_future,hr_fija,35.231,32.765,12.941,396.856,6.647,6.0,44.207,95.235,52.824,19.176,69.798,3.571,2.959
10119,MUÍÑOS,Ourense,41.904,-7.972,1059.0,17,ssp370,far_future,rocio_fijo,37.257,51.882,21.706,545.2,6.647,6.0,43.365,93.882,49.0,15.294,49.929,5.597,4.337
10119,MUÍÑOS,Ourense,41.904,-7.972,1059.0,17,ssp370,far_future,hr_fija,37.257,51.882,21.706,545.2,6.647,6.0,48.139,127.118,82.824,43.647,69.798,5.597,4.337
10119,MUÍÑOS,Ourense,41.904,-7.972,1059.0,17,ssp585,near_future,rocio_fijo,33.75,20.647,8.706,307.304,6.647,6.0,39.858,61.588,24.765,3.176,61.488,2.09,1.937
10119,MUÍÑOS,Ourense,41.904,-7.972,1059.0,17,ssp585,near_future,hr_fija,33.75,20.647,8.706,307.304,6.647,6.0,41.406,72.941,34.765,7.706,69.798,2.09,1.937
10119,MUÍÑOS,Ourense,41.904,-7.972,1059.0,17,ssp585,medium_future,rocio_fijo,35.669,36.118,15.412,440.525,6.647,6.0,41.777,78.882,38.118,9.294,54.829,4.009,3.396
10119,MUÍÑOS,Ourense,41.904,-7.972,1059.0,17,ssp585,medium_future,hr_fija,35.669,36.118,15.412,440.525,6.647,6.0,45.003,102.765,59.294,24.176,69.798,4.009,3.396
10119,MUÍÑOS,Ourense,41.904,-7.972,1059.0,17,ssp585,far_future,rocio_fijo,38.608,66.353,33.176,714.959,6.647,6.0,44.716,105.824,60.588,23.647,46.146,6.948,5.631
10119,MUÍÑOS,Ourense,41.904,-7.972,1059.0,17,ssp585,far_future,hr_fija,38.608,66.353,33.176,714.959,6.647,6.0,50.912,146.059,104.588,62.824,69.798,6.948,5.631
10148,OURENSE,Ourense,42.343,-7.849,143.0,16,-,hoy,medido,39.783,71.438,1.875,465.021,4.5,8.0,55.846,146.0,104.188,65.438,61.223,,
10148,OURENSE,Ourense,42.343,-7.849,143.0,16,ssp126,near_future,rocio_fijo,41.987,98.25,10.5,688.666,4.5,8.0,58.05,165.125,120.75,82.625,53.995,2.204,1.673
10148,OURENSE,Ourense,42.343,-7.849,143.0,16,ssp126,near_future,hr_fija,41.987,98.25,10.5,688.666,4.5,8.0,60.857,178.562,135.625,96.188,61.223,2.204,1.673
10148,OURENSE,Ourense,42.343,-7.849,143.0,16,ssp126,medium_future,rocio_fijo,42.834,107.875,16.375,807.565,4.5,8.0,58.897,173.062,128.125,88.438,51.477,3.051,2.445
10148,OURENSE,Ourense,42.343,-7.849,143.0,16,ssp126,medium_future,hr_fija,42.834,107.875,16.375,807.565,4.5,8.0,62.823,191.75,148.812,109.125,61.223,3.051,2.445
10148,OURENSE,Ourense,42.343,-7.849,143.0,16,ssp126,far_future,rocio_fijo,42.868,108.5,16.25,803.552,4.5,8.0,58.931,173.5,128.312,88.875,51.379,3.085,2.42
10148,OURENSE,Ourense,42.343,-7.849,143.0,16,ssp126,far_future,hr_fija,42.868,108.5,16.25,803.552,4.5,8.0,62.902,192.312,149.438,109.5,61.223,3.085,2.42
10148,OURENSE,Ourense,42.343,-7.849,143.0,16,ssp245,near_future,rocio_fijo,42.107,99.375,11.812,718.936,4.5,8.0,58.17,166.5,121.562,83.375,53.63,2.324,1.876
10148,OURENSE,Ourense,42.343,-7.849,143.0,16,ssp245,near_future,hr_fija,42.107,99.375,11.812,718.936,4.5,8.0,61.134,180.25,137.312,98.062,61.223,2.324,1.876
10148,OURENSE,Ourense,42.343,-7.849,143.0,16,ssp245,medium_future,rocio_fijo,43.427,115.688,21.812,890.557,4.5,8.0,59.49,177.812,133.75,93.125,49.794,3.644,2.95
10148,OURENSE,Ourense,42.343,-7.849,143.0,16,ssp245,medium_future,hr_fija,43.427,115.688,21.812,890.557,4.5,8.0,64.228,199.75,158.188,117.0,61.223,3.644,2.95
10148,OURENSE,Ourense,42.343,-7.849,143.0,16,ssp245,far_future,rocio_fijo,44.487,130.25,30.812,1012.475,4.5,8.0,60.55,187.75,143.562,101.875,46.937,4.704,3.651
10148,OURENSE,Ourense,42.343,-7.849,143.0,16,ssp245,far_future,hr_fija,44.487,130.25,30.812,1012.475,4.5,8.0,66.897,215.188,174.0,131.812,61.223,4.704,3.651
10148,OURENSE,Ourense,42.343,-7.849,143.0,16,ssp370,near_future,rocio_fijo,42.154,100.062,11.5,711.255,4.5,8.0,58.217,166.75,122.062,83.562,53.487,2.371,1.825
10148,OURENSE,Ourense,42.343,-7.849,143.0,16,ssp370,near_future,hr_fija,42.154,100.062,11.5,711.255,4.5,8.0,61.242,181.062,138.125,98.75,61.223,2.371,1.825
10148,OURENSE,Ourense,42.343,-7.849,143.0,16,ssp370,medium_future,rocio_fijo,43.848,121.125,25.25,935.972,4.5,8.0,59.911,181.875,137.25,96.812,48.636,4.065,3.217
10148,OURENSE,Ourense,42.343,-7.849,143.0,16,ssp370,medium_future,hr_fija,43.848,121.125,25.25,935.972,4.5,8.0,65.297,206.562,164.0,122.625,61.223,4.065,3.217
10148,OURENSE,Ourense,42.343,-7.849,143.0,16,ssp370,far_future,rocio_fijo,46.044,149.375,48.562,1220.446,4.5,8.0,62.107,201.438,157.125,114.25,43.071,6.261,4.74
10148,OURENSE,Ourense,42.343,-7.849,143.0,16,ssp370,far_future,hr_fija,46.044,149.375,48.562,1220.446,4.5,8.0,70.818,240.25,197.125,157.5,61.223,6.261,4.74
10148,OURENSE,Ourense,42.343,-7.849,143.0,16,ssp585,near_future,rocio_fijo,42.384,102.25,13.812,755.036,4.5,8.0,58.447,168.938,124.062,84.938,52.798,2.601,2.112
10148,OURENSE,Ourense,42.343,-7.849,143.0,16,ssp585,near_future,hr_fija,42.384,102.25,13.812,755.036,4.5,8.0,61.776,184.25,142.375,102.438,61.223,2.601,2.112
10148,OURENSE,Ourense,42.343,-7.849,143.0,16,ssp585,medium_future,rocio_fijo,44.408,129.062,31.688,1020.972,4.5,8.0,60.471,187.0,142.5,101.25,47.144,4.625,3.698
10148,OURENSE,Ourense,42.343,-7.849,143.0,16,ssp585,medium_future,hr_fija,44.408,129.062,31.688,1020.972,4.5,8.0,66.702,214.562,172.375,130.688,61.223,4.625,3.698
10148,OURENSE,Ourense,42.343,-7.849,143.0,16,ssp585,far_future,rocio_fijo,47.655,170.0,76.125,1527.547,4.5,8.0,63.718,215.875,171.438,126.438,39.446,7.872,6.154
10148,OURENSE,Ourense,42.343,-7.849,143.0,16,ssp585,far_future,hr_fija,47.655,170.0,76.125,1527.547,4.5,8.0,75.104,270.875,220.875,181.688,61.223,7.872,6.154
10155,OURENSE,Ourense,42.353,-7.878,139.0,13,-,hoy,medido,39.215,69.385,5.077,520.706,5.308,5.0,55.115,147.769,104.923,65.0,62.582,,
10155,OURENSE,Ourense,42.353,-7.878,139.0,13,ssp126,near_future,rocio_fijo,41.356,97.462,16.538,756.499,5.308,5.0,57.256,165.769,122.769,80.077,55.389,2.141,1.667
10155,OURENSE,Ourense,42.353,-7.878,139.0,13,ssp126,near_future,hr_fija,41.356,97.462,16.538,756.499,5.308,5.0,59.964,178.308,136.692,95.231,62.582,2.141,1.667
10155,OURENSE,Ourense,42.353,-7.878,139.0,13,ssp126,medium_future,rocio_fijo,42.21,108.077,27.846,880.559,5.308,5.0,58.11,173.0,129.462,87.077,52.784,2.995,2.436
10155,OURENSE,Ourense,42.353,-7.878,139.0,13,ssp126,medium_future,hr_fija,42.21,108.077,27.846,880.559,5.308,5.0,61.946,193.231,149.769,108.462,62.582,2.995,2.436
10155,OURENSE,Ourense,42.353,-7.878,139.0,13,ssp126,far_future,rocio_fijo,42.244,108.385,27.308,876.04,5.308,5.0,58.144,173.385,129.769,87.462,52.683,3.029,2.409
10155,OURENSE,Ourense,42.353,-7.878,139.0,13,ssp126,far_future,hr_fija,42.244,108.385,27.308,876.04,5.308,5.0,62.026,193.538,150.462,108.923,62.582,3.029,2.409
10155,OURENSE,Ourense,42.353,-7.878,139.0,13,ssp245,near_future,rocio_fijo,41.465,98.846,19.615,788.96,5.308,5.0,57.365,166.615,123.769,81.385,55.048,2.25,1.874
10155,OURENSE,Ourense,42.353,-7.878,139.0,13,ssp245,near_future,hr_fija,41.465,98.846,19.615,788.96,5.308,5.0,60.217,179.462,138.231,96.769,62.582,2.25,1.874
10155,OURENSE,Ourense,42.353,-7.878,139.0,13,ssp245,medium_future,rocio_fijo,42.776,115.231,35.077,967.331,5.308,5.0,58.676,177.923,134.615,92.231,51.134,3.561,2.94
10155,OURENSE,Ourense,42.353,-7.878,139.0,13,ssp245,medium_future,hr_fija,42.776,115.231,35.077,967.331,5.308,5.0,63.28,200.846,158.538,116.846,62.582,3.561,2.94
10155,OURENSE,Ourense,42.353,-7.878,139.0,13,ssp245,far_future,rocio_fijo,43.832,129.0,45.615,1094.539,5.308,5.0,59.732,188.385,144.308,100.923,48.208,4.617,3.635
10155,OURENSE,Ourense,42.353,-7.878,139.0,13,ssp245,far_future,hr_fija,43.832,129.0,45.615,1094.539,5.308,5.0,65.823,218.0,173.154,133.154,62.582,4.617,3.635
10155,OURENSE,Ourense,42.353,-7.878,139.0,13,ssp370,near_future,rocio_fijo,41.507,99.615,19.154,780.752,5.308,5.0,57.407,166.769,123.846,81.692,54.918,2.292,1.822
10155,OURENSE,Ourense,42.353,-7.878,139.0,13,ssp370,near_future,hr_fija,41.507,99.615,19.154,780.752,5.308,5.0,60.315,180.385,138.769,97.462,62.582,2.292,1.822
10155,OURENSE,Ourense,42.353,-7.878,139.0,13,ssp370,medium_future,rocio_fijo,43.182,119.615,38.615,1014.473,5.308,5.0,59.082,181.538,138.308,95.308,49.986,3.967,3.204
10155,OURENSE,Ourense,42.353,-7.878,139.0,13,ssp370,medium_future,hr_fija,43.182,119.615,38.615,1014.473,5.308,5.0,64.249,207.308,164.385,123.077,62.582,3.967,3.204
10155,OURENSE,Ourense,42.353,-7.878,139.0,13,ssp370,far_future,rocio_fijo,45.359,149.385,66.308,1314.618,5.308,5.0,61.259,202.615,158.077,114.077,44.307,6.144,4.723
10155,OURENSE,Ourense,42.353,-7.878,139.0,13,ssp370,far_future,hr_fija,45.359,149.385,66.308,1314.618,5.308,5.0,69.632,244.462,197.538,157.462,62.582,6.144,4.723
10155,OURENSE,Ourense,42.353,-7.878,139.0,13,ssp585,near_future,rocio_fijo,41.729,102.0,22.385,826.235,5.308,5.0,57.629,169.154,125.385,83.308,54.233,2.514,2.107
10155,OURENSE,Ourense,42.353,-7.878,139.0,13,ssp585,near_future,hr_fija,41.729,102.0,22.385,826.235,5.308,5.0,60.83,184.231,142.769,101.154,62.582,2.514,2.107
10155,OURENSE,Ourense,42.353,-7.878,139.0,13,ssp585,medium_future,rocio_fijo,43.728,127.385,46.077,1104.094,5.308,5.0,59.628,187.462,143.692,100.0,48.488,4.513,3.685
10155,OURENSE,Ourense,42.353,-7.878,139.0,13,ssp585,medium_future,hr_fija,43.728,127.385,46.077,1104.094,5.308,5.0,65.57,216.462,171.615,131.846,62.582,4.513,3.685
10155,OURENSE,Ourense,42.353,-7.878,139.0,13,ssp585,far_future,rocio_fijo,46.956,169.538,94.615,1633.885,5.308,5.0,62.856,218.538,170.769,127.615,40.604,7.741,6.132
10155,OURENSE,Ourense,42.353,-7.878,139.0,13,ssp585,far_future,hr_fija,46.956,169.538,94.615,1633.885,5.308,5.0,73.818,274.385,223.231,180.308,62.582,7.741,6.132
19039,RIÓS,Ourense,41.98,-7.286,839.0,17,-,hoy,medido,34.83,29.0,1.941,262.522,7.765,8.0,44.047,88.706,49.0,18.471,64.805,,
19039,RIÓS,Ourense,41.98,-7.286,839.0,17,ssp126,near_future,rocio_fijo,37.144,51.765,4.941,417.497,7.765,8.0,46.361,106.765,67.765,30.882,56.555,2.314,1.738
19039,RIÓS,Ourense,41.98,-7.286,839.0,17,ssp126,near_future,hr_fija,37.144,51.765,4.941,417.497,7.765,8.0,48.603,119.235,80.941,43.706,64.805,2.314,1.738
19039,RIÓS,Ourense,41.98,-7.286,839.0,17,ssp126,medium_future,rocio_fijo,37.982,60.529,7.941,502.2,7.765,8.0,47.199,114.294,74.059,36.176,53.865,3.152,2.519
19039,RIÓS,Ourense,41.98,-7.286,839.0,17,ssp126,medium_future,hr_fija,37.982,60.529,7.941,502.2,7.765,8.0,50.285,130.412,92.471,55.235,64.805,3.152,2.519
19039,RIÓS,Ourense,41.98,-7.286,839.0,17,ssp126,far_future,rocio_fijo,38.035,61.118,7.941,500.711,7.765,8.0,47.252,114.647,74.235,36.412,53.699,3.205,2.506
19039,RIÓS,Ourense,41.98,-7.286,839.0,17,ssp126,far_future,hr_fija,38.035,61.118,7.941,500.711,7.765,8.0,50.396,130.882,93.294,55.824,64.805,3.205,2.506
19039,RIÓS,Ourense,41.98,-7.286,839.0,17,ssp245,near_future,rocio_fijo,37.265,53.588,5.647,435.543,7.765,8.0,46.482,107.941,68.647,31.412,56.157,2.435,1.912
19039,RIÓS,Ourense,41.98,-7.286,839.0,17,ssp245,near_future,hr_fija,37.265,53.588,5.647,435.543,7.765,8.0,48.841,120.353,82.412,44.706,64.805,2.435,1.912
19039,RIÓS,Ourense,41.98,-7.286,839.0,17,ssp245,medium_future,rocio_fijo,38.589,67.294,10.176,562.7,7.765,8.0,47.806,118.706,78.941,40.412,52.006,3.759,3.028
19039,RIÓS,Ourense,41.98,-7.286,839.0,17,ssp245,medium_future,hr_fija,38.589,67.294,10.176,562.7,7.765,8.0,51.519,138.765,100.059,62.706,64.805,3.759,3.028
19039,RIÓS,Ourense,41.98,-7.286,839.0,17,ssp245,far_future,rocio_fijo,39.736,80.882,14.588,659.874,7.765,8.0,48.953,127.824,88.294,47.765,48.688,4.906,3.775
19039,RIÓS,Ourense,41.98,-7.286,839.0,17,ssp245,far_future,hr_fija,39.736,80.882,14.588,659.874,7.765,8.0,53.871,153.941,115.353,79.059,64.805,4.906,3.775
19039,RIÓS,Ourense,41.98,-7.286,839.0,17,ssp370,near_future,rocio_fijo,37.366,54.529,5.529,432.503,7.765,8.0,46.583,108.529,69.412,32.235,55.828,2.536,1.883
19039,RIÓS,Ourense,41.98,-7.286,839.0,17,ssp370,near_future,hr_fija,37.366,54.529,5.529,432.503,7.765,8.0,49.043,121.706,83.765,45.941,64.805,2.536,1.883
19039,RIÓS,Ourense,41.98,-7.286,839.0,17,ssp370,medium_future,rocio_fijo,39.166,73.765,12.0,601.905,7.765,8.0,48.383,123.118,83.176,44.176,50.306,4.336,3.339
19039,RIÓS,Ourense,41.98,-7.286,839.0,17,ssp370,medium_future,hr_fija,39.166,73.765,12.0,601.905,7.765,8.0,52.7,146.294,108.118,71.294,64.805,4.336,3.339
19039,RIÓS,Ourense,41.98,-7.286,839.0,17,ssp370,far_future,rocio_fijo,41.331,99.706,24.059,819.761,7.765,8.0,50.548,141.824,100.647,61.353,44.464,6.501,4.886
19039,RIÓS,Ourense,41.98,-7.286,839.0,17,ssp370,far_future,hr_fija,41.331,99.706,24.059,819.761,7.765,8.0,57.363,177.529,137.353,100.412,64.805,6.501,4.886
19039,RIÓS,Ourense,41.98,-7.286,839.0,17,ssp585,near_future,rocio_fijo,37.566,57.235,6.647,465.752,7.765,8.0,46.783,110.294,71.059,33.647,55.182,2.736,2.194
19039,RIÓS,Ourense,41.98,-7.286,839.0,17,ssp585,near_future,hr_fija,37.566,57.235,6.647,465.752,7.765,8.0,49.438,124.0,86.176,48.176,64.805,2.736,2.194
19039,RIÓS,Ourense,41.98,-7.286,839.0,17,ssp585,medium_future,rocio_fijo,39.692,80.235,14.824,666.016,7.765,8.0,48.909,127.294,87.882,47.588,48.811,4.862,3.82
19039,RIÓS,Ourense,41.98,-7.286,839.0,17,ssp585,medium_future,hr_fija,39.692,80.235,14.824,666.016,7.765,8.0,53.777,153.471,114.941,78.412,64.805,4.862,3.82
19039,RIÓS,Ourense,41.98,-7.286,839.0,17,ssp585,far_future,rocio_fijo,42.948,118.294,41.588,1053.412,7.765,8.0,52.165,156.471,113.765,74.059,40.6,8.118,6.311
19039,RIÓS,Ourense,41.98,-7.286,839.0,17,ssp585,far_future,hr_fija,42.948,118.294,41.588,1053.412,7.765,8.0,61.055,204.0,159.176,122.059,64.805,8.118,6.311
10114,RUBIÁ,Ourense,42.463,-6.929,577.0,17,-,hoy,medido,37.81,53.235,1.706,353.722,6.353,8.0,50.479,118.235,77.118,42.235,62.449,,
10114,RUBIÁ,Ourense,42.463,-6.929,577.0,17,ssp126,near_future,rocio_fijo,40.252,80.706,5.059,551.444,6.353,8.0,52.921,135.294,95.529,59.353,54.24,2.442,1.782
10114,RUBIÁ,Ourense,42.463,-6.929,577.0,17,ssp126,near_future,hr_fija,40.252,80.706,5.059,551.444,6.353,8.0,55.712,147.706,111.118,73.059,62.449,2.442,1.782
10114,RUBIÁ,Ourense,42.463,-6.929,577.0,17,ssp126,medium_future,rocio_fijo,41.092,92.0,7.941,656.934,6.353,8.0,53.761,141.647,103.824,64.706,51.704,3.282,2.58
10114,RUBIÁ,Ourense,42.463,-6.929,577.0,17,ssp126,medium_future,hr_fija,41.092,92.0,7.941,656.934,6.353,8.0,57.603,159.765,122.706,84.353,62.449,3.282,2.58
10114,RUBIÁ,Ourense,42.463,-6.929,577.0,17,ssp126,far_future,rocio_fijo,41.042,91.118,7.941,653.171,6.353,8.0,53.711,141.353,103.353,64.235,51.851,3.232,2.553
10114,RUBIÁ,Ourense,42.463,-6.929,577.0,17,ssp126,far_future,hr_fija,41.042,91.118,7.941,653.171,6.353,8.0,57.49,158.706,121.706,83.294,62.449,3.232,2.553
10114,RUBIÁ,Ourense,42.463,-6.929,577.0,17,ssp245,near_future,rocio_fijo,40.409,82.412,5.647,576.79,6.353,8.0,53.078,136.529,97.118,60.176,53.755,2.599,1.982
10114,RUBIÁ,Ourense,42.463,-6.929,577.0,17,ssp245,near_future,hr_fija,40.409,82.412,5.647,576.79,6.353,8.0,56.066,149.647,113.294,74.471,62.449,2.599,1.982
10114,RUBIÁ,Ourense,42.463,-6.929,577.0,17,ssp245,medium_future,rocio_fijo,41.686,98.353,10.882,733.005,6.353,8.0,54.355,146.647,108.882,69.824,49.991,3.876,3.111
10114,RUBIÁ,Ourense,42.463,-6.929,577.0,17,ssp245,medium_future,hr_fija,41.686,98.353,10.882,733.005,6.353,8.0,58.979,167.882,129.706,92.294,62.449,3.876,3.111
10114,RUBIÁ,Ourense,42.463,-6.929,577.0,17,ssp245,far_future,rocio_fijo,42.791,111.647,15.824,844.539,6.353,8.0,55.46,156.118,118.059,76.941,46.972,4.981,3.842
10114,RUBIÁ,Ourense,42.463,-6.929,577.0,17,ssp245,far_future,hr_fija,42.791,111.647,15.824,844.539,6.353,8.0,61.491,183.471,142.941,108.353,62.449,4.981,3.842
10114,RUBIÁ,Ourense,42.463,-6.929,577.0,17,ssp370,near_future,rocio_fijo,40.53,84.412,5.588,570.527,6.353,8.0,53.199,137.412,98.529,60.824,53.385,2.72,1.933
10114,RUBIÁ,Ourense,42.463,-6.929,577.0,17,ssp370,near_future,hr_fija,40.53,84.412,5.588,570.527,6.353,8.0,56.342,151.176,115.118,76.353,62.449,2.72,1.933
10114,RUBIÁ,Ourense,42.463,-6.929,577.0,17,ssp370,medium_future,rocio_fijo,42.294,105.471,12.647,774.307,6.353,8.0,54.963,151.941,113.588,73.471,48.304,4.484,3.388
10114,RUBIÁ,Ourense,42.463,-6.929,577.0,17,ssp370,medium_future,hr_fija,42.294,105.471,12.647,774.307,6.353,8.0,60.407,176.941,136.765,101.0,62.449,4.484,3.388
10114,RUBIÁ,Ourense,42.463,-6.929,577.0,17,ssp370,far_future,rocio_fijo,44.341,130.235,28.529,1032.327,6.353,8.0,57.01,170.529,129.353,88.824,43.079,6.531,4.967
10114,RUBIÁ,Ourense,42.463,-6.929,577.0,17,ssp370,far_future,hr_fija,44.341,130.235,28.529,1032.327,6.353,8.0,65.269,207.353,164.882,129.0,62.449,6.531,4.967
10114,RUBIÁ,Ourense,42.463,-6.929,577.0,17,ssp585,near_future,rocio_fijo,40.879,89.235,6.294,610.418,6.353,8.0,53.548,140.235,101.176,62.941,52.334,3.069,2.239
10114,RUBIÁ,Ourense,42.463,-6.929,577.0,17,ssp585,near_future,hr_fija,40.879,89.235,6.294,610.418,6.353,8.0,57.124,156.059,120.0,81.294,62.449,3.069,2.239
10114,RUBIÁ,Ourense,42.463,-6.929,577.0,17,ssp585,medium_future,rocio_fijo,42.887,112.529,16.353,852.613,6.353,8.0,55.556,157.0,118.706,77.882,46.72,5.077,3.893
10114,RUBIÁ,Ourense,42.463,-6.929,577.0,17,ssp585,medium_future,hr_fija,42.887,112.529,16.353,852.613,6.353,8.0,61.713,184.882,144.0,109.647,62.449,5.077,3.893
10114,RUBIÁ,Ourense,42.463,-6.929,577.0,17,ssp585,far_future,rocio_fijo,46.087,150.529,51.882,1305.563,6.353,8.0,58.756,185.941,141.647,103.824,39.124,8.277,6.417
10114,RUBIÁ,Ourense,42.463,-6.929,577.0,17,ssp585,far_future,hr_fija,46.087,150.529,51.882,1305.563,6.353,8.0,69.736,235.0,190.471,151.176,62.449,8.277,6.417
10117,SAN XOÁN DE RÍO,Ourense,42.394,-7.297,1026.0,17,-,hoy,medido,31.875,9.059,1.0,114.802,5.941,7.0,41.012,57.471,23.824,5.176,75.118,,
10117,SAN XOÁN DE RÍO,Ourense,42.394,-7.297,1026.0,17,ssp126,near_future,rocio_fijo,34.036,20.235,2.294,202.476,5.941,7.0,43.173,73.824,38.294,11.0,65.935,2.161,1.616
10117,SAN XOÁN DE RÍO,Ourense,42.394,-7.297,1026.0,17,ssp126,near_future,hr_fija,34.036,20.235,2.294,202.476,5.941,7.0,45.072,85.353,49.0,18.941,75.118,2.161,1.616
10117,SAN XOÁN DE RÍO,Ourense,42.394,-7.297,1026.0,17,ssp126,medium_future,rocio_fijo,34.854,25.059,3.529,256.586,5.941,7.0,43.991,80.882,43.765,14.235,62.794,2.979,2.369
10117,SAN XOÁN DE RÍO,Ourense,42.394,-7.297,1026.0,17,ssp126,medium_future,hr_fija,34.854,25.059,3.529,256.586,5.941,7.0,46.73,97.294,59.471,26.471,75.118,2.979,2.369
10117,SAN XOÁN DE RÍO,Ourense,42.394,-7.297,1026.0,17,ssp126,far_future,rocio_fijo,34.87,25.176,3.529,254.88,5.941,7.0,44.007,81.059,43.824,14.294,62.735,2.995,2.347
10117,SAN XOÁN DE RÍO,Ourense,42.394,-7.297,1026.0,17,ssp126,far_future,hr_fija,34.87,25.176,3.529,254.88,5.941,7.0,46.764,97.647,59.706,26.647,75.118,2.995,2.347
10117,SAN XOÁN DE RÍO,Ourense,42.394,-7.297,1026.0,17,ssp245,near_future,rocio_fijo,34.143,20.529,2.471,213.885,5.941,7.0,43.28,75.118,38.941,11.588,65.514,2.268,1.785
10117,SAN XOÁN DE RÍO,Ourense,42.394,-7.297,1026.0,17,ssp245,near_future,hr_fija,34.143,20.529,2.471,213.885,5.941,7.0,45.278,86.941,50.353,19.647,75.118,2.268,1.785
10117,SAN XOÁN DE RÍO,Ourense,42.394,-7.297,1026.0,17,ssp245,medium_future,rocio_fijo,35.387,30.529,4.471,296.158,5.941,7.0,44.524,84.412,47.0,16.471,60.839,3.512,2.854
10117,SAN XOÁN DE RÍO,Ourense,42.394,-7.297,1026.0,17,ssp245,medium_future,hr_fija,35.387,30.529,4.471,296.158,5.941,7.0,47.808,105.529,67.471,31.882,75.118,3.512,2.854
10117,SAN XOÁN DE RÍO,Ourense,42.394,-7.297,1026.0,17,ssp245,far_future,rocio_fijo,36.495,41.471,6.588,359.28,5.941,7.0,45.632,94.118,54.706,21.941,56.989,4.62,3.551
10117,SAN XOÁN DE RÍO,Ourense,42.394,-7.297,1026.0,17,ssp245,far_future,hr_fija,36.495,41.471,6.588,359.28,5.941,7.0,50.046,121.529,80.706,46.588,75.118,4.62,3.551
10117,SAN XOÁN DE RÍO,Ourense,42.394,-7.297,1026.0,17,ssp370,near_future,rocio_fijo,34.231,21.353,2.412,210.959,5.941,7.0,43.368,76.0,39.882,12.0,65.17,2.356,1.742
10117,SAN XOÁN DE RÍO,Ourense,42.394,-7.297,1026.0,17,ssp370,near_future,hr_fija,34.231,21.353,2.412,210.959,5.941,7.0,45.448,88.353,51.118,20.529,75.118,2.356,1.742
10117,SAN XOÁN DE RÍO,Ourense,42.394,-7.297,1026.0,17,ssp370,medium_future,rocio_fijo,35.886,35.353,5.353,319.036,5.941,7.0,45.023,88.824,50.176,19.0,59.07,4.011,3.117
10117,SAN XOÁN DE RÍO,Ourense,42.394,-7.297,1026.0,17,ssp370,medium_future,hr_fija,35.886,35.353,5.353,319.036,5.941,7.0,48.76,112.529,73.176,39.412,75.118,4.011,3.117
10117,SAN XOÁN DE RÍO,Ourense,42.394,-7.297,1026.0,17,ssp370,far_future,rocio_fijo,37.938,56.0,11.294,468.878,5.941,7.0,47.075,107.588,66.647,29.471,52.381,6.063,4.591
10117,SAN XOÁN DE RÍO,Ourense,42.394,-7.297,1026.0,17,ssp370,far_future,hr_fija,37.938,56.0,11.294,468.878,5.941,7.0,53.087,143.529,101.176,65.882,75.118,6.063,4.591
10117,SAN XOÁN DE RÍO,Ourense,42.394,-7.297,1026.0,17,ssp585,near_future,rocio_fijo,34.452,23.118,2.824,231.34,5.941,7.0,43.589,77.353,41.059,12.824,64.316,2.577,2.032
10117,SAN XOÁN DE RÍO,Ourense,42.394,-7.297,1026.0,17,ssp585,near_future,hr_fija,34.452,23.118,2.824,231.34,5.941,7.0,45.884,92.176,54.0,22.647,75.118,2.577,2.032
10117,SAN XOÁN DE RÍO,Ourense,42.394,-7.297,1026.0,17,ssp585,medium_future,rocio_fijo,36.398,40.235,6.706,362.372,5.941,7.0,45.535,93.471,53.706,21.235,57.315,4.523,3.583
10117,SAN XOÁN DE RÍO,Ourense,42.394,-7.297,1026.0,17,ssp585,medium_future,hr_fija,36.398,40.235,6.706,362.372,5.941,7.0,49.847,119.941,79.529,45.353,75.118,4.523,3.583
10117,SAN XOÁN DE RÍO,Ourense,42.394,-7.297,1026.0,17,ssp585,far_future,rocio_fijo,39.478,75.176,21.529,642.068,5.941,7.0,48.615,121.882,77.412,41.235,47.92,7.603,5.953
10117,SAN XOÁN DE RÍO,Ourense,42.394,-7.297,1026.0,17,ssp585,far_future,hr_fija,39.478,75.176,21.529,642.068,5.941,7.0,56.503,165.059,123.882,85.118,75.118,7.603,5.953
10058,VERÍN,Ourense,41.974,-7.399,546.0,17,-,hoy,medido,37.18,51.765,1.0,353.66,6.294,7.0,49.627,115.647,77.765,42.529,63.385,,
10058,VERÍN,Ourense,41.974,-7.399,546.0,17,ssp126,near_future,rocio_fijo,39.539,78.294,4.235,544.346,6.294,7.0,51.986,135.176,95.529,58.882,55.312,2.359,1.716
10058,VERÍN,Ourense,41.974,-7.399,546.0,17,ssp126,near_future,hr_fija,39.539,78.294,4.235,544.346,6.294,7.0,54.604,148.412,108.529,73.353,63.385,2.359,1.716
10058,VERÍN,Ourense,41.974,-7.399,546.0,17,ssp126,medium_future,rocio_fijo,40.407,89.529,6.471,647.655,6.294,7.0,52.854,142.588,103.471,64.529,52.639,3.227,2.496
10058,VERÍN,Ourense,41.974,-7.399,546.0,17,ssp126,medium_future,hr_fija,40.407,89.529,6.471,647.655,6.294,7.0,56.505,159.647,120.647,83.941,63.385,3.227,2.496
10058,VERÍN,Ourense,41.974,-7.399,546.0,17,ssp126,far_future,rocio_fijo,40.446,89.941,6.412,645.856,6.294,7.0,52.893,142.941,103.588,64.882,52.523,3.266,2.483
10058,VERÍN,Ourense,41.974,-7.399,546.0,17,ssp126,far_future,hr_fija,40.446,89.941,6.412,645.856,6.294,7.0,56.591,160.176,121.294,84.529,63.385,3.266,2.483
10058,VERÍN,Ourense,41.974,-7.399,546.0,17,ssp245,near_future,rocio_fijo,39.654,79.941,4.765,566.725,6.294,7.0,52.101,136.588,96.412,59.588,54.95,2.474,1.891
10058,VERÍN,Ourense,41.974,-7.399,546.0,17,ssp245,near_future,hr_fija,39.654,79.941,4.765,566.725,6.294,7.0,54.854,150.294,109.824,74.647,63.385,2.474,1.891
10058,VERÍN,Ourense,41.974,-7.399,546.0,17,ssp245,medium_future,rocio_fijo,41.006,95.412,9.647,719.415,6.294,7.0,53.453,148.118,106.765,69.706,50.88,3.826,3.001
10058,VERÍN,Ourense,41.974,-7.399,546.0,17,ssp245,medium_future,hr_fija,41.006,95.412,9.647,719.415,6.294,7.0,57.841,167.647,129.353,93.0,63.385,3.826,3.001
10058,VERÍN,Ourense,41.974,-7.399,546.0,17,ssp245,far_future,rocio_fijo,42.19,111.0,15.353,831.929,6.294,7.0,54.637,157.706,115.647,77.824,47.594,5.01,3.74
10058,VERÍN,Ourense,41.974,-7.399,546.0,17,ssp245,far_future,hr_fija,42.19,111.0,15.353,831.929,6.294,7.0,60.545,184.294,145.824,107.882,63.385,5.01,3.74
10058,VERÍN,Ourense,41.974,-7.399,546.0,17,ssp370,near_future,rocio_fijo,39.761,80.882,4.706,562.724,6.294,7.0,52.208,136.882,97.412,60.118,54.614,2.581,1.86
10058,VERÍN,Ourense,41.974,-7.399,546.0,17,ssp370,near_future,hr_fija,39.761,80.882,4.706,562.724,6.294,7.0,55.086,151.647,111.529,76.176,63.385,2.581,1.86
10058,VERÍN,Ourense,41.974,-7.399,546.0,17,ssp370,medium_future,rocio_fijo,41.568,102.412,11.824,764.516,6.294,7.0,54.015,152.824,110.588,74.118,49.289,4.388,3.304
10058,VERÍN,Ourense,41.974,-7.399,546.0,17,ssp370,medium_future,hr_fija,41.568,102.412,11.824,764.516,6.294,7.0,59.098,175.412,136.882,100.529,63.385,4.388,3.304
10058,VERÍN,Ourense,41.974,-7.399,546.0,17,ssp370,far_future,rocio_fijo,43.795,129.353,28.235,1015.174,6.294,7.0,56.242,169.824,128.882,90.176,43.516,6.615,4.836
10058,VERÍN,Ourense,41.974,-7.399,546.0,17,ssp370,far_future,hr_fija,43.795,129.353,28.235,1015.174,6.294,7.0,64.34,210.529,167.294,130.235,63.385,6.615,4.836
10058,VERÍN,Ourense,41.974,-7.399,546.0,17,ssp585,near_future,rocio_fijo,39.972,83.824,5.412,603.099,6.294,7.0,52.419,138.824,99.588,61.882,53.96,2.792,2.168
10058,VERÍN,Ourense,41.974,-7.399,546.0,17,ssp585,near_future,hr_fija,39.972,83.824,5.412,603.099,6.294,7.0,55.547,154.412,114.294,78.529,63.385,2.792,2.168
10058,VERÍN,Ourense,41.974,-7.399,546.0,17,ssp585,medium_future,rocio_fijo,42.111,109.941,15.647,838.43,6.294,7.0,54.558,157.235,115.235,77.294,47.805,4.931,3.781
10058,VERÍN,Ourense,41.974,-7.399,546.0,17,ssp585,medium_future,hr_fija,42.111,109.941,15.647,838.43,6.294,7.0,60.357,183.235,144.647,107.235,63.385,4.931,3.781
10058,VERÍN,Ourense,41.974,-7.399,546.0,17,ssp585,far_future,rocio_fijo,45.468,149.882,52.294,1283.238,6.294,7.0,57.915,185.294,143.235,103.588,39.68,8.288,6.261
10058,VERÍN,Ourense,41.974,-7.399,546.0,17,ssp585,far_future,hr_fija,45.468,149.882,52.294,1283.238,6.294,7.0,68.424,236.235,192.118,153.706,63.385,8.288,6.261
10500,VERÍN,Ourense,41.953,-7.439,392.0,17,-,hoy,medido,38.212,61.0,0.0,280.321,4.471,7.0,55.591,136.588,100.588,66.353,68.908,,
10500,VERÍN,Ourense,41.953,-7.439,392.0,17,ssp126,near_future,rocio_fijo,40.602,88.765,0.294,458.631,4.471,7.0,57.981,155.412,118.412,82.235,60.098,2.39,1.741
10500,VERÍN,Ourense,41.953,-7.439,392.0,17,ssp126,near_future,hr_fija,40.602,88.765,0.294,458.631,4.471,7.0,61.073,168.235,131.353,98.176,68.908,2.39,1.741
10500,VERÍN,Ourense,41.953,-7.439,392.0,17,ssp126,medium_future,rocio_fijo,41.483,100.647,0.824,556.702,4.471,7.0,58.862,161.824,124.765,88.529,57.177,3.271,2.531
10500,VERÍN,Ourense,41.953,-7.439,392.0,17,ssp126,medium_future,hr_fija,41.483,100.647,0.824,556.702,4.471,7.0,63.208,181.059,144.294,109.647,68.908,3.271,2.531
10500,VERÍN,Ourense,41.953,-7.439,392.0,17,ssp126,far_future,rocio_fijo,41.52,101.235,0.765,555.134,4.471,7.0,58.899,162.0,124.941,88.706,57.058,3.308,2.519
10500,VERÍN,Ourense,41.953,-7.439,392.0,17,ssp126,far_future,hr_fija,41.52,101.235,0.765,555.134,4.471,7.0,63.298,182.059,144.941,110.235,68.908,3.308,2.519
10500,VERÍN,Ourense,41.953,-7.439,392.0,17,ssp245,near_future,rocio_fijo,40.733,90.412,0.471,480.37,4.471,7.0,58.112,156.353,119.353,83.235,59.653,2.521,1.923
10500,VERÍN,Ourense,41.953,-7.439,392.0,17,ssp245,near_future,hr_fija,40.733,90.412,0.471,480.37,4.471,7.0,61.391,170.0,132.647,99.118,68.908,2.521,1.923
10500,VERÍN,Ourense,41.953,-7.439,392.0,17,ssp245,medium_future,rocio_fijo,42.092,108.235,1.529,625.877,4.471,7.0,59.471,166.471,129.059,92.824,55.251,3.88,3.045
10500,VERÍN,Ourense,41.953,-7.439,392.0,17,ssp245,medium_future,hr_fija,42.092,108.235,1.529,625.877,4.471,7.0,64.693,190.941,151.059,117.471,68.908,3.88,3.045
10500,VERÍN,Ourense,41.953,-7.439,392.0,17,ssp245,far_future,rocio_fijo,43.283,121.471,3.235,734.0,4.471,7.0,60.662,176.882,137.294,101.235,51.694,5.071,3.791
10500,VERÍN,Ourense,41.953,-7.439,392.0,17,ssp245,far_future,hr_fija,43.283,121.471,3.235,734.0,4.471,7.0,67.766,207.765,167.0,132.294,68.908,5.071,3.791
10500,VERÍN,Ourense,41.953,-7.439,392.0,17,ssp370,near_future,rocio_fijo,40.844,92.0,0.471,476.754,4.471,7.0,58.223,157.059,120.294,84.059,59.279,2.632,1.893
10500,VERÍN,Ourense,41.953,-7.439,392.0,17,ssp370,near_future,hr_fija,40.844,92.0,0.471,476.754,4.471,7.0,61.662,171.647,134.588,100.706,68.908,2.632,1.893
10500,VERÍN,Ourense,41.953,-7.439,392.0,17,ssp370,medium_future,rocio_fijo,42.659,113.882,2.235,669.26,4.471,7.0,60.038,171.529,132.647,97.588,53.524,4.447,3.352
10500,VERÍN,Ourense,41.953,-7.439,392.0,17,ssp370,medium_future,hr_fija,42.659,113.882,2.235,669.26,4.471,7.0,66.115,198.765,158.118,124.824,68.908,4.447,3.352
10500,VERÍN,Ourense,41.953,-7.439,392.0,17,ssp370,far_future,rocio_fijo,44.93,142.176,8.176,911.797,4.471,7.0,62.309,192.059,150.529,113.765,47.193,6.718,4.902
10500,VERÍN,Ourense,41.953,-7.439,392.0,17,ssp370,far_future,hr_fija,44.93,142.176,8.176,911.797,4.471,7.0,72.187,233.529,191.765,153.765,68.908,6.718,4.902
10500,VERÍN,Ourense,41.953,-7.439,392.0,17,ssp585,near_future,rocio_fijo,41.071,94.588,0.647,514.876,4.471,7.0,58.45,158.882,122.176,85.882,58.522,2.859,2.204
10500,VERÍN,Ourense,41.953,-7.439,392.0,17,ssp585,near_future,hr_fija,41.071,94.588,0.647,514.876,4.471,7.0,62.218,174.941,137.471,103.471,68.908,2.859,2.204
10500,VERÍN,Ourense,41.953,-7.439,392.0,17,ssp585,medium_future,rocio_fijo,43.221,120.882,3.471,740.659,4.471,7.0,60.6,176.412,136.765,100.765,51.873,5.009,3.835
10500,VERÍN,Ourense,41.953,-7.439,392.0,17,ssp585,medium_future,hr_fija,43.221,120.882,3.471,740.659,4.471,7.0,67.607,206.824,166.0,131.353,68.908,5.009,3.835
10500,VERÍN,Ourense,41.953,-7.439,392.0,17,ssp585,far_future,rocio_fijo,46.639,161.941,19.588,1175.623,4.471,7.0,64.018,207.294,163.059,125.412,42.986,8.427,6.35
10500,VERÍN,Ourense,41.953,-7.439,392.0,17,ssp585,far_future,hr_fija,46.639,161.941,19.588,1175.623,4.471,7.0,77.036,263.882,217.0,178.529,68.908,8.427,6.35
10116,VIANA DO BOLO,Ourense,42.163,-7.09,851.0,17,-,hoy,medido,34.46,28.647,0.118,167.96,7.176,7.0,46.451,91.941,56.235,26.0,69.355,,
10116,VIANA DO BOLO,Ourense,42.163,-7.09,851.0,17,ssp126,near_future,rocio_fijo,36.723,49.118,0.353,294.977,7.176,7.0,48.714,109.059,72.882,37.824,60.719,2.263,1.699
10116,VIANA DO BOLO,Ourense,42.163,-7.09,851.0,17,ssp126,near_future,hr_fija,36.723,49.118,0.353,294.977,7.176,7.0,51.122,120.0,85.412,50.824,69.355,2.263,1.699
10116,VIANA DO BOLO,Ourense,42.163,-7.09,851.0,17,ssp126,medium_future,rocio_fijo,37.503,57.647,0.706,368.089,7.176,7.0,49.494,114.765,78.647,43.0,58.029,3.043,2.473
10116,VIANA DO BOLO,Ourense,42.163,-7.09,851.0,17,ssp126,medium_future,hr_fija,37.503,57.647,0.706,368.089,7.176,7.0,52.829,129.235,94.235,60.529,69.355,3.043,2.473
10116,VIANA DO BOLO,Ourense,42.163,-7.09,851.0,17,ssp126,far_future,rocio_fijo,37.537,57.824,0.706,366.258,7.176,7.0,49.528,115.0,78.765,43.176,57.914,3.077,2.455
10116,VIANA DO BOLO,Ourense,42.163,-7.09,851.0,17,ssp126,far_future,hr_fija,37.537,57.824,0.706,366.258,7.176,7.0,52.905,129.824,94.706,60.706,69.355,3.077,2.455
10116,VIANA DO BOLO,Ourense,42.163,-7.09,851.0,17,ssp245,near_future,rocio_fijo,36.853,50.353,0.412,309.589,7.176,7.0,48.844,110.0,73.588,38.941,60.261,2.393,1.864
10116,VIANA DO BOLO,Ourense,42.163,-7.09,851.0,17,ssp245,near_future,hr_fija,36.853,50.353,0.412,309.589,7.176,7.0,51.398,121.294,86.882,52.471,69.355,2.393,1.864
10116,VIANA DO BOLO,Ourense,42.163,-7.09,851.0,17,ssp245,medium_future,rocio_fijo,38.135,65.176,1.059,421.33,7.176,7.0,50.126,119.765,83.294,47.059,55.947,3.675,2.973
10116,VIANA DO BOLO,Ourense,42.163,-7.09,851.0,17,ssp245,medium_future,hr_fija,38.135,65.176,1.059,421.33,7.176,7.0,54.25,137.882,102.471,68.882,69.355,3.675,2.973
10116,VIANA DO BOLO,Ourense,42.163,-7.09,851.0,17,ssp245,far_future,rocio_fijo,39.175,77.235,1.941,508.102,7.176,7.0,51.166,126.059,90.0,54.0,52.703,4.715,3.707
10116,VIANA DO BOLO,Ourense,42.163,-7.09,851.0,17,ssp245,far_future,hr_fija,39.175,77.235,1.941,508.102,7.176,7.0,56.609,152.706,115.588,82.412,69.355,4.715,3.707
10116,VIANA DO BOLO,Ourense,42.163,-7.09,851.0,17,ssp370,near_future,rocio_fijo,36.943,51.412,0.353,306.176,7.176,7.0,48.934,110.588,74.353,39.294,59.946,2.483,1.826
10116,VIANA DO BOLO,Ourense,42.163,-7.09,851.0,17,ssp370,near_future,hr_fija,36.943,51.412,0.353,306.176,7.176,7.0,51.597,122.294,87.941,53.647,69.355,2.483,1.826
10116,VIANA DO BOLO,Ourense,42.163,-7.09,851.0,17,ssp370,medium_future,rocio_fijo,38.698,71.647,1.412,454.891,7.176,7.0,50.689,122.706,87.0,51.059,54.164,4.238,3.267
10116,VIANA DO BOLO,Ourense,42.163,-7.09,851.0,17,ssp370,medium_future,hr_fija,38.698,71.647,1.412,454.891,7.176,7.0,55.522,145.941,109.588,76.529,69.355,4.238,3.267
10116,VIANA DO BOLO,Ourense,42.163,-7.09,851.0,17,ssp370,far_future,rocio_fijo,40.704,94.529,5.647,655.167,7.176,7.0,52.695,140.0,101.353,65.353,48.311,6.244,4.806
10116,VIANA DO BOLO,Ourense,42.163,-7.09,851.0,17,ssp370,far_future,hr_fija,40.704,94.529,5.647,655.167,7.176,7.0,60.139,175.176,134.647,100.706,69.355,6.244,4.806
10116,VIANA DO BOLO,Ourense,42.163,-7.09,851.0,17,ssp585,near_future,rocio_fijo,37.163,54.235,0.412,334.032,7.176,7.0,49.154,112.353,76.118,40.824,59.184,2.703,2.128
10116,VIANA DO BOLO,Ourense,42.163,-7.09,851.0,17,ssp585,near_future,hr_fija,37.163,54.235,0.412,334.032,7.176,7.0,52.071,124.353,90.471,56.0,69.355,2.703,2.128
10116,VIANA DO BOLO,Ourense,42.163,-7.09,851.0,17,ssp585,medium_future,rocio_fijo,39.227,77.647,1.941,512.719,7.176,7.0,51.218,126.529,90.647,54.412,52.546,4.767,3.744
10116,VIANA DO BOLO,Ourense,42.163,-7.09,851.0,17,ssp585,medium_future,hr_fija,39.227,77.647,1.941,512.719,7.176,7.0,56.728,153.176,116.118,82.941,69.355,4.767,3.744
10116,VIANA DO BOLO,Ourense,42.163,-7.09,851.0,17,ssp585,far_future,rocio_fijo,42.291,114.824,15.647,870.396,7.176,7.0,54.282,153.824,113.294,76.941,44.185,7.831,6.199
10116,VIANA DO BOLO,Ourense,42.163,-7.09,851.0,17,ssp585,far_future,hr_fija,42.291,114.824,15.647,870.396,7.176,7.0,64.016,199.412,156.412,120.588,69.355,7.831,6.199
19073,VILAMARTÍN DE VALDEORRAS,Ourense,42.42,-7.027,408.0,14,-,hoy,medido,39.349,64.857,1.714,452.844,5.143,9.0,53.702,128.0,92.286,58.286,61.11,,
19073,VILAMARTÍN DE VALDEORRAS,Ourense,42.42,-7.027,408.0,14,ssp126,near_future,rocio_fijo,41.699,92.071,7.0,665.191,5.143,9.0,56.052,146.5,109.429,73.286,53.449,2.35,1.73
19073,VILAMARTÍN DE VALDEORRAS,Ourense,42.42,-7.027,408.0,14,ssp126,near_future,hr_fija,41.699,92.071,7.0,665.191,5.143,9.0,58.761,159.071,121.429,87.286,61.11,2.35,1.73
19073,VILAMARTÍN DE VALDEORRAS,Ourense,42.42,-7.027,408.0,14,ssp126,medium_future,rocio_fijo,42.514,101.071,12.571,776.025,5.143,9.0,56.867,153.286,115.786,78.714,51.051,3.165,2.511
19073,VILAMARTÍN DE VALDEORRAS,Ourense,42.42,-7.027,408.0,14,ssp126,medium_future,hr_fija,42.514,101.071,12.571,776.025,5.143,9.0,60.619,168.857,132.286,97.429,61.11,3.165,2.511
19073,VILAMARTÍN DE VALDEORRAS,Ourense,42.42,-7.027,408.0,14,ssp126,far_future,rocio_fijo,42.497,100.786,12.214,772.337,5.143,9.0,56.85,153.0,115.5,78.357,51.1,3.148,2.486
19073,VILAMARTÍN DE VALDEORRAS,Ourense,42.42,-7.027,408.0,14,ssp126,far_future,hr_fija,42.497,100.786,12.214,772.337,5.143,9.0,60.578,168.5,132.214,97.286,61.11,3.148,2.486
19073,VILAMARTÍN DE VALDEORRAS,Ourense,42.42,-7.027,408.0,14,ssp245,near_future,rocio_fijo,41.84,94.0,7.786,690.939,5.143,9.0,56.193,148.143,110.214,74.357,53.026,2.491,1.918
19073,VILAMARTÍN DE VALDEORRAS,Ourense,42.42,-7.027,408.0,14,ssp245,near_future,hr_fija,41.84,94.0,7.786,690.939,5.143,9.0,59.073,161.071,122.857,88.857,61.11,2.491,1.918
19073,VILAMARTÍN DE VALDEORRAS,Ourense,42.42,-7.027,408.0,14,ssp245,medium_future,rocio_fijo,43.106,107.5,17.286,853.926,5.143,9.0,57.459,158.214,119.643,83.214,49.385,3.757,3.027
19073,VILAMARTÍN DE VALDEORRAS,Ourense,42.42,-7.027,408.0,14,ssp245,medium_future,hr_fija,43.106,107.5,17.286,853.926,5.143,9.0,61.991,177.5,140.071,104.571,61.11,3.757,3.027
19073,VILAMARTÍN DE VALDEORRAS,Ourense,42.42,-7.027,408.0,14,ssp245,far_future,rocio_fijo,44.188,119.286,25.714,969.088,5.143,9.0,58.541,166.714,126.429,90.929,46.496,4.839,3.749
19073,VILAMARTÍN DE VALDEORRAS,Ourense,42.42,-7.027,408.0,14,ssp245,far_future,hr_fija,44.188,119.286,25.714,969.088,5.143,9.0,64.508,192.143,154.5,118.643,61.11,4.839,3.749
19073,VILAMARTÍN DE VALDEORRAS,Ourense,42.42,-7.027,408.0,14,ssp370,near_future,rocio_fijo,41.955,94.929,7.643,684.578,5.143,9.0,56.308,148.929,110.786,75.0,52.683,2.606,1.872
19073,VILAMARTÍN DE VALDEORRAS,Ourense,42.42,-7.027,408.0,14,ssp370,near_future,hr_fija,41.955,94.929,7.643,684.578,5.143,9.0,59.351,162.286,124.5,90.571,61.11,2.606,1.872
19073,VILAMARTÍN DE VALDEORRAS,Ourense,42.42,-7.027,408.0,14,ssp370,medium_future,rocio_fijo,43.689,113.214,20.714,897.332,5.143,9.0,58.042,162.429,122.857,87.714,47.804,4.34,3.304
19073,VILAMARTÍN DE VALDEORRAS,Ourense,42.42,-7.027,408.0,14,ssp370,medium_future,hr_fija,43.689,113.214,20.714,897.332,5.143,9.0,63.336,186.286,147.786,112.571,61.11,4.34,3.304
19073,VILAMARTÍN DE VALDEORRAS,Ourense,42.42,-7.027,408.0,14,ssp370,far_future,rocio_fijo,45.706,135.214,42.0,1160.362,5.143,9.0,60.059,179.286,139.143,102.214,42.76,6.357,4.849
19073,VILAMARTÍN DE VALDEORRAS,Ourense,42.42,-7.027,408.0,14,ssp370,far_future,hr_fija,45.706,135.214,42.0,1160.362,5.143,9.0,68.127,214.786,174.571,138.643,61.11,6.357,4.849
19073,VILAMARTÍN DE VALDEORRAS,Ourense,42.42,-7.027,408.0,14,ssp585,near_future,rocio_fijo,42.245,97.929,9.714,727.277,5.143,9.0,56.598,151.214,112.857,76.643,51.829,2.896,2.176
19073,VILAMARTÍN DE VALDEORRAS,Ourense,42.42,-7.027,408.0,14,ssp585,near_future,hr_fija,42.245,97.929,9.714,727.277,5.143,9.0,60.009,165.714,128.214,94.357,61.11,2.896,2.176
19073,VILAMARTÍN DE VALDEORRAS,Ourense,42.42,-7.027,408.0,14,ssp585,medium_future,rocio_fijo,44.243,120.571,26.357,976.83,5.143,9.0,58.596,167.0,127.143,91.5,46.354,4.894,3.796
19073,VILAMARTÍN DE VALDEORRAS,Ourense,42.42,-7.027,408.0,14,ssp585,medium_future,hr_fija,44.243,120.571,26.357,976.83,5.143,9.0,64.64,193.429,154.857,119.214,61.11,4.894,3.796
19073,VILAMARTÍN DE VALDEORRAS,Ourense,42.42,-7.027,408.0,14,ssp585,far_future,rocio_fijo,47.361,154.714,66.786,1439.2,5.143,9.0,61.714,193.071,151.929,113.857,39.068,8.012,6.267
19073,VILAMARTÍN DE VALDEORRAS,Ourense,42.42,-7.027,408.0,14,ssp585,far_future,hr_fija,47.361,154.714,66.786,1439.2,5.143,9.0,72.311,242.143,197.786,160.429,61.11,8.012,6.267
19040,VILARDEVÓS,Ourense,41.898,-7.188,778.0,17,-,hoy,medido,34.645,27.412,2.647,310.971,7.176,8.0,43.882,83.353,43.0,14.765,61.456,,
19040,VILARDEVÓS,Ourense,41.898,-7.188,778.0,17,ssp126,near_future,rocio_fijo,36.996,50.765,7.353,484.252,7.176,8.0,46.233,103.706,60.471,26.353,53.523,2.351,1.761
19040,VILARDEVÓS,Ourense,41.898,-7.188,778.0,17,ssp126,near_future,hr_fija,36.996,50.765,7.353,484.252,7.176,8.0,48.288,115.824,73.882,36.941,61.456,2.351,1.761
19040,VILARDEVÓS,Ourense,41.898,-7.188,778.0,17,ssp126,medium_future,rocio_fijo,37.852,59.294,12.059,578.5,7.176,8.0,47.089,110.765,67.059,30.588,50.927,3.207,2.557
19040,VILARDEVÓS,Ourense,41.898,-7.188,778.0,17,ssp126,medium_future,hr_fija,37.852,59.294,12.059,578.5,7.176,8.0,49.981,126.941,87.412,47.588,61.456,3.207,2.557
19040,VILARDEVÓS,Ourense,41.898,-7.188,778.0,17,ssp126,far_future,rocio_fijo,37.89,59.765,12.0,577.003,7.176,8.0,47.127,111.235,67.294,31.0,50.815,3.245,2.545
19040,VILARDEVÓS,Ourense,41.898,-7.188,778.0,17,ssp126,far_future,hr_fija,37.89,59.765,12.0,577.003,7.176,8.0,50.062,127.706,87.882,48.294,61.456,3.245,2.545
19040,VILARDEVÓS,Ourense,41.898,-7.188,778.0,17,ssp245,near_future,rocio_fijo,37.112,51.353,8.588,503.74,7.176,8.0,46.349,104.412,61.647,26.882,53.163,2.467,1.933
19040,VILARDEVÓS,Ourense,41.898,-7.188,778.0,17,ssp245,near_future,hr_fija,37.112,51.353,8.588,503.74,7.176,8.0,48.511,117.647,75.647,38.118,61.456,2.467,1.933
19040,VILARDEVÓS,Ourense,41.898,-7.188,778.0,17,ssp245,medium_future,rocio_fijo,38.459,66.118,14.882,644.479,7.176,8.0,47.696,116.0,72.294,34.882,49.172,3.814,3.068
19040,VILARDEVÓS,Ourense,41.898,-7.188,778.0,17,ssp245,medium_future,hr_fija,38.459,66.118,14.882,644.479,7.176,8.0,51.199,136.0,95.706,56.235,61.456,3.814,3.068
19040,VILARDEVÓS,Ourense,41.898,-7.188,778.0,17,ssp245,far_future,rocio_fijo,39.628,80.0,21.412,750.093,7.176,8.0,48.865,125.529,83.235,42.824,45.981,4.983,3.831
19040,VILARDEVÓS,Ourense,41.898,-7.188,778.0,17,ssp245,far_future,hr_fija,39.628,80.0,21.412,750.093,7.176,8.0,53.627,151.529,111.824,71.647,61.456,4.983,3.831
19040,VILARDEVÓS,Ourense,41.898,-7.188,778.0,17,ssp370,near_future,rocio_fijo,37.218,52.294,8.471,500.198,7.176,8.0,46.455,105.118,62.471,27.118,52.836,2.573,1.902
19040,VILARDEVÓS,Ourense,41.898,-7.188,778.0,17,ssp370,near_future,hr_fija,37.218,52.294,8.471,500.198,7.176,8.0,48.715,119.235,77.294,39.706,61.456,2.573,1.902
19040,VILARDEVÓS,Ourense,41.898,-7.188,778.0,17,ssp370,medium_future,rocio_fijo,39.041,72.824,17.647,687.518,7.176,8.0,48.278,120.882,78.0,38.882,47.553,4.396,3.386
19040,VILARDEVÓS,Ourense,41.898,-7.188,778.0,17,ssp370,medium_future,hr_fija,39.041,72.824,17.647,687.518,7.176,8.0,52.381,143.647,104.176,64.0,61.456,4.396,3.386
19040,VILARDEVÓS,Ourense,41.898,-7.188,778.0,17,ssp370,far_future,rocio_fijo,41.244,99.882,34.824,922.265,7.176,8.0,50.481,139.706,97.176,55.529,41.948,6.599,4.957
19040,VILARDEVÓS,Ourense,41.898,-7.188,778.0,17,ssp370,far_future,hr_fija,41.244,99.882,34.824,922.265,7.176,8.0,57.052,175.353,134.176,96.471,61.456,6.599,4.957
19040,VILARDEVÓS,Ourense,41.898,-7.188,778.0,17,ssp585,near_future,rocio_fijo,37.42,54.471,10.353,536.754,7.176,8.0,46.657,107.0,64.0,27.941,52.219,2.775,2.216
19040,VILARDEVÓS,Ourense,41.898,-7.188,778.0,17,ssp585,near_future,hr_fija,37.42,54.471,10.353,536.754,7.176,8.0,49.105,121.471,80.529,42.294,61.456,2.775,2.216
19040,VILARDEVÓS,Ourense,41.898,-7.188,778.0,17,ssp585,medium_future,rocio_fijo,39.568,79.118,21.941,755.13,7.176,8.0,48.805,124.588,83.0,42.235,46.139,4.923,3.866
19040,VILARDEVÓS,Ourense,41.898,-7.188,778.0,17,ssp585,medium_future,hr_fija,39.568,79.118,21.941,755.13,7.176,8.0,53.501,150.647,111.0,70.765,61.456,4.923,3.866
19040,VILARDEVÓS,Ourense,41.898,-7.188,778.0,17,ssp585,far_future,rocio_fijo,42.908,120.882,57.471,1172.008,7.176,8.0,52.145,153.824,111.353,67.529,38.207,8.263,6.406
19040,VILARDEVÓS,Ourense,41.898,-7.188,778.0,17,ssp585,far_future,hr_fija,42.908,120.882,57.471,1172.008,7.176,8.0,60.786,202.176,157.588,118.647,61.456,8.263,6.406
10048,VILARIÑO DE CONSO,Ourense,42.12,-7.345,1026.0,17,-,hoy,medido,33.96,22.235,0.0,136.514,8.294,9.0,42.879,78.588,42.176,12.412,65.668,,
10048,VILARIÑO DE CONSO,Ourense,42.12,-7.345,1026.0,17,ssp126,near_future,rocio_fijo,36.132,43.706,0.294,239.652,8.294,9.0,45.051,95.529,57.706,23.176,57.732,2.172,1.678
10048,VILARIÑO DE CONSO,Ourense,42.12,-7.345,1026.0,17,ssp126,near_future,hr_fija,36.132,43.706,0.294,239.652,8.294,9.0,46.946,106.941,68.941,34.353,65.668,2.172,1.678
10048,VILARIÑO DE CONSO,Ourense,42.12,-7.345,1026.0,17,ssp126,medium_future,rocio_fijo,36.907,50.765,0.941,300.162,8.294,9.0,45.826,101.353,63.235,28.118,55.166,2.947,2.456
10048,VILARIÑO DE CONSO,Ourense,42.12,-7.345,1026.0,17,ssp126,medium_future,hr_fija,36.907,50.765,0.941,300.162,8.294,9.0,48.509,115.882,79.588,44.882,65.668,2.947,2.456
10048,VILARIÑO DE CONSO,Ourense,42.12,-7.345,1026.0,17,ssp126,far_future,rocio_fijo,36.974,51.176,0.941,299.084,8.294,9.0,45.893,101.765,63.941,28.471,54.95,3.014,2.443
10048,VILARIÑO DE CONSO,Ourense,42.12,-7.345,1026.0,17,ssp126,far_future,hr_fija,36.974,51.176,0.941,299.084,8.294,9.0,48.643,116.706,80.412,45.647,65.668,3.014,2.443
10048,VILARIÑO DE CONSO,Ourense,42.12,-7.345,1026.0,17,ssp245,near_future,rocio_fijo,36.179,44.235,0.412,250.898,8.294,9.0,45.098,96.0,57.941,23.882,57.572,2.219,1.831
10048,VILARIÑO DE CONSO,Ourense,42.12,-7.345,1026.0,17,ssp245,near_future,hr_fija,36.179,44.235,0.412,250.898,8.294,9.0,47.033,107.471,69.647,34.647,65.668,2.219,1.831
10048,VILARIÑO DE CONSO,Ourense,42.12,-7.345,1026.0,17,ssp245,medium_future,rocio_fijo,37.53,56.824,1.059,343.408,8.294,9.0,46.449,106.588,68.0,32.176,53.197,3.57,2.953
10048,VILARIÑO DE CONSO,Ourense,42.12,-7.345,1026.0,17,ssp245,medium_future,hr_fija,37.53,56.824,1.059,343.408,8.294,9.0,49.751,123.882,86.941,52.176,65.668,3.57,2.953
10048,VILARIÑO DE CONSO,Ourense,42.12,-7.345,1026.0,17,ssp245,far_future,rocio_fijo,38.566,67.706,1.353,415.687,8.294,9.0,47.485,114.471,75.235,39.176,50.095,4.606,3.698
10048,VILARIÑO DE CONSO,Ourense,42.12,-7.345,1026.0,17,ssp245,far_future,hr_fija,38.566,67.706,1.353,415.687,8.294,9.0,51.87,136.941,100.882,65.118,65.668,4.606,3.698
10048,VILARIÑO DE CONSO,Ourense,42.12,-7.345,1026.0,17,ssp370,near_future,rocio_fijo,36.247,44.706,0.412,248.74,8.294,9.0,45.166,96.529,58.353,24.059,57.343,2.287,1.802
10048,VILARIÑO DE CONSO,Ourense,42.12,-7.345,1026.0,17,ssp370,near_future,hr_fija,36.247,44.706,0.412,248.74,8.294,9.0,47.162,108.294,70.353,35.765,65.668,2.287,1.802
10048,VILARIÑO DE CONSO,Ourense,42.12,-7.345,1026.0,17,ssp370,medium_future,rocio_fijo,38.055,62.706,1.235,371.294,8.294,9.0,46.974,110.765,71.059,35.706,51.599,4.095,3.252
10048,VILARIÑO DE CONSO,Ourense,42.12,-7.345,1026.0,17,ssp370,medium_future,hr_fija,38.055,62.706,1.235,371.294,8.294,9.0,50.789,130.824,94.529,59.0,65.668,4.095,3.252
10048,VILARIÑO DE CONSO,Ourense,42.12,-7.345,1026.0,17,ssp370,far_future,rocio_fijo,40.108,84.765,3.941,540.564,8.294,9.0,49.027,126.176,87.059,50.941,45.849,6.148,4.81
10048,VILARIÑO DE CONSO,Ourense,42.12,-7.345,1026.0,17,ssp370,far_future,hr_fija,40.108,84.765,3.941,540.564,8.294,9.0,55.176,157.471,120.471,85.235,65.668,6.148,4.81
10048,VILARIÑO DE CONSO,Ourense,42.12,-7.345,1026.0,17,ssp585,near_future,rocio_fijo,36.431,46.294,0.529,271.484,8.294,9.0,45.35,97.588,60.059,25.647,56.726,2.471,2.1
10048,VILARIÑO DE CONSO,Ourense,42.12,-7.345,1026.0,17,ssp585,near_future,hr_fija,36.431,46.294,0.529,271.484,8.294,9.0,47.514,110.529,72.706,38.059,65.668,2.471,2.1
10048,VILARIÑO DE CONSO,Ourense,42.12,-7.345,1026.0,17,ssp585,medium_future,rocio_fijo,38.527,67.294,1.471,419.203,8.294,9.0,47.446,114.353,75.0,38.824,50.208,4.567,3.732
10048,VILARIÑO DE CONSO,Ourense,42.12,-7.345,1026.0,17,ssp585,medium_future,hr_fija,38.527,67.294,1.471,419.203,8.294,9.0,51.785,136.412,100.235,64.471,65.668,4.567,3.732
10048,VILARIÑO DE CONSO,Ourense,42.12,-7.345,1026.0,17,ssp585,far_future,rocio_fijo,41.609,102.0,9.765,725.186,8.294,9.0,50.528,138.412,99.118,61.588,42.103,7.649,6.193
10048,VILARIÑO DE CONSO,Ourense,42.12,-7.345,1026.0,17,ssp585,far_future,hr_fija,41.609,102.0,9.765,725.186,8.294,9.0,58.481,179.059,140.588,106.353,65.668,7.649,6.193
19027,XINZO DE LIMIA,Ourense,42.102,-7.718,616.0,17,-,hoy,medido,36.032,33.765,0.0,169.911,5.882,7.0,51.315,108.353,71.941,42.0,74.895,,
19027,XINZO DE LIMIA,Ourense,42.102,-7.718,616.0,17,ssp126,near_future,rocio_fijo,38.166,55.882,0.059,292.679,5.882,7.0,53.449,124.412,87.647,54.176,66.103,2.134,1.585
19027,XINZO DE LIMIA,Ourense,42.102,-7.718,616.0,17,ssp126,near_future,hr_fija,38.166,55.882,0.059,292.679,5.882,7.0,56.093,137.353,99.0,66.176,74.895,2.134,1.585
19027,XINZO DE LIMIA,Ourense,42.102,-7.718,616.0,17,ssp126,medium_future,rocio_fijo,39.016,64.412,0.235,365.902,5.882,7.0,54.299,131.118,93.824,58.882,62.931,2.984,2.33
19027,XINZO DE LIMIA,Ourense,42.102,-7.718,616.0,17,ssp126,medium_future,hr_fija,39.016,64.412,0.235,365.902,5.882,7.0,58.045,148.529,111.294,76.765,74.895,2.984,2.33
19027,XINZO DE LIMIA,Ourense,42.102,-7.718,616.0,17,ssp126,far_future,rocio_fijo,39.07,65.059,0.235,364.123,5.882,7.0,54.353,131.588,94.0,59.0,62.735,3.038,2.313
19027,XINZO DE LIMIA,Ourense,42.102,-7.718,616.0,17,ssp126,far_future,hr_fija,39.07,65.059,0.235,364.123,5.882,7.0,58.17,149.235,111.882,77.706,74.895,3.038,2.313
19027,XINZO DE LIMIA,Ourense,42.102,-7.718,616.0,17,ssp245,near_future,rocio_fijo,38.276,56.588,0.118,308.992,5.882,7.0,53.559,125.0,88.471,54.765,65.683,2.244,1.76
19027,XINZO DE LIMIA,Ourense,42.102,-7.718,616.0,17,ssp245,near_future,hr_fija,38.276,56.588,0.118,308.992,5.882,7.0,56.343,138.882,100.529,66.882,74.895,2.244,1.76
19027,XINZO DE LIMIA,Ourense,42.102,-7.718,616.0,17,ssp245,medium_future,rocio_fijo,39.55,70.647,0.353,418.198,5.882,7.0,54.833,135.353,96.529,62.529,61.025,3.518,2.805
19027,XINZO DE LIMIA,Ourense,42.102,-7.718,616.0,17,ssp245,medium_future,hr_fija,39.55,70.647,0.353,418.198,5.882,7.0,59.316,156.059,118.529,83.941,74.895,3.518,2.805
19027,XINZO DE LIMIA,Ourense,42.102,-7.718,616.0,17,ssp245,far_future,rocio_fijo,40.686,84.176,1.118,502.293,5.882,7.0,55.969,144.941,105.941,69.294,57.185,4.654,3.497
19027,XINZO DE LIMIA,Ourense,42.102,-7.718,616.0,17,ssp245,far_future,hr_fija,40.686,84.176,1.118,502.293,5.882,7.0,62.072,172.176,132.588,98.118,74.895,4.654,3.497
19027,XINZO DE LIMIA,Ourense,42.102,-7.718,616.0,17,ssp370,near_future,rocio_fijo,38.349,57.706,0.118,305.395,5.882,7.0,53.632,125.647,88.882,54.941,65.405,2.317,1.722
19027,XINZO DE LIMIA,Ourense,42.102,-7.718,616.0,17,ssp370,near_future,hr_fija,38.349,57.706,0.118,305.395,5.882,7.0,56.51,140.0,101.647,67.941,74.895,2.317,1.722
19027,XINZO DE LIMIA,Ourense,42.102,-7.718,616.0,17,ssp370,medium_future,rocio_fijo,40.005,76.471,0.471,450.333,5.882,7.0,55.288,140.235,99.824,65.176,59.453,3.973,3.078
19027,XINZO DE LIMIA,Ourense,42.102,-7.718,616.0,17,ssp370,medium_future,hr_fija,40.005,76.471,0.471,450.333,5.882,7.0,60.418,161.824,124.412,90.118,74.895,3.973,3.078
19027,XINZO DE LIMIA,Ourense,42.102,-7.718,616.0,17,ssp370,far_future,rocio_fijo,42.176,102.824,3.176,642.262,5.882,7.0,57.459,157.412,117.353,80.294,52.555,6.144,4.518
19027,XINZO DE LIMIA,Ourense,42.102,-7.718,616.0,17,ssp370,far_future,hr_fija,42.176,102.824,3.176,642.262,5.882,7.0,65.781,194.941,154.765,118.941,74.895,6.144,4.518
19027,XINZO DE LIMIA,Ourense,42.102,-7.718,616.0,17,ssp585,near_future,rocio_fijo,38.539,60.235,0.235,333.447,5.882,7.0,53.822,127.0,90.235,55.824,64.689,2.507,2.012
19027,XINZO DE LIMIA,Ourense,42.102,-7.718,616.0,17,ssp585,near_future,hr_fija,38.539,60.235,0.235,333.447,5.882,7.0,56.944,142.471,104.706,70.353,74.895,2.507,2.012
19027,XINZO DE LIMIA,Ourense,42.102,-7.718,616.0,17,ssp585,medium_future,rocio_fijo,40.508,82.412,1.118,507.154,5.882,7.0,55.791,143.824,104.235,68.059,57.769,4.476,3.535
19027,XINZO DE LIMIA,Ourense,42.102,-7.718,616.0,17,ssp585,medium_future,hr_fija,40.508,82.412,1.118,507.154,5.882,7.0,61.65,169.235,130.647,95.529,74.895,4.476,3.535
19027,XINZO DE LIMIA,Ourense,42.102,-7.718,616.0,17,ssp585,far_future,rocio_fijo,43.735,122.059,10.824,859.655,5.882,7.0,59.018,171.059,128.471,91.235,48.159,7.703,5.881
19027,XINZO DE LIMIA,Ourense,42.102,-7.718,616.0,17,ssp585,far_future,hr_fija,43.735,122.059,10.824,859.655,5.882,7.0,69.835,221.0,176.765,140.471,74.895,7.703,5.881
19048,ARBO,Pontevedra,42.134,-8.264,187.0,17,-,hoy,medido,37.775,50.588,1.647,379.31,6.118,6.0,53.511,118.471,82.059,48.294,70.475,,
19048,ARBO,Pontevedra,42.134,-8.264,187.0,17,ssp126,near_future,rocio_fijo,39.686,72.765,7.176,569.02,6.118,6.0,55.422,133.471,96.235,61.471,63.09,1.911,1.51
19048,ARBO,Pontevedra,42.134,-8.264,187.0,17,ssp126,near_future,hr_fija,39.686,72.765,7.176,569.02,6.118,6.0,57.79,144.765,106.882,72.294,70.475,1.911,1.51
19048,ARBO,Pontevedra,42.134,-8.264,187.0,17,ssp126,medium_future,rocio_fijo,40.515,83.941,12.529,675.451,6.118,6.0,56.251,140.353,101.706,66.412,60.16,2.74,2.232
19048,ARBO,Pontevedra,42.134,-8.264,187.0,17,ssp126,medium_future,hr_fija,40.515,83.941,12.529,675.451,6.118,6.0,59.73,155.706,117.765,82.765,70.475,2.74,2.232
19048,ARBO,Pontevedra,42.134,-8.264,187.0,17,ssp126,far_future,rocio_fijo,40.555,84.235,12.412,672.069,6.118,6.0,56.291,140.588,101.882,66.706,60.023,2.78,2.21
19048,ARBO,Pontevedra,42.134,-8.264,187.0,17,ssp126,far_future,hr_fija,40.555,84.235,12.412,672.069,6.118,6.0,59.826,156.353,118.412,83.235,70.475,2.78,2.21
19048,ARBO,Pontevedra,42.134,-8.264,187.0,17,ssp245,near_future,rocio_fijo,39.738,73.588,8.588,595.922,6.118,6.0,55.474,134.0,96.765,61.882,62.901,1.963,1.698
19048,ARBO,Pontevedra,42.134,-8.264,187.0,17,ssp245,near_future,hr_fija,39.738,73.588,8.588,595.922,6.118,6.0,57.909,145.471,107.235,72.941,70.475,1.963,1.698
19048,ARBO,Pontevedra,42.134,-8.264,187.0,17,ssp245,medium_future,rocio_fijo,40.976,89.353,16.882,746.784,6.118,6.0,56.712,144.059,105.176,69.471,58.598,3.201,2.685
19048,ARBO,Pontevedra,42.134,-8.264,187.0,17,ssp245,medium_future,hr_fija,40.976,89.353,16.882,746.784,6.118,6.0,60.835,162.235,123.941,88.941,70.475,3.201,2.685
19048,ARBO,Pontevedra,42.134,-8.264,187.0,17,ssp245,far_future,rocio_fijo,42.003,102.706,25.176,857.171,6.118,6.0,57.739,152.706,112.176,76.353,55.28,4.228,3.341
19048,ARBO,Pontevedra,42.134,-8.264,187.0,17,ssp245,far_future,hr_fija,42.003,102.706,25.176,857.171,6.118,6.0,63.29,176.471,138.412,102.882,70.475,4.228,3.341
19048,ARBO,Pontevedra,42.134,-8.264,187.0,17,ssp370,near_future,rocio_fijo,39.731,73.353,8.353,589.716,6.118,6.0,55.467,134.0,96.765,61.765,62.927,1.956,1.655
19048,ARBO,Pontevedra,42.134,-8.264,187.0,17,ssp370,near_future,hr_fija,39.731,73.353,8.353,589.716,6.118,6.0,57.892,145.412,107.176,72.824,70.475,1.956,1.655
19048,ARBO,Pontevedra,42.134,-8.264,187.0,17,ssp370,medium_future,rocio_fijo,41.285,93.294,20.176,789.896,6.118,6.0,57.021,146.412,106.765,71.588,57.577,3.51,2.947
19048,ARBO,Pontevedra,42.134,-8.264,187.0,17,ssp370,medium_future,hr_fija,41.285,93.294,20.176,789.896,6.118,6.0,61.583,165.941,127.765,93.353,70.475,3.51,2.947
19048,ARBO,Pontevedra,42.134,-8.264,187.0,17,ssp370,far_future,rocio_fijo,43.338,119.471,42.353,1040.412,6.118,6.0,59.074,163.706,123.059,86.294,51.279,5.563,4.335
19048,ARBO,Pontevedra,42.134,-8.264,187.0,17,ssp370,far_future,hr_fija,43.338,119.471,42.353,1040.412,6.118,6.0,66.631,197.824,156.176,120.529,70.475,5.563,4.335
19048,ARBO,Pontevedra,42.134,-8.264,187.0,17,ssp585,near_future,rocio_fijo,39.874,75.059,9.941,629.413,6.118,6.0,55.61,135.059,97.647,62.647,62.411,2.099,1.927
19048,ARBO,Pontevedra,42.134,-8.264,187.0,17,ssp585,near_future,hr_fija,39.874,75.059,9.941,629.413,6.118,6.0,58.222,147.529,108.941,74.647,70.475,2.099,1.927
19048,ARBO,Pontevedra,42.134,-8.264,187.0,17,ssp585,medium_future,rocio_fijo,41.798,99.412,26.059,865.224,6.118,6.0,57.534,151.059,110.706,75.235,55.925,4.023,3.387
19048,ARBO,Pontevedra,42.134,-8.264,187.0,17,ssp585,medium_future,hr_fija,41.798,99.412,26.059,865.224,6.118,6.0,62.815,173.647,135.059,100.0,70.475,4.023,3.387
19048,ARBO,Pontevedra,42.134,-8.264,187.0,17,ssp585,far_future,rocio_fijo,44.839,140.118,70.412,1313.012,6.118,6.0,60.575,176.059,134.588,97.471,47.167,7.064,5.639
19048,ARBO,Pontevedra,42.134,-8.264,187.0,17,ssp585,far_future,hr_fija,44.839,140.118,70.412,1313.012,6.118,6.0,70.562,223.529,177.529,140.824,70.475,7.064,5.639
10172,AS NEVES,Pontevedra,42.134,-8.413,681.0,8,-,hoy,medido,33.9,16.5,12.75,284.781,5.0,6.0,41.216,66.625,32.125,7.0,74.613,,
10172,AS NEVES,Pontevedra,42.134,-8.413,681.0,8,ssp126,near_future,rocio_fijo,35.769,27.0,20.5,406.362,5.0,6.0,43.085,82.125,45.375,14.625,66.692,1.869,1.446
10172,AS NEVES,Pontevedra,42.134,-8.413,681.0,8,ssp126,near_future,hr_fija,35.769,27.0,20.5,406.362,5.0,6.0,44.798,92.75,54.375,22.625,74.613,1.869,1.446
10172,AS NEVES,Pontevedra,42.134,-8.413,681.0,8,ssp126,medium_future,rocio_fijo,36.498,33.125,23.875,476.432,5.0,6.0,43.814,87.625,49.75,18.75,63.863,2.598,2.136
10172,AS NEVES,Pontevedra,42.134,-8.413,681.0,8,ssp126,medium_future,hr_fija,36.498,33.125,23.875,476.432,5.0,6.0,46.333,103.5,63.75,30.375,74.613,2.598,2.136
10172,AS NEVES,Pontevedra,42.134,-8.413,681.0,8,ssp126,far_future,rocio_fijo,36.534,33.25,23.875,473.825,5.0,6.0,43.85,88.125,49.75,19.0,63.727,2.634,2.112
10172,AS NEVES,Pontevedra,42.134,-8.413,681.0,8,ssp126,far_future,hr_fija,36.534,33.25,23.875,473.825,5.0,6.0,46.41,104.125,64.125,30.875,74.613,2.634,2.112
10172,AS NEVES,Pontevedra,42.134,-8.413,681.0,8,ssp245,near_future,rocio_fijo,35.778,27.0,21.25,424.186,5.0,6.0,43.094,82.125,45.375,14.625,66.656,1.878,1.63
10172,AS NEVES,Pontevedra,42.134,-8.413,681.0,8,ssp245,near_future,hr_fija,35.778,27.0,21.25,424.186,5.0,6.0,44.817,93.0,54.375,22.625,74.613,1.878,1.63
10172,AS NEVES,Pontevedra,42.134,-8.413,681.0,8,ssp245,medium_future,rocio_fijo,36.945,36.75,27.0,524.358,5.0,6.0,44.261,90.875,52.75,20.125,62.195,3.045,2.565
10172,AS NEVES,Pontevedra,42.134,-8.413,681.0,8,ssp245,medium_future,hr_fija,36.945,36.75,27.0,524.358,5.0,6.0,47.289,112.125,68.25,35.5,74.613,3.045,2.565
10172,AS NEVES,Pontevedra,42.134,-8.413,681.0,8,ssp245,far_future,rocio_fijo,37.871,44.625,34.125,599.257,5.0,6.0,45.187,100.125,58.625,25.875,58.894,3.971,3.187
10172,AS NEVES,Pontevedra,42.134,-8.413,681.0,8,ssp245,far_future,hr_fija,37.871,44.625,34.125,599.257,5.0,6.0,49.219,128.25,82.375,48.0,74.613,3.971,3.187
10172,AS NEVES,Pontevedra,42.134,-8.413,681.0,8,ssp370,near_future,rocio_fijo,35.744,26.875,21.125,419.481,5.0,6.0,43.06,81.875,45.125,14.625,66.792,1.844,1.582
10172,AS NEVES,Pontevedra,42.134,-8.413,681.0,8,ssp370,near_future,hr_fija,35.744,26.875,21.125,419.481,5.0,6.0,44.746,91.875,54.25,22.375,74.613,1.844,1.582
10172,AS NEVES,Pontevedra,42.134,-8.413,681.0,8,ssp370,medium_future,rocio_fijo,37.229,38.5,29.375,553.579,5.0,6.0,44.545,94.0,54.375,21.875,61.161,3.329,2.815
10172,AS NEVES,Pontevedra,42.134,-8.413,681.0,8,ssp370,medium_future,hr_fija,37.229,38.5,29.375,553.579,5.0,6.0,47.895,117.625,72.125,38.625,74.613,3.329,2.815
10172,AS NEVES,Pontevedra,42.134,-8.413,681.0,8,ssp370,far_future,rocio_fijo,39.102,58.25,45.375,731.797,5.0,6.0,46.418,114.375,68.0,33.0,54.808,5.202,4.145
10172,AS NEVES,Pontevedra,42.134,-8.413,681.0,8,ssp370,far_future,hr_fija,39.102,58.25,45.375,731.797,5.0,6.0,51.684,146.75,100.375,62.5,74.613,5.202,4.145
10172,AS NEVES,Pontevedra,42.134,-8.413,681.0,8,ssp585,near_future,rocio_fijo,35.805,27.375,22.625,444.626,5.0,6.0,43.121,82.375,45.625,14.625,66.549,1.905,1.834
10172,AS NEVES,Pontevedra,42.134,-8.413,681.0,8,ssp585,near_future,hr_fija,35.805,27.375,22.625,444.626,5.0,6.0,44.873,93.25,54.75,23.0,74.613,1.905,1.834
10172,AS NEVES,Pontevedra,42.134,-8.413,681.0,8,ssp585,medium_future,rocio_fijo,37.703,42.875,34.875,604.206,5.0,6.0,45.019,98.875,57.875,24.875,59.478,3.803,3.226
10172,AS NEVES,Pontevedra,42.134,-8.413,681.0,8,ssp585,medium_future,hr_fija,37.703,42.875,34.875,604.206,5.0,6.0,48.888,124.75,80.0,45.625,74.613,3.803,3.226
10172,AS NEVES,Pontevedra,42.134,-8.413,681.0,8,ssp585,far_future,rocio_fijo,40.554,73.25,66.75,930.66,5.0,6.0,47.87,127.75,80.25,43.5,50.392,6.654,5.38
10172,AS NEVES,Pontevedra,42.134,-8.413,681.0,8,ssp585,far_future,hr_fija,40.554,73.25,66.75,930.66,5.0,6.0,54.791,173.875,126.0,82.375,74.613,6.654,5.38
10169,BAIONA,Pontevedra,42.116,-8.837,3.0,8,-,hoy,medido,29.543,2.75,1.625,195.956,3.125,4.0,39.499,55.5,14.25,2.375,81.267,,
10169,BAIONA,Pontevedra,42.116,-8.837,3.0,8,ssp126,near_future,rocio_fijo,30.927,4.875,8.125,327.546,3.125,4.0,40.883,78.75,22.625,4.375,74.749,1.384,1.119
10169,BAIONA,Pontevedra,42.116,-8.837,3.0,8,ssp126,near_future,hr_fija,30.927,4.875,8.125,327.546,3.125,4.0,42.141,96.0,31.25,7.0,81.267,1.384,1.119
10169,BAIONA,Pontevedra,42.116,-8.837,3.0,8,ssp126,medium_future,rocio_fijo,31.507,6.25,14.125,410.724,3.125,4.0,41.463,89.25,27.0,5.625,72.194,1.964,1.707
10169,BAIONA,Pontevedra,42.116,-8.837,3.0,8,ssp126,medium_future,hr_fija,31.507,6.25,14.125,410.724,3.125,4.0,43.233,110.5,40.5,10.0,81.267,1.964,1.707
10169,BAIONA,Pontevedra,42.116,-8.837,3.0,8,ssp126,far_future,rocio_fijo,31.53,6.25,14.0,406.84,3.125,4.0,41.486,89.25,27.375,5.625,72.094,1.987,1.681
10169,BAIONA,Pontevedra,42.116,-8.837,3.0,8,ssp126,far_future,hr_fija,31.53,6.25,14.0,406.84,3.125,4.0,43.276,111.0,40.875,10.0,81.267,1.987,1.681
10169,BAIONA,Pontevedra,42.116,-8.837,3.0,8,ssp245,near_future,rocio_fijo,30.944,4.875,9.625,347.705,3.125,4.0,40.9,78.875,22.75,4.5,74.672,1.401,1.268
10169,BAIONA,Pontevedra,42.116,-8.837,3.0,8,ssp245,near_future,hr_fija,30.944,4.875,9.625,347.705,3.125,4.0,42.173,96.125,31.625,7.0,81.267,1.401,1.268
10169,BAIONA,Pontevedra,42.116,-8.837,3.0,8,ssp245,medium_future,rocio_fijo,31.776,7.625,19.125,461.585,3.125,4.0,41.732,93.0,29.125,6.0,71.042,2.233,2.037
10169,BAIONA,Pontevedra,42.116,-8.837,3.0,8,ssp245,medium_future,hr_fija,31.776,7.625,19.125,461.585,3.125,4.0,43.743,117.125,45.25,11.125,81.267,2.233,2.037
10169,BAIONA,Pontevedra,42.116,-8.837,3.0,8,ssp245,far_future,rocio_fijo,32.582,11.0,28.0,546.429,3.125,4.0,42.538,105.75,35.375,7.75,67.714,3.039,2.547
10169,BAIONA,Pontevedra,42.116,-8.837,3.0,8,ssp245,far_future,hr_fija,32.582,11.0,28.0,546.429,3.125,4.0,45.32,138.0,64.5,18.25,81.267,3.039,2.547
10169,BAIONA,Pontevedra,42.116,-8.837,3.0,8,ssp370,near_future,rocio_fijo,30.849,4.75,8.75,339.348,3.125,4.0,40.805,77.5,22.0,4.375,75.1,1.306,1.207
10169,BAIONA,Pontevedra,42.116,-8.837,3.0,8,ssp370,near_future,hr_fija,30.849,4.75,8.75,339.348,3.125,4.0,41.992,93.75,30.25,6.75,81.267,1.306,1.207
10169,BAIONA,Pontevedra,42.116,-8.837,3.0,8,ssp370,medium_future,rocio_fijo,31.915,7.625,23.0,492.276,3.125,4.0,41.871,95.125,30.25,6.5,70.455,2.372,2.227
10169,BAIONA,Pontevedra,42.116,-8.837,3.0,8,ssp370,medium_future,hr_fija,31.915,7.625,23.0,492.276,3.125,4.0,44.013,120.875,48.5,12.25,81.267,2.372,2.227
10169,BAIONA,Pontevedra,42.116,-8.837,3.0,8,ssp370,far_future,rocio_fijo,33.312,15.0,45.125,689.647,3.125,4.0,43.268,116.5,42.0,10.0,64.85,3.769,3.318
10169,BAIONA,Pontevedra,42.116,-8.837,3.0,8,ssp370,far_future,hr_fija,33.312,15.0,45.125,689.647,3.125,4.0,46.775,158.625,86.375,28.875,81.267,3.769,3.318
10169,BAIONA,Pontevedra,42.116,-8.837,3.0,8,ssp585,near_future,rocio_fijo,30.874,4.875,10.5,367.303,3.125,4.0,40.83,78.0,22.125,4.375,74.987,1.331,1.408
10169,BAIONA,Pontevedra,42.116,-8.837,3.0,8,ssp585,near_future,hr_fija,30.874,4.875,10.5,367.303,3.125,4.0,42.04,94.625,30.625,6.75,81.267,1.331,1.408
10169,BAIONA,Pontevedra,42.116,-8.837,3.0,8,ssp585,medium_future,rocio_fijo,32.287,9.125,28.0,547.472,3.125,4.0,42.243,100.875,33.375,7.0,68.911,2.744,2.553
10169,BAIONA,Pontevedra,42.116,-8.837,3.0,8,ssp585,medium_future,hr_fija,32.287,9.125,28.0,547.472,3.125,4.0,44.739,130.625,56.125,15.75,81.267,2.744,2.553
10169,BAIONA,Pontevedra,42.116,-8.837,3.0,8,ssp585,far_future,rocio_fijo,34.511,24.875,73.125,904.883,3.125,4.0,44.467,135.125,55.375,14.0,60.437,4.968,4.331
10169,BAIONA,Pontevedra,42.116,-8.837,3.0,8,ssp585,far_future,hr_fija,34.511,24.875,73.125,904.883,3.125,4.0,49.238,189.5,117.125,49.25,81.267,4.968,4.331
10126,BUEU,Pontevedra,42.382,-8.936,121.0,17,-,hoy,medido,30.221,4.118,0.588,134.918,5.765,8.0,39.79,43.941,12.765,3.235,82.283,,
10126,BUEU,Pontevedra,42.382,-8.936,121.0,17,ssp126,near_future,rocio_fijo,31.503,7.353,2.353,233.958,5.765,8.0,41.072,59.176,18.882,5.0,76.108,1.282,1.124
10126,BUEU,Pontevedra,42.382,-8.936,121.0,17,ssp126,near_future,hr_fija,31.503,7.353,2.353,233.958,5.765,8.0,42.242,72.059,24.176,6.941,82.283,1.282,1.124
10126,BUEU,Pontevedra,42.382,-8.936,121.0,17,ssp126,medium_future,rocio_fijo,32.128,9.235,5.294,302.314,5.765,8.0,41.697,66.941,22.176,6.059,73.287,1.907,1.712
10126,BUEU,Pontevedra,42.382,-8.936,121.0,17,ssp126,medium_future,hr_fija,32.128,9.235,5.294,302.314,5.765,8.0,43.342,87.118,30.294,9.529,82.283,1.907,1.712
10126,BUEU,Pontevedra,42.382,-8.936,121.0,17,ssp126,far_future,rocio_fijo,32.192,9.529,4.941,298.084,5.765,8.0,41.761,68.059,22.471,6.118,73.005,1.971,1.678
10126,BUEU,Pontevedra,42.382,-8.936,121.0,17,ssp126,far_future,hr_fija,32.192,9.529,4.941,298.084,5.765,8.0,43.471,88.765,31.235,9.647,82.283,1.971,1.678
10126,BUEU,Pontevedra,42.382,-8.936,121.0,17,ssp245,near_future,rocio_fijo,31.492,7.353,2.882,250.345,5.765,8.0,41.061,58.941,18.882,5.0,76.158,1.271,1.274
10126,BUEU,Pontevedra,42.382,-8.936,121.0,17,ssp245,near_future,hr_fija,31.492,7.353,2.882,250.345,5.765,8.0,42.223,72.0,23.941,6.882,82.283,1.271,1.274
10126,BUEU,Pontevedra,42.382,-8.936,121.0,17,ssp245,medium_future,rocio_fijo,32.407,10.353,7.0,345.508,5.765,8.0,41.976,71.647,23.235,6.588,72.066,2.186,2.043
10126,BUEU,Pontevedra,42.382,-8.936,121.0,17,ssp245,medium_future,hr_fija,32.407,10.353,7.0,345.508,5.765,8.0,43.914,95.765,34.353,10.706,82.283,2.186,2.043
10126,BUEU,Pontevedra,42.382,-8.936,121.0,17,ssp245,far_future,rocio_fijo,33.259,14.235,11.882,418.716,5.765,8.0,42.828,82.588,28.059,8.118,68.477,3.038,2.553
10126,BUEU,Pontevedra,42.382,-8.936,121.0,17,ssp245,far_future,hr_fija,33.259,14.235,11.882,418.716,5.765,8.0,45.687,118.353,49.235,15.647,82.283,3.038,2.553
10126,BUEU,Pontevedra,42.382,-8.936,121.0,17,ssp370,near_future,rocio_fijo,31.24,6.824,2.588,241.951,5.765,8.0,40.809,55.941,17.706,4.529,77.331,1.019,1.198
10126,BUEU,Pontevedra,42.382,-8.936,121.0,17,ssp370,near_future,hr_fija,31.24,6.824,2.588,241.951,5.765,8.0,41.746,65.235,21.824,6.118,82.283,1.019,1.198
10126,BUEU,Pontevedra,42.382,-8.936,121.0,17,ssp370,medium_future,rocio_fijo,32.488,10.824,8.176,367.471,5.765,8.0,42.057,72.706,23.882,6.765,71.716,2.267,2.202
10126,BUEU,Pontevedra,42.382,-8.936,121.0,17,ssp370,medium_future,hr_fija,32.488,10.824,8.176,367.471,5.765,8.0,44.084,98.647,36.059,10.882,82.283,2.267,2.202
10126,BUEU,Pontevedra,42.382,-8.936,121.0,17,ssp370,far_future,rocio_fijo,34.074,19.0,27.765,550.048,5.765,8.0,43.643,96.824,33.176,10.059,65.231,3.853,3.358
10126,BUEU,Pontevedra,42.382,-8.936,121.0,17,ssp370,far_future,hr_fija,34.074,19.0,27.765,550.048,5.765,8.0,47.295,139.882,68.824,23.294,82.283,3.853,3.358
10126,BUEU,Pontevedra,42.382,-8.936,121.0,17,ssp585,near_future,rocio_fijo,31.167,6.765,3.235,261.137,5.765,8.0,40.736,54.529,17.471,4.353,77.674,0.946,1.369
10126,BUEU,Pontevedra,42.382,-8.936,121.0,17,ssp585,near_future,hr_fija,31.167,6.765,3.235,261.137,5.765,8.0,41.597,63.471,21.118,5.941,82.283,0.946,1.369
10126,BUEU,Pontevedra,42.382,-8.936,121.0,17,ssp585,medium_future,rocio_fijo,32.779,11.941,11.588,414.949,5.765,8.0,42.348,75.824,25.294,7.118,70.474,2.558,2.528
10126,BUEU,Pontevedra,42.382,-8.936,121.0,17,ssp585,medium_future,hr_fija,32.779,11.941,11.588,414.949,5.765,8.0,44.698,106.0,41.0,12.294,82.283,2.558,2.528
10126,BUEU,Pontevedra,42.382,-8.936,121.0,17,ssp585,far_future,rocio_fijo,35.204,27.471,58.588,741.296,5.765,8.0,44.773,114.824,43.765,12.588,61.013,4.983,4.367
10126,BUEU,Pontevedra,42.382,-8.936,121.0,17,ssp585,far_future,hr_fija,35.204,27.471,58.588,741.296,5.765,8.0,49.753,168.529,98.118,38.176,82.283,4.983,4.367
10905,BUEU,Pontevedra,42.34,-8.834,44.0,10,-,hoy,medido,30.364,4.9,0.9,179.281,3.7,4.0,41.67,68.8,20.9,5.1,82.192,,
10905,BUEU,Pontevedra,42.34,-8.834,44.0,10,ssp126,near_future,rocio_fijo,31.896,9.4,4.6,320.928,3.7,4.0,43.202,91.4,30.0,9.4,74.95,1.532,1.256
10905,BUEU,Pontevedra,42.34,-8.834,44.0,10,ssp126,near_future,hr_fija,31.896,9.4,4.6,320.928,3.7,4.0,44.69,107.5,41.2,12.2,82.192,1.532,1.256
10905,BUEU,Pontevedra,42.34,-8.834,44.0,10,ssp126,medium_future,rocio_fijo,32.541,12.4,10.6,408.936,3.7,4.0,43.847,101.2,35.1,10.9,72.118,2.177,1.88
10905,BUEU,Pontevedra,42.34,-8.834,44.0,10,ssp126,medium_future,hr_fija,32.541,12.4,10.6,408.936,3.7,4.0,46.03,123.3,55.7,16.9,82.192,2.177,1.88
10905,BUEU,Pontevedra,42.34,-8.834,44.0,10,ssp126,far_future,rocio_fijo,32.609,12.6,10.4,404.766,3.7,4.0,43.915,101.7,36.0,11.0,71.827,2.245,1.852
10905,BUEU,Pontevedra,42.34,-8.834,44.0,10,ssp126,far_future,hr_fija,32.609,12.6,10.4,404.766,3.7,4.0,46.166,125.4,57.3,17.4,82.192,2.245,1.852
10905,BUEU,Pontevedra,42.34,-8.834,44.0,10,ssp245,near_future,rocio_fijo,31.896,9.4,6.2,343.28,3.7,4.0,43.202,91.4,30.0,9.4,74.95,1.532,1.422
10905,BUEU,Pontevedra,42.34,-8.834,44.0,10,ssp245,near_future,hr_fija,31.896,9.4,6.2,343.28,3.7,4.0,44.69,107.5,41.2,12.2,82.192,1.532,1.422
10905,BUEU,Pontevedra,42.34,-8.834,44.0,10,ssp245,medium_future,rocio_fijo,32.876,13.4,16.4,466.254,3.7,4.0,44.182,105.0,37.9,11.2,70.695,2.512,2.25
10905,BUEU,Pontevedra,42.34,-8.834,44.0,10,ssp245,medium_future,hr_fija,32.876,13.4,16.4,466.254,3.7,4.0,46.702,132.2,63.8,19.9,82.192,2.512,2.25
10905,BUEU,Pontevedra,42.34,-8.834,44.0,10,ssp245,far_future,rocio_fijo,33.769,19.1,29.0,558.742,3.7,4.0,45.075,117.6,47.9,14.4,67.053,3.405,2.804
10905,BUEU,Pontevedra,42.34,-8.834,44.0,10,ssp245,far_future,hr_fija,33.769,19.1,29.0,558.742,3.7,4.0,48.522,154.3,86.8,30.1,82.192,3.405,2.804
10905,BUEU,Pontevedra,42.34,-8.834,44.0,10,ssp370,near_future,rocio_fijo,31.751,9.1,5.8,334.839,3.7,4.0,43.057,89.7,29.4,8.9,75.604,1.387,1.36
10905,BUEU,Pontevedra,42.34,-8.834,44.0,10,ssp370,near_future,hr_fija,31.751,9.1,5.8,334.839,3.7,4.0,44.386,104.5,38.2,11.6,82.192,1.387,1.36
10905,BUEU,Pontevedra,42.34,-8.834,44.0,10,ssp370,medium_future,rocio_fijo,33.029,14.1,20.0,499.032,3.7,4.0,44.335,107.2,39.0,11.6,70.056,2.665,2.452
10905,BUEU,Pontevedra,42.34,-8.834,44.0,10,ssp370,medium_future,hr_fija,33.029,14.1,20.0,499.032,3.7,4.0,47.011,135.4,67.2,21.5,82.192,2.665,2.452
10905,BUEU,Pontevedra,42.34,-8.834,44.0,10,ssp370,far_future,rocio_fijo,34.691,26.1,55.5,721.003,3.7,4.0,45.997,131.8,59.8,17.7,63.513,4.327,3.668
10905,BUEU,Pontevedra,42.34,-8.834,44.0,10,ssp370,far_future,hr_fija,34.691,26.1,55.5,721.003,3.7,4.0,50.5,175.9,109.5,46.0,82.192,4.327,3.668
10905,BUEU,Pontevedra,42.34,-8.834,44.0,10,ssp585,near_future,rocio_fijo,31.727,9.1,6.7,363.396,3.7,4.0,43.033,89.3,29.3,8.9,75.713,1.363,1.567
10905,BUEU,Pontevedra,42.34,-8.834,44.0,10,ssp585,near_future,hr_fija,31.727,9.1,6.7,363.396,3.7,4.0,44.336,103.9,38.0,11.6,82.192,1.363,1.567
10905,BUEU,Pontevedra,42.34,-8.834,44.0,10,ssp585,medium_future,rocio_fijo,33.42,16.4,29.1,560.134,3.7,4.0,44.726,112.4,43.8,12.9,68.451,3.056,2.812
10905,BUEU,Pontevedra,42.34,-8.834,44.0,10,ssp585,medium_future,hr_fija,33.42,16.4,29.1,560.134,3.7,4.0,47.805,145.3,78.4,26.0,82.192,3.056,2.812
10905,BUEU,Pontevedra,42.34,-8.834,44.0,10,ssp585,far_future,rocio_fijo,35.981,42.1,92.8,959.324,3.7,4.0,47.287,151.7,78.7,25.0,58.908,5.617,4.763
10905,BUEU,Pontevedra,42.34,-8.834,44.0,10,ssp585,far_future,hr_fija,35.981,42.1,92.8,959.324,3.7,4.0,53.35,207.5,141.0,77.9,82.192,5.617,4.763
10127,CALDAS DE REIS,Pontevedra,42.595,-8.619,268.0,17,-,hoy,medido,34.415,21.294,0.941,201.075,4.471,6.0,47.737,94.941,50.118,21.941,75.429,,
10127,CALDAS DE REIS,Pontevedra,42.595,-8.619,268.0,17,ssp126,near_future,rocio_fijo,35.96,32.294,2.0,328.709,4.471,6.0,49.282,109.235,62.588,28.353,68.815,1.545,1.333
10127,CALDAS DE REIS,Pontevedra,42.595,-8.619,268.0,17,ssp126,near_future,hr_fija,35.96,32.294,2.0,328.709,4.471,6.0,50.941,120.176,73.353,36.765,75.429,1.545,1.333
10127,CALDAS DE REIS,Pontevedra,42.595,-8.619,268.0,17,ssp126,medium_future,rocio_fijo,36.747,39.294,3.471,407.672,4.471,6.0,50.069,117.471,69.588,32.471,65.699,2.332,1.988
10127,CALDAS DE REIS,Pontevedra,42.595,-8.619,268.0,17,ssp126,medium_future,hr_fija,36.747,39.294,3.471,407.672,4.471,6.0,52.608,134.412,86.176,46.235,75.429,2.332,1.988
10127,CALDAS DE REIS,Pontevedra,42.595,-8.619,268.0,17,ssp126,far_future,rocio_fijo,36.804,39.941,3.471,403.701,4.471,6.0,50.126,117.882,70.118,32.882,65.479,2.389,1.957
10127,CALDAS DE REIS,Pontevedra,42.595,-8.619,268.0,17,ssp126,far_future,hr_fija,36.804,39.941,3.471,403.701,4.471,6.0,52.728,135.118,87.529,46.765,75.429,2.389,1.957
10127,CALDAS DE REIS,Pontevedra,42.595,-8.619,268.0,17,ssp245,near_future,rocio_fijo,35.975,32.353,2.294,349.308,4.471,6.0,49.297,109.353,62.647,28.353,68.754,1.56,1.514
10127,CALDAS DE REIS,Pontevedra,42.595,-8.619,268.0,17,ssp245,near_future,hr_fija,35.975,32.353,2.294,349.308,4.471,6.0,50.973,120.294,73.529,36.941,75.429,1.56,1.514
10127,CALDAS DE REIS,Pontevedra,42.595,-8.619,268.0,17,ssp245,medium_future,rocio_fijo,37.122,43.471,5.471,461.191,4.471,6.0,50.444,120.941,73.0,35.353,64.27,2.707,2.391
10127,CALDAS DE REIS,Pontevedra,42.595,-8.619,268.0,17,ssp245,medium_future,hr_fija,37.122,43.471,5.471,461.191,4.471,6.0,53.401,140.882,93.059,50.706,75.429,2.707,2.391
10127,CALDAS DE REIS,Pontevedra,42.595,-8.619,268.0,17,ssp245,far_future,rocio_fijo,38.112,55.941,9.588,544.543,4.471,6.0,51.434,132.118,81.529,40.941,60.664,3.697,2.973
10127,CALDAS DE REIS,Pontevedra,42.595,-8.619,268.0,17,ssp245,far_future,hr_fija,38.112,55.941,9.588,544.543,4.471,6.0,55.594,160.176,109.176,65.765,75.429,3.697,2.973
10127,CALDAS DE REIS,Pontevedra,42.595,-8.619,268.0,17,ssp370,near_future,rocio_fijo,35.816,30.882,2.235,341.915,4.471,6.0,49.138,108.235,61.294,27.882,69.403,1.401,1.45
10127,CALDAS DE REIS,Pontevedra,42.595,-8.619,268.0,17,ssp370,near_future,hr_fija,35.816,30.882,2.235,341.915,4.471,6.0,50.637,117.588,70.882,35.118,75.429,1.401,1.45
10127,CALDAS DE REIS,Pontevedra,42.595,-8.619,268.0,17,ssp370,medium_future,rocio_fijo,37.282,44.941,6.412,488.895,4.471,6.0,50.604,122.765,74.412,36.412,63.671,2.867,2.59
10127,CALDAS DE REIS,Pontevedra,42.595,-8.619,268.0,17,ssp370,medium_future,hr_fija,37.282,44.941,6.412,488.895,4.471,6.0,53.741,143.529,95.647,52.824,75.429,2.867,2.59
10127,CALDAS DE REIS,Pontevedra,42.595,-8.619,268.0,17,ssp370,far_future,rocio_fijo,39.215,72.529,22.647,689.771,4.471,6.0,52.537,143.353,92.0,48.941,56.913,4.8,3.883
10127,CALDAS DE REIS,Pontevedra,42.595,-8.619,268.0,17,ssp370,far_future,hr_fija,39.215,72.529,22.647,689.771,4.471,6.0,58.133,180.176,128.824,83.353,75.429,4.8,3.883
10127,CALDAS DE REIS,Pontevedra,42.595,-8.619,268.0,17,ssp585,near_future,rocio_fijo,35.832,30.882,2.471,367.211,4.471,6.0,49.154,108.353,61.529,28.0,69.337,1.417,1.665
10127,CALDAS DE REIS,Pontevedra,42.595,-8.619,268.0,17,ssp585,near_future,hr_fija,35.832,30.882,2.471,367.211,4.471,6.0,50.671,117.706,71.176,35.294,75.429,1.417,1.665
10127,CALDAS DE REIS,Pontevedra,42.595,-8.619,268.0,17,ssp585,medium_future,rocio_fijo,37.674,50.471,9.706,545.888,4.471,6.0,50.996,126.824,77.765,38.0,62.231,3.259,2.982
10127,CALDAS DE REIS,Pontevedra,42.595,-8.619,268.0,17,ssp585,medium_future,hr_fija,37.674,50.471,9.706,545.888,4.471,6.0,54.596,152.824,101.706,58.941,75.429,3.259,2.982
10127,CALDAS DE REIS,Pontevedra,42.595,-8.619,268.0,17,ssp585,far_future,rocio_fijo,40.577,92.529,49.824,904.219,4.471,6.0,53.899,160.0,105.412,59.529,52.636,6.162,5.055
10127,CALDAS DE REIS,Pontevedra,42.595,-8.619,268.0,17,ssp585,far_future,hr_fija,40.577,92.529,49.824,904.219,4.471,6.0,61.27,206.059,155.059,106.412,75.429,6.162,5.055
10906,CANGAS,Pontevedra,42.26,-8.783,3.0,11,-,hoy,medido,31.518,6.455,2.0,207.591,3.273,5.0,42.034,51.364,20.636,5.636,76.084,,
10906,CANGAS,Pontevedra,42.26,-8.783,3.0,11,ssp126,near_future,rocio_fijo,33.043,12.545,9.818,348.637,3.273,5.0,43.559,65.091,27.727,9.273,69.397,1.525,1.255
10906,CANGAS,Pontevedra,42.26,-8.783,3.0,11,ssp126,near_future,hr_fija,33.043,12.545,9.818,348.637,3.273,5.0,44.944,77.545,34.0,13.545,76.084,1.525,1.255
10906,CANGAS,Pontevedra,42.26,-8.783,3.0,11,ssp126,medium_future,rocio_fijo,33.684,15.909,18.636,434.447,3.273,5.0,44.2,72.0,31.0,10.455,66.786,2.166,1.878
10906,CANGAS,Pontevedra,42.26,-8.783,3.0,11,ssp126,medium_future,hr_fija,33.684,15.909,18.636,434.447,3.273,5.0,46.204,95.273,42.182,16.909,76.084,2.166,1.878
10906,CANGAS,Pontevedra,42.26,-8.783,3.0,11,ssp126,far_future,rocio_fijo,33.744,16.364,18.364,430.381,3.273,5.0,44.261,73.182,31.364,10.818,66.543,2.227,1.85
10906,CANGAS,Pontevedra,42.26,-8.783,3.0,11,ssp126,far_future,hr_fija,33.744,16.364,18.364,430.381,3.273,5.0,46.325,96.273,43.273,17.364,76.084,2.227,1.85
10906,CANGAS,Pontevedra,42.26,-8.783,3.0,11,ssp245,near_future,rocio_fijo,33.04,12.545,12.0,370.575,3.273,5.0,43.557,65.091,27.727,9.273,69.405,1.523,1.421
10906,CANGAS,Pontevedra,42.26,-8.783,3.0,11,ssp245,near_future,hr_fija,33.04,12.545,12.0,370.575,3.273,5.0,44.94,77.545,33.909,13.545,76.084,1.523,1.421
10906,CANGAS,Pontevedra,42.26,-8.783,3.0,11,ssp245,medium_future,rocio_fijo,34.016,17.818,25.545,489.836,3.273,5.0,44.532,76.273,32.818,12.091,65.477,2.498,2.248
10906,CANGAS,Pontevedra,42.26,-8.783,3.0,11,ssp245,medium_future,hr_fija,34.016,17.818,25.545,489.836,3.273,5.0,46.864,103.0,46.636,19.0,76.084,2.498,2.248
10906,CANGAS,Pontevedra,42.26,-8.783,3.0,11,ssp245,far_future,rocio_fijo,34.902,23.182,39.091,578.9,3.273,5.0,45.419,89.818,39.0,15.182,62.119,3.385,2.8
10906,CANGAS,Pontevedra,42.26,-8.783,3.0,11,ssp245,far_future,hr_fija,34.902,23.182,39.091,578.9,3.273,5.0,48.683,124.273,60.727,25.636,76.084,3.385,2.8
10906,CANGAS,Pontevedra,42.26,-8.783,3.0,11,ssp370,near_future,rocio_fijo,32.91,11.909,11.091,362.709,3.273,5.0,43.426,63.909,26.636,9.0,69.953,1.392,1.362
10906,CANGAS,Pontevedra,42.26,-8.783,3.0,11,ssp370,near_future,hr_fija,32.91,11.909,11.091,362.709,3.273,5.0,44.686,75.0,32.636,12.545,76.084,1.392,1.362
10906,CANGAS,Pontevedra,42.26,-8.783,3.0,11,ssp370,medium_future,rocio_fijo,34.172,18.727,30.364,521.515,3.273,5.0,44.689,78.0,33.545,12.364,64.868,2.655,2.451
10906,CANGAS,Pontevedra,42.26,-8.783,3.0,11,ssp370,medium_future,hr_fija,34.172,18.727,30.364,521.515,3.273,5.0,47.187,106.545,48.182,20.182,76.084,2.655,2.451
10906,CANGAS,Pontevedra,42.26,-8.783,3.0,11,ssp370,far_future,rocio_fijo,35.816,31.182,63.545,734.915,3.273,5.0,46.332,104.091,45.455,17.818,58.864,4.298,3.659
10906,CANGAS,Pontevedra,42.26,-8.783,3.0,11,ssp370,far_future,hr_fija,35.816,31.182,63.545,734.915,3.273,5.0,50.543,145.182,77.818,35.545,76.084,4.298,3.659
10906,CANGAS,Pontevedra,42.26,-8.783,3.0,11,ssp585,near_future,rocio_fijo,32.89,11.909,14.182,390.94,3.273,5.0,43.406,63.727,26.455,9.0,70.037,1.372,1.571
10906,CANGAS,Pontevedra,42.26,-8.783,3.0,11,ssp585,near_future,hr_fija,32.89,11.909,14.182,390.94,3.273,5.0,44.647,74.636,32.364,12.273,76.084,1.372,1.571
10906,CANGAS,Pontevedra,42.26,-8.783,3.0,11,ssp585,medium_future,rocio_fijo,34.568,21.455,39.364,580.939,3.273,5.0,45.084,84.818,36.182,14.182,63.364,3.05,2.812
10906,CANGAS,Pontevedra,42.26,-8.783,3.0,11,ssp585,medium_future,hr_fija,34.568,21.455,39.364,580.939,3.273,5.0,48.011,117.364,54.909,23.091,76.084,3.05,2.812
10906,CANGAS,Pontevedra,42.26,-8.783,3.0,11,ssp585,far_future,rocio_fijo,37.107,42.273,94.273,964.921,3.273,5.0,47.623,122.636,57.091,22.727,54.585,5.589,4.753
10906,CANGAS,Pontevedra,42.26,-8.783,3.0,11,ssp585,far_future,hr_fija,37.107,42.273,94.273,964.921,3.273,5.0,53.37,173.727,110.636,53.182,76.084,5.589,4.753
10121,CERDEDO-COTOBADE,Pontevedra,42.468,-8.503,367.0,17,-,hoy,medido,33.96,18.765,0.059,157.389,5.941,5.0,47.307,88.294,48.118,21.0,78.143,,
10121,CERDEDO-COTOBADE,Pontevedra,42.468,-8.503,367.0,17,ssp126,near_future,rocio_fijo,35.615,30.0,0.235,259.464,5.941,5.0,48.962,103.412,59.706,27.529,70.79,1.655,1.374
10121,CERDEDO-COTOBADE,Pontevedra,42.468,-8.503,367.0,17,ssp126,near_future,hr_fija,35.615,30.0,0.235,259.464,5.941,5.0,50.829,115.941,71.176,36.706,78.143,1.655,1.374
10121,CERDEDO-COTOBADE,Pontevedra,42.468,-8.503,367.0,17,ssp126,medium_future,rocio_fijo,36.407,36.059,0.647,326.481,5.941,5.0,49.754,111.588,66.588,32.0,67.549,2.447,2.055
10121,CERDEDO-COTOBADE,Pontevedra,42.468,-8.503,367.0,17,ssp126,medium_future,hr_fija,36.407,36.059,0.647,326.481,5.941,5.0,52.611,129.647,83.471,45.647,78.143,2.447,2.055
10121,CERDEDO-COTOBADE,Pontevedra,42.468,-8.503,367.0,17,ssp126,far_future,rocio_fijo,36.489,36.882,0.588,323.834,5.941,5.0,49.836,112.471,67.471,32.412,67.223,2.529,2.03
10121,CERDEDO-COTOBADE,Pontevedra,42.468,-8.503,367.0,17,ssp126,far_future,hr_fija,36.489,36.882,0.588,323.834,5.941,5.0,52.787,131.353,84.235,46.824,78.143,2.529,2.03
10121,CERDEDO-COTOBADE,Pontevedra,42.468,-8.503,367.0,17,ssp245,near_future,rocio_fijo,35.636,30.0,0.235,276.215,5.941,5.0,48.983,103.824,59.765,27.765,70.701,1.676,1.555
10121,CERDEDO-COTOBADE,Pontevedra,42.468,-8.503,367.0,17,ssp245,near_future,hr_fija,35.636,30.0,0.235,276.215,5.941,5.0,50.875,116.176,71.588,36.882,78.143,1.676,1.555
10121,CERDEDO-COTOBADE,Pontevedra,42.468,-8.503,367.0,17,ssp245,medium_future,rocio_fijo,36.811,40.412,0.941,373.164,5.941,5.0,50.158,115.765,70.0,34.588,65.96,2.851,2.475
10121,CERDEDO-COTOBADE,Pontevedra,42.468,-8.503,367.0,17,ssp245,medium_future,hr_fija,36.811,40.412,0.941,373.164,5.941,5.0,53.481,138.059,89.882,50.294,78.143,2.851,2.475
10121,CERDEDO-COTOBADE,Pontevedra,42.468,-8.503,367.0,17,ssp245,far_future,rocio_fijo,37.839,50.412,2.235,448.092,5.941,5.0,51.186,126.647,78.529,40.294,62.105,3.879,3.083
10121,CERDEDO-COTOBADE,Pontevedra,42.468,-8.503,367.0,17,ssp245,far_future,hr_fija,37.839,50.412,2.235,448.092,5.941,5.0,55.756,158.706,106.706,65.059,78.143,3.879,3.083
10121,CERDEDO-COTOBADE,Pontevedra,42.468,-8.503,367.0,17,ssp370,near_future,rocio_fijo,35.568,29.412,0.235,270.938,5.941,5.0,48.915,102.882,59.353,27.294,70.987,1.608,1.499
10121,CERDEDO-COTOBADE,Pontevedra,42.468,-8.503,367.0,17,ssp370,near_future,hr_fija,35.568,29.412,0.235,270.938,5.941,5.0,50.724,115.235,70.529,35.941,78.143,1.608,1.499
10121,CERDEDO-COTOBADE,Pontevedra,42.468,-8.503,367.0,17,ssp370,medium_future,rocio_fijo,37.046,42.412,1.412,399.249,5.941,5.0,50.393,117.588,72.059,36.059,65.056,3.086,2.695
10121,CERDEDO-COTOBADE,Pontevedra,42.468,-8.503,367.0,17,ssp370,medium_future,hr_fija,37.046,42.412,1.412,399.249,5.941,5.0,53.995,141.824,93.235,53.471,78.143,3.086,2.695
10121,CERDEDO-COTOBADE,Pontevedra,42.468,-8.503,367.0,17,ssp370,far_future,rocio_fijo,39.06,66.706,6.647,578.91,5.941,5.0,52.407,140.765,89.0,48.706,57.851,5.1,4.012
10121,CERDEDO-COTOBADE,Pontevedra,42.468,-8.503,367.0,17,ssp370,far_future,hr_fija,39.06,66.706,6.647,578.91,5.941,5.0,58.54,181.941,128.0,84.294,78.143,5.1,4.012
10121,CERDEDO-COTOBADE,Pontevedra,42.468,-8.503,367.0,17,ssp585,near_future,rocio_fijo,35.672,30.353,0.353,293.755,5.941,5.0,49.019,104.235,60.059,27.824,70.551,1.712,1.736
10121,CERDEDO-COTOBADE,Pontevedra,42.468,-8.503,367.0,17,ssp585,near_future,hr_fija,35.672,30.353,0.353,293.755,5.941,5.0,50.956,116.706,72.294,37.235,78.143,1.712,1.736
10121,CERDEDO-COTOBADE,Pontevedra,42.468,-8.503,367.0,17,ssp585,medium_future,rocio_fijo,37.481,47.0,2.294,451.095,5.941,5.0,50.828,122.176,76.0,38.118,63.418,3.521,3.106
10121,CERDEDO-COTOBADE,Pontevedra,42.468,-8.503,367.0,17,ssp585,medium_future,hr_fija,37.481,47.0,2.294,451.095,5.941,5.0,54.957,150.824,99.824,59.529,78.143,3.521,3.106
10121,CERDEDO-COTOBADE,Pontevedra,42.468,-8.503,367.0,17,ssp585,far_future,rocio_fijo,40.447,86.647,17.529,780.054,5.941,5.0,53.794,156.882,101.765,58.353,53.414,6.487,5.235
10121,CERDEDO-COTOBADE,Pontevedra,42.468,-8.503,367.0,17,ssp585,far_future,hr_fija,40.447,86.647,17.529,780.054,5.941,5.0,61.949,207.765,155.412,106.706,78.143,6.487,5.235
10133,CUNTIS,Pontevedra,42.676,-8.586,715.0,17,-,hoy,medido,30.179,3.765,5.176,124.46,5.765,6.0,37.68,31.059,8.353,0.941,81.346,,
10133,CUNTIS,Pontevedra,42.676,-8.586,715.0,17,ssp126,near_future,rocio_fijo,31.707,7.588,7.824,186.061,5.765,6.0,39.208,41.412,13.176,2.235,74.04,1.528,1.318
10133,CUNTIS,Pontevedra,42.676,-8.586,715.0,17,ssp126,near_future,hr_fija,31.707,7.588,7.824,186.061,5.765,6.0,40.505,48.882,18.529,4.0,81.346,1.528,1.318
10133,CUNTIS,Pontevedra,42.676,-8.586,715.0,17,ssp126,medium_future,rocio_fijo,32.495,10.118,9.647,226.228,5.765,6.0,39.996,46.471,16.882,3.353,70.562,2.316,1.97
10133,CUNTIS,Pontevedra,42.676,-8.586,715.0,17,ssp126,medium_future,hr_fija,32.495,10.118,9.647,226.228,5.765,6.0,41.979,59.353,25.529,6.529,81.346,2.316,1.97
10133,CUNTIS,Pontevedra,42.676,-8.586,715.0,17,ssp126,far_future,rocio_fijo,32.55,10.294,9.471,224.099,5.765,6.0,40.051,47.0,17.118,3.412,70.327,2.371,1.938
10133,CUNTIS,Pontevedra,42.676,-8.586,715.0,17,ssp126,far_future,hr_fija,32.55,10.294,9.471,224.099,5.765,6.0,42.091,60.353,26.0,6.706,81.346,2.371,1.938
10133,CUNTIS,Pontevedra,42.676,-8.586,715.0,17,ssp245,near_future,rocio_fijo,31.722,7.647,8.353,196.329,5.765,6.0,39.223,41.529,13.235,2.294,73.972,1.543,1.496
10133,CUNTIS,Pontevedra,42.676,-8.586,715.0,17,ssp245,near_future,hr_fija,31.722,7.647,8.353,196.329,5.765,6.0,40.535,49.176,18.529,4.0,81.346,1.543,1.496
10133,CUNTIS,Pontevedra,42.676,-8.586,715.0,17,ssp245,medium_future,rocio_fijo,32.861,11.765,10.706,254.55,5.765,6.0,40.362,49.765,18.529,3.882,69.01,2.682,2.373
10133,CUNTIS,Pontevedra,42.676,-8.586,715.0,17,ssp245,medium_future,hr_fija,32.861,11.765,10.706,254.55,5.765,6.0,42.691,64.882,29.471,7.882,81.346,2.682,2.373
10133,CUNTIS,Pontevedra,42.676,-8.586,715.0,17,ssp245,far_future,rocio_fijo,33.856,16.471,12.765,299.911,5.765,6.0,41.357,58.059,23.059,5.353,64.98,3.677,2.951
10133,CUNTIS,Pontevedra,42.676,-8.586,715.0,17,ssp245,far_future,hr_fija,33.856,16.471,12.765,299.911,5.765,6.0,44.612,79.588,40.529,14.0,81.346,3.677,2.951
10133,CUNTIS,Pontevedra,42.676,-8.586,715.0,17,ssp370,near_future,rocio_fijo,31.622,7.529,8.176,192.624,5.765,6.0,39.123,40.765,12.706,2.176,74.426,1.443,1.433
10133,CUNTIS,Pontevedra,42.676,-8.586,715.0,17,ssp370,near_future,hr_fija,31.622,7.529,8.176,192.624,5.765,6.0,40.339,47.647,17.765,3.941,81.346,1.443,1.433
10133,CUNTIS,Pontevedra,42.676,-8.586,715.0,17,ssp370,medium_future,rocio_fijo,33.033,12.765,11.176,268.957,5.765,6.0,40.534,51.294,19.0,4.176,68.294,2.854,2.565
10133,CUNTIS,Pontevedra,42.676,-8.586,715.0,17,ssp370,medium_future,hr_fija,33.033,12.765,11.176,268.957,5.765,6.0,43.005,66.824,31.353,8.647,81.346,2.854,2.565
10133,CUNTIS,Pontevedra,42.676,-8.586,715.0,17,ssp370,far_future,rocio_fijo,35.014,23.0,17.294,385.414,5.765,6.0,42.515,67.882,29.765,8.059,60.62,4.835,3.85
10133,CUNTIS,Pontevedra,42.676,-8.586,715.0,17,ssp370,far_future,hr_fija,35.014,23.0,17.294,385.414,5.765,6.0,46.876,100.353,55.588,24.118,81.346,4.835,3.85
10133,CUNTIS,Pontevedra,42.676,-8.586,715.0,17,ssp585,near_future,rocio_fijo,31.661,7.588,8.941,205.449,5.765,6.0,39.162,40.941,13.0,2.176,74.249,1.482,1.647
10133,CUNTIS,Pontevedra,42.676,-8.586,715.0,17,ssp585,near_future,hr_fija,31.661,7.588,8.941,205.449,5.765,6.0,40.415,48.118,17.941,4.0,81.346,1.482,1.647
10133,CUNTIS,Pontevedra,42.676,-8.586,715.0,17,ssp585,medium_future,rocio_fijo,33.392,14.059,12.765,300.421,5.765,6.0,40.893,54.059,20.706,4.588,66.825,3.213,2.957
10133,CUNTIS,Pontevedra,42.676,-8.586,715.0,17,ssp585,medium_future,hr_fija,33.392,14.059,12.765,300.421,5.765,6.0,43.725,72.353,35.176,10.706,81.346,3.213,2.957
10133,CUNTIS,Pontevedra,42.676,-8.586,715.0,17,ssp585,far_future,rocio_fijo,36.349,32.294,27.706,524.697,5.765,6.0,43.85,79.941,38.765,11.882,55.997,6.17,5.022
10133,CUNTIS,Pontevedra,42.676,-8.586,715.0,17,ssp585,far_future,hr_fija,36.349,32.294,27.706,524.697,5.765,6.0,49.668,126.941,75.0,38.471,81.346,6.17,5.022
10163,FORCAREI,Pontevedra,42.611,-8.371,674.0,8,-,hoy,medido,31.72,7.625,1.25,130.012,5.25,5.0,42.366,62.0,25.75,7.0,83.957,,
10163,FORCAREI,Pontevedra,42.611,-8.371,674.0,8,ssp126,near_future,rocio_fijo,33.353,13.875,2.75,206.711,5.25,5.0,43.999,75.0,35.75,11.5,76.049,1.633,1.345
10163,FORCAREI,Pontevedra,42.611,-8.371,674.0,8,ssp126,near_future,hr_fija,33.353,13.875,2.75,206.711,5.25,5.0,45.527,86.125,45.25,17.125,83.957,1.633,1.345
10163,FORCAREI,Pontevedra,42.611,-8.371,674.0,8,ssp126,medium_future,rocio_fijo,34.208,19.5,4.25,257.547,5.25,5.0,44.854,82.375,40.375,14.875,72.245,2.488,2.026
10163,FORCAREI,Pontevedra,42.611,-8.371,674.0,8,ssp126,medium_future,hr_fija,34.208,19.5,4.25,257.547,5.25,5.0,47.289,98.625,56.75,24.625,83.957,2.488,2.026
10163,FORCAREI,Pontevedra,42.611,-8.371,674.0,8,ssp126,far_future,rocio_fijo,34.276,19.75,4.125,255.556,5.25,5.0,44.922,83.125,41.5,14.875,71.952,2.556,2.001
10163,FORCAREI,Pontevedra,42.611,-8.371,674.0,8,ssp126,far_future,hr_fija,34.276,19.75,4.125,255.556,5.25,5.0,47.428,99.125,57.625,24.875,83.957,2.556,2.001
10163,FORCAREI,Pontevedra,42.611,-8.371,674.0,8,ssp245,near_future,rocio_fijo,33.365,13.875,3.0,218.392,5.25,5.0,44.011,75.125,35.75,11.625,75.994,1.645,1.513
10163,FORCAREI,Pontevedra,42.611,-8.371,674.0,8,ssp245,near_future,hr_fija,33.365,13.875,3.0,218.392,5.25,5.0,45.552,86.375,45.375,17.125,83.957,1.645,1.513
10163,FORCAREI,Pontevedra,42.611,-8.371,674.0,8,ssp245,medium_future,rocio_fijo,34.518,21.25,5.0,292.74,5.25,5.0,45.164,84.875,43.25,15.875,70.919,2.798,2.444
10163,FORCAREI,Pontevedra,42.611,-8.371,674.0,8,ssp245,medium_future,hr_fija,34.518,21.25,5.0,292.74,5.25,5.0,47.923,102.25,63.125,27.5,83.957,2.798,2.444
10163,FORCAREI,Pontevedra,42.611,-8.371,674.0,8,ssp245,far_future,rocio_fijo,35.685,27.625,7.0,350.228,5.25,5.0,46.331,95.125,52.75,20.75,66.168,3.965,3.057
10163,FORCAREI,Pontevedra,42.611,-8.371,674.0,8,ssp245,far_future,hr_fija,35.685,27.625,7.0,350.228,5.25,5.0,50.454,122.75,79.5,41.125,83.957,3.965,3.057
10163,FORCAREI,Pontevedra,42.611,-8.371,674.0,8,ssp370,near_future,rocio_fijo,33.352,13.875,3.0,214.521,5.25,5.0,43.998,75.0,35.75,11.5,76.053,1.632,1.458
10163,FORCAREI,Pontevedra,42.611,-8.371,674.0,8,ssp370,near_future,hr_fija,33.352,13.875,3.0,214.521,5.25,5.0,45.525,86.0,45.25,17.125,83.957,1.632,1.458
10163,FORCAREI,Pontevedra,42.611,-8.371,674.0,8,ssp370,medium_future,rocio_fijo,34.787,22.5,5.875,311.774,5.25,5.0,45.433,87.375,45.625,16.5,69.791,3.067,2.655
10163,FORCAREI,Pontevedra,42.611,-8.371,674.0,8,ssp370,medium_future,hr_fija,34.787,22.5,5.875,311.774,5.25,5.0,48.501,106.75,66.75,30.375,83.957,3.067,2.655
10163,FORCAREI,Pontevedra,42.611,-8.371,674.0,8,ssp370,far_future,rocio_fijo,36.93,40.0,10.375,449.852,5.25,5.0,47.576,106.875,64.375,27.0,61.49,5.21,3.97
10163,FORCAREI,Pontevedra,42.611,-8.371,674.0,8,ssp370,far_future,hr_fija,36.93,40.0,10.375,449.852,5.25,5.0,53.125,144.25,97.875,59.625,83.957,5.21,3.97
10163,FORCAREI,Pontevedra,42.611,-8.371,674.0,8,ssp585,near_future,rocio_fijo,33.476,14.375,3.875,231.828,5.25,5.0,44.122,76.125,36.25,11.875,75.488,1.756,1.696
10163,FORCAREI,Pontevedra,42.611,-8.371,674.0,8,ssp585,near_future,hr_fija,33.476,14.375,3.875,231.828,5.25,5.0,45.785,87.25,47.0,18.0,83.957,1.756,1.696
10163,FORCAREI,Pontevedra,42.611,-8.371,674.0,8,ssp585,medium_future,rocio_fijo,35.231,25.0,7.0,351.329,5.25,5.0,45.877,90.625,49.125,18.875,67.972,3.511,3.068
10163,FORCAREI,Pontevedra,42.611,-8.371,674.0,8,ssp585,medium_future,hr_fija,35.231,25.0,7.0,351.329,5.25,5.0,49.472,114.0,73.25,35.875,83.957,3.511,3.068
10163,FORCAREI,Pontevedra,42.611,-8.371,674.0,8,ssp585,far_future,rocio_fijo,38.286,57.25,23.0,612.168,5.25,5.0,48.932,119.75,74.625,35.125,56.815,6.566,5.195
10163,FORCAREI,Pontevedra,42.611,-8.371,674.0,8,ssp585,far_future,hr_fija,38.286,57.25,23.0,612.168,5.25,5.0,56.233,172.0,120.75,79.375,83.957,6.566,5.195
10086,FORNELOS DE MONTES,Pontevedra,42.315,-8.4,705.0,17,-,hoy,medido,32.26,10.765,11.118,248.065,5.941,6.0,39.193,49.706,14.824,2.471,73.159,,
10086,FORNELOS DE MONTES,Pontevedra,42.315,-8.4,705.0,17,ssp126,near_future,rocio_fijo,33.994,18.412,18.529,358.53,5.941,6.0,40.927,64.118,26.118,5.353,65.841,1.734,1.421
10086,FORNELOS DE MONTES,Pontevedra,42.315,-8.4,705.0,17,ssp126,near_future,hr_fija,33.994,18.412,18.529,358.53,5.941,6.0,42.313,75.294,35.059,8.588,73.159,1.734,1.421
10086,FORNELOS DE MONTES,Pontevedra,42.315,-8.4,705.0,17,ssp126,medium_future,rocio_fijo,34.802,24.176,22.235,425.492,5.941,6.0,41.735,72.176,31.529,7.176,62.715,2.542,2.124
10086,FORNELOS DE MONTES,Pontevedra,42.315,-8.4,705.0,17,ssp126,medium_future,hr_fija,34.802,24.176,22.235,425.492,5.941,6.0,43.809,87.471,45.176,12.882,73.159,2.542,2.124
10086,FORNELOS DE MONTES,Pontevedra,42.315,-8.4,705.0,17,ssp126,far_future,rocio_fijo,34.883,24.882,22.059,423.264,5.941,6.0,41.816,73.294,32.294,7.412,62.411,2.623,2.102
10086,FORNELOS DE MONTES,Pontevedra,42.315,-8.4,705.0,17,ssp126,far_future,hr_fija,34.883,24.882,22.059,423.264,5.941,6.0,43.96,89.0,45.824,13.118,73.159,2.623,2.102
10086,FORNELOS DE MONTES,Pontevedra,42.315,-8.4,705.0,17,ssp245,near_future,rocio_fijo,34.019,18.706,19.471,374.696,5.941,6.0,40.952,64.294,26.294,5.471,65.742,1.759,1.599
10086,FORNELOS DE MONTES,Pontevedra,42.315,-8.4,705.0,17,ssp245,near_future,hr_fija,34.019,18.706,19.471,374.696,5.941,6.0,42.36,75.765,35.235,8.647,73.159,1.759,1.599
10086,FORNELOS DE MONTES,Pontevedra,42.315,-8.4,705.0,17,ssp245,medium_future,rocio_fijo,35.212,26.765,24.588,470.832,5.941,6.0,42.145,76.353,34.706,8.118,61.193,2.952,2.555
10086,FORNELOS DE MONTES,Pontevedra,42.315,-8.4,705.0,17,ssp245,medium_future,hr_fija,35.212,26.765,24.588,470.832,5.941,6.0,44.613,94.882,49.765,16.059,73.159,2.952,2.555
10086,FORNELOS DE MONTES,Pontevedra,42.315,-8.4,705.0,17,ssp245,far_future,rocio_fijo,36.258,34.588,29.353,544.311,5.941,6.0,43.191,86.118,41.471,11.529,57.495,3.998,3.191
10086,FORNELOS DE MONTES,Pontevedra,42.315,-8.4,705.0,17,ssp245,far_future,hr_fija,36.258,34.588,29.353,544.311,5.941,6.0,46.644,113.235,65.647,28.471,73.159,3.998,3.191
10086,FORNELOS DE MONTES,Pontevedra,42.315,-8.4,705.0,17,ssp370,near_future,rocio_fijo,33.999,18.412,19.176,370.272,5.941,6.0,40.932,64.176,26.118,5.353,65.821,1.739,1.551
10086,FORNELOS DE MONTES,Pontevedra,42.315,-8.4,705.0,17,ssp370,near_future,hr_fija,33.999,18.412,19.176,370.272,5.941,6.0,42.322,75.353,35.118,8.588,73.159,1.739,1.551
10086,FORNELOS DE MONTES,Pontevedra,42.315,-8.4,705.0,17,ssp370,medium_future,rocio_fijo,35.478,28.882,26.176,497.921,5.941,6.0,42.411,78.588,36.529,8.882,60.228,3.218,2.798
10086,FORNELOS DE MONTES,Pontevedra,42.315,-8.4,705.0,17,ssp370,medium_future,hr_fija,35.478,28.882,26.176,497.921,5.941,6.0,45.142,98.588,52.824,19.353,73.159,3.218,2.798
10086,FORNELOS DE MONTES,Pontevedra,42.315,-8.4,705.0,17,ssp370,far_future,rocio_fijo,37.535,47.118,37.941,669.743,5.941,6.0,44.468,99.235,51.529,16.941,53.318,5.275,4.144
10086,FORNELOS DE MONTES,Pontevedra,42.315,-8.4,705.0,17,ssp370,far_future,hr_fija,37.535,47.118,37.941,669.743,5.941,6.0,49.144,137.412,85.353,44.706,73.159,5.275,4.144
10086,FORNELOS DE MONTES,Pontevedra,42.315,-8.4,705.0,17,ssp585,near_future,rocio_fijo,34.123,19.059,20.588,394.227,5.941,6.0,41.056,65.353,26.882,6.0,65.331,1.863,1.807
10086,FORNELOS DE MONTES,Pontevedra,42.315,-8.4,705.0,17,ssp585,near_future,hr_fija,34.123,19.059,20.588,394.227,5.941,6.0,42.557,77.353,36.529,9.059,73.159,1.863,1.807
10086,FORNELOS DE MONTES,Pontevedra,42.315,-8.4,705.0,17,ssp585,medium_future,rocio_fijo,35.948,32.294,29.588,547.974,5.941,6.0,42.881,82.706,39.588,10.529,58.564,3.688,3.221
10086,FORNELOS DE MONTES,Pontevedra,42.315,-8.4,705.0,17,ssp585,medium_future,hr_fija,35.948,32.294,29.588,547.974,5.941,6.0,46.044,108.0,60.235,24.882,73.159,3.688,3.221
10086,FORNELOS DE MONTES,Pontevedra,42.315,-8.4,705.0,17,ssp585,far_future,rocio_fijo,38.93,64.294,56.294,865.065,5.941,6.0,45.863,115.294,63.529,25.647,49.14,6.67,5.403
10086,FORNELOS DE MONTES,Pontevedra,42.315,-8.4,705.0,17,ssp585,far_future,hr_fija,38.93,64.294,56.294,865.065,5.941,6.0,52.024,162.176,110.353,64.882,73.159,6.67,5.403
10061,LALÍN,Pontevedra,42.614,-8.137,500.0,17,-,hoy,medido,34.155,20.118,0.0,109.174,5.706,6.0,48.328,92.294,52.706,24.706,76.837,,
10061,LALÍN,Pontevedra,42.614,-8.137,500.0,17,ssp126,near_future,rocio_fijo,35.948,33.059,0.0,196.863,5.706,6.0,50.121,107.471,65.235,32.353,69.074,1.793,1.401
10061,LALÍN,Pontevedra,42.614,-8.137,500.0,17,ssp126,near_future,hr_fija,35.948,33.059,0.0,196.863,5.706,6.0,52.242,118.529,77.0,42.235,76.837,1.793,1.401
10061,LALÍN,Pontevedra,42.614,-8.137,500.0,17,ssp126,medium_future,rocio_fijo,36.807,42.588,0.059,255.273,5.706,6.0,50.98,114.765,72.118,37.235,65.67,2.652,2.095
10061,LALÍN,Pontevedra,42.614,-8.137,500.0,17,ssp126,medium_future,hr_fija,36.807,42.588,0.059,255.273,5.706,6.0,54.188,132.294,90.647,53.118,76.837,2.652,2.095
10061,LALÍN,Pontevedra,42.614,-8.137,500.0,17,ssp126,far_future,rocio_fijo,36.881,43.353,0.059,252.994,5.706,6.0,51.054,115.588,72.765,37.765,65.386,2.726,2.07
10061,LALÍN,Pontevedra,42.614,-8.137,500.0,17,ssp126,far_future,hr_fija,36.881,43.353,0.059,252.994,5.706,6.0,54.358,133.294,91.706,54.412,76.837,2.726,2.07
10061,LALÍN,Pontevedra,42.614,-8.137,500.0,17,ssp245,near_future,rocio_fijo,35.97,33.235,0.0,210.275,5.706,6.0,50.143,107.647,65.471,32.412,68.984,1.815,1.573
10061,LALÍN,Pontevedra,42.614,-8.137,500.0,17,ssp245,near_future,hr_fija,35.97,33.235,0.0,210.275,5.706,6.0,52.291,118.824,77.353,42.353,76.837,1.815,1.573
10061,LALÍN,Pontevedra,42.614,-8.137,500.0,17,ssp245,medium_future,rocio_fijo,37.163,45.824,0.235,296.952,5.706,6.0,51.336,118.0,74.529,39.706,64.316,3.008,2.531
10061,LALÍN,Pontevedra,42.614,-8.137,500.0,17,ssp245,medium_future,hr_fija,37.163,45.824,0.235,296.952,5.706,6.0,55.018,137.706,95.471,57.941,76.837,3.008,2.531
10061,LALÍN,Pontevedra,42.614,-8.137,500.0,17,ssp245,far_future,rocio_fijo,38.365,59.882,0.941,363.697,5.706,6.0,52.538,129.118,85.706,47.882,59.97,4.21,3.157
10061,LALÍN,Pontevedra,42.614,-8.137,500.0,17,ssp245,far_future,hr_fija,38.365,59.882,0.941,363.697,5.706,6.0,57.856,159.706,113.529,73.882,76.837,4.21,3.157
10061,LALÍN,Pontevedra,42.614,-8.137,500.0,17,ssp370,near_future,rocio_fijo,35.998,33.412,0.0,206.01,5.706,6.0,50.171,107.765,65.647,32.471,68.87,1.843,1.519
10061,LALÍN,Pontevedra,42.614,-8.137,500.0,17,ssp370,near_future,hr_fija,35.998,33.412,0.0,206.01,5.706,6.0,52.355,119.353,77.647,42.765,76.837,1.843,1.519
10061,LALÍN,Pontevedra,42.614,-8.137,500.0,17,ssp370,medium_future,rocio_fijo,37.477,49.412,0.529,319.014,5.706,6.0,51.65,120.647,77.529,41.412,63.147,3.322,2.747
10061,LALÍN,Pontevedra,42.614,-8.137,500.0,17,ssp370,medium_future,hr_fija,37.477,49.412,0.529,319.014,5.706,6.0,55.764,142.941,101.0,62.294,76.837,3.322,2.747
10061,LALÍN,Pontevedra,42.614,-8.137,500.0,17,ssp370,far_future,rocio_fijo,39.667,76.0,3.353,478.201,5.706,6.0,53.84,142.176,96.647,56.824,55.631,5.512,4.091
10061,LALÍN,Pontevedra,42.614,-8.137,500.0,17,ssp370,far_future,hr_fija,39.667,76.0,3.353,478.201,5.706,6.0,61.023,182.294,133.647,93.882,76.837,5.512,4.091
10061,LALÍN,Pontevedra,42.614,-8.137,500.0,17,ssp585,near_future,rocio_fijo,36.149,34.353,0.0,226.36,5.706,6.0,50.322,108.824,66.529,33.529,68.26,1.994,1.768
10061,LALÍN,Pontevedra,42.614,-8.137,500.0,17,ssp585,near_future,hr_fija,36.149,34.353,0.0,226.36,5.706,6.0,52.696,121.176,79.882,44.471,76.837,1.994,1.768
10061,LALÍN,Pontevedra,42.614,-8.137,500.0,17,ssp585,medium_future,rocio_fijo,37.952,54.824,0.941,365.626,5.706,6.0,52.125,125.059,81.706,44.529,61.424,3.797,3.174
10061,LALÍN,Pontevedra,42.614,-8.137,500.0,17,ssp585,medium_future,hr_fija,37.952,54.824,0.941,365.626,5.706,6.0,56.887,151.824,107.176,68.353,76.837,3.797,3.174
10061,LALÍN,Pontevedra,42.614,-8.137,500.0,17,ssp585,far_future,rocio_fijo,41.092,97.176,11.059,662.067,5.706,6.0,55.265,158.412,108.412,66.353,51.284,6.937,5.348
10061,LALÍN,Pontevedra,42.614,-8.137,500.0,17,ssp585,far_future,hr_fija,41.092,97.176,11.059,662.067,5.706,6.0,64.573,208.588,159.353,116.0,76.837,6.937,5.348
10158,LALÍN,Pontevedra,42.656,-8.107,601.0,10,-,hoy,medido,33.877,16.5,1.0,168.945,4.8,5.0,46.681,82.0,44.5,17.7,78.707,,
10158,LALÍN,Pontevedra,42.656,-8.107,601.0,10,ssp126,near_future,rocio_fijo,35.691,26.8,2.9,274.772,4.8,5.0,48.495,97.8,56.3,26.3,70.627,1.814,1.411
10158,LALÍN,Pontevedra,42.656,-8.107,601.0,10,ssp126,near_future,hr_fija,35.691,26.8,2.9,274.772,4.8,5.0,50.536,108.4,67.0,34.3,78.707,1.814,1.411
10158,LALÍN,Pontevedra,42.656,-8.107,601.0,10,ssp126,medium_future,rocio_fijo,36.544,34.4,3.6,341.457,4.8,5.0,49.348,105.0,62.5,30.3,67.154,2.667,2.111
10158,LALÍN,Pontevedra,42.656,-8.107,601.0,10,ssp126,medium_future,hr_fija,36.544,34.4,3.6,341.457,4.8,5.0,52.361,123.7,79.8,45.2,78.707,2.667,2.111
10158,LALÍN,Pontevedra,42.656,-8.107,601.0,10,ssp126,far_future,rocio_fijo,36.623,35.1,3.5,338.9,4.8,5.0,49.427,105.6,63.0,30.8,66.843,2.746,2.086
10158,LALÍN,Pontevedra,42.656,-8.107,601.0,10,ssp126,far_future,hr_fija,36.623,35.1,3.5,338.9,4.8,5.0,52.538,124.6,81.2,46.0,78.707,2.746,2.086
10158,LALÍN,Pontevedra,42.656,-8.107,601.0,10,ssp245,near_future,rocio_fijo,35.702,26.9,3.0,290.45,4.8,5.0,48.506,98.1,56.6,26.3,70.581,1.825,1.585
10158,LALÍN,Pontevedra,42.656,-8.107,601.0,10,ssp245,near_future,hr_fija,35.702,26.9,3.0,290.45,4.8,5.0,50.559,108.5,67.2,34.3,78.707,1.825,1.585
10158,LALÍN,Pontevedra,42.656,-8.107,601.0,10,ssp245,medium_future,rocio_fijo,36.897,38.5,4.8,388.453,4.8,5.0,49.701,107.9,65.4,32.0,65.774,3.02,2.551
10158,LALÍN,Pontevedra,42.656,-8.107,601.0,10,ssp245,medium_future,hr_fija,36.897,38.5,4.8,388.453,4.8,5.0,53.155,128.8,86.7,49.2,78.707,3.02,2.551
10158,LALÍN,Pontevedra,42.656,-8.107,601.0,10,ssp245,far_future,rocio_fijo,38.127,52.8,5.9,462.231,4.8,5.0,50.931,120.8,75.4,39.7,61.207,4.25,3.18
10158,LALÍN,Pontevedra,42.656,-8.107,601.0,10,ssp245,far_future,hr_fija,38.127,52.8,5.9,462.231,4.8,5.0,55.907,149.4,104.0,64.8,78.707,4.25,3.18
10158,LALÍN,Pontevedra,42.656,-8.107,601.0,10,ssp370,near_future,rocio_fijo,35.719,27.0,2.9,285.338,4.8,5.0,48.523,98.3,56.8,26.3,70.51,1.842,1.529
10158,LALÍN,Pontevedra,42.656,-8.107,601.0,10,ssp370,near_future,hr_fija,35.719,27.0,2.9,285.338,4.8,5.0,50.594,108.6,67.5,34.4,78.707,1.842,1.529
10158,LALÍN,Pontevedra,42.656,-8.107,601.0,10,ssp370,medium_future,rocio_fijo,37.208,42.3,5.2,412.722,4.8,5.0,50.012,109.9,67.6,33.5,64.584,3.331,2.764
10158,LALÍN,Pontevedra,42.656,-8.107,601.0,10,ssp370,medium_future,hr_fija,37.208,42.3,5.2,412.722,4.8,5.0,53.861,133.7,91.5,52.7,78.707,3.331,2.764
10158,LALÍN,Pontevedra,42.656,-8.107,601.0,10,ssp370,far_future,rocio_fijo,39.425,68.2,13.1,587.312,4.8,5.0,52.229,132.1,88.0,48.4,56.772,5.548,4.126
10158,LALÍN,Pontevedra,42.656,-8.107,601.0,10,ssp370,far_future,hr_fija,39.425,68.2,13.1,587.312,4.8,5.0,58.932,171.8,125.6,85.1,78.707,5.548,4.126
10158,LALÍN,Pontevedra,42.656,-8.107,601.0,10,ssp585,near_future,rocio_fijo,35.87,28.0,3.1,308.307,4.8,5.0,48.674,100.0,57.6,26.9,69.882,1.993,1.776
10158,LALÍN,Pontevedra,42.656,-8.107,601.0,10,ssp585,near_future,hr_fija,35.87,28.0,3.1,308.307,4.8,5.0,50.911,111.2,69.4,36.3,78.707,1.993,1.776
10158,LALÍN,Pontevedra,42.656,-8.107,601.0,10,ssp585,medium_future,rocio_fijo,37.687,46.7,6.0,464.067,4.8,5.0,50.491,114.5,71.1,36.6,62.798,3.81,3.195
10158,LALÍN,Pontevedra,42.656,-8.107,601.0,10,ssp585,medium_future,hr_fija,37.687,46.7,6.0,464.067,4.8,5.0,54.925,142.9,97.6,59.3,78.707,3.81,3.195
10158,LALÍN,Pontevedra,42.656,-8.107,601.0,10,ssp585,far_future,rocio_fijo,40.856,86.9,28.1,779.575,4.8,5.0,53.66,147.7,99.9,57.6,52.297,6.979,5.392
10158,LALÍN,Pontevedra,42.656,-8.107,601.0,10,ssp585,far_future,hr_fija,40.856,86.9,28.1,779.575,4.8,5.0,62.482,197.1,148.7,105.6,78.707,6.979,5.392
19068,MEAÑO,Pontevedra,42.436,-8.775,97.0,15,-,hoy,medido,33.926,20.933,0.2,237.717,4.933,5.0,48.454,108.0,56.667,26.067,78.054,,
19068,MEAÑO,Pontevedra,42.436,-8.775,97.0,15,ssp126,near_future,rocio_fijo,35.366,31.8,1.133,376.936,4.933,5.0,49.894,124.533,70.8,32.4,71.671,1.44,1.226
19068,MEAÑO,Pontevedra,42.436,-8.775,97.0,15,ssp126,near_future,hr_fija,35.366,31.8,1.133,376.936,4.933,5.0,51.552,136.2,83.333,40.867,78.054,1.44,1.226
19068,MEAÑO,Pontevedra,42.436,-8.775,97.0,15,ssp126,medium_future,rocio_fijo,36.02,37.4,3.133,461.773,4.933,5.0,50.548,131.533,77.333,36.733,68.968,2.094,1.849
19068,MEAÑO,Pontevedra,42.436,-8.775,97.0,15,ssp126,medium_future,hr_fija,36.02,37.4,3.133,461.773,4.933,5.0,53.019,149.2,95.467,49.467,78.054,2.094,1.849
19068,MEAÑO,Pontevedra,42.436,-8.775,97.0,15,ssp126,far_future,rocio_fijo,36.106,38.467,3.0,457.32,4.933,5.0,50.634,133.2,78.6,37.333,68.621,2.18,1.818
19068,MEAÑO,Pontevedra,42.436,-8.775,97.0,15,ssp126,far_future,hr_fija,36.106,38.467,3.0,457.32,4.933,5.0,53.219,150.933,96.8,50.867,78.054,2.18,1.818
19068,MEAÑO,Pontevedra,42.436,-8.775,97.0,15,ssp245,near_future,rocio_fijo,35.356,31.8,1.667,398.38,4.933,5.0,49.884,124.4,70.667,32.4,71.714,1.43,1.39
19068,MEAÑO,Pontevedra,42.436,-8.775,97.0,15,ssp245,near_future,hr_fija,35.356,31.8,1.667,398.38,4.933,5.0,51.531,136.067,83.2,40.867,78.054,1.43,1.39
19068,MEAÑO,Pontevedra,42.436,-8.775,97.0,15,ssp245,medium_future,rocio_fijo,36.345,41.067,5.267,515.903,4.933,5.0,50.873,135.533,81.467,38.667,67.668,2.419,2.213
19068,MEAÑO,Pontevedra,42.436,-8.775,97.0,15,ssp245,medium_future,hr_fija,36.345,41.067,5.267,515.903,4.933,5.0,53.78,155.333,100.867,54.0,78.054,2.419,2.213
19068,MEAÑO,Pontevedra,42.436,-8.775,97.0,15,ssp245,far_future,rocio_fijo,37.248,50.667,8.667,603.413,4.933,5.0,51.776,145.533,89.8,44.2,64.197,3.322,2.76
19068,MEAÑO,Pontevedra,42.436,-8.775,97.0,15,ssp245,far_future,hr_fija,37.248,50.667,8.667,603.413,4.933,5.0,55.935,171.533,118.867,69.4,78.054,3.322,2.76
19068,MEAÑO,Pontevedra,42.436,-8.775,97.0,15,ssp370,near_future,rocio_fijo,35.176,29.733,1.467,389.405,4.933,5.0,49.704,122.333,68.933,31.733,72.479,1.25,1.322
19068,MEAÑO,Pontevedra,42.436,-8.775,97.0,15,ssp370,near_future,hr_fija,35.176,29.733,1.467,389.405,4.933,5.0,51.144,132.8,79.867,38.467,78.054,1.25,1.322
19068,MEAÑO,Pontevedra,42.436,-8.775,97.0,15,ssp370,medium_future,rocio_fijo,36.465,42.0,6.067,544.652,4.933,5.0,50.993,136.933,82.533,39.4,67.195,2.539,2.398
19068,MEAÑO,Pontevedra,42.436,-8.775,97.0,15,ssp370,medium_future,hr_fija,36.465,42.0,6.067,544.652,4.933,5.0,54.063,158.0,103.4,55.667,78.054,2.539,2.398
19068,MEAÑO,Pontevedra,42.436,-8.775,97.0,15,ssp370,far_future,rocio_fijo,38.144,63.4,19.533,753.783,4.933,5.0,52.672,156.333,98.933,50.867,60.951,4.218,3.613
19068,MEAÑO,Pontevedra,42.436,-8.775,97.0,15,ssp370,far_future,hr_fija,38.144,63.4,19.533,753.783,4.933,5.0,58.132,190.0,136.333,86.333,78.054,4.218,3.613
19068,MEAÑO,Pontevedra,42.436,-8.775,97.0,15,ssp585,near_future,rocio_fijo,35.145,29.333,2.333,415.835,4.933,5.0,49.673,121.933,68.533,31.533,72.612,1.219,1.52
19068,MEAÑO,Pontevedra,42.436,-8.775,97.0,15,ssp585,near_future,hr_fija,35.145,29.333,2.333,415.835,4.933,5.0,51.078,132.067,79.4,38.267,78.054,1.219,1.52
19068,MEAÑO,Pontevedra,42.436,-8.775,97.0,15,ssp585,medium_future,rocio_fijo,36.823,45.867,8.4,602.583,4.933,5.0,51.351,140.733,85.667,41.933,65.805,2.897,2.755
19068,MEAÑO,Pontevedra,42.436,-8.775,97.0,15,ssp585,medium_future,hr_fija,36.823,45.867,8.4,602.583,4.933,5.0,54.914,164.867,110.6,61.667,78.054,2.897,2.755
19068,MEAÑO,Pontevedra,42.436,-8.775,97.0,15,ssp585,far_future,rocio_fijo,39.412,82.733,38.6,972.941,4.933,5.0,53.94,170.733,112.733,61.267,56.668,5.486,4.702
19068,MEAÑO,Pontevedra,42.436,-8.775,97.0,15,ssp585,far_future,hr_fija,39.412,82.733,38.6,972.941,4.933,5.0,61.194,214.867,161.6,110.867,78.054,5.486,4.702
19056,MEIS,Pontevedra,42.537,-8.716,52.0,17,-,hoy,medido,34.232,21.059,0.706,265.706,4.647,5.0,48.835,96.294,51.706,22.647,74.815,,
19056,MEIS,Pontevedra,42.537,-8.716,52.0,17,ssp126,near_future,rocio_fijo,35.789,32.0,5.647,419.73,4.647,5.0,50.392,115.059,63.0,30.647,68.224,1.557,1.327
19056,MEIS,Pontevedra,42.537,-8.716,52.0,17,ssp126,near_future,hr_fija,35.789,32.0,5.647,419.73,4.647,5.0,52.191,128.235,75.941,38.176,74.815,1.557,1.327
19056,MEIS,Pontevedra,42.537,-8.716,52.0,17,ssp126,medium_future,rocio_fijo,36.519,38.059,10.176,509.368,4.647,5.0,51.122,123.647,70.588,34.294,65.361,2.287,1.974
19056,MEIS,Pontevedra,42.537,-8.716,52.0,17,ssp126,medium_future,hr_fija,36.519,38.059,10.176,509.368,4.647,5.0,53.684,142.706,87.353,46.059,74.815,2.287,1.974
19056,MEIS,Pontevedra,42.537,-8.716,52.0,17,ssp126,far_future,rocio_fijo,36.596,39.059,10.0,504.874,4.647,5.0,51.199,124.588,71.294,34.706,65.067,2.364,1.943
19056,MEIS,Pontevedra,42.537,-8.716,52.0,17,ssp126,far_future,hr_fija,36.596,39.059,10.0,504.874,4.647,5.0,53.843,144.059,88.882,47.353,74.815,2.364,1.943
19056,MEIS,Pontevedra,42.537,-8.716,52.0,17,ssp245,near_future,rocio_fijo,35.769,31.765,7.059,443.727,4.647,5.0,50.372,114.765,62.824,30.588,68.304,1.537,1.507
19056,MEIS,Pontevedra,42.537,-8.716,52.0,17,ssp245,near_future,hr_fija,35.769,31.765,7.059,443.727,4.647,5.0,52.15,127.706,75.765,38.059,74.815,1.537,1.507
19056,MEIS,Pontevedra,42.537,-8.716,52.0,17,ssp245,medium_future,rocio_fijo,36.887,41.647,14.765,568.913,4.647,5.0,51.49,127.882,74.235,36.176,63.969,2.655,2.371
19056,MEIS,Pontevedra,42.537,-8.716,52.0,17,ssp245,medium_future,hr_fija,36.887,41.647,14.765,568.913,4.647,5.0,54.447,150.588,94.412,51.647,74.815,2.655,2.371
19056,MEIS,Pontevedra,42.537,-8.716,52.0,17,ssp245,far_future,rocio_fijo,37.848,52.353,22.882,661.764,4.647,5.0,52.451,139.118,82.588,41.647,60.49,3.616,2.946
19056,MEIS,Pontevedra,42.537,-8.716,52.0,17,ssp245,far_future,hr_fija,37.848,52.353,22.882,661.764,4.647,5.0,56.599,169.529,113.412,65.765,74.815,3.616,2.946
19056,MEIS,Pontevedra,42.537,-8.716,52.0,17,ssp370,near_future,rocio_fijo,35.561,30.471,6.235,434.985,4.647,5.0,50.164,111.529,61.176,29.059,69.147,1.329,1.442
19056,MEIS,Pontevedra,42.537,-8.716,52.0,17,ssp370,near_future,hr_fija,35.561,30.471,6.235,434.985,4.647,5.0,51.711,123.529,71.706,35.647,74.815,1.329,1.442
19056,MEIS,Pontevedra,42.537,-8.716,52.0,17,ssp370,medium_future,rocio_fijo,37.01,42.824,17.118,599.871,4.647,5.0,51.613,129.118,75.353,36.882,63.511,2.778,2.568
19056,MEIS,Pontevedra,42.537,-8.716,52.0,17,ssp370,medium_future,hr_fija,37.01,42.824,17.118,599.871,4.647,5.0,54.703,153.118,96.176,53.176,74.815,2.778,2.568
19056,MEIS,Pontevedra,42.537,-8.716,52.0,17,ssp370,far_future,rocio_fijo,38.883,65.882,39.412,825.214,4.647,5.0,53.486,152.0,93.353,48.706,56.979,4.651,3.859
19056,MEIS,Pontevedra,42.537,-8.716,52.0,17,ssp370,far_future,hr_fija,38.883,65.882,39.412,825.214,4.647,5.0,59.108,189.882,134.059,83.059,74.815,4.651,3.859
19056,MEIS,Pontevedra,42.537,-8.716,52.0,17,ssp585,near_future,rocio_fijo,35.55,30.471,7.824,463.484,4.647,5.0,50.153,111.471,61.176,29.059,69.192,1.318,1.651
19056,MEIS,Pontevedra,42.537,-8.716,52.0,17,ssp585,near_future,hr_fija,35.55,30.471,7.824,463.484,4.647,5.0,51.688,123.294,71.588,35.529,74.815,1.318,1.651
19056,MEIS,Pontevedra,42.537,-8.716,52.0,17,ssp585,medium_future,rocio_fijo,37.404,47.059,23.0,662.775,4.647,5.0,52.007,133.647,79.059,39.059,62.07,3.172,2.952
19056,MEIS,Pontevedra,42.537,-8.716,52.0,17,ssp585,medium_future,hr_fija,37.404,47.059,23.0,662.775,4.647,5.0,55.559,160.882,104.235,58.294,74.815,3.172,2.952
19056,MEIS,Pontevedra,42.537,-8.716,52.0,17,ssp585,far_future,rocio_fijo,40.235,87.824,65.118,1061.142,4.647,5.0,54.838,168.294,108.176,58.765,52.734,6.003,5.008
19056,MEIS,Pontevedra,42.537,-8.716,52.0,17,ssp585,far_future,hr_fija,40.235,87.824,65.118,1061.142,4.647,5.0,62.501,217.353,161.706,108.882,74.815,6.003,5.008
19070,MEIS,Pontevedra,42.468,-8.742,256.0,15,-,hoy,medido,32.765,13.067,0.4,134.588,4.333,7.0,45.621,73.333,35.8,14.8,79.265,,
19070,MEIS,Pontevedra,42.468,-8.742,256.0,15,ssp126,near_future,rocio_fijo,34.343,20.733,0.8,231.644,4.333,7.0,47.199,88.4,45.733,20.2,72.115,1.578,1.329
19070,MEIS,Pontevedra,42.468,-8.742,256.0,15,ssp126,near_future,hr_fija,34.343,20.733,0.8,231.644,4.333,7.0,48.958,99.933,54.933,26.067,79.265,1.578,1.329
19070,MEIS,Pontevedra,42.468,-8.742,256.0,15,ssp126,medium_future,rocio_fijo,35.059,25.267,1.333,293.749,4.333,7.0,47.915,95.133,51.067,23.067,69.113,2.294,1.977
19070,MEIS,Pontevedra,42.468,-8.742,256.0,15,ssp126,medium_future,hr_fija,35.059,25.267,1.333,293.749,4.333,7.0,50.506,113.0,66.4,32.2,79.265,2.294,1.977
19070,MEIS,Pontevedra,42.468,-8.742,256.0,15,ssp126,far_future,rocio_fijo,35.132,25.933,1.267,290.668,4.333,7.0,47.988,96.267,51.8,23.4,68.814,2.367,1.947
19070,MEIS,Pontevedra,42.468,-8.742,256.0,15,ssp126,far_future,hr_fija,35.132,25.933,1.267,290.668,4.333,7.0,50.665,114.467,67.333,33.067,79.265,2.367,1.947
19070,MEIS,Pontevedra,42.468,-8.742,256.0,15,ssp245,near_future,rocio_fijo,34.325,20.667,0.8,247.935,4.333,7.0,47.181,88.267,45.733,20.133,72.192,1.56,1.509
19070,MEIS,Pontevedra,42.468,-8.742,256.0,15,ssp245,near_future,hr_fija,34.325,20.667,0.8,247.935,4.333,7.0,48.92,99.6,54.933,25.867,79.265,1.56,1.509
19070,MEIS,Pontevedra,42.468,-8.742,256.0,15,ssp245,medium_future,rocio_fijo,35.43,27.933,1.933,336.706,4.333,7.0,48.286,99.4,53.667,24.733,67.612,2.665,2.374
19070,MEIS,Pontevedra,42.468,-8.742,256.0,15,ssp245,medium_future,hr_fija,35.43,27.933,1.933,336.706,4.333,7.0,51.32,120.133,71.8,36.067,79.265,2.665,2.374
19070,MEIS,Pontevedra,42.468,-8.742,256.0,15,ssp245,far_future,rocio_fijo,36.38,35.8,3.867,405.252,4.333,7.0,49.236,109.6,61.6,28.667,63.935,3.615,2.951
19070,MEIS,Pontevedra,42.468,-8.742,256.0,15,ssp245,far_future,hr_fija,36.38,35.8,3.867,405.252,4.333,7.0,53.395,138.8,87.467,47.6,79.265,3.615,2.951
19070,MEIS,Pontevedra,42.468,-8.742,256.0,15,ssp370,near_future,rocio_fijo,34.122,19.267,0.8,242.178,4.333,7.0,46.978,85.733,44.933,19.533,73.071,1.357,1.446
19070,MEIS,Pontevedra,42.468,-8.742,256.0,15,ssp370,near_future,hr_fija,34.122,19.267,0.8,242.178,4.333,7.0,48.486,96.133,52.333,24.467,79.265,1.357,1.446
19070,MEIS,Pontevedra,42.468,-8.742,256.0,15,ssp370,medium_future,rocio_fijo,35.561,29.333,2.6,360.019,4.333,7.0,48.417,100.933,54.8,25.133,67.091,2.796,2.577
19070,MEIS,Pontevedra,42.468,-8.742,256.0,15,ssp370,medium_future,hr_fija,35.561,29.333,2.6,360.019,4.333,7.0,51.597,122.667,73.067,37.733,79.265,2.796,2.577
19070,MEIS,Pontevedra,42.468,-8.742,256.0,15,ssp370,far_future,rocio_fijo,37.407,46.2,9.333,528.431,4.333,7.0,50.263,121.2,70.067,33.2,60.212,4.642,3.861
19070,MEIS,Pontevedra,42.468,-8.742,256.0,15,ssp370,far_future,hr_fija,37.407,46.2,9.333,528.431,4.333,7.0,55.745,156.133,106.0,62.133,79.265,4.642,3.861
19070,MEIS,Pontevedra,42.468,-8.742,256.0,15,ssp585,near_future,rocio_fijo,34.131,19.267,0.867,262.16,4.333,7.0,46.987,85.867,44.933,19.6,73.032,1.366,1.66
19070,MEIS,Pontevedra,42.468,-8.742,256.0,15,ssp585,near_future,hr_fija,34.131,19.267,0.867,262.16,4.333,7.0,48.505,96.4,52.6,24.467,79.265,1.366,1.66
19070,MEIS,Pontevedra,42.468,-8.742,256.0,15,ssp585,medium_future,rocio_fijo,35.959,32.6,3.933,406.501,4.333,7.0,48.815,104.8,58.267,26.6,65.536,3.194,2.961
19070,MEIS,Pontevedra,42.468,-8.742,256.0,15,ssp585,medium_future,hr_fija,35.959,32.6,3.933,406.501,4.333,7.0,52.445,129.6,80.4,42.867,79.265,3.194,2.961
19070,MEIS,Pontevedra,42.468,-8.742,256.0,15,ssp585,far_future,rocio_fijo,38.761,62.867,25.0,710.169,4.333,7.0,51.617,136.6,82.867,42.267,55.67,5.996,5.012
19070,MEIS,Pontevedra,42.468,-8.742,256.0,15,ssp585,far_future,hr_fija,38.761,62.867,25.0,710.169,4.333,7.0,58.896,182.4,130.8,83.533,79.265,5.996,5.012
10166,MONDARIZ,Pontevedra,42.247,-8.454,235.0,8,-,hoy,medido,36.606,35.625,3.125,343.236,4.625,6.0,52.045,123.0,77.0,43.125,76.884,,
10166,MONDARIZ,Pontevedra,42.247,-8.454,235.0,8,ssp126,near_future,rocio_fijo,38.423,55.25,7.0,509.535,4.625,6.0,53.862,138.625,92.25,56.0,69.141,1.817,1.424
10166,MONDARIZ,Pontevedra,42.247,-8.454,235.0,8,ssp126,near_future,hr_fija,38.423,55.25,7.0,509.535,4.625,6.0,56.025,151.875,106.5,67.75,76.884,1.817,1.424
10166,MONDARIZ,Pontevedra,42.247,-8.454,235.0,8,ssp126,medium_future,rocio_fijo,39.172,64.25,10.875,604.829,4.625,6.0,54.611,146.0,98.875,61.5,66.208,2.566,2.107
10166,MONDARIZ,Pontevedra,42.247,-8.454,235.0,8,ssp126,medium_future,hr_fija,39.172,64.25,10.875,604.829,4.625,6.0,57.676,164.25,119.875,77.0,76.884,2.566,2.107
10166,MONDARIZ,Pontevedra,42.247,-8.454,235.0,8,ssp126,far_future,rocio_fijo,39.217,64.75,10.625,601.3,4.625,6.0,54.656,146.25,99.375,62.0,66.037,2.611,2.083
10166,MONDARIZ,Pontevedra,42.247,-8.454,235.0,8,ssp126,far_future,hr_fija,39.217,64.75,10.625,601.3,4.625,6.0,57.776,164.625,120.625,77.75,76.884,2.611,2.083
10166,MONDARIZ,Pontevedra,42.247,-8.454,235.0,8,ssp245,near_future,rocio_fijo,38.432,55.375,7.5,534.38,4.625,6.0,53.871,138.625,92.5,56.0,69.105,1.826,1.609
10166,MONDARIZ,Pontevedra,42.247,-8.454,235.0,8,ssp245,near_future,hr_fija,38.432,55.375,7.5,534.38,4.625,6.0,56.044,151.875,106.625,68.125,76.884,1.826,1.609
10166,MONDARIZ,Pontevedra,42.247,-8.454,235.0,8,ssp245,medium_future,rocio_fijo,39.599,69.625,14.125,669.32,4.625,6.0,55.038,150.0,103.125,64.5,64.599,2.993,2.533
10166,MONDARIZ,Pontevedra,42.247,-8.454,235.0,8,ssp245,medium_future,hr_fija,39.599,69.625,14.125,669.32,4.625,6.0,58.643,171.875,125.375,82.5,76.884,2.993,2.533
10166,MONDARIZ,Pontevedra,42.247,-8.454,235.0,8,ssp245,far_future,rocio_fijo,40.555,81.125,20.125,768.574,4.625,6.0,55.994,160.75,113.0,70.75,61.154,3.949,3.147
10166,MONDARIZ,Pontevedra,42.247,-8.454,235.0,8,ssp245,far_future,hr_fija,40.555,81.125,20.125,768.574,4.625,6.0,60.909,189.375,141.125,98.25,76.884,3.949,3.147
10166,MONDARIZ,Pontevedra,42.247,-8.454,235.0,8,ssp370,near_future,rocio_fijo,38.372,54.5,7.375,527.606,4.625,6.0,53.811,137.625,92.0,55.875,69.346,1.766,1.559
10166,MONDARIZ,Pontevedra,42.247,-8.454,235.0,8,ssp370,near_future,hr_fija,38.372,54.5,7.375,527.606,4.625,6.0,55.913,151.25,105.375,67.125,76.884,1.766,1.559
10166,MONDARIZ,Pontevedra,42.247,-8.454,235.0,8,ssp370,medium_future,rocio_fijo,39.858,72.0,16.625,707.35,4.625,6.0,55.297,152.75,106.0,66.625,63.645,3.252,2.774
10166,MONDARIZ,Pontevedra,42.247,-8.454,235.0,8,ssp370,medium_future,hr_fija,39.858,72.0,16.625,707.35,4.625,6.0,59.251,177.0,129.125,88.0,76.884,3.252,2.774
10166,MONDARIZ,Pontevedra,42.247,-8.454,235.0,8,ssp370,far_future,rocio_fijo,41.772,97.25,36.75,936.493,4.625,6.0,57.211,173.0,124.375,78.75,57.065,5.166,4.094
10166,MONDARIZ,Pontevedra,42.247,-8.454,235.0,8,ssp370,far_future,hr_fija,41.772,97.25,36.75,936.493,4.625,6.0,63.886,211.625,161.75,119.375,76.884,5.166,4.094
10166,MONDARIZ,Pontevedra,42.247,-8.454,235.0,8,ssp585,near_future,rocio_fijo,38.44,55.5,8.625,561.676,4.625,6.0,53.879,138.625,92.625,56.0,69.073,1.834,1.807
10166,MONDARIZ,Pontevedra,42.247,-8.454,235.0,8,ssp585,near_future,hr_fija,38.44,55.5,8.625,561.676,4.625,6.0,56.062,152.0,106.875,68.375,76.884,1.834,1.807
10166,MONDARIZ,Pontevedra,42.247,-8.454,235.0,8,ssp585,medium_future,rocio_fijo,40.327,78.25,20.375,774.96,4.625,6.0,55.766,158.375,110.625,69.5,61.957,3.721,3.185
10166,MONDARIZ,Pontevedra,42.247,-8.454,235.0,8,ssp585,medium_future,hr_fija,40.327,78.25,20.375,774.96,4.625,6.0,60.363,186.5,137.875,94.125,76.884,3.721,3.185
10166,MONDARIZ,Pontevedra,42.247,-8.454,235.0,8,ssp585,far_future,rocio_fijo,43.215,118.0,63.625,1184.448,4.625,6.0,58.654,189.125,135.375,90.375,52.611,6.609,5.32
10166,MONDARIZ,Pontevedra,42.247,-8.454,235.0,8,ssp585,far_future,hr_fija,43.215,118.0,63.625,1184.448,4.625,6.0,67.608,242.5,188.25,142.875,76.884,6.609,5.32
19069,O GROVE,Pontevedra,42.457,-8.876,9.0,15,-,hoy,medido,33.517,12.867,1.0,210.723,4.067,5.0,46.202,78.6,36.0,14.0,78.269,,
19069,O GROVE,Pontevedra,42.457,-8.876,9.0,15,ssp126,near_future,rocio_fijo,34.796,20.467,4.267,326.284,4.067,5.0,47.481,94.267,44.667,19.133,72.508,1.279,1.121
19069,O GROVE,Pontevedra,42.457,-8.876,9.0,15,ssp126,near_future,hr_fija,34.796,20.467,4.267,326.284,4.067,5.0,48.966,105.933,53.8,23.533,78.269,1.279,1.121
19069,O GROVE,Pontevedra,42.457,-8.876,9.0,15,ssp126,medium_future,rocio_fijo,35.421,23.667,7.6,400.189,4.067,5.0,48.106,101.933,49.733,21.667,69.867,1.904,1.71
19069,O GROVE,Pontevedra,42.457,-8.876,9.0,15,ssp126,medium_future,hr_fija,35.421,23.667,7.6,400.189,4.067,5.0,50.382,120.6,62.8,29.267,78.269,1.904,1.71
19069,O GROVE,Pontevedra,42.457,-8.876,9.0,15,ssp126,far_future,rocio_fijo,35.491,24.667,7.333,395.658,4.067,5.0,48.176,102.6,50.467,21.8,69.578,1.974,1.676
19069,O GROVE,Pontevedra,42.457,-8.876,9.0,15,ssp126,far_future,hr_fija,35.491,24.667,7.333,395.658,4.067,5.0,50.542,121.867,63.933,30.2,78.269,1.974,1.676
19069,O GROVE,Pontevedra,42.457,-8.876,9.0,15,ssp245,near_future,rocio_fijo,34.778,20.333,5.0,344.149,4.067,5.0,47.463,93.6,44.4,18.933,72.585,1.261,1.271
19069,O GROVE,Pontevedra,42.457,-8.876,9.0,15,ssp245,near_future,hr_fija,34.778,20.333,5.0,344.149,4.067,5.0,48.925,105.6,53.4,23.4,78.269,1.261,1.271
19069,O GROVE,Pontevedra,42.457,-8.876,9.0,15,ssp245,medium_future,rocio_fijo,35.7,26.067,10.467,445.701,4.067,5.0,48.385,105.333,52.267,22.467,68.723,2.183,2.041
19069,O GROVE,Pontevedra,42.457,-8.876,9.0,15,ssp245,medium_future,hr_fija,35.7,26.067,10.467,445.701,4.067,5.0,51.022,126.467,67.2,31.933,78.269,2.183,2.041
19069,O GROVE,Pontevedra,42.457,-8.876,9.0,15,ssp245,far_future,rocio_fijo,36.545,33.667,16.867,520.66,4.067,5.0,49.23,117.2,59.133,26.133,65.386,3.028,2.551
19069,O GROVE,Pontevedra,42.457,-8.876,9.0,15,ssp245,far_future,hr_fija,36.545,33.667,16.867,520.66,4.067,5.0,52.787,147.0,84.4,40.533,78.269,3.028,2.551
19069,O GROVE,Pontevedra,42.457,-8.876,9.0,15,ssp370,near_future,rocio_fijo,34.525,18.6,4.467,334.536,4.067,5.0,47.21,90.333,42.4,18.067,73.687,1.008,1.191
19069,O GROVE,Pontevedra,42.457,-8.876,9.0,15,ssp370,near_future,hr_fija,34.525,18.6,4.467,334.536,4.067,5.0,48.359,100.267,49.4,21.733,78.269,1.008,1.191
19069,O GROVE,Pontevedra,42.457,-8.876,9.0,15,ssp370,medium_future,rocio_fijo,35.779,26.8,12.8,467.716,4.067,5.0,48.464,106.4,52.867,22.8,68.403,2.262,2.195
19069,O GROVE,Pontevedra,42.457,-8.876,9.0,15,ssp370,medium_future,hr_fija,35.779,26.8,12.8,467.716,4.067,5.0,51.195,128.667,68.467,32.867,78.269,2.262,2.195
19069,O GROVE,Pontevedra,42.457,-8.876,9.0,15,ssp370,far_future,rocio_fijo,37.373,40.8,30.867,651.463,4.067,5.0,50.058,127.6,66.533,30.733,62.292,3.856,3.357
19069,O GROVE,Pontevedra,42.457,-8.876,9.0,15,ssp370,far_future,hr_fija,37.373,40.8,30.867,651.463,4.067,5.0,54.521,163.4,102.067,52.933,78.269,3.856,3.357
19069,O GROVE,Pontevedra,42.457,-8.876,9.0,15,ssp585,near_future,rocio_fijo,34.449,17.933,5.467,355.21,4.067,5.0,47.134,89.4,41.933,17.867,74.022,0.932,1.361
19069,O GROVE,Pontevedra,42.457,-8.876,9.0,15,ssp585,near_future,hr_fija,34.449,17.933,5.467,355.21,4.067,5.0,48.19,98.733,47.733,21.133,78.269,0.932,1.361
19069,O GROVE,Pontevedra,42.457,-8.876,9.0,15,ssp585,medium_future,rocio_fijo,36.062,28.733,16.667,515.944,4.067,5.0,48.747,109.8,55.667,23.867,67.271,2.545,2.52
19069,O GROVE,Pontevedra,42.457,-8.876,9.0,15,ssp585,medium_future,hr_fija,36.062,28.733,16.667,515.944,4.067,5.0,51.779,135.133,75.0,35.533,78.269,2.545,2.52
19069,O GROVE,Pontevedra,42.457,-8.876,9.0,15,ssp585,far_future,rocio_fijo,38.496,52.333,54.6,839.919,4.067,5.0,51.181,143.4,78.4,35.933,58.356,4.979,4.367
19069,O GROVE,Pontevedra,42.457,-8.876,9.0,15,ssp585,far_future,hr_fija,38.496,52.333,54.6,839.919,4.067,5.0,57.072,187.867,128.533,71.867,78.269,4.979,4.367
10165,O PORRIÑO,Pontevedra,42.145,-8.612,41.0,8,-,hoy,medido,36.49,32.25,0.375,294.126,3.75,7.0,54.778,137.75,88.875,47.25,79.689,,
10165,O PORRIÑO,Pontevedra,42.145,-8.612,41.0,8,ssp126,near_future,rocio_fijo,38.286,51.375,2.5,460.658,3.75,7.0,56.574,159.25,105.625,60.75,71.759,1.796,1.41
10165,O PORRIÑO,Pontevedra,42.145,-8.612,41.0,8,ssp126,near_future,hr_fija,38.286,51.375,2.5,460.658,3.75,7.0,59.013,173.625,119.75,75.25,79.689,1.796,1.41
10165,O PORRIÑO,Pontevedra,42.145,-8.612,41.0,8,ssp126,medium_future,rocio_fijo,38.958,59.875,5.5,555.235,3.75,7.0,57.246,165.125,112.125,67.75,69.024,2.468,2.076
10165,O PORRIÑO,Pontevedra,42.145,-8.612,41.0,8,ssp126,medium_future,hr_fija,38.958,59.875,5.5,555.235,3.75,7.0,60.652,187.125,133.375,86.625,79.689,2.468,2.076
10165,O PORRIÑO,Pontevedra,42.145,-8.612,41.0,8,ssp126,far_future,rocio_fijo,39.011,60.625,5.375,551.811,3.75,7.0,57.299,165.875,112.75,68.125,68.814,2.521,2.053
10165,O PORRIÑO,Pontevedra,42.145,-8.612,41.0,8,ssp126,far_future,hr_fija,39.011,60.625,5.375,551.811,3.75,7.0,60.783,187.75,133.875,88.0,79.689,2.521,2.053
10165,O PORRIÑO,Pontevedra,42.145,-8.612,41.0,8,ssp245,near_future,rocio_fijo,38.293,51.5,3.375,485.961,3.75,7.0,56.581,159.25,105.75,60.75,71.73,1.803,1.595
10165,O PORRIÑO,Pontevedra,42.145,-8.612,41.0,8,ssp245,near_future,hr_fija,38.293,51.5,3.375,485.961,3.75,7.0,59.03,173.75,119.875,75.375,79.689,1.803,1.595
10165,O PORRIÑO,Pontevedra,42.145,-8.612,41.0,8,ssp245,medium_future,rocio_fijo,39.381,65.875,7.875,618.971,3.75,7.0,57.669,170.625,116.875,70.5,67.363,2.891,2.492
10165,O PORRIÑO,Pontevedra,42.145,-8.612,41.0,8,ssp245,medium_future,hr_fija,39.381,65.875,7.875,618.971,3.75,7.0,61.7,195.875,141.5,95.75,79.689,2.891,2.492
10165,O PORRIÑO,Pontevedra,42.145,-8.612,41.0,8,ssp245,far_future,rocio_fijo,40.275,79.5,12.375,717.495,3.75,7.0,58.563,180.125,125.125,77.25,63.999,3.785,3.094
10165,O PORRIÑO,Pontevedra,42.145,-8.612,41.0,8,ssp245,far_future,hr_fija,40.275,79.5,12.375,717.495,3.75,7.0,63.955,212.375,160.25,110.125,79.689,3.785,3.094
10165,O PORRIÑO,Pontevedra,42.145,-8.612,41.0,8,ssp370,near_future,rocio_fijo,38.233,50.875,3.125,479.576,3.75,7.0,56.521,158.625,105.0,60.5,71.98,1.743,1.549
10165,O PORRIÑO,Pontevedra,42.145,-8.612,41.0,8,ssp370,near_future,hr_fija,38.233,50.875,3.125,479.576,3.75,7.0,58.885,172.375,119.375,74.75,79.689,1.743,1.549
10165,O PORRIÑO,Pontevedra,42.145,-8.612,41.0,8,ssp370,medium_future,rocio_fijo,39.63,69.5,9.25,658.265,3.75,7.0,57.918,173.125,118.75,73.0,66.406,3.14,2.738
10165,O PORRIÑO,Pontevedra,42.145,-8.612,41.0,8,ssp370,medium_future,hr_fija,39.63,69.5,9.25,658.265,3.75,7.0,62.322,200.625,146.25,99.625,79.689,3.14,2.738
10165,O PORRIÑO,Pontevedra,42.145,-8.612,41.0,8,ssp370,far_future,rocio_fijo,41.364,96.25,22.125,888.637,3.75,7.0,59.652,193.625,136.0,87.25,60.154,4.874,4.032
10165,O PORRIÑO,Pontevedra,42.145,-8.612,41.0,8,ssp370,far_future,hr_fija,41.364,96.25,22.125,888.637,3.75,7.0,66.822,237.375,181.125,131.375,79.689,4.874,4.032
10165,O PORRIÑO,Pontevedra,42.145,-8.612,41.0,8,ssp585,near_future,rocio_fijo,38.281,51.375,4.5,513.757,3.75,7.0,56.569,159.125,105.625,60.75,71.78,1.791,1.792
10165,O PORRIÑO,Pontevedra,42.145,-8.612,41.0,8,ssp585,near_future,hr_fija,38.281,51.375,4.5,513.757,3.75,7.0,59.001,173.5,119.75,75.25,79.689,1.791,1.792
10165,O PORRIÑO,Pontevedra,42.145,-8.612,41.0,8,ssp585,medium_future,rocio_fijo,40.098,76.5,12.875,724.667,3.75,7.0,58.386,178.75,123.25,76.0,64.649,3.608,3.136
10165,O PORRIÑO,Pontevedra,42.145,-8.612,41.0,8,ssp585,medium_future,hr_fija,40.098,76.5,12.875,724.667,3.75,7.0,63.504,208.875,156.625,107.625,79.689,3.608,3.136
10165,O PORRIÑO,Pontevedra,42.145,-8.612,41.0,8,ssp585,far_future,rocio_fijo,42.763,119.5,42.125,1138.561,3.75,7.0,61.051,208.875,152.625,100.75,55.591,6.273,5.218
10165,O PORRIÑO,Pontevedra,42.145,-8.612,41.0,8,ssp585,far_future,hr_fija,42.763,119.5,42.125,1138.561,3.75,7.0,70.658,267.75,209.0,158.75,79.689,6.273,5.218
19047,O ROSAL,Pontevedra,41.939,-8.79,47.0,17,-,hoy,medido,34.851,24.0,1.588,270.766,5.118,11.0,48.49,113.647,60.529,26.706,76.206,,
19047,O ROSAL,Pontevedra,41.939,-8.79,47.0,17,ssp126,near_future,rocio_fijo,36.565,37.882,6.353,433.273,5.118,11.0,50.204,134.588,77.412,36.0,68.866,1.714,1.345
19047,O ROSAL,Pontevedra,41.939,-8.79,47.0,17,ssp126,near_future,hr_fija,36.565,37.882,6.353,433.273,5.118,11.0,52.134,149.588,92.294,47.118,76.206,1.714,1.345
19047,O ROSAL,Pontevedra,41.939,-8.79,47.0,17,ssp126,medium_future,rocio_fijo,37.217,44.059,10.412,526.012,5.118,11.0,50.856,142.471,83.824,40.412,66.286,2.366,1.988
19047,O ROSAL,Pontevedra,41.939,-8.79,47.0,17,ssp126,medium_future,hr_fija,37.217,44.059,10.412,526.012,5.118,11.0,53.523,164.176,105.588,56.706,76.206,2.366,1.988
19047,O ROSAL,Pontevedra,41.939,-8.79,47.0,17,ssp126,far_future,rocio_fijo,37.232,44.235,10.176,522.828,5.118,11.0,50.871,142.529,84.0,40.529,66.228,2.381,1.967
19047,O ROSAL,Pontevedra,41.939,-8.79,47.0,17,ssp126,far_future,hr_fija,37.232,44.235,10.176,522.828,5.118,11.0,53.556,164.529,106.0,57.176,76.206,2.381,1.967
19047,O ROSAL,Pontevedra,41.939,-8.79,47.0,17,ssp245,near_future,rocio_fijo,36.597,38.118,7.059,456.924,5.118,11.0,50.236,134.882,78.0,36.294,68.737,1.746,1.515
19047,O ROSAL,Pontevedra,41.939,-8.79,47.0,17,ssp245,near_future,hr_fija,36.597,38.118,7.059,456.924,5.118,11.0,52.204,150.353,93.706,48.059,76.206,1.746,1.515
19047,O ROSAL,Pontevedra,41.939,-8.79,47.0,17,ssp245,medium_future,rocio_fijo,37.586,47.176,13.588,587.129,5.118,11.0,51.225,147.765,87.529,43.0,64.874,2.735,2.38
19047,O ROSAL,Pontevedra,41.939,-8.79,47.0,17,ssp245,medium_future,hr_fija,37.586,47.176,13.588,587.129,5.118,11.0,54.333,171.765,113.118,62.824,76.206,2.735,2.38
19047,O ROSAL,Pontevedra,41.939,-8.79,47.0,17,ssp245,far_future,rocio_fijo,38.46,57.529,19.353,683.336,5.118,11.0,52.099,158.412,97.706,49.412,61.663,3.609,2.959
19047,O ROSAL,Pontevedra,41.939,-8.79,47.0,17,ssp245,far_future,hr_fija,38.46,57.529,19.353,683.336,5.118,11.0,56.246,188.235,131.706,78.824,76.206,3.609,2.959
19047,O ROSAL,Pontevedra,41.939,-8.79,47.0,17,ssp370,near_future,rocio_fijo,36.499,37.118,6.765,451.025,5.118,11.0,50.138,133.529,76.824,35.706,69.133,1.648,1.473
19047,O ROSAL,Pontevedra,41.939,-8.79,47.0,17,ssp370,near_future,hr_fija,36.499,37.118,6.765,451.025,5.118,11.0,51.989,148.647,90.706,45.824,76.206,1.648,1.473
19047,O ROSAL,Pontevedra,41.939,-8.79,47.0,17,ssp370,medium_future,rocio_fijo,37.813,49.824,15.647,626.949,5.118,11.0,51.452,150.235,90.0,44.471,64.022,2.962,2.625
19047,O ROSAL,Pontevedra,41.939,-8.79,47.0,17,ssp370,medium_future,hr_fija,37.813,49.824,15.647,626.949,5.118,11.0,54.832,176.588,118.235,66.294,76.206,2.962,2.625
19047,O ROSAL,Pontevedra,41.939,-8.79,47.0,17,ssp370,far_future,rocio_fijo,39.434,71.824,32.294,850.401,5.118,11.0,53.073,170.0,109.0,57.176,58.294,4.583,3.864
19047,O ROSAL,Pontevedra,41.939,-8.79,47.0,17,ssp370,far_future,hr_fija,39.434,71.824,32.294,850.401,5.118,11.0,58.459,207.529,151.941,98.412,76.206,4.583,3.864
19047,O ROSAL,Pontevedra,41.939,-8.79,47.0,17,ssp585,near_future,rocio_fijo,36.582,38.0,7.882,484.361,5.118,11.0,50.221,134.765,77.765,36.235,68.797,1.731,1.707
19047,O ROSAL,Pontevedra,41.939,-8.79,47.0,17,ssp585,near_future,hr_fija,36.582,38.0,7.882,484.361,5.118,11.0,52.171,149.941,92.882,47.588,76.206,1.731,1.707
19047,O ROSAL,Pontevedra,41.939,-8.79,47.0,17,ssp585,medium_future,rocio_fijo,38.287,54.765,20.059,690.436,5.118,11.0,51.926,156.353,96.294,48.294,62.284,3.436,3.0
19047,O ROSAL,Pontevedra,41.939,-8.79,47.0,17,ssp585,medium_future,hr_fija,38.287,54.765,20.059,690.436,5.118,11.0,55.875,184.647,128.706,75.176,76.206,3.436,3.0
19047,O ROSAL,Pontevedra,41.939,-8.79,47.0,17,ssp585,far_future,rocio_fijo,40.762,95.235,55.235,1087.663,5.118,11.0,54.401,185.647,125.765,68.294,54.029,5.911,4.987
19047,O ROSAL,Pontevedra,41.939,-8.79,47.0,17,ssp585,far_future,hr_fija,40.762,95.235,55.235,1087.663,5.118,11.0,61.547,233.471,180.059,126.176,76.206,5.911,4.987
10091,OIA,Pontevedra,41.993,-8.864,480.0,17,-,hoy,medido,31.605,6.529,8.059,205.814,6.353,7.0,38.831,39.529,12.706,1.647,78.767,,
10091,OIA,Pontevedra,41.993,-8.864,480.0,17,ssp126,near_future,rocio_fijo,33.226,13.118,13.353,300.315,6.353,7.0,40.452,52.059,18.059,4.471,71.32,1.621,1.291
10091,OIA,Pontevedra,41.993,-8.864,480.0,17,ssp126,near_future,hr_fija,33.226,13.118,13.353,300.315,6.353,7.0,41.701,62.412,25.176,6.824,78.767,1.621,1.291
10091,OIA,Pontevedra,41.993,-8.864,480.0,17,ssp126,medium_future,rocio_fijo,33.852,15.706,16.235,359.066,6.353,7.0,41.078,57.412,22.176,5.412,68.658,2.247,1.925
10091,OIA,Pontevedra,41.993,-8.864,480.0,17,ssp126,medium_future,hr_fija,33.852,15.706,16.235,359.066,6.353,7.0,42.807,72.882,31.765,10.0,78.767,2.247,1.925
10091,OIA,Pontevedra,41.993,-8.864,480.0,17,ssp126,far_future,rocio_fijo,33.882,15.824,16.235,356.961,6.353,7.0,41.108,57.706,22.294,5.471,68.534,2.277,1.904
10091,OIA,Pontevedra,41.993,-8.864,480.0,17,ssp126,far_future,hr_fija,33.882,15.824,16.235,356.961,6.353,7.0,42.869,73.471,31.765,10.235,78.767,2.277,1.904
10091,OIA,Pontevedra,41.993,-8.864,480.0,17,ssp245,near_future,rocio_fijo,33.253,13.176,14.412,314.514,6.353,7.0,40.479,52.529,18.176,4.471,71.202,1.648,1.455
10091,OIA,Pontevedra,41.993,-8.864,480.0,17,ssp245,near_future,hr_fija,33.253,13.176,14.412,314.514,6.353,7.0,41.747,62.647,25.176,6.941,78.767,1.648,1.455
10091,OIA,Pontevedra,41.993,-8.864,480.0,17,ssp245,medium_future,rocio_fijo,34.19,17.765,19.059,398.699,6.353,7.0,41.416,60.882,24.0,6.176,67.268,2.585,2.302
10091,OIA,Pontevedra,41.993,-8.864,480.0,17,ssp245,medium_future,hr_fija,34.19,17.765,19.059,398.699,6.353,7.0,43.408,79.235,35.118,11.765,78.767,2.585,2.302
10091,OIA,Pontevedra,41.993,-8.864,480.0,17,ssp245,far_future,rocio_fijo,35.043,23.176,22.882,464.806,6.353,7.0,42.269,69.529,29.059,8.176,63.898,3.438,2.869
10091,OIA,Pontevedra,41.993,-8.864,480.0,17,ssp245,far_future,hr_fija,35.043,23.176,22.882,464.806,6.353,7.0,45.028,97.412,46.941,16.765,78.767,3.438,2.869
10091,OIA,Pontevedra,41.993,-8.864,480.0,17,ssp370,near_future,rocio_fijo,33.172,12.765,14.118,310.554,6.353,7.0,40.398,51.529,17.941,4.471,71.555,1.567,1.41
10091,OIA,Pontevedra,41.993,-8.864,480.0,17,ssp370,near_future,hr_fija,33.172,12.765,14.118,310.554,6.353,7.0,41.597,61.765,24.647,6.647,78.767,1.567,1.41
10091,OIA,Pontevedra,41.993,-8.864,480.0,17,ssp370,medium_future,rocio_fijo,34.405,19.118,20.471,425.36,6.353,7.0,41.631,63.0,25.176,6.471,66.4,2.8,2.539
10091,OIA,Pontevedra,41.993,-8.864,480.0,17,ssp370,medium_future,hr_fija,34.405,19.118,20.471,425.36,6.353,7.0,43.784,83.176,38.941,12.588,78.767,2.8,2.539
10091,OIA,Pontevedra,41.993,-8.864,480.0,17,ssp370,far_future,rocio_fijo,35.961,29.765,33.176,583.259,6.353,7.0,43.187,79.176,34.471,11.0,60.482,4.356,3.743
10091,OIA,Pontevedra,41.993,-8.864,480.0,17,ssp370,far_future,hr_fija,35.961,29.765,33.176,583.259,6.353,7.0,46.814,118.059,60.882,25.176,78.767,4.356,3.743
10091,OIA,Pontevedra,41.993,-8.864,480.0,17,ssp585,near_future,rocio_fijo,33.255,13.235,15.118,331.362,6.353,7.0,40.481,52.588,18.176,4.471,71.194,1.65,1.64
10091,OIA,Pontevedra,41.993,-8.864,480.0,17,ssp585,near_future,hr_fija,33.255,13.235,15.118,331.362,6.353,7.0,41.751,62.647,25.235,6.941,78.767,1.65,1.64
10091,OIA,Pontevedra,41.993,-8.864,480.0,17,ssp585,medium_future,rocio_fijo,34.866,22.353,23.294,469.291,6.353,7.0,42.092,67.118,28.059,7.824,64.581,3.261,2.905
10091,OIA,Pontevedra,41.993,-8.864,480.0,17,ssp585,medium_future,hr_fija,34.866,22.353,23.294,469.291,6.353,7.0,44.668,93.941,44.647,15.176,78.767,3.261,2.905
10091,OIA,Pontevedra,41.993,-8.864,480.0,17,ssp585,far_future,rocio_fijo,37.259,39.706,52.529,757.693,6.353,7.0,44.485,95.412,44.176,14.765,55.997,5.654,4.843
10091,OIA,Pontevedra,41.993,-8.864,480.0,17,ssp585,far_future,hr_fija,37.259,39.706,52.529,757.693,6.353,7.0,49.441,147.294,85.235,40.882,78.767,5.654,4.843
10067,POIO,Pontevedra,42.458,-8.722,515.0,17,-,hoy,medido,32.5,10.824,6.941,231.811,6.471,7.0,40.394,57.706,20.588,4.235,76.851,,
10067,POIO,Pontevedra,42.458,-8.722,515.0,17,ssp126,near_future,rocio_fijo,34.078,18.294,11.765,343.462,6.471,7.0,41.972,72.824,29.353,7.294,69.851,1.578,1.329
10067,POIO,Pontevedra,42.458,-8.722,515.0,17,ssp126,near_future,hr_fija,34.078,18.294,11.765,343.462,6.471,7.0,43.351,84.647,38.529,12.059,76.851,1.578,1.329
10067,POIO,Pontevedra,42.458,-8.722,515.0,17,ssp126,medium_future,rocio_fijo,34.794,23.235,15.059,412.126,6.471,7.0,42.688,80.471,33.941,9.588,66.914,2.294,1.977
10067,POIO,Pontevedra,42.458,-8.722,515.0,17,ssp126,medium_future,hr_fija,34.794,23.235,15.059,412.126,6.471,7.0,44.754,96.471,49.235,16.471,76.851,2.294,1.977
10067,POIO,Pontevedra,42.458,-8.722,515.0,17,ssp126,far_future,rocio_fijo,34.867,23.647,14.824,408.731,6.471,7.0,42.761,81.412,34.647,9.882,66.622,2.367,1.947
10067,POIO,Pontevedra,42.458,-8.722,515.0,17,ssp126,far_future,hr_fija,34.867,23.647,14.824,408.731,6.471,7.0,44.898,97.647,50.471,17.0,76.851,2.367,1.947
10067,POIO,Pontevedra,42.458,-8.722,515.0,17,ssp245,near_future,rocio_fijo,34.06,18.235,12.882,361.526,6.471,7.0,41.954,72.765,29.294,7.235,69.927,1.56,1.509
10067,POIO,Pontevedra,42.458,-8.722,515.0,17,ssp245,near_future,hr_fija,34.06,18.235,12.882,361.526,6.471,7.0,43.316,84.294,38.176,11.882,76.851,1.56,1.509
10067,POIO,Pontevedra,42.458,-8.722,515.0,17,ssp245,medium_future,rocio_fijo,35.165,25.471,17.588,458.998,6.471,7.0,43.059,84.647,36.824,11.235,65.446,2.665,2.374
10067,POIO,Pontevedra,42.458,-8.722,515.0,17,ssp245,medium_future,hr_fija,35.165,25.471,17.588,458.998,6.471,7.0,45.501,102.588,54.882,20.294,76.851,2.665,2.374
10067,POIO,Pontevedra,42.458,-8.722,515.0,17,ssp245,far_future,rocio_fijo,36.115,32.0,23.824,533.496,6.471,7.0,44.009,94.176,45.588,14.235,61.852,3.615,2.951
10067,POIO,Pontevedra,42.458,-8.722,515.0,17,ssp245,far_future,hr_fija,36.115,32.0,23.824,533.496,6.471,7.0,47.371,120.706,70.529,29.0,76.851,3.615,2.951
10067,POIO,Pontevedra,42.458,-8.722,515.0,17,ssp370,near_future,rocio_fijo,33.857,16.647,12.706,355.128,6.471,7.0,41.751,70.176,28.176,6.471,70.787,1.357,1.446
10067,POIO,Pontevedra,42.458,-8.722,515.0,17,ssp370,near_future,hr_fija,33.857,16.647,12.706,355.128,6.471,7.0,42.941,80.176,34.882,10.059,76.851,1.357,1.446
10067,POIO,Pontevedra,42.458,-8.722,515.0,17,ssp370,medium_future,rocio_fijo,35.296,26.294,19.882,484.336,6.471,7.0,43.19,86.294,38.118,11.412,64.937,2.796,2.577
10067,POIO,Pontevedra,42.458,-8.722,515.0,17,ssp370,medium_future,hr_fija,35.296,26.294,19.882,484.336,6.471,7.0,45.763,105.412,57.353,21.647,76.851,2.796,2.577
10067,POIO,Pontevedra,42.458,-8.722,515.0,17,ssp370,far_future,rocio_fijo,37.142,42.235,33.588,666.565,6.471,7.0,45.036,104.059,54.882,18.529,58.214,4.642,3.861
10067,POIO,Pontevedra,42.458,-8.722,515.0,17,ssp370,far_future,hr_fija,37.142,42.235,33.588,666.565,6.471,7.0,49.497,140.353,88.941,44.059,76.851,4.642,3.861
10067,POIO,Pontevedra,42.458,-8.722,515.0,17,ssp585,near_future,rocio_fijo,33.866,16.765,13.647,377.278,6.471,7.0,41.76,70.471,28.176,6.471,70.748,1.366,1.66
10067,POIO,Pontevedra,42.458,-8.722,515.0,17,ssp585,near_future,hr_fija,33.866,16.765,13.647,377.278,6.471,7.0,42.957,80.412,35.118,10.118,76.851,1.366,1.66
10067,POIO,Pontevedra,42.458,-8.722,515.0,17,ssp585,medium_future,rocio_fijo,35.694,28.706,23.824,534.852,6.471,7.0,43.588,90.118,41.765,12.824,63.417,3.194,2.961
10067,POIO,Pontevedra,42.458,-8.722,515.0,17,ssp585,medium_future,hr_fija,35.694,28.706,23.824,534.852,6.471,7.0,46.567,113.235,63.294,25.176,76.851,3.194,2.961
10067,POIO,Pontevedra,42.458,-8.722,515.0,17,ssp585,far_future,rocio_fijo,38.496,59.824,53.471,862.939,6.471,7.0,46.39,119.235,67.176,25.882,53.781,5.996,5.012
10067,POIO,Pontevedra,42.458,-8.722,515.0,17,ssp585,far_future,hr_fija,38.496,59.824,53.471,862.939,6.471,7.0,52.404,168.706,113.412,65.353,76.851,5.996,5.012
19072,PONTE CALDELAS,Pontevedra,42.393,-8.506,350.0,14,-,hoy,medido,34.041,17.143,2.429,230.481,6.0,5.0,45.149,79.429,37.857,13.214,73.556,,
19072,PONTE CALDELAS,Pontevedra,42.393,-8.506,350.0,14,ssp126,near_future,rocio_fijo,35.752,28.286,5.857,355.766,6.0,5.0,46.86,94.571,51.286,19.857,66.411,1.711,1.39
19072,PONTE CALDELAS,Pontevedra,42.393,-8.506,350.0,14,ssp126,near_future,hr_fija,35.752,28.286,5.857,355.766,6.0,5.0,48.546,106.429,62.071,27.0,73.556,1.711,1.39
19072,PONTE CALDELAS,Pontevedra,42.393,-8.506,350.0,14,ssp126,medium_future,rocio_fijo,36.527,34.214,9.0,433.569,6.0,5.0,47.635,102.643,57.0,23.714,63.434,2.486,2.073
19072,PONTE CALDELAS,Pontevedra,42.393,-8.506,350.0,14,ssp126,medium_future,hr_fija,36.527,34.214,9.0,433.569,6.0,5.0,50.069,122.071,74.071,35.357,73.556,2.486,2.073
19072,PONTE CALDELAS,Pontevedra,42.393,-8.506,350.0,14,ssp126,far_future,rocio_fijo,36.594,34.786,8.929,430.406,6.0,5.0,47.702,103.643,57.714,23.857,63.184,2.553,2.047
19072,PONTE CALDELAS,Pontevedra,42.393,-8.506,350.0,14,ssp126,far_future,hr_fija,36.594,34.786,8.929,430.406,6.0,5.0,50.202,123.214,75.429,36.429,73.556,2.553,2.047
19072,PONTE CALDELAS,Pontevedra,42.393,-8.506,350.0,14,ssp245,near_future,rocio_fijo,35.768,28.286,6.357,375.437,6.0,5.0,46.876,94.857,51.643,20.071,66.348,1.727,1.572
19072,PONTE CALDELAS,Pontevedra,42.393,-8.506,350.0,14,ssp245,near_future,hr_fija,35.768,28.286,6.357,375.437,6.0,5.0,48.577,106.714,62.286,27.143,73.556,1.727,1.572
19072,PONTE CALDELAS,Pontevedra,42.393,-8.506,350.0,14,ssp245,medium_future,rocio_fijo,36.938,37.286,11.286,486.799,6.0,5.0,48.046,106.857,60.857,25.929,61.917,2.897,2.493
19072,PONTE CALDELAS,Pontevedra,42.393,-8.506,350.0,14,ssp245,medium_future,hr_fija,36.938,37.286,11.286,486.799,6.0,5.0,50.881,129.286,80.143,40.286,73.556,2.897,2.493
19072,PONTE CALDELAS,Pontevedra,42.393,-8.506,350.0,14,ssp245,far_future,rocio_fijo,37.946,48.0,16.071,571.52,6.0,5.0,49.054,117.5,70.143,31.214,58.366,3.905,3.104
19072,PONTE CALDELAS,Pontevedra,42.393,-8.506,350.0,14,ssp245,far_future,hr_fija,37.946,48.0,16.071,571.52,6.0,5.0,52.912,147.857,95.786,55.0,73.556,3.905,3.104
19072,PONTE CALDELAS,Pontevedra,42.393,-8.506,350.0,14,ssp370,near_future,rocio_fijo,35.69,27.5,6.214,369.415,6.0,5.0,46.798,94.143,50.786,19.571,66.656,1.649,1.517
19072,PONTE CALDELAS,Pontevedra,42.393,-8.506,350.0,14,ssp370,near_future,hr_fija,35.69,27.5,6.214,369.415,6.0,5.0,48.425,105.714,61.0,26.857,73.556,1.649,1.517
19072,PONTE CALDELAS,Pontevedra,42.393,-8.506,350.0,14,ssp370,medium_future,rocio_fijo,37.176,39.286,12.929,517.405,6.0,5.0,48.284,108.929,63.071,26.929,61.057,3.135,2.721
19072,PONTE CALDELAS,Pontevedra,42.393,-8.506,350.0,14,ssp370,medium_future,hr_fija,37.176,39.286,12.929,517.405,6.0,5.0,51.353,133.429,83.5,43.929,73.556,3.135,2.721
19072,PONTE CALDELAS,Pontevedra,42.393,-8.506,350.0,14,ssp370,far_future,rocio_fijo,39.14,63.643,25.143,716.438,6.0,5.0,50.248,131.643,80.143,38.714,54.453,5.099,4.039
19072,PONTE CALDELAS,Pontevedra,42.393,-8.506,350.0,14,ssp370,far_future,hr_fija,39.14,63.643,25.143,716.438,6.0,5.0,55.563,171.143,117.5,73.357,73.556,5.099,4.039
19072,PONTE CALDELAS,Pontevedra,42.393,-8.506,350.0,14,ssp585,near_future,rocio_fijo,35.783,28.286,7.143,396.376,6.0,5.0,46.891,95.143,51.714,20.071,66.289,1.742,1.758
19072,PONTE CALDELAS,Pontevedra,42.393,-8.506,350.0,14,ssp585,near_future,hr_fija,35.783,28.286,7.143,396.376,6.0,5.0,48.606,107.143,62.571,27.143,73.556,1.742,1.758
19072,PONTE CALDELAS,Pontevedra,42.393,-8.506,350.0,14,ssp585,medium_future,rocio_fijo,37.626,44.286,16.214,575.438,6.0,5.0,48.734,113.714,67.214,29.714,59.468,3.585,3.131
19072,PONTE CALDELAS,Pontevedra,42.393,-8.506,350.0,14,ssp585,medium_future,hr_fija,37.626,44.286,16.214,575.438,6.0,5.0,52.299,142.214,90.571,50.786,73.556,3.585,3.131
19072,PONTE CALDELAS,Pontevedra,42.393,-8.506,350.0,14,ssp585,far_future,rocio_fijo,40.548,83.357,44.357,935.567,6.0,5.0,51.656,148.0,93.071,49.429,50.214,6.507,5.263
19072,PONTE CALDELAS,Pontevedra,42.393,-8.506,350.0,14,ssp585,far_future,hr_fija,40.548,83.357,44.357,935.567,6.0,5.0,58.889,198.714,144.429,95.071,73.556,6.507,5.263
19045,PONTEAREAS,Pontevedra,42.18,-8.525,41.0,17,-,hoy,medido,36.925,42.235,0.235,302.018,5.059,6.0,53.936,132.353,85.824,48.118,73.104,,
19045,PONTEAREAS,Pontevedra,42.18,-8.525,41.0,17,ssp126,near_future,rocio_fijo,38.799,63.647,2.412,473.888,5.059,6.0,55.81,149.353,101.412,60.235,65.56,1.874,1.453
19045,PONTEAREAS,Pontevedra,42.18,-8.525,41.0,17,ssp126,near_future,hr_fija,38.799,63.647,2.412,473.888,5.059,6.0,58.359,161.647,115.824,72.941,73.104,1.874,1.453
19045,PONTEAREAS,Pontevedra,42.18,-8.525,41.0,17,ssp126,medium_future,rocio_fijo,39.493,73.471,4.471,569.56,5.059,6.0,56.504,155.882,108.588,65.059,62.993,2.568,2.132
19045,PONTEAREAS,Pontevedra,42.18,-8.525,41.0,17,ssp126,medium_future,hr_fija,39.493,73.471,4.471,569.56,5.059,6.0,60.101,174.412,128.765,84.647,73.104,2.568,2.132
19045,PONTEAREAS,Pontevedra,42.18,-8.525,41.0,17,ssp126,far_future,rocio_fijo,39.554,74.588,4.412,565.734,5.059,6.0,56.565,156.412,109.235,65.647,62.773,2.629,2.106
19045,PONTEAREAS,Pontevedra,42.18,-8.525,41.0,17,ssp126,far_future,hr_fija,39.554,74.588,4.412,565.734,5.059,6.0,60.252,175.529,129.706,86.0,73.104,2.629,2.106
19045,PONTEAREAS,Pontevedra,42.18,-8.525,41.0,17,ssp245,near_future,rocio_fijo,38.795,63.647,2.882,499.878,5.059,6.0,55.806,149.353,101.412,60.235,65.575,1.87,1.644
19045,PONTEAREAS,Pontevedra,42.18,-8.525,41.0,17,ssp245,near_future,hr_fija,38.795,63.647,2.882,499.878,5.059,6.0,58.349,161.412,115.824,72.882,73.104,1.87,1.644
19045,PONTEAREAS,Pontevedra,42.18,-8.525,41.0,17,ssp245,medium_future,rocio_fijo,39.958,81.294,6.353,634.986,5.059,6.0,56.969,160.235,112.471,68.235,61.336,3.033,2.562
19045,PONTEAREAS,Pontevedra,42.18,-8.525,41.0,17,ssp245,medium_future,hr_fija,39.958,81.294,6.353,634.986,5.059,6.0,61.253,182.706,135.588,92.588,73.104,3.033,2.562
19045,PONTEAREAS,Pontevedra,42.18,-8.525,41.0,17,ssp245,far_future,rocio_fijo,40.881,94.588,10.647,735.33,5.059,6.0,57.892,168.882,121.0,76.529,58.191,3.956,3.176
19045,PONTEAREAS,Pontevedra,42.18,-8.525,41.0,17,ssp245,far_future,hr_fija,40.881,94.588,10.647,735.33,5.059,6.0,63.518,198.824,151.588,107.059,73.104,3.956,3.176
19045,PONTEAREAS,Pontevedra,42.18,-8.525,41.0,17,ssp370,near_future,rocio_fijo,38.712,62.294,2.824,493.28,5.059,6.0,55.723,148.824,100.353,60.118,65.89,1.787,1.596
19045,PONTEAREAS,Pontevedra,42.18,-8.525,41.0,17,ssp370,near_future,hr_fija,38.712,62.294,2.824,493.28,5.059,6.0,58.141,160.353,114.118,71.588,73.104,1.787,1.596
19045,PONTEAREAS,Pontevedra,42.18,-8.525,41.0,17,ssp370,medium_future,rocio_fijo,40.213,84.176,7.941,674.197,5.059,6.0,57.224,162.235,114.529,70.176,60.448,3.288,2.808
19045,PONTEAREAS,Pontevedra,42.18,-8.525,41.0,17,ssp370,medium_future,hr_fija,40.213,84.176,7.941,674.197,5.059,6.0,61.879,187.059,140.0,95.824,73.104,3.288,2.808
19045,PONTEAREAS,Pontevedra,42.18,-8.525,41.0,17,ssp370,far_future,rocio_fijo,42.068,113.0,20.294,909.699,5.059,6.0,59.079,182.353,133.294,86.824,54.411,5.143,4.14
19045,PONTEAREAS,Pontevedra,42.18,-8.525,41.0,17,ssp370,far_future,hr_fija,42.068,113.0,20.294,909.699,5.059,6.0,66.517,219.824,170.412,127.941,73.104,5.143,4.14
19045,PONTEAREAS,Pontevedra,42.18,-8.525,41.0,17,ssp585,near_future,rocio_fijo,38.749,63.059,3.529,527.741,5.059,6.0,55.76,149.059,100.647,60.235,65.75,1.824,1.843
19045,PONTEAREAS,Pontevedra,42.18,-8.525,41.0,17,ssp585,near_future,hr_fija,38.749,63.059,3.529,527.741,5.059,6.0,58.234,161.0,114.882,72.235,73.104,1.824,1.843
19045,PONTEAREAS,Pontevedra,42.18,-8.525,41.0,17,ssp585,medium_future,rocio_fijo,40.682,91.235,10.882,742.488,5.059,6.0,57.693,166.647,119.294,74.941,58.853,3.757,3.218
19045,PONTEAREAS,Pontevedra,42.18,-8.525,41.0,17,ssp585,medium_future,hr_fija,40.682,91.235,10.882,742.488,5.059,6.0,63.027,195.059,147.882,103.353,73.104,3.757,3.218
19045,PONTEAREAS,Pontevedra,42.18,-8.525,41.0,17,ssp585,far_future,rocio_fijo,43.502,135.294,37.294,1161.16,5.059,6.0,60.513,196.941,146.765,98.824,50.209,6.577,5.358
19045,PONTEAREAS,Pontevedra,42.18,-8.525,41.0,17,ssp585,far_future,hr_fija,43.502,135.294,37.294,1161.16,5.059,6.0,70.307,249.882,196.647,152.353,73.104,6.577,5.358
10064,PONTEVEDRA,Pontevedra,42.409,-8.664,52.0,17,-,hoy,medido,34.11,19.529,0.765,247.384,3.235,5.0,47.401,112.706,56.118,25.471,78.683,,
10064,PONTEVEDRA,Pontevedra,42.409,-8.664,52.0,17,ssp126,near_future,rocio_fijo,35.744,32.765,3.824,408.956,3.235,5.0,49.035,134.412,71.176,33.706,71.421,1.634,1.353
10064,PONTEVEDRA,Pontevedra,42.409,-8.664,52.0,17,ssp126,near_future,hr_fija,35.744,32.765,3.824,408.956,3.235,5.0,50.767,149.353,87.059,43.118,78.683,1.634,1.353
10064,PONTEVEDRA,Pontevedra,42.409,-8.664,52.0,17,ssp126,medium_future,rocio_fijo,36.466,39.706,8.765,504.147,3.235,5.0,49.757,143.471,78.941,38.059,68.456,2.356,2.012
10064,PONTEVEDRA,Pontevedra,42.409,-8.664,52.0,17,ssp126,medium_future,hr_fija,36.466,39.706,8.765,504.147,3.235,5.0,52.329,165.0,103.176,53.294,78.683,2.356,2.012
10064,PONTEVEDRA,Pontevedra,42.409,-8.664,52.0,17,ssp126,far_future,rocio_fijo,36.531,40.118,8.588,499.743,3.235,5.0,49.822,144.176,80.176,38.529,68.196,2.421,1.983
10064,PONTEVEDRA,Pontevedra,42.409,-8.664,52.0,17,ssp126,far_future,hr_fija,36.531,40.118,8.588,499.743,3.235,5.0,52.471,166.294,104.588,54.176,78.683,2.421,1.983
10064,PONTEVEDRA,Pontevedra,42.409,-8.664,52.0,17,ssp245,near_future,rocio_fijo,35.733,32.647,4.941,433.973,3.235,5.0,49.024,134.353,71.059,33.706,71.468,1.623,1.533
10064,PONTEVEDRA,Pontevedra,42.409,-8.664,52.0,17,ssp245,near_future,hr_fija,35.733,32.647,4.941,433.973,3.235,5.0,50.744,149.176,86.824,43.118,78.683,1.623,1.533
10064,PONTEVEDRA,Pontevedra,42.409,-8.664,52.0,17,ssp245,medium_future,rocio_fijo,36.862,43.529,12.765,567.54,3.235,5.0,50.153,148.353,84.0,40.706,66.888,2.752,2.416
10064,PONTEVEDRA,Pontevedra,42.409,-8.664,52.0,17,ssp245,medium_future,hr_fija,36.862,43.529,12.765,567.54,3.235,5.0,53.199,173.294,113.176,58.176,78.683,2.752,2.416
10064,PONTEVEDRA,Pontevedra,42.409,-8.664,52.0,17,ssp245,far_future,rocio_fijo,37.809,54.059,22.059,667.021,3.235,5.0,51.1,160.882,94.706,46.529,63.301,3.699,3.005
10064,PONTEVEDRA,Pontevedra,42.409,-8.664,52.0,17,ssp245,far_future,hr_fija,37.809,54.059,22.059,667.021,3.235,5.0,55.353,192.529,134.941,75.882,78.683,3.699,3.005
10064,PONTEVEDRA,Pontevedra,42.409,-8.664,52.0,17,ssp370,near_future,rocio_fijo,35.559,30.706,4.529,425.406,3.235,5.0,48.85,132.0,69.471,32.882,72.204,1.449,1.472
10064,PONTEVEDRA,Pontevedra,42.409,-8.664,52.0,17,ssp370,near_future,hr_fija,35.559,30.706,4.529,425.406,3.235,5.0,50.379,145.412,83.0,41.118,78.683,1.449,1.472
10064,PONTEVEDRA,Pontevedra,42.409,-8.664,52.0,17,ssp370,medium_future,rocio_fijo,37.024,45.176,15.824,602.341,3.235,5.0,50.315,150.412,85.824,42.235,66.259,2.914,2.628
10064,PONTEVEDRA,Pontevedra,42.409,-8.664,52.0,17,ssp370,medium_future,hr_fija,37.024,45.176,15.824,602.341,3.235,5.0,53.563,176.647,116.882,61.118,78.683,2.914,2.628
10064,PONTEVEDRA,Pontevedra,42.409,-8.664,52.0,17,ssp370,far_future,rocio_fijo,38.877,68.647,40.647,838.348,3.235,5.0,52.168,173.353,109.706,54.941,59.514,4.767,3.927
10064,PONTEVEDRA,Pontevedra,42.409,-8.664,52.0,17,ssp370,far_future,hr_fija,38.877,68.647,40.647,838.348,3.235,5.0,57.856,213.765,158.824,98.765,78.683,4.767,3.927
10064,PONTEVEDRA,Pontevedra,42.409,-8.664,52.0,17,ssp585,near_future,rocio_fijo,35.578,30.824,6.059,456.852,3.235,5.0,48.869,132.118,69.588,33.059,72.124,1.468,1.693
10064,PONTEVEDRA,Pontevedra,42.409,-8.664,52.0,17,ssp585,near_future,hr_fija,35.578,30.824,6.059,456.852,3.235,5.0,50.419,145.765,83.353,41.529,78.683,1.468,1.693
10064,PONTEVEDRA,Pontevedra,42.409,-8.664,52.0,17,ssp585,medium_future,rocio_fijo,37.434,49.882,22.294,669.485,3.235,5.0,50.725,156.235,89.588,44.118,64.695,3.324,3.019
10064,PONTEVEDRA,Pontevedra,42.409,-8.664,52.0,17,ssp585,medium_future,hr_fija,37.434,49.882,22.294,669.485,3.235,5.0,54.493,184.588,126.118,68.824,78.683,3.324,3.019
10064,PONTEVEDRA,Pontevedra,42.409,-8.664,52.0,17,ssp585,far_future,rocio_fijo,40.259,91.824,69.176,1088.647,3.235,5.0,53.55,190.353,128.0,66.765,54.986,6.149,5.099
10064,PONTEVEDRA,Pontevedra,42.409,-8.664,52.0,17,ssp585,far_future,hr_fija,40.259,91.824,69.176,1088.647,3.235,5.0,61.222,246.353,186.647,132.824,78.683,6.149,5.099
10156,PONTEVEDRA,Pontevedra,42.426,-8.644,20.0,12,-,hoy,medido,35.209,27.833,2.083,363.699,3.917,6.0,48.425,137.25,75.0,30.417,71.993,,
10156,PONTEVEDRA,Pontevedra,42.426,-8.644,20.0,12,ssp126,near_future,rocio_fijo,36.84,47.833,11.167,550.225,3.917,6.0,50.056,156.75,93.5,42.667,65.432,1.631,1.353
10156,PONTEVEDRA,Pontevedra,42.426,-8.644,20.0,12,ssp126,near_future,hr_fija,36.84,47.833,11.167,550.225,3.917,6.0,51.958,169.417,111.083,54.25,71.993,1.631,1.353
10156,PONTEVEDRA,Pontevedra,42.426,-8.644,20.0,12,ssp126,medium_future,rocio_fijo,37.569,55.917,20.167,656.052,3.917,6.0,50.785,164.0,103.583,47.667,62.72,2.36,2.014
10156,PONTEVEDRA,Pontevedra,42.426,-8.644,20.0,12,ssp126,medium_future,hr_fija,37.569,55.917,20.167,656.052,3.917,6.0,53.567,184.0,128.167,69.167,71.993,2.36,2.014
10156,PONTEVEDRA,Pontevedra,42.426,-8.644,20.0,12,ssp126,far_future,rocio_fijo,37.633,57.083,19.917,651.225,3.917,6.0,50.849,164.833,104.417,48.5,62.488,2.424,1.985
10156,PONTEVEDRA,Pontevedra,42.426,-8.644,20.0,12,ssp126,far_future,hr_fija,37.633,57.083,19.917,651.225,3.917,6.0,53.708,186.25,129.417,70.75,71.993,2.424,1.985
10156,PONTEVEDRA,Pontevedra,42.426,-8.644,20.0,12,ssp245,near_future,rocio_fijo,36.834,47.75,13.667,578.237,3.917,6.0,50.05,156.75,93.417,42.5,65.455,1.625,1.534
10156,PONTEVEDRA,Pontevedra,42.426,-8.644,20.0,12,ssp245,near_future,hr_fija,36.834,47.75,13.667,578.237,3.917,6.0,51.945,169.25,110.917,54.0,71.993,1.625,1.534
10156,PONTEVEDRA,Pontevedra,42.426,-8.644,20.0,12,ssp245,medium_future,rocio_fijo,37.967,61.75,26.75,725.256,3.917,6.0,51.183,168.583,108.5,51.083,61.293,2.758,2.418
10156,PONTEVEDRA,Pontevedra,42.426,-8.644,20.0,12,ssp245,medium_future,hr_fija,37.967,61.75,26.75,725.256,3.917,6.0,54.428,194.667,136.5,76.917,71.993,2.758,2.418
10156,PONTEVEDRA,Pontevedra,42.426,-8.644,20.0,12,ssp245,far_future,rocio_fijo,38.918,78.333,39.5,833.576,3.917,6.0,52.134,180.0,121.167,60.417,58.028,3.709,3.007
10156,PONTEVEDRA,Pontevedra,42.426,-8.644,20.0,12,ssp245,far_future,hr_fija,38.918,78.333,39.5,833.576,3.917,6.0,56.492,215.25,156.0,97.75,71.993,3.709,3.007
10156,PONTEVEDRA,Pontevedra,42.426,-8.644,20.0,12,ssp370,near_future,rocio_fijo,36.675,45.333,12.833,568.549,3.917,6.0,49.891,155.0,91.25,41.167,66.064,1.466,1.472
10156,PONTEVEDRA,Pontevedra,42.426,-8.644,20.0,12,ssp370,near_future,hr_fija,36.675,45.333,12.833,568.549,3.917,6.0,51.594,165.667,107.333,51.25,71.993,1.466,1.472
10156,PONTEVEDRA,Pontevedra,42.426,-8.644,20.0,12,ssp370,medium_future,rocio_fijo,38.136,64.25,31.417,763.183,3.917,6.0,51.352,170.667,110.833,52.25,60.698,2.927,2.63
10156,PONTEVEDRA,Pontevedra,42.426,-8.644,20.0,12,ssp370,medium_future,hr_fija,38.136,64.25,31.417,763.183,3.917,6.0,54.792,198.583,139.75,80.5,71.993,2.927,2.63
10156,PONTEVEDRA,Pontevedra,42.426,-8.644,20.0,12,ssp370,far_future,rocio_fijo,39.994,99.417,59.083,1019.584,3.917,6.0,53.21,196.417,135.083,72.833,54.569,4.785,3.929
10156,PONTEVEDRA,Pontevedra,42.426,-8.644,20.0,12,ssp370,far_future,hr_fija,39.994,99.417,59.083,1019.584,3.917,6.0,58.838,237.333,176.0,123.167,71.993,4.785,3.929
10156,PONTEVEDRA,Pontevedra,42.426,-8.644,20.0,12,ssp585,near_future,rocio_fijo,36.699,45.583,15.583,603.662,3.917,6.0,49.915,155.25,91.583,41.25,65.972,1.49,1.694
10156,PONTEVEDRA,Pontevedra,42.426,-8.644,20.0,12,ssp585,near_future,hr_fija,36.699,45.583,15.583,603.662,3.917,6.0,51.647,166.333,107.75,51.417,71.993,1.49,1.694
10156,PONTEVEDRA,Pontevedra,42.426,-8.644,20.0,12,ssp585,medium_future,rocio_fijo,38.551,72.417,39.75,836.439,3.917,6.0,51.767,175.75,115.917,56.833,59.264,3.342,3.022
10156,PONTEVEDRA,Pontevedra,42.426,-8.644,20.0,12,ssp585,medium_future,hr_fija,38.551,72.417,39.75,836.439,3.917,6.0,55.69,207.833,148.0,88.5,71.993,3.342,3.022
10156,PONTEVEDRA,Pontevedra,42.426,-8.644,20.0,12,ssp585,far_future,rocio_fijo,41.376,129.75,86.083,1287.074,3.917,6.0,54.592,214.75,151.25,87.0,50.463,6.167,5.104
10156,PONTEVEDRA,Pontevedra,42.426,-8.644,20.0,12,ssp585,far_future,hr_fija,41.376,129.75,86.083,1287.074,3.917,6.0,62.001,268.25,209.417,152.333,71.993,6.167,5.104
10154,REDONDELA,Pontevedra,42.321,-8.602,260.0,17,-,hoy,medido,34.925,23.588,2.471,248.585,6.0,6.0,46.255,97.0,49.235,19.765,73.113,,
10154,REDONDELA,Pontevedra,42.321,-8.602,260.0,17,ssp126,near_future,rocio_fijo,36.601,36.647,5.0,387.961,6.0,6.0,47.931,114.176,62.706,27.824,66.199,1.676,1.345
10154,REDONDELA,Pontevedra,42.321,-8.602,260.0,17,ssp126,near_future,hr_fija,36.601,36.647,5.0,387.961,6.0,6.0,49.6,127.235,76.294,37.294,73.113,1.676,1.345
10154,REDONDELA,Pontevedra,42.321,-8.602,260.0,17,ssp126,medium_future,rocio_fijo,37.31,43.765,7.824,471.547,6.0,6.0,48.64,122.471,69.059,32.118,63.499,2.385,2.002
10154,REDONDELA,Pontevedra,42.321,-8.602,260.0,17,ssp126,medium_future,hr_fija,37.31,43.765,7.824,471.547,6.0,6.0,51.097,140.0,89.118,45.294,73.113,2.385,2.002
10154,REDONDELA,Pontevedra,42.321,-8.602,260.0,17,ssp126,far_future,rocio_fijo,37.377,44.529,7.529,467.933,6.0,6.0,48.707,123.235,69.765,32.294,63.25,2.452,1.975
10154,REDONDELA,Pontevedra,42.321,-8.602,260.0,17,ssp126,far_future,hr_fija,37.377,44.529,7.529,467.933,6.0,6.0,51.223,141.176,90.353,46.353,73.113,2.452,1.975
10154,REDONDELA,Pontevedra,42.321,-8.602,260.0,17,ssp245,near_future,rocio_fijo,36.592,36.588,5.471,409.594,6.0,6.0,47.922,114.059,62.647,27.765,66.234,1.667,1.523
10154,REDONDELA,Pontevedra,42.321,-8.602,260.0,17,ssp245,near_future,hr_fija,36.592,36.588,5.471,409.594,6.0,6.0,49.581,127.059,76.176,37.118,73.113,1.667,1.523
10154,REDONDELA,Pontevedra,42.321,-8.602,260.0,17,ssp245,medium_future,rocio_fijo,37.708,48.059,10.294,527.361,6.0,6.0,49.038,126.412,73.588,34.412,62.037,2.783,2.403
10154,REDONDELA,Pontevedra,42.321,-8.602,260.0,17,ssp245,medium_future,hr_fija,37.708,48.059,10.294,527.361,6.0,6.0,51.902,147.059,95.706,50.294,73.113,2.783,2.403
10154,REDONDELA,Pontevedra,42.321,-8.602,260.0,17,ssp245,far_future,rocio_fijo,38.649,59.412,15.118,615.725,6.0,6.0,49.979,136.882,83.588,40.588,58.73,3.724,2.989
10154,REDONDELA,Pontevedra,42.321,-8.602,260.0,17,ssp245,far_future,hr_fija,38.649,59.412,15.118,615.725,6.0,6.0,53.997,164.824,112.882,64.941,73.113,3.724,2.989
10154,REDONDELA,Pontevedra,42.321,-8.602,260.0,17,ssp370,near_future,rocio_fijo,36.465,35.471,5.235,402.712,6.0,6.0,47.795,112.706,61.647,27.294,66.732,1.54,1.467
10154,REDONDELA,Pontevedra,42.321,-8.602,260.0,17,ssp370,near_future,hr_fija,36.465,35.471,5.235,402.712,6.0,6.0,49.315,125.118,73.118,35.235,73.113,1.54,1.467
10154,REDONDELA,Pontevedra,42.321,-8.602,260.0,17,ssp370,medium_future,rocio_fijo,37.906,49.824,12.0,559.466,6.0,6.0,49.236,128.824,76.235,36.0,61.324,2.981,2.622
10154,REDONDELA,Pontevedra,42.321,-8.602,260.0,17,ssp370,medium_future,hr_fija,37.906,49.824,12.0,559.466,6.0,6.0,52.348,151.294,99.471,53.176,73.113,2.981,2.622
10154,REDONDELA,Pontevedra,42.321,-8.602,260.0,17,ssp370,far_future,rocio_fijo,39.728,74.118,28.588,767.546,6.0,6.0,51.058,148.529,94.882,47.765,55.181,4.803,3.898
10154,REDONDELA,Pontevedra,42.321,-8.602,260.0,17,ssp370,far_future,hr_fija,39.728,74.118,28.588,767.546,6.0,6.0,56.421,185.0,133.353,85.059,73.113,4.803,3.898
10154,REDONDELA,Pontevedra,42.321,-8.602,260.0,17,ssp585,near_future,rocio_fijo,36.499,35.765,6.412,431.164,6.0,6.0,47.829,113.176,61.765,27.471,66.598,1.574,1.694
10154,REDONDELA,Pontevedra,42.321,-8.602,260.0,17,ssp585,near_future,hr_fija,36.499,35.765,6.412,431.164,6.0,6.0,49.387,125.529,73.824,35.706,73.113,1.574,1.694
10154,REDONDELA,Pontevedra,42.321,-8.602,260.0,17,ssp585,medium_future,rocio_fijo,38.341,55.471,15.412,619.193,6.0,6.0,49.671,133.706,80.294,38.529,59.79,3.416,3.011
10154,REDONDELA,Pontevedra,42.321,-8.602,260.0,17,ssp585,medium_future,hr_fija,38.341,55.471,15.412,619.193,6.0,6.0,53.324,158.765,107.529,60.059,73.113,3.416,3.011
10154,REDONDELA,Pontevedra,42.321,-8.602,260.0,17,ssp585,far_future,rocio_fijo,41.115,96.647,55.059,989.347,6.0,6.0,52.445,164.647,109.0,58.294,50.969,6.19,5.067
10154,REDONDELA,Pontevedra,42.321,-8.602,260.0,17,ssp585,far_future,hr_fija,41.115,96.647,55.059,989.347,6.0,6.0,59.496,209.647,158.882,110.235,73.113,6.19,5.067
19066,RIBADUMIA,Pontevedra,42.497,-8.764,27.0,15,-,hoy,medido,33.38,16.467,0.4,230.344,4.867,6.0,46.658,90.733,44.533,17.867,77.851,,
19066,RIBADUMIA,Pontevedra,42.497,-8.764,27.0,15,ssp126,near_future,rocio_fijo,34.902,27.733,2.533,370.066,4.867,6.0,48.18,108.0,56.133,24.667,71.12,1.522,1.287
19066,RIBADUMIA,Pontevedra,42.497,-8.764,27.0,15,ssp126,near_future,hr_fija,34.902,27.733,2.533,370.066,4.867,6.0,49.872,120.067,68.2,31.267,77.851,1.522,1.287
19066,RIBADUMIA,Pontevedra,42.497,-8.764,27.0,15,ssp126,medium_future,rocio_fijo,35.588,33.4,5.8,453.712,4.867,6.0,48.866,114.733,62.667,27.867,68.303,2.208,1.921
19066,RIBADUMIA,Pontevedra,42.497,-8.764,27.0,15,ssp126,medium_future,hr_fija,35.588,33.4,5.8,453.712,4.867,6.0,51.412,132.533,80.2,38.333,77.851,2.208,1.921
19066,RIBADUMIA,Pontevedra,42.497,-8.764,27.0,15,ssp126,far_future,rocio_fijo,35.677,33.933,5.667,449.373,4.867,6.0,48.955,115.867,63.867,28.2,67.947,2.297,1.89
19066,RIBADUMIA,Pontevedra,42.497,-8.764,27.0,15,ssp126,far_future,hr_fija,35.677,33.933,5.667,449.373,4.867,6.0,51.614,134.533,81.533,39.533,77.851,2.297,1.89
19066,RIBADUMIA,Pontevedra,42.497,-8.764,27.0,15,ssp245,near_future,rocio_fijo,34.886,27.533,3.4,392.08,4.867,6.0,48.164,107.667,56.0,24.6,71.188,1.506,1.462
19066,RIBADUMIA,Pontevedra,42.497,-8.764,27.0,15,ssp245,near_future,hr_fija,34.886,27.533,3.4,392.08,4.867,6.0,49.836,119.667,67.8,31.067,77.851,1.506,1.462
19066,RIBADUMIA,Pontevedra,42.497,-8.764,27.0,15,ssp245,medium_future,rocio_fijo,35.937,36.0,9.333,508.847,4.867,6.0,49.215,118.8,66.067,29.933,66.918,2.557,2.303
19066,RIBADUMIA,Pontevedra,42.497,-8.764,27.0,15,ssp245,medium_future,hr_fija,35.937,36.0,9.333,508.847,4.867,6.0,52.207,140.333,87.067,43.6,77.851,2.557,2.303
19066,RIBADUMIA,Pontevedra,42.497,-8.764,27.0,15,ssp245,far_future,rocio_fijo,36.876,44.867,13.933,596.178,4.867,6.0,50.154,128.867,74.533,33.933,63.347,3.496,2.865
19066,RIBADUMIA,Pontevedra,42.497,-8.764,27.0,15,ssp245,far_future,hr_fija,36.876,44.867,13.933,596.178,4.867,6.0,54.37,159.733,105.4,57.6,77.851,3.496,2.865
19066,RIBADUMIA,Pontevedra,42.497,-8.764,27.0,15,ssp370,near_future,rocio_fijo,34.688,25.467,3.2,383.805,4.867,6.0,47.966,105.533,54.2,23.933,72.026,1.308,1.397
19066,RIBADUMIA,Pontevedra,42.497,-8.764,27.0,15,ssp370,near_future,hr_fija,34.688,25.467,3.2,383.805,4.867,6.0,49.407,115.133,64.8,29.733,77.851,1.308,1.397
19066,RIBADUMIA,Pontevedra,42.497,-8.764,27.0,15,ssp370,medium_future,rocio_fijo,36.05,37.133,10.4,538.175,4.867,6.0,49.328,120.333,66.867,30.267,66.477,2.67,2.497
19066,RIBADUMIA,Pontevedra,42.497,-8.764,27.0,15,ssp370,medium_future,hr_fija,36.05,37.133,10.4,538.175,4.867,6.0,52.465,141.933,89.4,45.0,77.851,2.67,2.497
19066,RIBADUMIA,Pontevedra,42.497,-8.764,27.0,15,ssp370,far_future,rocio_fijo,37.844,57.867,26.133,749.939,4.867,6.0,51.122,140.667,85.2,40.2,59.888,4.464,3.752
19066,RIBADUMIA,Pontevedra,42.497,-8.764,27.0,15,ssp370,far_future,hr_fija,37.844,57.867,26.133,749.939,4.867,6.0,56.541,176.467,123.867,74.267,77.851,4.464,3.752
19066,RIBADUMIA,Pontevedra,42.497,-8.764,27.0,15,ssp585,near_future,rocio_fijo,34.663,25.267,4.133,410.128,4.867,6.0,47.941,105.267,53.867,23.667,72.133,1.283,1.601
19066,RIBADUMIA,Pontevedra,42.497,-8.764,27.0,15,ssp585,near_future,hr_fija,34.663,25.267,4.133,410.128,4.867,6.0,49.353,114.6,64.133,29.467,77.851,1.283,1.601
19066,RIBADUMIA,Pontevedra,42.497,-8.764,27.0,15,ssp585,medium_future,rocio_fijo,36.44,41.133,13.933,596.664,4.867,6.0,49.718,124.733,70.533,31.933,64.978,3.06,2.868
19066,RIBADUMIA,Pontevedra,42.497,-8.764,27.0,15,ssp585,medium_future,hr_fija,36.44,41.133,13.933,596.664,4.867,6.0,53.365,149.6,96.867,50.4,77.851,3.06,2.868
19066,RIBADUMIA,Pontevedra,42.497,-8.764,27.0,15,ssp585,far_future,rocio_fijo,39.159,79.133,45.533,973.447,4.867,6.0,52.437,157.133,99.2,49.6,55.525,5.779,4.871
19066,RIBADUMIA,Pontevedra,42.497,-8.764,27.0,15,ssp585,far_future,hr_fija,39.159,79.133,45.533,973.447,4.867,6.0,59.627,203.267,149.2,99.8,77.851,5.779,4.871
10122,RODEIRO,Pontevedra,42.58,-7.933,991.0,17,-,hoy,medido,31.055,5.765,3.059,124.71,6.706,12.0,38.18,40.353,12.235,1.647,75.077,,
10122,RODEIRO,Pontevedra,42.58,-7.933,991.0,17,ssp126,near_future,rocio_fijo,32.922,12.353,5.824,200.264,6.706,12.0,40.047,53.0,20.647,3.824,66.975,1.867,1.488
10122,RODEIRO,Pontevedra,42.58,-7.933,991.0,17,ssp126,near_future,hr_fija,32.922,12.353,5.824,200.264,6.706,12.0,41.639,62.059,28.412,6.706,75.077,1.867,1.488
10122,RODEIRO,Pontevedra,42.58,-7.933,991.0,17,ssp126,medium_future,rocio_fijo,33.802,17.765,8.294,247.117,6.706,12.0,40.927,59.706,25.0,5.529,63.5,2.747,2.207
10122,RODEIRO,Pontevedra,42.58,-7.933,991.0,17,ssp126,medium_future,hr_fija,33.802,17.765,8.294,247.117,6.706,12.0,43.295,75.235,38.647,11.588,75.077,2.747,2.207
10122,RODEIRO,Pontevedra,42.58,-7.933,991.0,17,ssp126,far_future,rocio_fijo,33.858,17.882,8.235,245.494,6.706,12.0,40.983,60.235,25.118,5.588,63.286,2.803,2.184
10122,RODEIRO,Pontevedra,42.58,-7.933,991.0,17,ssp126,far_future,hr_fija,33.858,17.882,8.235,245.494,6.706,12.0,43.403,76.235,39.353,12.0,75.077,2.803,2.184
10122,RODEIRO,Pontevedra,42.58,-7.933,991.0,17,ssp245,near_future,rocio_fijo,32.978,12.882,6.647,210.812,6.706,12.0,40.103,53.412,20.824,3.941,66.747,1.923,1.66
10122,RODEIRO,Pontevedra,42.58,-7.933,991.0,17,ssp245,near_future,hr_fija,32.978,12.882,6.647,210.812,6.706,12.0,41.743,62.941,29.294,6.882,75.077,1.923,1.66
10122,RODEIRO,Pontevedra,42.58,-7.933,991.0,17,ssp245,medium_future,rocio_fijo,34.197,20.059,9.824,281.073,6.706,12.0,41.322,62.412,27.588,6.353,62.007,3.142,2.666
10122,RODEIRO,Pontevedra,42.58,-7.933,991.0,17,ssp245,medium_future,hr_fija,34.197,20.059,9.824,281.073,6.706,12.0,44.06,81.765,43.0,14.471,75.077,3.142,2.666
10122,RODEIRO,Pontevedra,42.58,-7.933,991.0,17,ssp245,far_future,rocio_fijo,35.409,28.882,12.235,335.561,6.706,12.0,42.534,73.765,35.765,9.765,57.667,4.354,3.325
10122,RODEIRO,Pontevedra,42.58,-7.933,991.0,17,ssp245,far_future,hr_fija,35.409,28.882,12.235,335.561,6.706,12.0,46.447,100.471,57.471,25.118,75.077,4.354,3.325
10122,RODEIRO,Pontevedra,42.58,-7.933,991.0,17,ssp370,near_future,rocio_fijo,32.984,12.882,6.412,208.019,6.706,12.0,40.109,53.412,20.824,4.0,66.723,1.929,1.615
10122,RODEIRO,Pontevedra,42.58,-7.933,991.0,17,ssp370,near_future,hr_fija,32.984,12.882,6.412,208.019,6.706,12.0,41.753,63.0,29.353,6.941,75.077,1.929,1.615
10122,RODEIRO,Pontevedra,42.58,-7.933,991.0,17,ssp370,medium_future,rocio_fijo,34.561,22.588,10.941,300.066,6.706,12.0,41.686,65.706,30.412,6.941,60.666,3.506,2.905
10122,RODEIRO,Pontevedra,42.58,-7.933,991.0,17,ssp370,medium_future,hr_fija,34.561,22.588,10.941,300.066,6.706,12.0,44.768,86.882,47.294,17.176,75.077,3.506,2.905
10122,RODEIRO,Pontevedra,42.58,-7.933,991.0,17,ssp370,far_future,rocio_fijo,36.75,40.647,18.0,429.712,6.706,12.0,43.875,86.118,45.294,14.882,53.259,5.695,4.31
10122,RODEIRO,Pontevedra,42.58,-7.933,991.0,17,ssp370,far_future,hr_fija,36.75,40.647,18.0,429.712,6.706,12.0,49.171,120.941,76.941,41.235,75.077,5.695,4.31
10122,RODEIRO,Pontevedra,42.58,-7.933,991.0,17,ssp585,near_future,rocio_fijo,33.15,13.882,7.294,225.078,6.706,12.0,40.275,54.412,21.471,4.118,66.054,2.095,1.883
10122,RODEIRO,Pontevedra,42.58,-7.933,991.0,17,ssp585,near_future,hr_fija,33.15,13.882,7.294,225.078,6.706,12.0,42.052,65.412,31.235,7.941,75.077,2.095,1.883
10122,RODEIRO,Pontevedra,42.58,-7.933,991.0,17,ssp585,medium_future,rocio_fijo,35.021,25.529,12.353,338.098,6.706,12.0,42.146,69.765,33.412,8.647,59.018,3.966,3.354
10122,RODEIRO,Pontevedra,42.58,-7.933,991.0,17,ssp585,medium_future,hr_fija,35.021,25.529,12.353,338.098,6.706,12.0,45.676,93.529,52.529,21.882,75.077,3.966,3.354
10122,RODEIRO,Pontevedra,42.58,-7.933,991.0,17,ssp585,far_future,rocio_fijo,38.206,55.882,28.941,580.276,6.706,12.0,45.331,100.471,55.0,21.647,48.897,7.151,5.613
10122,RODEIRO,Pontevedra,42.58,-7.933,991.0,17,ssp585,far_future,hr_fija,38.206,55.882,28.941,580.276,6.706,12.0,52.254,143.765,99.941,58.647,75.077,7.151,5.613
19054,SALCEDA DE CASELAS,Pontevedra,42.069,-8.562,92.0,17,-,hoy,medido,37.17,42.706,2.294,367.147,5.412,6.0,51.774,132.059,87.235,46.824,73.521,,
19054,SALCEDA DE CASELAS,Pontevedra,42.069,-8.562,92.0,17,ssp126,near_future,rocio_fijo,39.097,63.294,8.176,557.531,5.412,6.0,53.701,151.412,103.294,60.471,65.719,1.927,1.484
19054,SALCEDA DE CASELAS,Pontevedra,42.069,-8.562,92.0,17,ssp126,near_future,hr_fija,39.097,63.294,8.176,557.531,5.412,6.0,55.923,164.412,118.529,76.118,73.521,1.927,1.484
19054,SALCEDA DE CASELAS,Pontevedra,42.069,-8.562,92.0,17,ssp126,medium_future,rocio_fijo,39.792,72.824,14.0,658.775,5.412,6.0,54.396,158.588,109.706,66.529,63.138,2.622,2.161
19054,SALCEDA DE CASELAS,Pontevedra,42.069,-8.562,92.0,17,ssp126,medium_future,hr_fija,39.792,72.824,14.0,658.775,5.412,6.0,57.459,177.294,129.647,87.353,73.521,2.622,2.161
19054,SALCEDA DE CASELAS,Pontevedra,42.069,-8.562,92.0,17,ssp126,far_future,rocio_fijo,39.825,73.471,13.706,655.042,5.412,6.0,54.429,158.706,110.059,66.882,63.019,2.655,2.137
19054,SALCEDA DE CASELAS,Pontevedra,42.069,-8.562,92.0,17,ssp126,far_future,hr_fija,39.825,73.471,13.706,655.042,5.412,6.0,57.533,178.059,130.118,87.765,73.521,2.655,2.137
19054,SALCEDA DE CASELAS,Pontevedra,42.069,-8.562,92.0,17,ssp245,near_future,rocio_fijo,39.107,63.353,9.706,585.564,5.412,6.0,53.711,151.529,103.412,60.471,65.681,1.937,1.677
19054,SALCEDA DE CASELAS,Pontevedra,42.069,-8.562,92.0,17,ssp245,near_future,hr_fija,39.107,63.353,9.706,585.564,5.412,6.0,55.945,164.706,118.706,76.294,73.521,1.937,1.677
19054,SALCEDA DE CASELAS,Pontevedra,42.069,-8.562,92.0,17,ssp245,medium_future,rocio_fijo,40.254,79.882,17.941,728.706,5.412,6.0,54.858,163.0,113.412,71.0,61.486,3.084,2.596
19054,SALCEDA DE CASELAS,Pontevedra,42.069,-8.562,92.0,17,ssp245,medium_future,hr_fija,40.254,79.882,17.941,728.706,5.412,6.0,58.5,185.706,138.529,94.059,73.521,3.084,2.596
19054,SALCEDA DE CASELAS,Pontevedra,42.069,-8.562,92.0,17,ssp245,far_future,rocio_fijo,41.159,93.765,25.765,834.538,5.412,6.0,55.763,172.118,123.529,78.353,58.388,3.989,3.214
19054,SALCEDA DE CASELAS,Pontevedra,42.069,-8.562,92.0,17,ssp245,far_future,hr_fija,41.159,93.765,25.765,834.538,5.412,6.0,60.624,201.294,153.471,108.235,73.521,3.989,3.214
19054,SALCEDA DE CASELAS,Pontevedra,42.069,-8.562,92.0,17,ssp370,near_future,rocio_fijo,39.005,62.176,9.353,579.123,5.412,6.0,53.609,150.471,102.353,60.0,66.07,1.835,1.633
19054,SALCEDA DE CASELAS,Pontevedra,42.069,-8.562,92.0,17,ssp370,near_future,hr_fija,39.005,62.176,9.353,579.123,5.412,6.0,55.724,163.412,116.647,74.176,73.521,1.835,1.633
19054,SALCEDA DE CASELAS,Pontevedra,42.069,-8.562,92.0,17,ssp370,medium_future,rocio_fijo,40.537,84.647,20.412,771.517,5.412,6.0,55.141,165.235,117.471,72.882,60.498,3.367,2.852
19054,SALCEDA DE CASELAS,Pontevedra,42.069,-8.562,92.0,17,ssp370,medium_future,hr_fija,40.537,84.647,20.412,771.517,5.412,6.0,59.144,190.529,143.412,98.235,73.521,3.367,2.852
19054,SALCEDA DE CASELAS,Pontevedra,42.069,-8.562,92.0,17,ssp370,far_future,rocio_fijo,42.331,111.882,41.176,1019.789,5.412,6.0,56.935,184.588,133.765,88.353,54.636,5.161,4.197
19054,SALCEDA DE CASELAS,Pontevedra,42.069,-8.562,92.0,17,ssp370,far_future,hr_fija,42.331,111.882,41.176,1019.789,5.412,6.0,63.514,222.706,173.471,128.353,73.521,5.161,4.197
19054,SALCEDA DE CASELAS,Pontevedra,42.069,-8.562,92.0,17,ssp585,near_future,rocio_fijo,39.024,62.529,11.412,615.937,5.412,6.0,53.628,150.588,102.471,60.059,65.997,1.854,1.881
19054,SALCEDA DE CASELAS,Pontevedra,42.069,-8.562,92.0,17,ssp585,near_future,hr_fija,39.024,62.529,11.412,615.937,5.412,6.0,55.765,163.588,116.941,74.294,73.521,1.854,1.881
19054,SALCEDA DE CASELAS,Pontevedra,42.069,-8.562,92.0,17,ssp585,medium_future,rocio_fijo,40.995,91.176,26.294,842.913,5.412,6.0,55.599,170.824,122.118,77.235,58.936,3.825,3.261
19054,SALCEDA DE CASELAS,Pontevedra,42.069,-8.562,92.0,17,ssp585,medium_future,hr_fija,40.995,91.176,26.294,842.913,5.412,6.0,60.209,197.765,150.706,105.294,73.521,3.825,3.261
19054,SALCEDA DE CASELAS,Pontevedra,42.069,-8.562,92.0,17,ssp585,far_future,rocio_fijo,43.775,133.941,66.294,1279.134,5.412,6.0,58.379,198.706,148.0,100.529,50.381,6.605,5.41
19054,SALCEDA DE CASELAS,Pontevedra,42.069,-8.562,92.0,17,ssp585,far_future,hr_fija,43.775,133.941,66.294,1279.134,5.412,6.0,67.072,253.882,199.235,153.824,73.521,6.605,5.41
19057,SALVATERRA DE MIÑO,Pontevedra,42.119,-8.443,150.0,17,-,hoy,medido,37.399,46.588,1.353,357.449,4.706,6.0,52.153,123.059,82.529,46.647,68.91,,
19057,SALVATERRA DE MIÑO,Pontevedra,42.119,-8.443,150.0,17,ssp126,near_future,rocio_fijo,39.268,66.0,5.706,535.318,4.706,6.0,54.022,139.118,96.647,58.882,61.835,1.869,1.446
19057,SALVATERRA DE MIÑO,Pontevedra,42.119,-8.443,150.0,17,ssp126,near_future,hr_fija,39.268,66.0,5.706,535.318,4.706,6.0,56.203,152.059,108.824,70.647,68.91,1.869,1.446
19057,SALVATERRA DE MIÑO,Pontevedra,42.119,-8.443,150.0,17,ssp126,medium_future,rocio_fijo,39.997,75.235,9.706,634.401,4.706,6.0,54.751,147.059,102.824,63.588,59.3,2.598,2.136
19057,SALVATERRA DE MIÑO,Pontevedra,42.119,-8.443,150.0,17,ssp126,medium_future,hr_fija,39.997,75.235,9.706,634.401,4.706,6.0,57.859,162.353,120.118,80.941,68.91,2.598,2.136
19057,SALVATERRA DE MIÑO,Pontevedra,42.119,-8.443,150.0,17,ssp126,far_future,rocio_fijo,40.033,75.706,9.588,630.802,4.706,6.0,54.787,147.176,103.118,63.706,59.178,2.634,2.112
19057,SALVATERRA DE MIÑO,Pontevedra,42.119,-8.443,150.0,17,ssp126,far_future,hr_fija,40.033,75.706,9.588,630.802,4.706,6.0,57.94,162.882,120.647,81.529,68.91,2.634,2.112
19057,SALVATERRA DE MIÑO,Pontevedra,42.119,-8.443,150.0,17,ssp245,near_future,rocio_fijo,39.277,66.059,6.353,560.926,4.706,6.0,54.031,139.235,96.647,58.941,61.803,1.878,1.63
19057,SALVATERRA DE MIÑO,Pontevedra,42.119,-8.443,150.0,17,ssp245,near_future,hr_fija,39.277,66.059,6.353,560.926,4.706,6.0,56.224,152.118,108.941,70.765,68.91,1.878,1.63
19057,SALVATERRA DE MIÑO,Pontevedra,42.119,-8.443,150.0,17,ssp245,medium_future,rocio_fijo,40.444,81.235,12.235,700.619,4.706,6.0,55.198,151.353,106.353,66.294,57.804,3.045,2.565
19057,SALVATERRA DE MIÑO,Pontevedra,42.119,-8.443,150.0,17,ssp245,medium_future,hr_fija,40.444,81.235,12.235,700.619,4.706,6.0,58.874,169.176,126.118,87.412,68.91,3.045,2.565
19057,SALVATERRA DE MIÑO,Pontevedra,42.119,-8.443,150.0,17,ssp245,far_future,rocio_fijo,41.37,94.529,20.647,802.924,4.706,6.0,56.124,158.588,114.706,73.706,54.839,3.971,3.187
19057,SALVATERRA DE MIÑO,Pontevedra,42.119,-8.443,150.0,17,ssp245,far_future,hr_fija,41.37,94.529,20.647,802.924,4.706,6.0,61.039,183.647,140.176,100.353,68.91,3.971,3.187
19057,SALVATERRA DE MIÑO,Pontevedra,42.119,-8.443,150.0,17,ssp370,near_future,rocio_fijo,39.243,65.706,6.176,554.18,4.706,6.0,53.997,138.882,96.529,58.412,61.924,1.844,1.582
19057,SALVATERRA DE MIÑO,Pontevedra,42.119,-8.443,150.0,17,ssp370,near_future,hr_fija,39.243,65.706,6.176,554.18,4.706,6.0,56.146,151.588,108.765,70.235,68.91,1.844,1.582
19057,SALVATERRA DE MIÑO,Pontevedra,42.119,-8.443,150.0,17,ssp370,medium_future,rocio_fijo,40.728,84.882,15.0,740.796,4.706,6.0,55.482,153.471,109.647,68.588,56.876,3.329,2.815
19057,SALVATERRA DE MIÑO,Pontevedra,42.119,-8.443,150.0,17,ssp370,medium_future,hr_fija,40.728,84.882,15.0,740.796,4.706,6.0,59.525,173.647,131.0,91.235,68.91,3.329,2.815
19057,SALVATERRA DE MIÑO,Pontevedra,42.119,-8.443,150.0,17,ssp370,far_future,rocio_fijo,42.601,110.882,37.588,975.991,4.706,6.0,57.355,169.824,125.0,84.529,51.159,5.202,4.145
19057,SALVATERRA DE MIÑO,Pontevedra,42.119,-8.443,150.0,17,ssp370,far_future,hr_fija,42.601,110.882,37.588,975.991,4.706,6.0,63.938,204.059,159.824,119.294,68.91,5.202,4.145
19057,SALVATERRA DE MIÑO,Pontevedra,42.119,-8.443,150.0,17,ssp585,near_future,rocio_fijo,39.304,66.412,7.471,590.023,4.706,6.0,54.058,139.353,97.059,59.118,61.707,1.905,1.834
19057,SALVATERRA DE MIÑO,Pontevedra,42.119,-8.443,150.0,17,ssp585,near_future,hr_fija,39.304,66.412,7.471,590.023,4.706,6.0,56.285,152.353,109.706,71.118,68.91,1.905,1.834
19057,SALVATERRA DE MIÑO,Pontevedra,42.119,-8.443,150.0,17,ssp585,medium_future,rocio_fijo,41.202,91.941,21.176,809.609,4.706,6.0,55.956,157.471,113.647,72.824,55.364,3.803,3.226
19057,SALVATERRA DE MIÑO,Pontevedra,42.119,-8.443,150.0,17,ssp585,medium_future,hr_fija,41.202,91.941,21.176,809.609,4.706,6.0,60.628,181.294,137.765,98.176,68.91,3.803,3.226
19057,SALVATERRA DE MIÑO,Pontevedra,42.119,-8.443,150.0,17,ssp585,far_future,rocio_fijo,44.053,129.647,64.0,1227.449,4.706,6.0,58.807,183.941,137.059,94.824,47.172,6.654,5.38
19057,SALVATERRA DE MIÑO,Pontevedra,42.119,-8.443,150.0,17,ssp585,far_future,hr_fija,44.053,129.647,64.0,1227.449,4.706,6.0,67.531,229.118,182.294,141.294,68.91,6.654,5.38
10129,SANXENXO,Pontevedra,42.403,-8.799,34.0,17,-,hoy,medido,33.75,15.706,1.118,264.895,4.176,8.0,45.61,84.824,38.765,15.412,75.765,,
10129,SANXENXO,Pontevedra,42.403,-8.799,34.0,17,ssp126,near_future,rocio_fijo,35.19,25.059,6.059,419.456,4.176,8.0,47.05,102.235,49.353,21.294,69.524,1.44,1.226
10129,SANXENXO,Pontevedra,42.403,-8.799,34.0,17,ssp126,near_future,hr_fija,35.19,25.059,6.059,419.456,4.176,8.0,48.594,117.765,59.471,27.118,75.765,1.44,1.226
10129,SANXENXO,Pontevedra,42.403,-8.799,34.0,17,ssp126,medium_future,rocio_fijo,35.844,30.353,12.0,513.841,4.176,8.0,47.704,112.176,55.176,24.353,66.883,2.094,1.849
10129,SANXENXO,Pontevedra,42.403,-8.799,34.0,17,ssp126,medium_future,hr_fija,35.844,30.353,12.0,513.841,4.176,8.0,49.979,132.412,69.471,33.588,75.765,2.094,1.849
10129,SANXENXO,Pontevedra,42.403,-8.799,34.0,17,ssp126,far_future,rocio_fijo,35.93,31.412,12.0,508.898,4.176,8.0,47.79,113.824,55.941,24.706,66.544,2.18,1.818
10129,SANXENXO,Pontevedra,42.403,-8.799,34.0,17,ssp126,far_future,hr_fija,35.93,31.412,12.0,508.898,4.176,8.0,50.162,134.765,71.412,34.294,75.765,2.18,1.818
10129,SANXENXO,Pontevedra,42.403,-8.799,34.0,17,ssp245,near_future,rocio_fijo,35.18,25.0,7.353,443.309,4.176,8.0,47.04,102.118,49.294,21.294,69.566,1.43,1.39
10129,SANXENXO,Pontevedra,42.403,-8.799,34.0,17,ssp245,near_future,hr_fija,35.18,25.0,7.353,443.309,4.176,8.0,48.573,117.471,59.353,27.118,75.765,1.43,1.39
10129,SANXENXO,Pontevedra,42.403,-8.799,34.0,17,ssp245,medium_future,rocio_fijo,36.169,33.118,18.059,573.719,4.176,8.0,48.029,117.059,58.176,26.0,65.612,2.419,2.213
10129,SANXENXO,Pontevedra,42.403,-8.799,34.0,17,ssp245,medium_future,hr_fija,36.169,33.118,18.059,573.719,4.176,8.0,50.673,140.353,77.176,36.412,75.765,2.419,2.213
10129,SANXENXO,Pontevedra,42.403,-8.799,34.0,17,ssp245,far_future,rocio_fijo,37.072,41.706,29.0,669.659,4.176,8.0,48.932,129.176,65.235,30.118,62.223,3.322,2.76
10129,SANXENXO,Pontevedra,42.403,-8.799,34.0,17,ssp245,far_future,hr_fija,37.072,41.706,29.0,669.659,4.176,8.0,52.634,162.294,94.706,47.647,75.765,3.322,2.76
10129,SANXENXO,Pontevedra,42.403,-8.799,34.0,17,ssp370,near_future,rocio_fijo,35.0,24.235,6.824,433.335,4.176,8.0,46.86,99.0,48.176,20.294,70.314,1.25,1.322
10129,SANXENXO,Pontevedra,42.403,-8.799,34.0,17,ssp370,near_future,hr_fija,35.0,24.235,6.824,433.335,4.176,8.0,48.194,113.235,56.706,25.765,75.765,1.25,1.322
10129,SANXENXO,Pontevedra,42.403,-8.799,34.0,17,ssp370,medium_future,rocio_fijo,36.289,34.118,20.941,605.37,4.176,8.0,48.149,119.059,59.176,26.529,65.15,2.539,2.398
10129,SANXENXO,Pontevedra,42.403,-8.799,34.0,17,ssp370,medium_future,hr_fija,36.289,34.118,20.941,605.37,4.176,8.0,50.931,143.588,79.882,37.529,75.765,2.539,2.398
10129,SANXENXO,Pontevedra,42.403,-8.799,34.0,17,ssp370,far_future,rocio_fijo,37.968,51.353,49.294,835.307,4.176,8.0,49.828,142.529,75.235,34.765,59.053,4.218,3.613
10129,SANXENXO,Pontevedra,42.403,-8.799,34.0,17,ssp370,far_future,hr_fija,37.968,51.353,49.294,835.307,4.176,8.0,54.625,180.118,117.647,60.647,75.765,4.218,3.613
10129,SANXENXO,Pontevedra,42.403,-8.799,34.0,17,ssp585,near_future,rocio_fijo,34.969,23.765,8.647,462.704,4.176,8.0,46.829,98.471,48.059,20.294,70.443,1.219,1.52
10129,SANXENXO,Pontevedra,42.403,-8.799,34.0,17,ssp585,near_future,hr_fija,34.969,23.765,8.647,462.704,4.176,8.0,48.129,112.471,56.118,25.412,75.765,1.219,1.52
10129,SANXENXO,Pontevedra,42.403,-8.799,34.0,17,ssp585,medium_future,rocio_fijo,36.647,37.529,28.824,668.75,4.176,8.0,48.507,123.471,61.765,28.059,63.793,2.897,2.755
10129,SANXENXO,Pontevedra,42.403,-8.799,34.0,17,ssp585,medium_future,hr_fija,36.647,37.529,28.824,668.75,4.176,8.0,51.705,152.647,87.059,41.765,75.765,2.897,2.755
10129,SANXENXO,Pontevedra,42.403,-8.799,34.0,17,ssp585,far_future,rocio_fijo,39.236,68.471,80.529,1076.101,4.176,8.0,51.096,160.882,89.941,42.294,54.874,5.486,4.702
10129,SANXENXO,Pontevedra,42.403,-8.799,34.0,17,ssp585,far_future,hr_fija,39.236,68.471,80.529,1076.101,4.176,8.0,57.525,210.353,147.824,86.765,75.765,5.486,4.702
10060,TUI,Pontevedra,42.079,-8.679,484.0,17,-,hoy,medido,35.09,22.706,3.353,234.635,5.118,6.0,47.243,82.706,46.118,21.294,77.128,,
10060,TUI,Pontevedra,42.079,-8.679,484.0,17,ssp126,near_future,rocio_fijo,36.856,35.0,7.706,353.167,5.118,6.0,49.009,98.882,57.353,29.235,69.393,1.766,1.395
10060,TUI,Pontevedra,42.079,-8.679,484.0,17,ssp126,near_future,hr_fija,36.856,35.0,7.706,353.167,5.118,6.0,50.855,110.235,67.471,36.588,77.128,1.766,1.395
10060,TUI,Pontevedra,42.079,-8.679,484.0,17,ssp126,medium_future,rocio_fijo,37.523,39.941,10.353,423.414,5.118,6.0,49.676,104.471,62.294,32.412,66.703,2.433,2.06
10060,TUI,Pontevedra,42.079,-8.679,484.0,17,ssp126,medium_future,hr_fija,37.523,39.941,10.353,423.414,5.118,6.0,52.263,120.647,77.059,43.294,77.128,2.433,2.06
10060,TUI,Pontevedra,42.079,-8.679,484.0,17,ssp126,far_future,rocio_fijo,37.575,40.471,10.294,420.949,5.118,6.0,49.728,105.176,62.706,32.471,66.498,2.485,2.038
10060,TUI,Pontevedra,42.079,-8.679,484.0,17,ssp126,far_future,hr_fija,37.575,40.471,10.294,420.949,5.118,6.0,52.375,122.0,77.647,43.765,77.128,2.485,2.038
10060,TUI,Pontevedra,42.079,-8.679,484.0,17,ssp245,near_future,rocio_fijo,36.858,35.0,8.647,371.38,5.118,6.0,49.011,99.0,57.353,29.235,69.385,1.768,1.576
10060,TUI,Pontevedra,42.079,-8.679,484.0,17,ssp245,near_future,hr_fija,36.858,35.0,8.647,371.38,5.118,6.0,50.859,110.235,67.529,36.588,77.128,1.768,1.576
10060,TUI,Pontevedra,42.079,-8.679,484.0,17,ssp245,medium_future,rocio_fijo,37.93,43.471,12.765,471.387,5.118,6.0,50.083,108.647,65.235,34.588,65.119,2.84,2.471
10060,TUI,Pontevedra,42.079,-8.679,484.0,17,ssp245,medium_future,hr_fija,37.93,43.471,12.765,471.387,5.118,6.0,53.143,127.353,83.235,48.0,77.128,2.84,2.471
10060,TUI,Pontevedra,42.079,-8.679,484.0,17,ssp245,far_future,rocio_fijo,38.818,52.059,17.412,548.301,5.118,6.0,50.971,117.0,72.059,38.353,61.808,3.728,3.071
10060,TUI,Pontevedra,42.079,-8.679,484.0,17,ssp245,far_future,hr_fija,38.818,52.059,17.412,548.301,5.118,6.0,55.128,144.294,97.294,57.882,77.128,3.728,3.071
10060,TUI,Pontevedra,42.079,-8.679,484.0,17,ssp370,near_future,rocio_fijo,36.806,34.412,8.235,366.89,5.118,6.0,48.959,98.118,57.0,29.059,69.6,1.716,1.532
10060,TUI,Pontevedra,42.079,-8.679,484.0,17,ssp370,near_future,hr_fija,36.806,34.412,8.235,366.89,5.118,6.0,50.75,109.471,66.824,36.0,77.128,1.716,1.532
10060,TUI,Pontevedra,42.079,-8.679,484.0,17,ssp370,medium_future,rocio_fijo,38.171,45.824,14.0,502.261,5.118,6.0,50.324,110.529,66.294,35.529,64.201,3.081,2.719
10060,TUI,Pontevedra,42.079,-8.679,484.0,17,ssp370,medium_future,hr_fija,38.171,45.824,14.0,502.261,5.118,6.0,53.674,132.118,86.353,51.235,77.128,3.081,2.719
10060,TUI,Pontevedra,42.079,-8.679,484.0,17,ssp370,far_future,rocio_fijo,39.889,64.765,28.647,683.07,5.118,6.0,52.042,127.412,81.235,44.647,58.064,4.799,4.002
10060,TUI,Pontevedra,42.079,-8.679,484.0,17,ssp370,far_future,hr_fija,39.889,64.765,28.647,683.07,5.118,6.0,57.587,164.647,113.882,73.059,77.128,4.799,4.002
10060,TUI,Pontevedra,42.079,-8.679,484.0,17,ssp585,near_future,rocio_fijo,36.872,35.118,9.059,392.412,5.118,6.0,49.025,99.059,57.353,29.294,69.327,1.782,1.777
10060,TUI,Pontevedra,42.079,-8.679,484.0,17,ssp585,near_future,hr_fija,36.872,35.118,9.059,392.412,5.118,6.0,50.888,110.471,67.588,36.647,77.128,1.782,1.777
10060,TUI,Pontevedra,42.079,-8.679,484.0,17,ssp585,medium_future,rocio_fijo,38.642,50.529,17.941,554.1,5.118,6.0,50.795,115.235,70.765,37.765,62.449,3.552,3.114
10060,TUI,Pontevedra,42.079,-8.679,484.0,17,ssp585,medium_future,hr_fija,38.642,50.529,17.941,554.1,5.118,6.0,54.727,141.118,94.235,56.059,77.128,3.552,3.114
10060,TUI,Pontevedra,42.079,-8.679,484.0,17,ssp585,far_future,rocio_fijo,41.277,81.294,50.059,879.469,5.118,6.0,53.43,143.412,93.0,53.529,53.588,6.187,5.179
10060,TUI,Pontevedra,42.079,-8.679,484.0,17,ssp585,far_future,hr_fija,41.277,81.294,50.059,879.469,5.118,6.0,60.869,190.353,138.706,94.588,77.128,6.187,5.179
10125,VIGO,Pontevedra,42.214,-8.906,25.0,17,-,hoy,medido,30.675,5.412,1.471,178.782,4.588,11.0,40.168,51.765,14.647,3.765,80.522,,
10125,VIGO,Pontevedra,42.214,-8.906,25.0,17,ssp126,near_future,rocio_fijo,32.025,8.765,5.765,303.62,4.588,11.0,41.518,68.529,21.824,5.412,74.194,1.35,1.12
10125,VIGO,Pontevedra,42.214,-8.906,25.0,17,ssp126,near_future,hr_fija,32.025,8.765,5.765,303.62,4.588,11.0,42.744,83.941,28.059,7.824,80.522,1.35,1.12
10125,VIGO,Pontevedra,42.214,-8.906,25.0,17,ssp126,medium_future,rocio_fijo,32.604,10.529,10.0,385.813,4.588,11.0,42.097,77.588,23.882,6.529,71.653,1.929,1.709
10125,VIGO,Pontevedra,42.214,-8.906,25.0,17,ssp126,medium_future,hr_fija,32.604,10.529,10.0,385.813,4.588,11.0,43.863,99.235,35.706,10.118,80.522,1.929,1.709
10125,VIGO,Pontevedra,42.214,-8.906,25.0,17,ssp126,far_future,rocio_fijo,32.644,10.647,9.471,381.376,4.588,11.0,42.137,78.176,24.294,6.824,71.482,1.969,1.679
10125,VIGO,Pontevedra,42.214,-8.906,25.0,17,ssp126,far_future,hr_fija,32.644,10.647,9.471,381.376,4.588,11.0,43.94,100.412,36.294,10.235,80.522,1.969,1.679
10125,VIGO,Pontevedra,42.214,-8.906,25.0,17,ssp245,near_future,rocio_fijo,32.033,8.765,7.0,323.171,4.588,11.0,41.526,68.706,21.824,5.471,74.159,1.358,1.267
10125,VIGO,Pontevedra,42.214,-8.906,25.0,17,ssp245,near_future,hr_fija,32.033,8.765,7.0,323.171,4.588,11.0,42.76,84.118,28.176,7.882,80.522,1.358,1.267
10125,VIGO,Pontevedra,42.214,-8.906,25.0,17,ssp245,medium_future,rocio_fijo,32.879,11.471,14.941,436.442,4.588,11.0,42.372,81.471,26.294,7.0,70.481,2.204,2.038
10125,VIGO,Pontevedra,42.214,-8.906,25.0,17,ssp245,medium_future,hr_fija,32.879,11.471,14.941,436.442,4.588,11.0,44.399,107.588,40.059,12.059,80.522,2.204,2.038
10125,VIGO,Pontevedra,42.214,-8.906,25.0,17,ssp245,far_future,rocio_fijo,33.689,15.176,23.412,521.63,4.588,11.0,43.182,95.0,32.235,8.824,67.151,3.014,2.549
10125,VIGO,Pontevedra,42.214,-8.906,25.0,17,ssp245,far_future,hr_fija,33.689,15.176,23.412,521.63,4.588,11.0,46.007,131.294,57.471,17.529,80.522,3.014,2.549
10125,VIGO,Pontevedra,42.214,-8.906,25.0,17,ssp370,near_future,rocio_fijo,31.848,8.176,6.118,313.634,4.588,11.0,41.341,66.529,20.412,5.294,74.991,1.173,1.196
10125,VIGO,Pontevedra,42.214,-8.906,25.0,17,ssp370,near_future,hr_fija,31.848,8.176,6.118,313.634,4.588,11.0,42.405,79.118,25.471,7.0,80.522,1.173,1.196
10125,VIGO,Pontevedra,42.214,-8.906,25.0,17,ssp370,medium_future,rocio_fijo,33.0,12.118,17.941,465.029,4.588,11.0,42.493,83.471,27.118,7.294,69.972,2.325,2.215
10125,VIGO,Pontevedra,42.214,-8.906,25.0,17,ssp370,medium_future,hr_fija,33.0,12.118,17.941,465.029,4.588,11.0,44.637,111.0,42.706,12.647,80.522,2.325,2.215
10125,VIGO,Pontevedra,42.214,-8.906,25.0,17,ssp370,far_future,rocio_fijo,34.464,19.235,45.059,668.986,4.588,11.0,43.957,106.941,38.176,10.882,64.13,3.789,3.34
10125,VIGO,Pontevedra,42.214,-8.906,25.0,17,ssp370,far_future,hr_fija,34.464,19.235,45.059,668.986,4.588,11.0,47.576,151.882,76.471,25.471,80.522,3.789,3.34
10125,VIGO,Pontevedra,42.214,-8.906,25.0,17,ssp585,near_future,rocio_fijo,31.82,8.118,7.765,338.946,4.588,11.0,41.313,66.118,20.353,5.235,75.118,1.145,1.382
10125,VIGO,Pontevedra,42.214,-8.906,25.0,17,ssp585,near_future,hr_fija,31.82,8.118,7.765,338.946,4.588,11.0,42.352,78.294,25.0,7.0,80.522,1.145,1.382
10125,VIGO,Pontevedra,42.214,-8.906,25.0,17,ssp585,medium_future,rocio_fijo,33.31,13.588,23.235,519.716,4.588,11.0,42.803,88.059,29.059,8.059,68.687,2.635,2.538
10125,VIGO,Pontevedra,42.214,-8.906,25.0,17,ssp585,medium_future,hr_fija,33.31,13.588,23.235,519.716,4.588,11.0,45.251,120.588,49.529,14.824,80.522,2.635,2.538
10125,VIGO,Pontevedra,42.214,-8.906,25.0,17,ssp585,far_future,rocio_fijo,35.612,28.529,81.118,885.028,4.588,11.0,45.105,127.294,50.765,14.471,59.932,4.937,4.348
10125,VIGO,Pontevedra,42.214,-8.906,25.0,17,ssp585,far_future,hr_fija,35.612,28.529,81.118,885.028,4.588,11.0,49.932,180.824,107.706,42.706,80.522,4.937,4.348
10142,VIGO,Pontevedra,42.226,-8.714,100.0,17,-,hoy,medido,33.269,15.824,5.412,314.815,4.471,7.0,43.509,90.294,38.353,11.765,74.001,,
10142,VIGO,Pontevedra,42.226,-8.714,100.0,17,ssp126,near_future,rocio_fijo,34.782,26.235,11.529,470.228,4.471,7.0,45.022,110.706,50.471,18.176,67.614,1.513,1.202
10142,VIGO,Pontevedra,42.226,-8.714,100.0,17,ssp126,near_future,hr_fija,34.782,26.235,11.529,470.228,4.471,7.0,46.419,125.765,62.353,24.529,74.001,1.513,1.202
10142,VIGO,Pontevedra,42.226,-8.714,100.0,17,ssp126,medium_future,rocio_fijo,35.405,30.706,17.353,563.074,4.471,7.0,45.645,119.588,56.0,21.588,65.167,2.136,1.813
10142,VIGO,Pontevedra,42.226,-8.714,100.0,17,ssp126,medium_future,hr_fija,35.405,30.706,17.353,563.074,4.471,7.0,47.66,140.706,74.529,31.412,74.001,2.136,1.813
10142,VIGO,Pontevedra,42.226,-8.714,100.0,17,ssp126,far_future,rocio_fijo,35.446,31.176,16.941,558.77,4.471,7.0,45.686,120.235,56.353,21.706,65.009,2.177,1.786
10142,VIGO,Pontevedra,42.226,-8.714,100.0,17,ssp126,far_future,hr_fija,35.446,31.176,16.941,558.77,4.471,7.0,47.742,141.706,75.529,31.824,74.001,2.177,1.786
10142,VIGO,Pontevedra,42.226,-8.714,100.0,17,ssp245,near_future,rocio_fijo,34.775,26.176,12.765,493.715,4.471,7.0,45.015,110.647,50.412,18.176,67.642,1.506,1.362
10142,VIGO,Pontevedra,42.226,-8.714,100.0,17,ssp245,near_future,hr_fija,34.775,26.176,12.765,493.715,4.471,7.0,46.405,125.706,62.294,24.353,74.001,1.506,1.362
10142,VIGO,Pontevedra,42.226,-8.714,100.0,17,ssp245,medium_future,rocio_fijo,35.721,34.118,22.941,621.539,4.471,7.0,45.961,123.824,59.118,22.824,63.964,2.452,2.169
10142,VIGO,Pontevedra,42.226,-8.714,100.0,17,ssp245,medium_future,hr_fija,35.721,34.118,22.941,621.539,4.471,7.0,48.281,147.588,82.176,35.294,74.001,2.452,2.169
10142,VIGO,Pontevedra,42.226,-8.714,100.0,17,ssp245,far_future,rocio_fijo,36.562,41.706,32.0,714.976,4.471,7.0,46.802,136.0,68.471,26.412,60.881,3.293,2.706
10142,VIGO,Pontevedra,42.226,-8.714,100.0,17,ssp245,far_future,hr_fija,36.562,41.706,32.0,714.976,4.471,7.0,49.973,166.765,102.529,46.647,74.001,3.293,2.706
10142,VIGO,Pontevedra,42.226,-8.714,100.0,17,ssp370,near_future,rocio_fijo,34.695,25.647,12.294,484.69,4.471,7.0,44.935,109.235,50.0,17.824,67.964,1.426,1.301
10142,VIGO,Pontevedra,42.226,-8.714,100.0,17,ssp370,near_future,hr_fija,34.695,25.647,12.294,484.69,4.471,7.0,46.248,123.824,61.0,23.412,74.001,1.426,1.301
10142,VIGO,Pontevedra,42.226,-8.714,100.0,17,ssp370,medium_future,rocio_fijo,35.885,35.706,25.529,655.643,4.471,7.0,46.125,126.824,61.235,23.588,63.349,2.616,2.369
10142,VIGO,Pontevedra,42.226,-8.714,100.0,17,ssp370,medium_future,hr_fija,35.885,35.706,25.529,655.643,4.471,7.0,48.595,151.118,85.882,37.471,74.001,2.616,2.369
10142,VIGO,Pontevedra,42.226,-8.714,100.0,17,ssp370,far_future,rocio_fijo,37.424,52.176,51.588,871.114,4.471,7.0,47.664,148.059,79.235,32.412,57.895,4.155,3.528
10142,VIGO,Pontevedra,42.226,-8.714,100.0,17,ssp370,far_future,hr_fija,37.424,52.176,51.588,871.114,4.471,7.0,51.759,184.647,122.118,62.118,74.001,4.155,3.528
10142,VIGO,Pontevedra,42.226,-8.714,100.0,17,ssp585,near_future,rocio_fijo,34.705,25.765,14.118,515.987,4.471,7.0,44.945,109.353,50.0,17.824,67.924,1.436,1.51
10142,VIGO,Pontevedra,42.226,-8.714,100.0,17,ssp585,near_future,hr_fija,34.705,25.765,14.118,515.987,4.471,7.0,46.267,124.059,61.118,23.588,74.001,1.436,1.51
10142,VIGO,Pontevedra,42.226,-8.714,100.0,17,ssp585,medium_future,rocio_fijo,36.278,39.412,32.118,716.604,4.471,7.0,46.518,132.059,65.412,25.412,61.903,3.009,2.715
10142,VIGO,Pontevedra,42.226,-8.714,100.0,17,ssp585,medium_future,hr_fija,36.278,39.412,32.118,716.604,4.471,7.0,49.349,160.0,95.588,42.176,74.001,3.009,2.715
10142,VIGO,Pontevedra,42.226,-8.714,100.0,17,ssp585,far_future,rocio_fijo,38.703,70.235,81.941,1098.846,4.471,7.0,48.943,165.941,96.471,41.353,53.763,5.434,4.595
10142,VIGO,Pontevedra,42.226,-8.714,100.0,17,ssp585,far_future,hr_fija,38.703,70.235,81.941,1098.846,4.471,7.0,54.553,215.0,151.706,90.412,74.001,5.434,4.595
10161,VIGO,Pontevedra,42.17,-8.686,460.0,17,-,hoy,medido,31.415,7.588,11.412,239.899,6.412,7.0,38.619,42.529,12.588,1.529,73.782,,
10161,VIGO,Pontevedra,42.17,-8.686,460.0,17,ssp126,near_future,rocio_fijo,33.071,14.824,17.059,350.331,6.412,7.0,40.275,56.706,18.059,4.176,66.707,1.656,1.309
10161,VIGO,Pontevedra,42.17,-8.686,460.0,17,ssp126,near_future,hr_fija,33.071,14.824,17.059,350.331,6.412,7.0,41.548,68.118,25.824,6.235,73.782,1.656,1.309
10161,VIGO,Pontevedra,42.17,-8.686,460.0,17,ssp126,medium_future,rocio_fijo,33.716,18.353,21.118,419.148,6.412,7.0,40.92,63.294,21.941,5.0,64.161,2.301,1.956
10161,VIGO,Pontevedra,42.17,-8.686,460.0,17,ssp126,medium_future,hr_fija,33.716,18.353,21.118,419.148,6.412,7.0,42.688,79.941,33.529,9.235,73.782,2.301,1.956
10161,VIGO,Pontevedra,42.17,-8.686,460.0,17,ssp126,far_future,rocio_fijo,33.78,18.647,21.059,416.532,6.412,7.0,40.984,64.0,22.471,5.118,63.914,2.365,1.933
10161,VIGO,Pontevedra,42.17,-8.686,460.0,17,ssp126,far_future,hr_fija,33.78,18.647,21.059,416.532,6.412,7.0,42.802,81.588,34.647,9.882,73.782,2.365,1.933
10161,VIGO,Pontevedra,42.17,-8.686,460.0,17,ssp245,near_future,rocio_fijo,33.057,14.824,18.235,367.591,6.412,7.0,40.261,56.706,18.059,4.176,66.764,1.642,1.48
10161,VIGO,Pontevedra,42.17,-8.686,460.0,17,ssp245,near_future,hr_fija,33.057,14.824,18.235,367.591,6.412,7.0,41.523,67.941,25.765,6.235,73.782,1.642,1.48
10161,VIGO,Pontevedra,42.17,-8.686,460.0,17,ssp245,medium_future,rocio_fijo,34.105,20.706,24.059,465.464,6.412,7.0,41.309,67.294,24.412,5.765,62.678,2.69,2.345
10161,VIGO,Pontevedra,42.17,-8.686,460.0,17,ssp245,medium_future,hr_fija,34.105,20.706,24.059,465.464,6.412,7.0,43.393,89.0,40.412,12.0,73.782,2.69,2.345
10161,VIGO,Pontevedra,42.17,-8.686,460.0,17,ssp245,far_future,rocio_fijo,34.984,26.529,29.824,541.583,6.412,7.0,42.188,77.059,30.529,7.882,59.468,3.569,2.923
10161,VIGO,Pontevedra,42.17,-8.686,460.0,17,ssp245,far_future,hr_fija,34.984,26.529,29.824,541.583,6.412,7.0,45.049,106.882,51.471,16.941,73.782,3.569,2.923
10161,VIGO,Pontevedra,42.17,-8.686,460.0,17,ssp370,near_future,rocio_fijo,33.001,14.588,18.0,362.361,6.412,7.0,40.205,56.118,17.882,4.176,66.99,1.586,1.429
10161,VIGO,Pontevedra,42.17,-8.686,460.0,17,ssp370,near_future,hr_fija,33.001,14.588,18.0,362.361,6.412,7.0,41.421,66.471,24.941,6.059,73.782,1.586,1.429
10161,VIGO,Pontevedra,42.17,-8.686,460.0,17,ssp370,medium_future,rocio_fijo,34.313,21.706,26.235,494.306,6.412,7.0,41.517,69.235,25.882,6.235,61.901,2.898,2.572
10161,VIGO,Pontevedra,42.17,-8.686,460.0,17,ssp370,medium_future,hr_fija,34.313,21.706,26.235,494.306,6.412,7.0,43.776,93.0,43.0,13.0,73.782,2.898,2.572
10161,VIGO,Pontevedra,42.17,-8.686,460.0,17,ssp370,far_future,rocio_fijo,35.982,34.235,42.059,672.861,6.412,7.0,43.186,89.647,39.706,11.059,56.045,4.567,3.804
10161,VIGO,Pontevedra,42.17,-8.686,460.0,17,ssp370,far_future,hr_fija,35.982,34.235,42.059,672.861,6.412,7.0,47.022,128.529,69.235,27.235,73.782,4.567,3.804
10161,VIGO,Pontevedra,42.17,-8.686,460.0,17,ssp585,near_future,rocio_fijo,33.054,14.824,19.176,386.49,6.412,7.0,40.258,56.706,18.059,4.176,66.776,1.639,1.66
10161,VIGO,Pontevedra,42.17,-8.686,460.0,17,ssp585,near_future,hr_fija,33.054,14.824,19.176,386.49,6.412,7.0,41.517,67.882,25.706,6.235,73.782,1.639,1.66
10161,VIGO,Pontevedra,42.17,-8.686,460.0,17,ssp585,medium_future,rocio_fijo,34.747,24.647,29.941,545.352,6.412,7.0,41.951,74.471,28.824,7.235,60.315,3.332,2.95
10161,VIGO,Pontevedra,42.17,-8.686,460.0,17,ssp585,medium_future,hr_fija,34.747,24.647,29.941,545.352,6.412,7.0,44.595,101.412,48.235,15.647,73.782,3.332,2.95
10161,VIGO,Pontevedra,42.17,-8.686,460.0,17,ssp585,far_future,rocio_fijo,37.326,47.824,64.176,869.627,6.412,7.0,44.53,106.353,50.235,16.059,51.781,5.911,4.947
10161,VIGO,Pontevedra,42.17,-8.686,460.0,17,ssp585,far_future,hr_fija,37.326,47.824,64.176,869.627,6.412,7.0,49.675,156.824,96.471,46.412,73.782,5.911,4.947
14001,VIGO,Pontevedra,42.242,-8.728,7.0,15,-,hoy,medido,32.046,9.133,5.2,297.847,4.133,7.0,42.833,69.4,25.733,8.133,77.621,,
14001,VIGO,Pontevedra,42.242,-8.728,7.0,15,ssp126,near_future,rocio_fijo,33.559,15.667,19.6,463.787,4.133,7.0,44.346,90.2,36.333,12.067,70.878,1.513,1.202
14001,VIGO,Pontevedra,42.242,-8.728,7.0,15,ssp126,near_future,hr_fija,33.559,15.667,19.6,463.787,4.133,7.0,45.861,106.867,45.733,16.533,77.621,1.513,1.202
14001,VIGO,Pontevedra,42.242,-8.728,7.0,15,ssp126,medium_future,rocio_fijo,34.182,19.2,33.0,563.009,4.133,7.0,44.969,99.067,40.733,13.867,68.295,2.136,1.813
14001,VIGO,Pontevedra,42.242,-8.728,7.0,15,ssp126,medium_future,hr_fija,34.182,19.2,33.0,563.009,4.133,7.0,47.131,124.4,57.067,20.933,77.621,2.136,1.813
14001,VIGO,Pontevedra,42.242,-8.728,7.0,15,ssp126,far_future,rocio_fijo,34.223,19.467,32.267,558.404,4.133,7.0,45.01,99.8,40.933,13.933,68.128,2.177,1.786
14001,VIGO,Pontevedra,42.242,-8.728,7.0,15,ssp126,far_future,hr_fija,34.223,19.467,32.267,558.404,4.133,7.0,47.216,125.667,57.733,21.267,77.621,2.177,1.786
14001,VIGO,Pontevedra,42.242,-8.728,7.0,15,ssp245,near_future,rocio_fijo,33.552,15.667,22.667,488.9,4.133,7.0,44.339,90.2,36.2,12.0,70.907,1.506,1.362
14001,VIGO,Pontevedra,42.242,-8.728,7.0,15,ssp245,near_future,hr_fija,33.552,15.667,22.667,488.9,4.133,7.0,45.847,106.6,45.6,16.467,77.621,1.506,1.362
14001,VIGO,Pontevedra,42.242,-8.728,7.0,15,ssp245,medium_future,rocio_fijo,34.498,21.133,42.333,625.504,4.133,7.0,45.285,104.267,42.867,14.933,67.025,2.452,2.169
14001,VIGO,Pontevedra,42.242,-8.728,7.0,15,ssp245,medium_future,hr_fija,34.498,21.133,42.333,625.504,4.133,7.0,47.79,132.467,62.8,23.6,77.621,2.452,2.169
14001,VIGO,Pontevedra,42.242,-8.728,7.0,15,ssp245,far_future,rocio_fijo,35.339,27.067,61.4,726.366,4.133,7.0,46.126,118.467,50.667,17.667,63.774,3.293,2.706
14001,VIGO,Pontevedra,42.242,-8.728,7.0,15,ssp245,far_future,hr_fija,35.339,27.067,61.4,726.366,4.133,7.0,49.537,150.467,82.333,33.6,77.621,3.293,2.706
14001,VIGO,Pontevedra,42.242,-8.728,7.0,15,ssp370,near_future,rocio_fijo,33.472,15.4,21.533,479.256,4.133,7.0,44.259,89.733,35.2,11.867,71.247,1.426,1.301
14001,VIGO,Pontevedra,42.242,-8.728,7.0,15,ssp370,near_future,hr_fija,33.472,15.4,21.533,479.256,4.133,7.0,45.685,104.533,44.2,16.133,77.621,1.426,1.301
14001,VIGO,Pontevedra,42.242,-8.728,7.0,15,ssp370,medium_future,rocio_fijo,34.662,22.333,48.267,662.2,4.133,7.0,45.449,107.0,44.2,15.6,66.377,2.616,2.369
14001,VIGO,Pontevedra,42.242,-8.728,7.0,15,ssp370,medium_future,hr_fija,34.662,22.333,48.267,662.2,4.133,7.0,48.127,136.533,66.333,25.2,77.621,2.616,2.369
14001,VIGO,Pontevedra,42.242,-8.728,7.0,15,ssp370,far_future,rocio_fijo,36.201,34.8,89.933,895.541,4.133,7.0,46.988,131.933,60.333,21.6,60.625,4.155,3.528
14001,VIGO,Pontevedra,42.242,-8.728,7.0,15,ssp370,far_future,hr_fija,36.201,34.8,89.933,895.541,4.133,7.0,51.324,172.267,103.0,46.0,77.621,4.155,3.528
14001,VIGO,Pontevedra,42.242,-8.728,7.0,15,ssp585,near_future,rocio_fijo,33.482,15.4,26.133,512.625,4.133,7.0,44.269,89.733,35.267,11.867,71.204,1.436,1.51
14001,VIGO,Pontevedra,42.242,-8.728,7.0,15,ssp585,near_future,hr_fija,33.482,15.4,26.133,512.625,4.133,7.0,45.705,104.8,44.333,16.133,77.621,1.436,1.51
14001,VIGO,Pontevedra,42.242,-8.728,7.0,15,ssp585,medium_future,rocio_fijo,35.055,25.0,61.667,728.118,4.133,7.0,45.842,113.467,48.267,16.867,64.852,3.009,2.715
14001,VIGO,Pontevedra,42.242,-8.728,7.0,15,ssp585,medium_future,hr_fija,35.055,25.0,61.667,728.118,4.133,7.0,48.943,144.467,75.6,30.333,77.621,3.009,2.715
14001,VIGO,Pontevedra,42.242,-8.728,7.0,15,ssp585,far_future,rocio_fijo,37.48,49.733,120.867,1144.722,4.133,7.0,48.267,149.733,76.067,28.733,56.27,5.434,4.595
14001,VIGO,Pontevedra,42.242,-8.728,7.0,15,ssp585,far_future,hr_fija,37.48,49.733,120.867,1144.722,4.133,7.0,54.076,200.733,137.467,71.6,77.621,5.434,4.595
19050,VILA DE CRUCES,Pontevedra,42.779,-8.319,211.0,17,-,hoy,medido,35.23,23.882,0.294,219.184,5.647,6.0,51.319,93.353,54.882,27.294,76.474,,
19050,VILA DE CRUCES,Pontevedra,42.779,-8.319,211.0,17,ssp126,near_future,rocio_fijo,36.877,37.882,1.824,356.985,5.647,6.0,52.966,106.824,67.941,35.588,69.389,1.647,1.354
19050,VILA DE CRUCES,Pontevedra,42.779,-8.319,211.0,17,ssp126,near_future,hr_fija,36.877,37.882,1.824,356.985,5.647,6.0,55.079,117.529,77.294,43.294,76.474,1.647,1.354
19050,VILA DE CRUCES,Pontevedra,42.779,-8.319,211.0,17,ssp126,medium_future,rocio_fijo,37.686,47.235,4.353,439.015,5.647,6.0,53.775,114.412,73.235,39.765,66.183,2.456,2.015
19050,VILA DE CRUCES,Pontevedra,42.779,-8.319,211.0,17,ssp126,medium_future,hr_fija,37.686,47.235,4.353,439.015,5.647,6.0,56.98,130.471,88.882,52.647,76.474,2.456,2.015
19050,VILA DE CRUCES,Pontevedra,42.779,-8.319,211.0,17,ssp126,far_future,rocio_fijo,37.731,47.529,4.176,434.827,5.647,6.0,53.82,114.941,73.647,39.882,66.009,2.501,1.983
19050,VILA DE CRUCES,Pontevedra,42.779,-8.319,211.0,17,ssp126,far_future,hr_fija,37.731,47.529,4.176,434.827,5.647,6.0,57.087,131.0,89.706,53.235,76.474,2.501,1.983
19050,VILA DE CRUCES,Pontevedra,42.779,-8.319,211.0,17,ssp245,near_future,rocio_fijo,36.885,38.235,2.353,378.3,5.647,6.0,52.974,106.824,67.941,35.765,69.357,1.655,1.533
19050,VILA DE CRUCES,Pontevedra,42.779,-8.319,211.0,17,ssp245,near_future,hr_fija,36.885,38.235,2.353,378.3,5.647,6.0,55.098,117.706,77.412,43.412,76.474,1.655,1.533
19050,VILA DE CRUCES,Pontevedra,42.779,-8.319,211.0,17,ssp245,medium_future,rocio_fijo,38.071,51.882,7.176,495.866,5.647,6.0,54.16,117.706,76.294,41.353,64.716,2.841,2.434
19050,VILA DE CRUCES,Pontevedra,42.779,-8.319,211.0,17,ssp245,medium_future,hr_fija,38.071,51.882,7.176,495.866,5.647,6.0,57.899,137.353,93.882,57.765,76.474,2.841,2.434
19050,VILA DE CRUCES,Pontevedra,42.779,-8.319,211.0,17,ssp245,far_future,rocio_fijo,39.129,63.706,12.471,581.948,5.647,6.0,55.218,127.706,83.882,48.471,60.869,3.899,3.02
19050,VILA DE CRUCES,Pontevedra,42.779,-8.319,211.0,17,ssp245,far_future,hr_fija,39.129,63.706,12.471,581.948,5.647,6.0,60.409,154.529,110.235,72.647,76.474,3.899,3.02
19050,VILA DE CRUCES,Pontevedra,42.779,-8.319,211.0,17,ssp370,near_future,rocio_fijo,36.857,37.647,2.118,370.607,5.647,6.0,52.946,106.706,67.706,35.471,69.471,1.627,1.469
19050,VILA DE CRUCES,Pontevedra,42.779,-8.319,211.0,17,ssp370,near_future,hr_fija,36.857,37.647,2.118,370.607,5.647,6.0,55.033,117.176,77.176,43.059,76.474,1.627,1.469
19050,VILA DE CRUCES,Pontevedra,42.779,-8.319,211.0,17,ssp370,medium_future,rocio_fijo,38.317,54.294,8.529,522.59,5.647,6.0,54.406,119.882,78.235,43.059,63.797,3.087,2.622
19050,VILA DE CRUCES,Pontevedra,42.779,-8.319,211.0,17,ssp370,medium_future,hr_fija,38.317,54.294,8.529,522.59,5.647,6.0,58.483,141.412,97.824,61.059,76.474,3.087,2.622
19050,VILA DE CRUCES,Pontevedra,42.779,-8.319,211.0,17,ssp370,far_future,rocio_fijo,40.358,82.176,22.706,732.283,5.647,6.0,56.447,140.647,94.353,56.176,56.721,5.128,3.937
19050,VILA DE CRUCES,Pontevedra,42.779,-8.319,211.0,17,ssp370,far_future,hr_fija,40.358,82.176,22.706,732.283,5.647,6.0,63.452,176.176,129.0,89.882,76.474,5.128,3.937
19050,VILA DE CRUCES,Pontevedra,42.779,-8.319,211.0,17,ssp585,near_future,rocio_fijo,36.952,39.118,2.647,397.278,5.647,6.0,53.041,107.529,68.412,36.118,69.085,1.722,1.688
19050,VILA DE CRUCES,Pontevedra,42.779,-8.319,211.0,17,ssp585,near_future,hr_fija,36.952,39.118,2.647,397.278,5.647,6.0,55.254,118.647,78.529,44.471,76.474,1.722,1.688
19050,VILA DE CRUCES,Pontevedra,42.779,-8.319,211.0,17,ssp585,medium_future,rocio_fijo,38.683,58.471,12.471,583.176,5.647,6.0,54.772,123.176,81.118,45.471,62.458,3.453,3.028
19050,VILA DE CRUCES,Pontevedra,42.779,-8.319,211.0,17,ssp585,medium_future,hr_fija,38.683,58.471,12.471,583.176,5.647,6.0,59.346,147.412,103.294,66.353,76.474,3.453,3.028
19050,VILA DE CRUCES,Pontevedra,42.779,-8.319,211.0,17,ssp585,far_future,rocio_fijo,41.736,100.706,44.647,958.001,5.647,6.0,57.825,154.235,105.706,66.118,52.445,6.506,5.131
19050,VILA DE CRUCES,Pontevedra,42.779,-8.319,211.0,17,ssp585,far_future,hr_fija,41.736,100.706,44.647,958.001,5.647,6.0,66.989,202.353,152.529,110.176,76.474,6.506,5.131
10085,VILANOVA DE AROUSA,Pontevedra,42.58,-8.805,3.0,17,-,hoy,medido,30.945,5.588,1.412,203.313,5.059,9.0,41.309,60.588,21.647,5.235,77.704,,
10085,VILANOVA DE AROUSA,Pontevedra,42.58,-8.805,3.0,17,ssp126,near_future,rocio_fijo,32.447,11.0,8.647,358.841,5.059,9.0,42.811,78.176,28.941,7.941,70.976,1.502,1.296
10085,VILANOVA DE AROUSA,Pontevedra,42.58,-8.805,3.0,17,ssp126,near_future,hr_fija,32.447,11.0,8.647,358.841,5.059,9.0,44.187,94.176,38.529,12.529,77.704,1.502,1.296
10085,VILANOVA DE AROUSA,Pontevedra,42.58,-8.805,3.0,17,ssp126,medium_future,rocio_fijo,33.179,15.0,17.882,450.958,5.059,9.0,43.543,88.706,34.765,10.118,67.936,2.234,1.925
10085,VILANOVA DE AROUSA,Pontevedra,42.58,-8.805,3.0,17,ssp126,medium_future,hr_fija,33.179,15.0,17.882,450.958,5.059,9.0,45.679,113.412,49.882,17.941,77.704,2.234,1.925
10085,VILANOVA DE AROUSA,Pontevedra,42.58,-8.805,3.0,17,ssp126,far_future,rocio_fijo,33.231,15.235,17.471,445.545,5.059,9.0,43.595,89.471,35.353,10.294,67.726,2.286,1.89
10085,VILANOVA DE AROUSA,Pontevedra,42.58,-8.805,3.0,17,ssp126,far_future,hr_fija,33.231,15.235,17.471,445.545,5.059,9.0,45.787,114.824,50.882,18.412,77.704,2.286,1.89
10085,VILANOVA DE AROUSA,Pontevedra,42.58,-8.805,3.0,17,ssp245,near_future,rocio_fijo,32.414,10.882,11.0,383.345,5.059,9.0,42.778,77.647,28.706,7.882,71.116,1.469,1.471
10085,VILANOVA DE AROUSA,Pontevedra,42.58,-8.805,3.0,17,ssp245,near_future,hr_fija,32.414,10.882,11.0,383.345,5.059,9.0,44.121,93.353,38.176,12.294,77.704,1.469,1.471
10085,VILANOVA DE AROUSA,Pontevedra,42.58,-8.805,3.0,17,ssp245,medium_future,rocio_fijo,33.516,16.588,25.647,512.174,5.059,9.0,43.88,93.588,37.235,11.529,66.587,2.571,2.309
10085,VILANOVA DE AROUSA,Pontevedra,42.58,-8.805,3.0,17,ssp245,medium_future,hr_fija,33.516,16.588,25.647,512.174,5.059,9.0,46.38,121.706,55.941,20.706,77.704,2.571,2.309
10085,VILANOVA DE AROUSA,Pontevedra,42.58,-8.805,3.0,17,ssp245,far_future,rocio_fijo,34.48,24.0,40.294,608.362,5.059,9.0,44.844,108.412,45.824,14.353,62.889,3.535,2.87
10085,VILANOVA DE AROUSA,Pontevedra,42.58,-8.805,3.0,17,ssp245,far_future,hr_fija,34.48,24.0,40.294,608.362,5.059,9.0,48.418,144.647,75.941,30.471,77.704,3.535,2.87
10085,VILANOVA DE AROUSA,Pontevedra,42.58,-8.805,3.0,17,ssp370,near_future,rocio_fijo,32.145,9.471,10.0,373.578,5.059,9.0,42.509,74.294,27.176,7.471,72.274,1.2,1.402
10085,VILANOVA DE AROUSA,Pontevedra,42.58,-8.805,3.0,17,ssp370,near_future,hr_fija,32.145,9.471,10.0,373.578,5.059,9.0,43.585,86.824,34.471,10.235,77.704,1.2,1.402
10085,VILANOVA DE AROUSA,Pontevedra,42.58,-8.805,3.0,17,ssp370,medium_future,rocio_fijo,33.603,16.882,30.059,542.735,5.059,9.0,43.967,95.059,38.412,11.706,66.243,2.658,2.493
10085,VILANOVA DE AROUSA,Pontevedra,42.58,-8.805,3.0,17,ssp370,medium_future,hr_fija,33.603,16.882,30.059,542.735,5.059,9.0,46.562,124.353,57.824,21.353,77.704,2.658,2.493
10085,VILANOVA DE AROUSA,Pontevedra,42.58,-8.805,3.0,17,ssp370,far_future,rocio_fijo,35.495,33.471,66.353,782.416,5.059,9.0,45.859,124.588,55.176,19.235,59.244,4.55,3.772
10085,VILANOVA DE AROUSA,Pontevedra,42.58,-8.805,3.0,17,ssp370,far_future,hr_fija,35.495,33.471,66.353,782.416,5.059,9.0,50.693,168.882,101.176,45.471,77.704,4.55,3.772
10085,VILANOVA DE AROUSA,Pontevedra,42.58,-8.805,3.0,17,ssp585,near_future,rocio_fijo,32.092,9.294,12.706,401.229,5.059,9.0,42.456,73.235,26.824,7.353,72.505,1.147,1.595
10085,VILANOVA DE AROUSA,Pontevedra,42.58,-8.805,3.0,17,ssp585,near_future,hr_fija,32.092,9.294,12.706,401.229,5.059,9.0,43.484,85.529,33.882,10.059,77.704,1.147,1.595
10085,VILANOVA DE AROUSA,Pontevedra,42.58,-8.805,3.0,17,ssp585,medium_future,rocio_fijo,33.964,19.176,39.765,606.926,5.059,9.0,44.328,99.765,41.353,12.765,64.839,3.019,2.862
10085,VILANOVA DE AROUSA,Pontevedra,42.58,-8.805,3.0,17,ssp585,medium_future,hr_fija,33.964,19.176,39.765,606.926,5.059,9.0,47.321,132.882,65.529,23.882,77.704,3.019,2.862
10085,VILANOVA DE AROUSA,Pontevedra,42.58,-8.805,3.0,17,ssp585,far_future,rocio_fijo,36.773,48.529,100.235,1030.488,5.059,9.0,47.137,142.529,69.882,24.882,54.988,5.828,4.881
10085,VILANOVA DE AROUSA,Pontevedra,42.58,-8.805,3.0,17,ssp585,far_future,hr_fija,36.773,48.529,100.235,1030.488,5.059,9.0,53.552,199.647,133.765,69.588,77.704,5.828,4.881
19046,VILANOVA DE AROUSA,Pontevedra,42.54,-8.784,72.0,17,-,hoy,medido,33.438,14.059,0.588,220.764,4.824,5.0,45.665,80.588,36.824,13.118,73.574,,
19046,VILANOVA DE AROUSA,Pontevedra,42.54,-8.784,72.0,17,ssp126,near_future,rocio_fijo,34.95,24.176,2.529,359.846,4.824,5.0,47.178,99.235,47.0,18.647,67.227,1.513,1.3
19046,VILANOVA DE AROUSA,Pontevedra,42.54,-8.784,72.0,17,ssp126,near_future,hr_fija,34.95,24.176,2.529,359.846,4.824,5.0,48.737,111.765,57.0,24.706,73.574,1.513,1.3
19046,VILANOVA DE AROUSA,Pontevedra,42.54,-8.784,72.0,17,ssp126,medium_future,rocio_fijo,35.664,30.235,6.647,442.563,4.824,5.0,47.892,107.529,52.588,21.588,64.448,2.227,1.935
19046,VILANOVA DE AROUSA,Pontevedra,42.54,-8.784,72.0,17,ssp126,medium_future,hr_fija,35.664,30.235,6.647,442.563,4.824,5.0,50.232,127.765,69.412,31.765,73.574,2.227,1.935
19046,VILANOVA DE AROUSA,Pontevedra,42.54,-8.784,72.0,17,ssp126,far_future,rocio_fijo,35.742,30.588,6.176,438.036,4.824,5.0,47.97,108.353,53.118,21.941,64.153,2.305,1.902
19046,VILANOVA DE AROUSA,Pontevedra,42.54,-8.784,72.0,17,ssp126,far_future,hr_fija,35.742,30.588,6.176,438.036,4.824,5.0,50.394,129.176,71.118,32.529,73.574,2.305,1.902
19046,VILANOVA DE AROUSA,Pontevedra,42.54,-8.784,72.0,17,ssp245,near_future,rocio_fijo,34.92,23.882,3.059,381.873,4.824,5.0,47.148,98.529,46.529,18.529,67.347,1.483,1.476
19046,VILANOVA DE AROUSA,Pontevedra,42.54,-8.784,72.0,17,ssp245,near_future,hr_fija,34.92,23.882,3.059,381.873,4.824,5.0,48.675,111.118,56.706,24.529,73.574,1.483,1.476
19046,VILANOVA DE AROUSA,Pontevedra,42.54,-8.784,72.0,17,ssp245,medium_future,rocio_fijo,36.016,32.706,10.412,497.664,4.824,5.0,48.243,111.588,55.882,23.647,63.13,2.578,2.321
19046,VILANOVA DE AROUSA,Pontevedra,42.54,-8.784,72.0,17,ssp245,medium_future,hr_fija,36.016,32.706,10.412,497.664,4.824,5.0,50.935,134.706,76.235,35.0,73.574,2.578,2.321
19046,VILANOVA DE AROUSA,Pontevedra,42.54,-8.784,72.0,17,ssp245,far_future,rocio_fijo,36.97,41.882,16.882,584.232,4.824,5.0,49.197,124.235,64.412,28.353,59.697,3.532,2.885
19046,VILANOVA DE AROUSA,Pontevedra,42.54,-8.784,72.0,17,ssp245,far_future,hr_fija,36.97,41.882,16.882,584.232,4.824,5.0,52.902,154.588,95.294,47.412,73.574,3.532,2.885
19046,VILANOVA DE AROUSA,Pontevedra,42.54,-8.784,72.0,17,ssp370,near_future,rocio_fijo,34.692,22.471,2.706,373.271,4.824,5.0,46.92,94.706,44.882,17.706,68.264,1.255,1.408
19046,VILANOVA DE AROUSA,Pontevedra,42.54,-8.784,72.0,17,ssp370,near_future,hr_fija,34.692,22.471,2.706,373.271,4.824,5.0,48.208,106.529,52.882,22.235,73.574,1.255,1.408
19046,VILANOVA DE AROUSA,Pontevedra,42.54,-8.784,72.0,17,ssp370,medium_future,rocio_fijo,36.116,33.706,12.588,526.059,4.824,5.0,48.343,112.588,56.706,24.353,62.76,2.678,2.511
19046,VILANOVA DE AROUSA,Pontevedra,42.54,-8.784,72.0,17,ssp370,medium_future,hr_fija,36.116,33.706,12.588,526.059,4.824,5.0,51.134,136.765,78.176,36.059,73.574,2.678,2.511
19046,VILANOVA DE AROUSA,Pontevedra,42.54,-8.784,72.0,17,ssp370,far_future,rocio_fijo,37.97,52.412,31.706,736.654,4.824,5.0,50.197,136.706,75.294,33.588,56.323,4.532,3.784
19046,VILANOVA DE AROUSA,Pontevedra,42.54,-8.784,72.0,17,ssp370,far_future,hr_fija,37.97,52.412,31.706,736.654,4.824,5.0,55.081,175.412,117.059,62.471,73.574,4.532,3.784
19046,VILANOVA DE AROUSA,Pontevedra,42.54,-8.784,72.0,17,ssp585,near_future,rocio_fijo,34.662,22.235,3.882,398.987,4.824,5.0,46.889,94.176,44.588,17.529,68.39,1.224,1.609
19046,VILANOVA DE AROUSA,Pontevedra,42.54,-8.784,72.0,17,ssp585,near_future,hr_fija,34.662,22.235,3.882,398.987,4.824,5.0,48.145,106.059,52.412,22.0,73.574,1.224,1.609
19046,VILANOVA DE AROUSA,Pontevedra,42.54,-8.784,72.0,17,ssp585,medium_future,rocio_fijo,36.498,37.353,16.882,583.914,4.824,5.0,48.725,118.059,60.471,25.529,61.368,3.06,2.883
19046,VILANOVA DE AROUSA,Pontevedra,42.54,-8.784,72.0,17,ssp585,medium_future,hr_fija,36.498,37.353,16.882,583.914,4.824,5.0,51.899,144.882,85.176,40.941,73.574,3.06,2.883
19046,VILANOVA DE AROUSA,Pontevedra,42.54,-8.784,72.0,17,ssp585,far_future,rocio_fijo,39.276,71.176,54.765,956.644,4.824,5.0,51.504,153.882,89.353,41.882,52.232,5.839,4.907
19046,VILANOVA DE AROUSA,Pontevedra,42.54,-8.784,72.0,17,ssp585,far_future,hr_fija,39.276,71.176,54.765,956.644,4.824,5.0,57.939,203.353,145.059,88.588,73.574,5.839,4.907
