n_dias,d_tx30,d_tx32,d_tx35,tx_p99,tx_max,tx_verano,noches_trop,tmean,d_helada,hx_p99,d_hx35,estacion,anio,id,concello,provincia,lat,lon,alt
365,7.0,3.0,0.0,31.587600000000002,33.38,23.973260869565213,0.0,13.067013698630138,30.0,42.625283758610294,34.0,10045,2010,10045,ABEGONDO,A Coruña,43.241367,-8.262225,94.0
365,9.0,4.0,1.0,32.034000000000006,35.96,22.611413043478255,0.0,13.845712328767124,12.0,43.10193183180618,29.0,10045,2011,10045,ABEGONDO,A Coruña,43.241367,-8.262225,94.0
366,11.0,3.0,0.0,31.775500000000005,34.57,23.07608695652174,0.0,13.151912568306011,35.0,45.063004997698236,32.0,10045,2012,10045,ABEGONDO,A Coruña,43.241367,-8.262225,94.0
365,18.0,7.0,3.0,33.92120000000001,35.96,24.377173913043475,0.0,13.362054794520548,18.0,48.35214352493668,41.0,10045,2013,10045,ABEGONDO,A Coruña,43.241367,-8.262225,94.0
365,8.0,1.0,1.0,30.406800000000004,37.82,23.953260869565216,0.0,14.219246575342465,4.0,43.57963176776827,51.0,10045,2014,10045,ABEGONDO,A Coruña,43.241367,-8.262225,94.0
365,4.0,0.0,0.0,29.782800000000005,31.58,24.843695652173917,1.0,14.216136986301368,12.0,41.00939154207189,45.0,10045,2015,10045,ABEGONDO,A Coruña,43.241367,-8.262225,94.0
366,13.0,7.0,3.0,33.41550000000004,36.11,25.215434782608696,0.0,13.827609289617488,21.0,49.12387551583046,52.0,10045,2016,10045,ABEGONDO,A Coruña,43.241367,-8.262225,94.0
365,13.0,9.0,3.0,33.72040000000001,38.5,24.94391304347826,0.0,14.155465753424657,27.0,48.65838669321847,53.0,10045,2017,10045,ABEGONDO,A Coruña,43.241367,-8.262225,94.0
365,15.0,8.0,1.0,33.35960000000001,36.38,24.441413043478256,0.0,13.701013698630137,17.0,50.66656624373252,60.0,10045,2018,10045,ABEGONDO,A Coruña,43.241367,-8.262225,94.0
365,7.0,3.0,0.0,30.730400000000003,34.02,23.53228260869565,0.0,13.466917808219176,24.0,44.68152381363223,44.0,10045,2019,10045,ABEGONDO,A Coruña,43.241367,-8.262225,94.0
366,11.0,5.0,1.0,32.59000000000004,36.41,23.903369565217393,0.0,14.268879781420765,10.0,47.80884594255223,51.0,10045,2020,10045,ABEGONDO,A Coruña,43.241367,-8.262225,94.0
365,8.0,4.0,1.0,32.33480000000003,35.76,23.431630434782605,0.0,13.510178082191782,28.0,46.59876848672205,36.0,10045,2021,10045,ABEGONDO,A Coruña,43.241367,-8.262225,94.0
365,18.0,9.0,5.0,35.74280000000001,38.14,25.627065217391305,0.0,14.446753424657535,33.0,53.29757545461429,57.0,10045,2022,10045,ABEGONDO,A Coruña,43.241367,-8.262225,94.0
365,13.0,8.0,3.0,34.52080000000001,39.49,26.625108695652177,0.0,15.085671232876713,32.0,52.97240368607494,95.0,10045,2023,10045,ABEGONDO,A Coruña,43.241367,-8.262225,94.0
366,5.0,3.0,0.0,31.095000000000013,33.64,24.363152173913043,0.0,14.526243169398906,11.0,46.958215821991345,52.0,10045,2024,10045,ABEGONDO,A Coruña,43.241367,-8.262225,94.0
365,13.0,5.0,1.0,32.851200000000006,37.44,25.85684782608696,0.0,14.543178082191782,15.0,48.22296890692113,72.0,10045,2025,10045,ABEGONDO,A Coruña,43.241367,-8.262225,94.0
365,0.0,0.0,0.0,27.821600000000004,29.59,20.656521739130437,0.0,10.61995890410959,31.0,37.54813666538541,8.0,10046,2010,10046,MONFERO,A Coruña,43.343082,-7.8944,651.0
365,3.0,0.0,0.0,27.5972,31.55,18.94728260869565,1.0,11.632479452054794,3.0,37.142075541881596,9.0,10046,2011,10046,MONFERO,A Coruña,43.343082,-7.8944,651.0
366,2.0,0.0,0.0,29.44250000000001,30.25,19.34195652173913,0.0,10.851680327868852,8.0,38.18321689749089,11.0,10046,2012,10046,MONFERO,A Coruña,43.343082,-7.8944,651.0
365,1.0,0.0,0.0,28.897200000000016,30.63,20.55413043478261,0.0,10.761945205479451,9.0,37.96588848899497,11.0,10046,2013,10046,MONFERO,A Coruña,43.343082,-7.8944,651.0
365,0.0,0.0,0.0,25.281600000000005,29.78,19.114347826086956,0.0,11.235027397260273,2.0,32.12255575176006,3.0,10046,2014,10046,MONFERO,A Coruña,43.343082,-7.8944,651.0
365,1.0,1.0,0.0,27.2116,32.89,21.48717391304348,0.0,11.501164383561642,4.0,36.08294187405809,8.0,10046,2015,10046,MONFERO,A Coruña,43.343082,-7.8944,651.0
366,8.0,3.0,1.0,31.037000000000013,35.14,21.66,0.0,11.43393442622951,3.0,40.685047410096686,19.0,10046,2016,10046,MONFERO,A Coruña,43.343082,-7.8944,651.0
365,6.0,1.0,0.0,30.57080000000001,34.75,21.127934782608694,2.0,11.935342465753424,6.0,40.005535652967595,11.0,10046,2017,10046,MONFERO,A Coruña,43.343082,-7.8944,651.0
365,5.0,4.0,0.0,31.54440000000001,34.23,20.911086956521736,0.0,11.238616438356162,16.0,43.177385397402404,21.0,10046,2018,10046,MONFERO,A Coruña,43.343082,-7.8944,651.0
365,1.0,0.0,0.0,27.586000000000002,30.71,19.94728260869565,0.0,11.298712328767122,1.0,36.44083472501017,6.0,10046,2019,10046,MONFERO,A Coruña,43.343082,-7.8944,651.0
366,5.0,2.0,0.0,30.57550000000002,33.25,20.599782608695655,0.0,11.870860655737705,1.0,39.608605685824486,18.0,10046,2020,10046,MONFERO,A Coruña,43.343082,-7.8944,651.0
365,2.0,0.0,0.0,27.770400000000002,31.04,19.656086956521737,0.0,11.223342465753426,7.0,38.23215883499883,10.0,10046,2021,10046,MONFERO,A Coruña,43.343082,-7.8944,651.0
365,8.0,4.0,0.0,32.15960000000002,34.81,22.14532608695652,4.0,12.28058904109589,1.0,41.777934496847635,24.0,10046,2022,10046,MONFERO,A Coruña,43.343082,-7.8944,651.0
365,4.0,1.0,1.0,29.944000000000003,35.74,21.565217391304344,0.0,12.431794520547944,7.0,41.75465107590786,15.0,10046,2023,10046,MONFERO,A Coruña,43.343082,-7.8944,651.0
366,2.0,0.0,0.0,28.48600000000001,30.62,20.926086956521736,0.0,11.956092896174864,4.0,40.372762094120496,13.0,10046,2024,10046,MONFERO,A Coruña,43.343082,-7.8944,651.0
365,9.0,3.0,1.0,30.5216,35.04,22.649565217391302,1.0,12.201383561643834,2.0,42.96892517827062,26.0,10046,2025,10046,MONFERO,A Coruña,43.343082,-7.8944,651.0
365,1.0,0.0,0.0,26.996000000000006,31.1,21.40054347826087,0.0,13.720794520547946,2.0,35.343422699504295,4.0,10047,2010,10047,RIBADEO,Lugo,43.540714,-7.083024,51.0
365,2.0,0.0,0.0,28.509600000000013,30.18,21.16228260869565,0.0,14.634287671232876,0.0,37.176292385261746,8.0,10047,2011,10047,RIBADEO,Lugo,43.540714,-7.083024,51.0
366,2.0,0.0,0.0,28.04700000000002,30.72,22.29076086956522,2.0,14.041625683060111,1.0,37.840377587297645,9.0,10047,2012,10047,RIBADEO,Lugo,43.540714,-7.083024,51.0
365,0.0,0.0,0.0,25.967200000000002,28.11,20.736086956521735,0.0,14.02669863013699,0.0,35.35725395788091,5.0,10047,2013,10047,RIBADEO,Lugo,43.540714,-7.083024,51.0
365,2.0,0.0,0.0,27.821200000000005,30.23,22.055217391304346,0.0,14.80282191780822,1.0,37.94885853754163,12.0,10047,2014,10047,RIBADEO,Lugo,43.540714,-7.083024,51.0
365,2.0,0.0,0.0,29.29040000000001,30.58,22.259239130434786,0.0,14.72717808219178,0.0,39.57711420725477,12.0,10047,2015,10047,RIBADEO,Lugo,43.540714,-7.083024,51.0
366,0.0,0.0,0.0,24.867500000000007,26.64,21.430869565217392,0.0,14.21146174863388,0.0,34.43822168282711,3.0,10047,2016,10047,RIBADEO,Lugo,43.540714,-7.083024,51.0
365,2.0,1.0,1.0,28.023200000000006,35.44,21.6575,1.0,14.443520547945207,1.0,36.667930879773365,6.0,10047,2017,10047,RIBADEO,Lugo,43.540714,-7.083024,51.0
365,0.0,0.0,0.0,26.404000000000003,29.5,21.37336956521739,0.0,14.177369863013698,1.0,35.5137498086582,5.0,10047,2018,10047,RIBADEO,Lugo,43.540714,-7.083024,51.0
365,2.0,0.0,0.0,27.6136,31.72,21.484021739130434,1.0,14.285547945205481,0.0,39.66631221868027,8.0,10047,2019,10047,RIBADEO,Lugo,43.540714,-7.083024,51.0
366,1.0,0.0,0.0,27.39750000000003,30.28,21.67130434782609,1.0,14.982937158469946,0.0,38.40297326340789,7.0,10047,2020,10047,RIBADEO,Lugo,43.540714,-7.083024,51.0
365,2.0,1.0,0.0,27.126,32.49,20.82826086956522,0.0,14.319123287671234,1.0,36.62446154602131,7.0,10047,2021,10047,RIBADEO,Lugo,43.540714,-7.083024,51.0
365,0.0,0.0,0.0,26.416000000000004,27.96,21.771086956521742,0.0,15.085931506849315,0.0,37.12158753953946,13.0,10047,2022,10047,RIBADEO,Lugo,43.540714,-7.083024,51.0
365,3.0,1.0,0.0,29.1996,32.59,23.16771739130435,5.0,15.572013698630137,0.0,42.11336926095583,26.0,10047,2023,10047,RIBADEO,Lugo,43.540714,-7.083024,51.0
366,0.0,0.0,0.0,26.37550000000001,27.38,21.51326086956522,1.0,15.05035519125683,0.0,38.25088050044005,11.0,10047,2024,10047,RIBADEO,Lugo,43.540714,-7.083024,51.0
365,0.0,0.0,0.0,26.397600000000004,27.74,22.3529347826087,1.0,15.195712328767122,0.0,35.32009414414454,5.0,10047,2025,10047,RIBADEO,Lugo,43.540714,-7.083024,51.0
365,28.0,12.0,0.0,33.348800000000004,34.71,26.63173913043478,0.0,10.108068493150686,79.0,41.69390395750808,42.0,10048,2010,10048,VILARIÑO DE CONSO,Ourense,42.11956,-7.344628,1026.0
365,14.0,6.0,0.0,32.588,33.85,24.630108695652172,0.0,11.157986301369863,58.0,39.146350784058335,24.0,10048,2011,10048,VILARIÑO DE CONSO,Ourense,42.11956,-7.344628,1026.0
366,18.0,7.0,0.0,32.94550000000001,34.04,23.865760869565214,0.0,10.067595628415301,85.0,39.774922283439615,19.0,10048,2012,10048,VILARIÑO DE CONSO,Ourense,42.11956,-7.344628,1026.0
365,32.0,15.0,3.0,34.2312,36.27,26.64260869565218,0.0,10.05717808219178,94.0,43.33491580062197,51.0,10048,2013,10048,VILARIÑO DE CONSO,Ourense,42.11956,-7.344628,1026.0
365,7.0,3.0,0.0,31.50920000000001,33.93,23.829782608695655,0.0,10.18372602739726,66.0,41.473170009500784,22.0,10048,2014,10048,VILARIÑO DE CONSO,Ourense,42.11956,-7.344628,1026.0
365,24.0,8.0,1.0,34.3256,35.17,26.919239130434786,0.0,11.04258904109589,63.0,41.507293654872676,49.0,10048,2015,10048,VILARIÑO DE CONSO,Ourense,42.11956,-7.344628,1026.0
366,41.0,24.0,5.0,35.052,36.16,27.64260869565217,0.0,10.71247267759563,75.0,44.08427031772705,61.0,10048,2016,10048,VILARIÑO DE CONSO,Ourense,42.11956,-7.344628,1026.0
365,28.0,15.0,3.0,34.304800000000014,35.96,27.188913043478262,0.0,11.65658904109589,73.0,43.43963866834709,53.0,10048,2017,10048,VILARIÑO DE CONSO,Ourense,42.11956,-7.344628,1026.0
365,22.0,8.0,4.0,34.34440000000002,37.5,25.511195652173914,0.0,10.443520547945207,84.0,42.6375489420083,53.0,10048,2018,10048,VILARIÑO DE CONSO,Ourense,42.11956,-7.344628,1026.0
365,5.0,1.0,0.0,30.1932,32.83,23.25326086956522,0.0,10.16427397260274,81.0,39.305542134899724,30.0,10048,2019,10048,VILARIÑO DE CONSO,Ourense,42.11956,-7.344628,1026.0
366,21.0,5.0,0.0,32.288000000000004,33.35,24.998260869565225,0.0,10.83603825136612,48.0,41.62101113939963,44.0,10048,2020,10048,VILARIÑO DE CONSO,Ourense,42.11956,-7.344628,1026.0
365,12.0,4.0,0.0,31.56880000000001,33.34,24.419456521739132,0.0,10.236561643835614,70.0,40.501421454108396,30.0,10048,2021,10048,VILARIÑO DE CONSO,Ourense,42.11956,-7.344628,1026.0
365,37.0,18.0,7.0,35.76,37.18,27.020000000000003,0.0,11.339054794520548,71.0,43.71498444075802,62.0,10048,2022,10048,VILARIÑO DE CONSO,Ourense,42.11956,-7.344628,1026.0
365,10.0,6.0,2.0,32.827200000000026,36.91,25.127934782608694,0.0,11.191972602739725,72.0,42.49216815669804,34.0,10048,2023,10048,VILARIÑO DE CONSO,Ourense,42.11956,-7.344628,1026.0
366,20.0,7.0,1.0,33.453500000000005,35.73,26.060434782608695,0.0,11.10900273224044,44.0,44.12732188155649,48.0,10048,2024,10048,VILARIÑO DE CONSO,Ourense,42.11956,-7.344628,1026.0
365,39.0,18.0,1.0,34.594,35.36,27.62695652173914,0.0,11.271397260273973,52.0,43.57833610947948,62.0,10048,2025,10048,VILARIÑO DE CONSO,Ourense,42.11956,-7.344628,1026.0
365,20.0,8.0,1.0,32.8896,35.1,25.1616304347826,7.0,15.655780821917807,0.0,41.361026958777316,34.0,10049,2010,10049,RIBEIRA,A Coruña,42.555164,-9.028601,30.0
365,5.0,2.0,0.0,30.994400000000006,33.0,22.538043478260875,2.0,15.724438356164384,0.0,39.56813199331899,16.0,10049,2011,10049,RIBEIRA,A Coruña,42.555164,-9.028601,30.0
366,5.0,0.0,0.0,30.22050000000001,31.76,21.65554347826087,0.0,14.535696721311476,0.0,38.82691005902821,19.0,10049,2012,10049,RIBEIRA,A Coruña,42.555164,-9.028601,30.0
365,17.0,9.0,1.0,33.3016,36.38,23.992717391304346,4.0,14.875602739726025,0.0,45.782806956524716,31.0,10049,2013,10049,RIBEIRA,A Coruña,42.555164,-9.028601,30.0
365,4.0,1.0,0.0,30.091200000000008,32.26,22.911195652173916,1.0,15.249287671232876,0.0,39.18967493764001,25.0,10049,2014,10049,RIBEIRA,A Coruña,42.555164,-9.028601,30.0
365,9.0,3.0,0.0,31.440000000000005,34.39,23.930326086956523,1.0,15.630534246575344,0.0,40.089996330277536,24.0,10049,2015,10049,RIBEIRA,A Coruña,42.555164,-9.028601,30.0
366,15.0,9.0,2.0,33.7105,39.03,25.51869565217391,3.0,15.587841530054645,0.0,43.21521624423057,34.0,10049,2016,10049,RIBEIRA,A Coruña,42.555164,-9.028601,30.0
365,10.0,5.0,2.0,32.244,38.2,24.788260869565207,1.0,15.805808219178079,0.0,41.322249082823,32.0,10049,2017,10049,RIBEIRA,A Coruña,42.555164,-9.028601,30.0
365,17.0,10.0,2.0,33.8768,35.64,24.476195652173914,6.0,15.358301369863012,0.0,44.16302498022797,36.0,10049,2018,10049,RIBEIRA,A Coruña,42.555164,-9.028601,30.0
365,4.0,1.0,0.0,29.70720000000001,33.42,23.279673913043478,1.0,15.172698630136987,0.0,37.66711163295377,19.0,10049,2019,10049,RIBEIRA,A Coruña,42.555164,-9.028601,30.0
366,14.0,6.0,2.0,33.23050000000001,35.35,24.663152173913044,2.0,15.817527322404372,0.0,42.547089403076576,36.0,10049,2020,10049,RIBEIRA,A Coruña,42.555164,-9.028601,30.0
365,5.0,4.0,0.0,31.94200000000001,33.94,23.456847826086964,2.0,15.437726027397261,0.0,41.401002063202355,21.0,10049,2021,10049,RIBEIRA,A Coruña,42.555164,-9.028601,30.0
365,16.0,9.0,3.0,34.622400000000006,37.04,25.569565217391304,3.0,16.30127397260274,0.0,43.322512357922754,41.0,10049,2022,10049,RIBEIRA,A Coruña,42.555164,-9.028601,30.0
365,5.0,1.0,0.0,30.33680000000001,34.64,24.625326086956523,0.0,16.294835616438355,0.0,41.13668387578549,26.0,10049,2023,10049,RIBEIRA,A Coruña,42.555164,-9.028601,30.0
366,8.0,2.0,0.0,31.6735,33.48,24.67510869565217,0.0,15.973032786885247,0.0,41.05702344276876,30.0,10049,2024,10049,RIBEIRA,A Coruña,42.555164,-9.028601,30.0
365,11.0,4.0,0.0,32.048400000000015,33.71,25.12565217391304,4.0,15.985027397260273,0.0,41.17639135731257,28.0,10049,2025,10049,RIBEIRA,A Coruña,42.555164,-9.028601,30.0
363,3.0,2.0,0.0,29.712999999999997,32.25,23.425978260869567,0.0,14.764035812672176,2.0,39.77267123017386,27.0,10050,2010,10050,FERROL,A Coruña,43.491467,-8.252274,37.0
365,8.0,3.0,1.0,31.2256,35.34,21.974891304347825,0.0,15.038849315068495,0.0,43.539898043532894,32.0,10050,2011,10050,FERROL,A Coruña,43.491467,-8.252274,37.0
366,5.0,2.0,0.0,30.144000000000002,34.8,22.86076086956522,0.0,14.431147540983607,2.0,43.509812079261124,32.0,10050,2012,10050,FERROL,A Coruña,43.491467,-8.252274,37.0
365,9.0,2.0,0.0,30.684400000000004,32.94,23.3975,1.0,14.494602739726028,0.0,42.7826947159861,34.0,10050,2013,10050,FERROL,A Coruña,43.491467,-8.252274,37.0
365,3.0,1.0,0.0,29.478400000000004,32.0,23.11586956521739,0.0,15.039136986301369,1.0,41.72889799780487,33.0,10050,2014,10050,FERROL,A Coruña,43.491467,-8.252274,37.0
365,1.0,1.0,0.0,27.753600000000002,33.44,23.56032608695652,0.0,14.97264383561644,0.0,38.62744905812323,21.0,10050,2015,10050,FERROL,A Coruña,43.491467,-8.252274,37.0
366,6.0,4.0,1.0,31.74950000000002,35.24,24.180652173913042,0.0,14.805341530054646,0.0,42.335822086379665,35.0,10050,2016,10050,FERROL,A Coruña,43.491467,-8.252274,37.0
365,8.0,5.0,2.0,33.08960000000002,37.06,24.013260869565215,0.0,15.192315068493153,1.0,46.36273550594094,30.0,10050,2017,10050,FERROL,A Coruña,43.491467,-8.252274,37.0
365,9.0,2.0,2.0,31.634400000000003,35.4,23.79119565217391,1.0,14.897383561643835,1.0,45.12381873845446,35.0,10050,2018,10050,FERROL,A Coruña,43.491467,-8.252274,37.0
365,4.0,1.0,0.0,30.235600000000012,33.49,23.135978260869567,0.0,14.865342465753425,0.0,41.19780975348143,22.0,10050,2019,10050,FERROL,A Coruña,43.491467,-8.252274,37.0
366,3.0,3.0,1.0,29.41450000000001,35.98,22.960326086956524,0.0,15.47400273224044,0.0,41.32055584495061,28.0,10050,2020,10050,FERROL,A Coruña,43.491467,-8.252274,37.0
365,5.0,3.0,1.0,30.831200000000013,35.34,22.52913043478261,0.0,14.930835616438356,0.0,43.05592203455833,17.0,10050,2021,10050,FERROL,A Coruña,43.491467,-8.252274,37.0
365,6.0,5.0,2.0,32.1412,36.38,23.923152173913042,5.0,15.65495890410959,0.0,43.09251815880355,27.0,10050,2022,10050,FERROL,A Coruña,43.491467,-8.252274,37.0
365,8.0,5.0,1.0,32.50160000000001,38.65,24.51804347826087,4.0,16.078890410958905,0.0,45.11980537666161,36.0,10050,2023,10050,FERROL,A Coruña,43.491467,-8.252274,37.0
366,3.0,1.0,0.0,28.553500000000007,32.23,23.352391304347826,2.0,15.70398907103825,0.0,39.31390213372624,18.0,10050,2024,10050,FERROL,A Coruña,43.491467,-8.252274,37.0
365,8.0,4.0,0.0,32.12400000000001,34.41,24.72717391304348,1.0,15.794698630136985,0.0,45.26150241617375,28.0,10050,2025,10050,FERROL,A Coruña,43.491467,-8.252274,37.0
365,5.0,1.0,0.0,30.0208,32.5,21.152391304347827,2.0,11.059397260273974,22.0,37.984228502604125,8.0,10052,2010,10052,LOUSAME,A Coruña,42.745583,-8.776306,661.0
365,1.0,1.0,0.0,28.365200000000005,32.19,19.12217391304348,1.0,11.876671232876712,6.0,35.51250115892002,5.0,10052,2011,10052,LOUSAME,A Coruña,42.745583,-8.776306,661.0
366,1.0,1.0,0.0,28.586500000000008,32.32,18.49445652173913,1.0,11.054016393442621,9.0,34.53587267463933,3.0,10052,2012,10052,LOUSAME,A Coruña,42.745583,-8.776306,661.0
365,5.0,1.0,0.0,30.454400000000003,32.51,20.605108695652174,5.0,11.024794520547944,8.0,37.450902101555066,20.0,10052,2013,10052,LOUSAME,A Coruña,42.745583,-8.776306,661.0
365,0.0,0.0,0.0,26.797200000000004,28.42,19.043695652173913,0.0,11.52232876712329,1.0,34.79702977990714,4.0,10052,2014,10052,LOUSAME,A Coruña,42.745583,-8.776306,661.0
365,2.0,1.0,0.0,29.145200000000013,32.37,20.80858695652174,0.0,11.82119178082192,4.0,38.24139878636368,9.0,10052,2015,10052,LOUSAME,A Coruña,42.745583,-8.776306,661.0
366,8.0,4.0,1.0,31.64400000000003,36.34,22.338043478260868,9.0,12.006530054644807,1.0,39.42492478685624,13.0,10052,2016,10052,LOUSAME,A Coruña,42.745583,-8.776306,661.0
365,7.0,0.0,0.0,30.2372,31.7,21.31565217391304,5.0,12.487191780821917,5.0,38.91593449128675,13.0,10052,2017,10052,LOUSAME,A Coruña,42.745583,-8.776306,661.0
365,6.0,3.0,0.0,31.104400000000012,34.14,20.936739130434784,5.0,11.776821917808222,6.0,40.8285591745176,20.0,10052,2018,10052,LOUSAME,A Coruña,42.745583,-8.776306,661.0
365,1.0,0.0,0.0,28.2344,30.02,19.69217391304348,1.0,11.829465753424655,0.0,34.278005202980346,3.0,10052,2019,10052,LOUSAME,A Coruña,42.745583,-8.776306,661.0
366,4.0,0.0,0.0,29.568000000000016,31.29,20.592391304347824,3.0,12.212499999999999,0.0,38.74507967809339,15.0,10052,2020,10052,LOUSAME,A Coruña,42.745583,-8.776306,661.0
365,2.0,2.0,0.0,27.3744,34.18,19.69076086956522,0.0,11.817876712328768,4.0,35.17961526395782,5.0,10052,2021,10052,LOUSAME,A Coruña,42.745583,-8.776306,661.0
365,7.0,3.0,1.0,30.89920000000001,35.37,21.84663043478261,9.0,12.726410958904111,1.0,40.01600388567183,16.0,10052,2022,10052,LOUSAME,A Coruña,42.745583,-8.776306,661.0
365,2.0,1.0,0.0,28.082800000000002,32.82,20.79521739130435,5.0,12.784301369863014,1.0,36.511110026290964,6.0,10052,2023,10052,LOUSAME,A Coruña,42.745583,-8.776306,661.0
366,1.0,0.0,0.0,28.11200000000002,31.55,20.797391304347826,2.0,12.458360655737705,2.0,38.17226527709095,7.0,10052,2024,10052,LOUSAME,A Coruña,42.745583,-8.776306,661.0
365,6.0,1.0,0.0,31.2176,33.27,22.47858695652174,3.0,12.661876712328768,0.0,40.556473755422715,21.0,10052,2025,10052,LOUSAME,A Coruña,42.745583,-8.776306,661.0
365,16.0,3.0,0.0,31.6108,34.82,24.88217391304348,0.0,12.375767123287671,48.0,44.158768039136554,56.0,10053,2010,10053,LUGO,Lugo,42.992695,-7.546897,400.0
365,21.0,6.0,3.0,32.381600000000006,36.13,24.180978260869562,0.0,13.36054794520548,25.0,45.8668149838853,53.0,10053,2011,10053,LUGO,Lugo,42.992695,-7.546897,400.0
366,25.0,13.0,3.0,34.215500000000006,36.55,24.73967391304348,0.0,12.480081967213115,48.0,49.21832201750997,47.0,10053,2012,10053,LUGO,Lugo,42.992695,-7.546897,400.0
365,16.0,7.0,1.0,32.9208,35.4,25.09510869565217,0.0,12.531561643835618,27.0,45.55666763109375,45.0,10053,2013,10053,LUGO,Lugo,42.992695,-7.546897,400.0
365,5.0,2.0,1.0,30.024400000000004,35.77,23.76010869565218,0.0,13.112794520547945,9.0,42.065411978780936,30.0,10053,2014,10053,LUGO,Lugo,42.992695,-7.546897,400.0
365,15.0,5.0,0.0,32.9104,34.8,25.71804347826087,1.0,13.216876712328768,25.0,45.58597754268203,46.0,10053,2015,10053,LUGO,Lugo,42.992695,-7.546897,400.0
366,28.0,16.0,5.0,35.587000000000025,39.35,26.416739130434774,0.0,12.904084699453554,29.0,51.13151434800503,56.0,10053,2016,10053,LUGO,Lugo,42.992695,-7.546897,400.0
365,16.0,9.0,5.0,35.120000000000005,39.28,26.145434782608692,0.0,13.343931506849314,40.0,50.565043028138724,72.0,10053,2017,10053,LUGO,Lugo,42.992695,-7.546897,400.0
365,22.0,10.0,5.0,35.3468,38.12,25.311521739130434,0.0,13.047698630136987,25.0,52.62889918763208,62.0,10053,2018,10053,LUGO,Lugo,42.992695,-7.546897,400.0
365,16.0,6.0,1.0,32.738400000000006,35.53,25.022173913043474,0.0,12.825561643835616,38.0,46.9584210461593,60.0,10053,2019,10053,LUGO,Lugo,42.992695,-7.546897,400.0
366,30.0,16.0,5.0,35.576500000000024,38.92,25.794456521739132,0.0,13.749576502732241,22.0,52.65806957520972,68.0,10053,2020,10053,LUGO,Lugo,42.992695,-7.546897,400.0
365,17.0,8.0,1.0,33.48000000000001,35.27,24.91217391304348,0.0,12.970205479452055,38.0,49.45357090228452,52.0,10053,2021,10053,LUGO,Lugo,42.992695,-7.546897,400.0
365,30.0,20.0,6.0,37.52880000000001,40.62,27.03108695652174,0.0,14.041698630136985,35.0,57.31667262643691,76.0,10053,2022,10053,LUGO,Lugo,42.992695,-7.546897,400.0
365,23.0,13.0,1.0,34.01800000000001,40.16,26.98836956521739,0.0,14.130739726027398,37.0,50.7122070828948,94.0,10053,2023,10053,LUGO,Lugo,42.992695,-7.546897,400.0
366,21.0,7.0,2.0,33.737,37.03,26.084891304347824,0.0,13.700710382513659,17.0,49.28231414375163,56.0,10053,2024,10053,LUGO,Lugo,42.992695,-7.546897,400.0
365,33.0,23.0,10.0,36.4732,38.07,27.7054347826087,0.0,13.931630136986302,24.0,56.008186590870324,80.0,10053,2025,10053,LUGO,Lugo,42.992695,-7.546897,400.0
365,2.0,0.0,0.0,28.911600000000007,31.56,21.31695652173913,0.0,10.713397260273972,33.0,38.173142648968344,18.0,10055,2010,10055,VILALBA,Lugo,43.226593,-7.783072,684.0
365,3.0,3.0,0.0,29.198800000000002,33.1,20.27978260869565,1.0,11.924136986301368,9.0,39.20630752966265,17.0,10055,2011,10055,VILALBA,Lugo,43.226593,-7.783072,684.0
366,8.0,2.0,0.0,31.366000000000007,32.57,21.094021739130433,0.0,11.304890710382514,13.0,42.00499429455774,23.0,10055,2012,10055,VILALBA,Lugo,43.226593,-7.783072,684.0
365,5.0,0.0,0.0,30.76760000000001,31.79,21.655434782608694,0.0,10.978342465753425,15.0,39.06575608544599,24.0,10055,2013,10055,VILALBA,Lugo,43.226593,-7.783072,684.0
365,1.0,0.0,0.0,25.99920000000001,30.82,20.521521739130435,0.0,11.447506849315069,9.0,36.254401289475005,6.0,10055,2014,10055,VILALBA,Lugo,43.226593,-7.783072,684.0
365,2.0,0.0,0.0,28.832400000000003,31.52,22.13804347826087,0.0,11.617068493150684,8.0,39.67361852364538,18.0,10055,2015,10055,VILALBA,Lugo,43.226593,-7.783072,684.0
366,9.0,4.0,0.0,31.395000000000035,34.38,22.33836956521739,1.0,11.490341530054645,4.0,42.00276560288445,24.0,10055,2016,10055,VILALBA,Lugo,43.226593,-7.783072,684.0
365,7.0,3.0,1.0,31.363600000000012,35.95,22.413695652173914,3.0,12.10695890410959,6.0,43.6296839328013,19.0,10055,2017,10055,VILALBA,Lugo,43.226593,-7.783072,684.0
365,4.0,1.0,0.0,30.481200000000022,33.19,21.335978260869563,0.0,11.180602739726028,22.0,43.4189048830909,26.0,10055,2018,10055,VILALBA,Lugo,43.226593,-7.783072,684.0
365,2.0,0.0,0.0,28.716,31.71,20.724021739130432,0.0,11.438917808219179,4.0,36.63970749737282,9.0,10055,2019,10055,VILALBA,Lugo,43.226593,-7.783072,684.0
366,6.0,5.0,1.0,32.148,35.05,21.64260869565217,0.0,12.107103825136612,7.0,42.28529979901053,22.0,10055,2020,10055,VILALBA,Lugo,43.226593,-7.783072,684.0
365,2.0,0.0,0.0,29.000000000000014,30.98,20.593804347826087,0.0,11.392808219178082,12.0,39.94171844921373,15.0,10055,2021,10055,VILALBA,Lugo,43.226593,-7.783072,684.0
365,7.0,5.0,2.0,32.498400000000004,35.82,22.41228260869565,3.0,12.374986301369866,3.0,42.235909748258855,22.0,10055,2022,10055,VILALBA,Lugo,43.226593,-7.783072,684.0
365,6.0,1.0,1.0,30.1244,36.31,22.822282608695648,2.0,12.652178082191782,13.0,41.67435600742008,20.0,10055,2023,10055,VILALBA,Lugo,43.226593,-7.783072,684.0
366,4.0,0.0,0.0,29.504000000000023,31.93,21.758152173913043,0.0,12.038319672131147,7.0,38.94747222309804,15.0,10055,2024,10055,VILALBA,Lugo,43.226593,-7.783072,684.0
365,15.0,7.0,0.0,32.748,34.76,23.36413043478261,1.0,12.332287671232876,4.0,48.042470235306624,27.0,10055,2025,10055,VILALBA,Lugo,43.226593,-7.783072,684.0
365,27.0,7.0,0.0,32.43,34.81,26.118913043478262,0.0,12.38604109589041,40.0,45.10888089639253,59.0,10056,2010,10056,MONFORTE DE LEMOS,Lugo,42.473194,-7.501777,645.0
365,14.0,6.0,1.0,33.084800000000016,35.45,24.567282608695653,1.0,13.364534246575344,16.0,42.85110676014226,42.0,10056,2011,10056,MONFORTE DE LEMOS,Lugo,42.473194,-7.501777,645.0
366,23.0,13.0,2.0,34.0035,35.44,24.51652173913044,1.0,12.490901639344262,25.0,44.39851443514878,42.0,10056,2012,10056,MONFORTE DE LEMOS,Lugo,42.473194,-7.501777,645.0
365,30.0,17.0,4.0,34.903200000000005,36.11,26.47152173913043,1.0,12.454315068493148,20.0,48.734632335301725,56.0,10056,2013,10056,MONFORTE DE LEMOS,Lugo,42.473194,-7.501777,645.0
365,11.0,2.0,1.0,31.602000000000004,35.47,24.33380434782609,0.0,12.941013698630135,4.0,45.92534191826989,29.0,10056,2014,10056,MONFORTE DE LEMOS,Lugo,42.473194,-7.501777,645.0
365,25.0,10.0,1.0,33.2472,35.97,26.83402173913043,0.0,13.294424657534247,14.0,45.77270472447213,54.0,10056,2015,10056,MONFORTE DE LEMOS,Lugo,42.473194,-7.501777,645.0
366,32.0,15.0,4.0,34.895500000000006,37.04,26.574565217391307,2.0,12.89103825136612,7.0,44.595996028393344,61.0,10056,2016,10056,MONFORTE DE LEMOS,Lugo,42.473194,-7.501777,645.0
365,23.0,15.0,4.0,34.75800000000001,37.54,26.83728260869566,5.0,13.709054794520549,25.0,47.076357924078835,64.0,10056,2017,10056,MONFORTE DE LEMOS,Lugo,42.473194,-7.501777,645.0
365,22.0,10.0,3.0,33.991600000000005,37.08,25.160760869565213,2.0,12.842753424657532,16.0,46.64963306561145,58.0,10056,2018,10056,MONFORTE DE LEMOS,Lugo,42.473194,-7.501777,645.0
365,13.0,4.0,0.0,32.26000000000002,33.88,24.553804347826095,0.0,12.828534246575343,14.0,42.33906643484179,49.0,10056,2019,10056,MONFORTE DE LEMOS,Lugo,42.473194,-7.501777,645.0
366,33.0,16.0,2.0,34.02300000000001,36.9,25.71891304347826,1.0,13.644890710382516,9.0,46.549975615783325,61.0,10056,2020,10056,MONFORTE DE LEMOS,Lugo,42.473194,-7.501777,645.0
365,13.0,5.0,0.0,32.1896,33.81,24.302500000000006,0.0,12.528068493150684,15.0,44.56404391827225,42.0,10056,2021,10056,MONFORTE DE LEMOS,Lugo,42.473194,-7.501777,645.0
365,33.0,19.0,5.0,36.23000000000001,38.12,26.456521739130434,6.0,13.611027397260273,16.0,49.98623715591228,58.0,10056,2022,10056,MONFORTE DE LEMOS,Lugo,42.473194,-7.501777,645.0
365,14.0,7.0,3.0,33.89760000000001,38.74,25.793260869565223,1.0,13.437904109589043,26.0,46.20255982655219,53.0,10056,2023,10056,MONFORTE DE LEMOS,Lugo,42.473194,-7.501777,645.0
366,21.0,6.0,1.0,33.4245,35.5,25.81923913043478,1.0,13.141857923497268,13.0,49.45194736771693,51.0,10056,2024,10056,MONFORTE DE LEMOS,Lugo,42.473194,-7.501777,645.0
365,41.0,28.0,10.0,36.4856,37.37,28.070760869565216,6.0,13.569739726027397,13.0,51.63166481120236,68.0,10056,2025,10056,MONFORTE DE LEMOS,Lugo,42.473194,-7.501777,645.0
365,4.0,0.0,0.0,30.005600000000005,31.57,22.783043478260876,1.0,10.025890410958903,60.0,38.2213865791031,14.0,10057,2010,10057,MACEDA,Ourense,42.298744,-7.590657,981.0
365,3.0,1.0,0.0,29.656000000000006,32.54,21.06717391304348,2.0,11.149616438356166,31.0,35.92976335508378,7.0,10057,2011,10057,MACEDA,Ourense,42.298744,-7.590657,981.0
366,5.0,0.0,0.0,30.091000000000008,31.93,20.468695652173913,0.0,10.115819672131149,37.0,35.786644617498695,7.0,10057,2012,10057,MACEDA,Ourense,42.298744,-7.590657,981.0
365,7.0,1.0,0.0,31.424000000000007,32.44,22.658804347826084,2.0,9.998246575342467,48.0,38.17366167415611,13.0,10057,2013,10057,MACEDA,Ourense,42.298744,-7.590657,981.0
365,2.0,1.0,0.0,27.368400000000005,32.22,20.716413043478262,0.0,10.4573698630137,31.0,36.9886677424837,7.0,10057,2014,10057,MACEDA,Ourense,42.298744,-7.590657,981.0
365,3.0,1.0,0.0,29.713600000000003,33.21,23.641956521739136,0.0,11.13472602739726,32.0,38.84750950317472,18.0,10057,2015,10057,MACEDA,Ourense,42.298744,-7.590657,981.0
366,13.0,4.0,0.0,32.00000000000001,34.58,23.677282608695645,3.0,10.798005464480873,30.0,39.73662088728141,26.0,10057,2016,10057,MACEDA,Ourense,42.298744,-7.590657,981.0
365,8.0,1.0,0.0,31.482000000000006,33.99,23.32597826086956,1.0,11.70545205479452,30.0,38.46680612796183,21.0,10057,2017,10057,MACEDA,Ourense,42.298744,-7.590657,981.0
365,6.0,2.0,0.0,31.39040000000001,33.72,21.87663043478261,3.0,10.528136986301371,47.0,40.035849066523014,15.0,10057,2018,10057,MACEDA,Ourense,42.298744,-7.590657,981.0
365,2.0,0.0,0.0,28.834800000000016,30.93,21.411413043478262,0.0,10.650205479452055,33.0,36.60112070811345,8.0,10057,2019,10057,MACEDA,Ourense,42.298744,-7.590657,981.0
366,8.0,1.0,0.0,30.396000000000004,34.24,22.556413043478262,1.0,11.223319672131149,25.0,39.38655231960193,29.0,10057,2020,10057,MACEDA,Ourense,42.298744,-7.590657,981.0
365,1.0,0.0,0.0,28.560800000000004,30.2,21.249456521739127,0.0,10.59323287671233,29.0,36.945646246553544,12.0,10057,2021,10057,MACEDA,Ourense,42.298744,-7.590657,981.0
365,16.0,9.0,1.0,33.7472,35.29,24.1725,3.0,11.757986301369865,21.0,42.88843840719995,37.0,10057,2022,10057,MACEDA,Ourense,42.298744,-7.590657,981.0
365,6.0,3.0,2.0,31.0176,35.74,22.81336956521739,2.0,11.597890410958902,28.0,41.33505242684614,16.0,10057,2023,10057,MACEDA,Ourense,42.298744,-7.590657,981.0
366,4.0,2.0,0.0,29.992000000000008,34.75,23.107934782608694,1.0,11.433319672131146,20.0,40.042295742152724,24.0,10057,2024,10057,MACEDA,Ourense,42.298744,-7.590657,981.0
365,21.0,12.0,1.0,33.3908,35.31,25.43532608695652,7.0,11.74613698630137,20.0,42.12235617448545,40.0,10057,2025,10057,MACEDA,Ourense,42.298744,-7.590657,981.0
365,54.0,31.0,7.0,35.7352,36.97,29.00260869565218,0.0,13.288520547945204,44.0,46.77258817828042,79.0,10058,2010,10058,VERÍN,Ourense,41.97433,-7.398772,546.0
365,38.0,16.0,5.0,35.0424,36.02,27.035760869565223,0.0,13.981876712328768,21.0,43.41921802804221,71.0,10058,2011,10058,VERÍN,Ourense,41.97433,-7.398772,546.0
366,36.0,26.0,6.0,35.80750000000001,36.79,27.061304347826095,0.0,13.057131147540984,44.0,46.47072812993956,66.0,10058,2012,10058,VERÍN,Ourense,41.97433,-7.398772,546.0
365,57.0,38.0,15.0,37.458800000000004,38.76,29.603804347826088,0.0,13.227999999999998,42.0,48.27266362237967,78.0,10058,2013,10058,VERÍN,Ourense,41.97433,-7.398772,546.0
365,31.0,15.0,3.0,34.6396,36.64,27.524673913043472,0.0,13.732821917808218,10.0,47.27652765166183,69.0,10058,2014,10058,VERÍN,Ourense,41.97433,-7.398772,546.0
365,58.0,38.0,12.0,36.61080000000002,38.05,30.12054347826087,0.0,14.092808219178082,31.0,49.59179969598944,91.0,10058,2015,10058,VERÍN,Ourense,41.97433,-7.398772,546.0
366,62.0,43.0,18.0,37.47350000000001,38.37,30.276413043478264,0.0,13.809480874316938,19.0,49.231800339344154,90.0,10058,2016,10058,VERÍN,Ourense,41.97433,-7.398772,546.0
365,70.0,40.0,19.0,37.976800000000004,38.67,30.64108695652174,2.0,14.66471232876712,37.0,50.53086651459493,98.0,10058,2017,10058,VERÍN,Ourense,41.97433,-7.398772,546.0
365,59.0,30.0,7.0,37.06800000000002,39.76,28.26282608695652,2.0,13.744780821917807,27.0,47.41713738398502,93.0,10058,2018,10058,VERÍN,Ourense,41.97433,-7.398772,546.0
365,43.0,19.0,3.0,34.424400000000006,36.91,27.273478260869563,0.0,13.57043835616438,31.0,46.49936522220894,71.0,10058,2019,10058,VERÍN,Ourense,41.97433,-7.398772,546.0
366,61.0,47.0,20.0,36.4715,38.15,29.092499999999998,0.0,14.484603825136611,17.0,48.72139049232899,85.0,10058,2020,10058,VERÍN,Ourense,41.97433,-7.398772,546.0
365,44.0,25.0,5.0,35.4752,37.91,28.164565217391303,1.0,13.829164383561645,26.0,48.33454019702444,69.0,10058,2021,10058,VERÍN,Ourense,41.97433,-7.398772,546.0
365,70.0,54.0,32.0,39.6516,41.46,31.15815217391304,6.0,15.000534246575342,32.0,53.23863774282073,98.0,10058,2022,10058,VERÍN,Ourense,41.97433,-7.398772,546.0
365,46.0,24.0,7.0,36.987600000000015,40.88,28.957500000000003,1.0,14.438945205479452,41.0,49.02248503889749,89.0,10058,2023,10058,VERÍN,Ourense,41.97433,-7.398772,546.0
366,46.0,29.0,7.0,36.65550000000002,38.8,29.330978260869564,0.0,14.248715846994537,13.0,45.111044646523524,36.0,10058,2024,10058,VERÍN,Ourense,41.97433,-7.398772,546.0
365,63.0,50.0,23.0,38.3844,38.89,30.92847826086956,2.0,14.439958904109591,24.0,50.620409273435115,83.0,10058,2025,10058,VERÍN,Ourense,41.97433,-7.398772,546.0
365,25.0,15.0,4.0,34.822,35.59,26.070760869565216,4.0,13.434575342465756,17.0,43.64565807396577,45.0,10060,2010,10060,TUI,Pontevedra,42.0786,-8.679444,484.0
365,17.0,4.0,2.0,32.145600000000016,35.84,22.764021739130435,3.0,14.23890410958904,4.0,40.84578329234168,22.0,10060,2011,10060,TUI,Pontevedra,42.0786,-8.679444,484.0
366,11.0,3.0,0.0,31.641500000000004,32.96,21.660434782608693,0.0,13.111775956284152,6.0,39.193695511496564,24.0,10060,2012,10060,TUI,Pontevedra,42.0786,-8.679444,484.0
365,27.0,17.0,5.0,35.28800000000001,37.53,25.163586956521737,8.0,13.348890410958905,2.0,46.95740179958009,49.0,10060,2013,10060,TUI,Pontevedra,42.0786,-8.679444,484.0
365,6.0,1.0,0.0,30.55520000000001,32.39,22.560760869565218,0.0,13.612136986301369,0.0,41.53916599156675,20.0,10060,2014,10060,TUI,Pontevedra,42.0786,-8.679444,484.0
365,15.0,7.0,0.0,32.94440000000001,34.94,24.442173913043472,1.0,13.86986301369863,3.0,44.59375195067306,39.0,10060,2015,10060,TUI,Pontevedra,42.0786,-8.679444,484.0
366,36.0,25.0,9.0,36.00450000000001,38.57,26.743478260869566,5.0,13.90016393442623,1.0,47.61950641206846,60.0,10060,2016,10060,TUI,Pontevedra,42.0786,-8.679444,484.0
365,26.0,16.0,5.0,35.2612,36.16,25.557282608695658,3.0,14.587849315068494,3.0,47.059271572071175,53.0,10060,2017,10060,TUI,Pontevedra,42.0786,-8.679444,484.0
365,36.0,18.0,8.0,37.11920000000001,39.35,24.88923913043478,5.0,13.812698630136987,0.0,52.310808477877515,69.0,10060,2018,10060,TUI,Pontevedra,42.0786,-8.679444,484.0
365,14.0,7.0,0.0,33.33320000000001,34.31,23.356086956521743,0.0,13.587931506849314,0.0,44.82823848756034,47.0,10060,2019,10060,TUI,Pontevedra,42.0786,-8.679444,484.0
366,37.0,23.0,5.0,35.99450000000001,37.04,25.26130434782608,0.0,14.308060109289617,0.0,49.82345842036039,64.0,10060,2020,10060,TUI,Pontevedra,42.0786,-8.679444,484.0
365,8.0,4.0,0.0,31.854000000000017,34.6,22.67619565217391,1.0,13.492602739726026,7.0,44.10314797631188,28.0,10060,2021,10060,TUI,Pontevedra,42.0786,-8.679444,484.0
365,32.0,13.0,5.0,36.17400000000001,37.22,25.801847826086963,6.0,14.662164383561645,0.0,47.22356216592902,67.0,10060,2022,10060,TUI,Pontevedra,42.0786,-8.679444,484.0
365,15.0,7.0,3.0,33.2608,37.04,24.519456521739134,3.0,14.597630136986302,3.0,47.3918744238723,50.0,10060,2023,10060,TUI,Pontevedra,42.0786,-8.679444,484.0
366,18.0,7.0,4.0,33.77600000000005,36.47,25.046304347826084,3.0,14.441270491803277,0.0,48.31004096204563,45.0,10060,2024,10060,TUI,Pontevedra,42.0786,-8.679444,484.0
365,39.0,28.0,6.0,35.3496,36.0,26.887391304347826,6.0,14.472438356164385,0.0,48.7561403510517,59.0,10060,2025,10060,TUI,Pontevedra,42.0786,-8.679444,484.0
365,22.0,7.0,0.0,33.5496,34.56,25.6104347826087,0.0,11.313109589041096,71.0,47.10788375365709,63.0,10061,2010,10061,LALÍN,Pontevedra,42.614384,-8.137295,500.0
365,16.0,5.0,1.0,32.96800000000001,35.01,23.824239130434783,0.0,12.10417808219178,62.0,44.144475178835954,49.0,10061,2011,10061,LALÍN,Pontevedra,42.614384,-8.137295,500.0
366,14.0,7.0,0.0,32.2775,34.83,23.09434782608695,0.0,11.107527322404371,86.0,44.03396974290741,37.0,10061,2012,10061,LALÍN,Pontevedra,42.614384,-8.137295,500.0
365,28.0,14.0,3.0,34.543600000000005,36.72,25.529782608695655,0.0,11.536684931506848,61.0,48.80716133416965,47.0,10061,2013,10061,LALÍN,Pontevedra,42.614384,-8.137295,500.0
365,8.0,2.0,1.0,30.8484,35.21,23.67402173913044,0.0,12.02267123287671,24.0,43.050613560228136,37.0,10061,2014,10061,LALÍN,Pontevedra,42.614384,-8.137295,500.0
365,15.0,5.0,1.0,32.2628,35.21,25.867173913043484,0.0,12.244246575342466,47.0,45.10479189947806,55.0,10061,2015,10061,LALÍN,Pontevedra,42.614384,-8.137295,500.0
366,28.0,11.0,4.0,34.625000000000014,36.53,26.138586956521745,0.0,11.917786885245901,50.0,48.57810874594554,65.0,10061,2016,10061,LALÍN,Pontevedra,42.614384,-8.137295,500.0
365,18.0,10.0,1.0,33.85080000000001,36.45,25.286086956521736,0.0,12.38027397260274,65.0,46.599871107127555,60.0,10061,2017,10061,LALÍN,Pontevedra,42.614384,-8.137295,500.0
365,21.0,10.0,3.0,33.66480000000001,36.74,24.592826086956528,0.0,12.057068493150684,48.0,48.962327983625116,59.0,10061,2018,10061,LALÍN,Pontevedra,42.614384,-8.137295,500.0
365,13.0,5.0,0.0,32.199600000000004,33.69,23.829239130434782,0.0,11.785753424657536,67.0,43.13613635282444,47.0,10061,2019,10061,LALÍN,Pontevedra,42.614384,-8.137295,500.0
366,26.0,10.0,1.0,33.87300000000001,35.55,25.04152173913044,0.0,12.686024590163935,38.0,47.18775698458497,52.0,10061,2020,10061,LALÍN,Pontevedra,42.614384,-8.137295,500.0
365,10.0,4.0,0.0,31.834400000000006,33.56,23.679891304347827,0.0,11.786246575342464,58.0,44.96582141206694,36.0,10061,2021,10061,LALÍN,Pontevedra,42.614384,-8.137295,500.0
365,33.0,16.0,7.0,35.684000000000005,39.31,26.636847826086964,0.0,12.851109589041096,57.0,51.237930662935256,66.0,10061,2022,10061,LALÍN,Pontevedra,42.614384,-8.137295,500.0
365,14.0,6.0,3.0,32.17640000000001,38.15,25.209782608695654,0.0,12.875150684931508,58.0,46.68487432791581,53.0,10061,2023,10061,LALÍN,Pontevedra,42.614384,-8.137295,500.0
366,17.0,10.0,2.0,34.027,36.4,25.958369565217392,0.0,12.900177595628415,25.0,49.9257421070341,56.0,10061,2024,10061,LALÍN,Pontevedra,42.614384,-8.137295,500.0
365,39.0,22.0,6.0,35.1268,37.05,27.37804347826087,0.0,12.765191780821919,48.0,51.891359987492756,70.0,10061,2025,10061,LALÍN,Pontevedra,42.614384,-8.137295,500.0
365,0.0,0.0,0.0,27.780000000000012,28.7,20.71195652173913,1.0,8.296739726027397,106.0,32.81962800893116,1.0,10062,2010,10062,CERVANTES,Lugo,42.820778,-6.922902,1364.0
365,0.0,0.0,0.0,27.417600000000004,29.44,18.49141304347826,0.0,9.62590410958904,41.0,31.240157064854397,0.0,10062,2011,10062,CERVANTES,Lugo,42.820778,-6.922902,1364.0
366,0.0,0.0,0.0,28.384500000000003,29.16,18.55097826086956,0.0,8.40681693989071,88.0,30.891821763048146,0.0,10062,2012,10062,CERVANTES,Lugo,42.820778,-6.922902,1364.0
365,1.0,0.0,0.0,28.409600000000005,30.24,20.44032608695652,3.0,8.238356164383562,97.0,31.28621508074872,0.0,10062,2013,10062,CERVANTES,Lugo,42.820778,-6.922902,1364.0
365,0.0,0.0,0.0,25.310000000000002,28.75,18.575217391304346,0.0,8.716287671232877,81.0,30.53172161693553,0.0,10062,2014,10062,CERVANTES,Lugo,42.820778,-6.922902,1364.0
365,1.0,0.0,0.0,27.73680000000001,30.25,21.579782608695652,0.0,9.56268493150685,61.0,32.17568575945548,0.0,10062,2015,10062,CERVANTES,Lugo,42.820778,-6.922902,1364.0
366,3.0,1.0,0.0,29.500500000000006,32.62,21.228152173913042,2.0,9.141311475409836,70.0,32.91875809746833,0.0,10062,2016,10062,CERVANTES,Lugo,42.820778,-6.922902,1364.0
365,3.0,0.0,0.0,28.644000000000002,31.28,21.05869565217391,3.0,10.133150684931506,60.0,33.23877224385743,0.0,10062,2017,10062,CERVANTES,Lugo,42.820778,-6.922902,1364.0
365,1.0,0.0,0.0,28.71920000000001,30.2,19.651521739130434,5.0,8.87845205479452,89.0,32.959888235875724,1.0,10062,2018,10062,CERVANTES,Lugo,42.820778,-6.922902,1364.0
365,0.0,0.0,0.0,26.690000000000005,29.35,19.366086956521738,0.0,9.183123287671233,66.0,31.695371005149802,1.0,10062,2019,10062,CERVANTES,Lugo,42.820778,-6.922902,1364.0
366,2.0,0.0,0.0,28.22650000000001,30.84,20.083369565217396,0.0,9.702636612021857,47.0,33.90957666499346,3.0,10062,2020,10062,CERVANTES,Lugo,42.820778,-6.922902,1364.0
365,0.0,0.0,0.0,26.680400000000006,28.42,19.426413043478263,0.0,9.09231506849315,59.0,31.167840188884885,0.0,10062,2021,10062,CERVANTES,Lugo,42.820778,-6.922902,1364.0
365,9.0,3.0,0.0,31.148,32.73,22.430217391304353,10.0,10.406191780821917,49.0,35.409869759192695,6.0,10062,2022,10062,CERVANTES,Lugo,42.820778,-6.922902,1364.0
365,6.0,2.0,0.0,30.386800000000008,34.22,21.338695652173918,2.0,10.166232876712328,47.0,36.255637230826096,7.0,10062,2023,10062,CERVANTES,Lugo,42.820778,-6.922902,1364.0
366,2.0,2.0,0.0,28.557000000000006,33.2,21.704239130434782,2.0,9.918661202185792,64.0,36.35688931333269,7.0,10062,2024,10062,CERVANTES,Lugo,42.820778,-6.922902,1364.0
365,18.0,10.0,1.0,32.8132,35.02,24.30358695652174,7.0,10.192561643835617,53.0,37.25406504563975,11.0,10062,2025,10062,CERVANTES,Lugo,42.820778,-6.922902,1364.0
365,33.0,19.0,5.0,35.163599999999995,37.89,27.20510869565217,0.0,14.928835616438358,13.0,45.75688968567079,56.0,10064,2010,10064,PONTEVEDRA,Pontevedra,42.40924,-8.664094,52.0
365,18.0,8.0,2.0,33.6184,35.55,24.987826086956524,1.0,15.679246575342466,2.0,45.16275978943978,64.0,10064,2011,10064,PONTEVEDRA,Pontevedra,42.40924,-8.664094,52.0
366,13.0,4.0,0.0,32.10300000000001,33.81,23.624782608695647,0.0,14.501803278688524,5.0,45.35901163034408,43.0,10064,2012,10064,PONTEVEDRA,Pontevedra,42.40924,-8.664094,52.0
365,31.0,18.0,4.0,34.70080000000001,37.59,25.90565217391304,1.0,14.965027397260275,2.0,50.63055425482743,59.0,10064,2013,10064,PONTEVEDRA,Pontevedra,42.40924,-8.664094,52.0
365,9.0,3.0,0.0,31.844800000000003,32.63,25.064891304347828,2.0,15.391863013698629,2.0,43.580814389279055,69.0,10064,2014,10064,PONTEVEDRA,Pontevedra,42.40924,-8.664094,52.0
365,19.0,8.0,2.0,33.982,35.1,25.86467391304348,2.0,15.625534246575342,1.0,46.20607935560515,57.0,10064,2015,10064,PONTEVEDRA,Pontevedra,42.40924,-8.664094,52.0
366,30.0,18.0,3.0,34.788500000000006,37.65,27.324999999999996,0.0,15.465601092896174,0.0,49.909320420638316,69.0,10064,2016,10064,PONTEVEDRA,Pontevedra,42.40924,-8.664094,52.0
365,21.0,9.0,2.0,33.76400000000001,36.3,26.236956521739128,0.0,15.755958904109587,5.0,47.43511800378205,61.0,10064,2017,10064,PONTEVEDRA,Pontevedra,42.40924,-8.664094,52.0
365,18.0,10.0,1.0,33.338,35.28,24.67923913043478,2.0,15.008547945205478,0.0,47.53029708153925,54.0,10064,2018,10064,PONTEVEDRA,Pontevedra,42.40924,-8.664094,52.0
365,12.0,4.0,0.0,31.886400000000002,34.44,23.983260869565214,0.0,14.811397260273973,3.0,43.672603429943514,45.0,10064,2019,10064,PONTEVEDRA,Pontevedra,42.40924,-8.664094,52.0
366,26.0,14.0,3.0,34.23500000000002,36.58,25.895434782608696,0.0,15.612568306010928,0.0,48.191881600423706,63.0,10064,2020,10064,PONTEVEDRA,Pontevedra,42.40924,-8.664094,52.0
365,9.0,6.0,1.0,32.54120000000001,35.06,24.63358695652174,0.0,15.02654794520548,7.0,45.52500400454808,46.0,10064,2021,10064,PONTEVEDRA,Pontevedra,42.40924,-8.664094,52.0
365,29.0,16.0,4.0,34.850000000000016,38.29,26.17065217391304,3.0,15.869342465753423,1.0,49.50747117872908,61.0,10064,2022,10064,PONTEVEDRA,Pontevedra,42.40924,-8.664094,52.0
365,11.0,3.0,0.0,31.318400000000004,34.69,25.913369565217387,0.0,15.833287671232876,4.0,44.6296629033014,68.0,10064,2023,10064,PONTEVEDRA,Pontevedra,42.40924,-8.664094,52.0
366,18.0,7.0,0.0,33.387,34.55,25.98358695652173,1.0,15.681448087431693,0.0,46.910432581634275,56.0,10064,2024,10064,PONTEVEDRA,Pontevedra,42.40924,-8.664094,52.0
365,24.0,14.0,2.0,34.22840000000001,36.69,26.616195652173914,0.0,15.4596301369863,2.0,47.67180677717724,55.0,10064,2025,10064,PONTEVEDRA,Pontevedra,42.40924,-8.664094,52.0
365,12.0,4.0,0.0,32.29320000000003,34.09,23.770760869565226,14.0,13.423027397260276,3.0,38.462894478469316,13.0,10067,2010,10067,POIO,Pontevedra,42.458405,-8.722065,515.0
365,3.0,1.0,0.0,29.8576,34.5,21.305108695652176,13.0,14.135657534246574,0.0,35.569065947506274,6.0,10067,2011,10067,POIO,Pontevedra,42.458405,-8.722065,515.0
366,5.0,1.0,0.0,30.0315,34.15,20.77565217391304,4.0,13.143306010928962,1.0,35.577702936738966,5.0,10067,2012,10067,POIO,Pontevedra,42.458405,-8.722065,515.0
365,16.0,7.0,0.0,33.36440000000002,34.8,23.138804347826092,12.0,13.232328767123288,1.0,39.80555783365851,18.0,10067,2013,10067,POIO,Pontevedra,42.458405,-8.722065,515.0
365,2.0,0.0,0.0,29.521200000000004,31.17,22.01217391304348,2.0,13.741753424657537,0.0,36.71623594349783,13.0,10067,2014,10067,POIO,Pontevedra,42.458405,-8.722065,515.0
365,11.0,3.0,0.0,31.7068,33.42,23.75010869565217,3.0,14.033616438356166,0.0,38.027908421116955,21.0,10067,2015,10067,POIO,Pontevedra,42.458405,-8.722065,515.0
366,21.0,10.0,2.0,33.00250000000002,37.91,24.890978260869563,5.0,13.94165300546448,0.0,41.709616192597984,28.0,10067,2016,10067,POIO,Pontevedra,42.458405,-8.722065,515.0
365,15.0,8.0,1.0,32.53640000000001,37.18,24.06880434782608,7.0,14.411260273972605,2.0,42.23279590219404,29.0,10067,2017,10067,POIO,Pontevedra,42.458405,-8.722065,515.0
365,15.0,10.0,3.0,34.46600000000001,36.99,23.89,8.0,13.617205479452057,0.0,44.37426025569459,42.0,10067,2018,10067,POIO,Pontevedra,42.458405,-8.722065,515.0
365,8.0,3.0,0.0,31.572000000000006,34.07,22.293586956521743,0.0,13.14049315068493,0.0,38.45795811442991,22.0,10067,2019,10067,POIO,Pontevedra,42.458405,-8.722065,515.0
366,16.0,4.0,1.0,32.27400000000002,35.78,24.097500000000004,0.0,13.99941256830601,0.0,,,10067,2020,10067,POIO,Pontevedra,42.458405,-8.722065,515.0
365,4.0,0.0,0.0,29.9384,31.58,21.07445652173913,2.0,13.411301369863013,5.0,36.84943224127498,10.0,10067,2021,10067,POIO,Pontevedra,42.458405,-8.722065,515.0
365,9.0,6.0,2.0,33.8932,37.27,23.790978260869565,12.0,14.333808219178083,0.0,41.621016595115336,30.0,10067,2022,10067,POIO,Pontevedra,42.458405,-8.722065,515.0
365,8.0,2.0,1.0,31.380000000000003,36.17,22.936304347826084,11.0,14.806821917808218,0.0,38.83609599437749,24.0,10067,2023,10067,POIO,Pontevedra,42.458405,-8.722065,515.0
366,12.0,5.0,0.0,32.289000000000016,34.99,24.980217391304357,11.0,16.056789617486338,0.0,43.67917341037199,45.0,10067,2024,10067,POIO,Pontevedra,42.458405,-8.722065,515.0
365,19.0,8.0,0.0,32.8324,34.53,24.784130434782607,7.0,14.688698630136987,0.0,41.02214437184747,28.0,10067,2025,10067,POIO,Pontevedra,42.458405,-8.722065,515.0
365,8.0,5.0,0.0,32.208000000000006,33.95,23.98434782608695,1.0,15.103561643835615,0.0,40.58629106815935,27.0,10085,2010,10085,VILANOVA DE AROUSA,Pontevedra,42.580074,-8.804707,3.0
365,4.0,1.0,0.0,30.14720000000001,32.91,22.374456521739127,1.0,15.73272602739726,0.0,38.02485037274779,24.0,10085,2011,10085,VILANOVA DE AROUSA,Pontevedra,42.580074,-8.804707,3.0
366,3.0,2.0,0.0,29.395000000000003,33.85,22.076847826086954,1.0,14.808019125683062,0.0,38.38318335080298,12.0,10085,2012,10085,VILANOVA DE AROUSA,Pontevedra,42.580074,-8.804707,3.0
365,12.0,5.0,1.0,32.373200000000004,35.05,23.342499999999998,3.0,14.993342465753424,0.0,45.26155419165856,26.0,10085,2013,10085,VILANOVA DE AROUSA,Pontevedra,42.580074,-8.804707,3.0
365,0.0,0.0,0.0,28.54200000000001,29.69,22.75934782608696,0.0,15.536602739726026,0.0,39.16167156374496,21.0,10085,2014,10085,VILANOVA DE AROUSA,Pontevedra,42.580074,-8.804707,3.0
365,7.0,0.0,0.0,30.6596,31.49,23.218913043478256,0.0,15.45121917808219,0.0,41.58888279014996,20.0,10085,2015,10085,VILANOVA DE AROUSA,Pontevedra,42.580074,-8.804707,3.0
366,8.0,2.0,1.0,30.995000000000015,36.06,24.335543478260874,1.0,15.343237704918034,0.0,42.48453945968747,34.0,10085,2016,10085,VILANOVA DE AROUSA,Pontevedra,42.580074,-8.804707,3.0
365,7.0,3.0,0.0,31.564800000000005,33.64,23.485108695652176,1.0,15.490972602739726,0.0,41.00372260829248,23.0,10085,2017,10085,VILANOVA DE AROUSA,Pontevedra,42.580074,-8.804707,3.0
365,9.0,5.0,0.0,32.387600000000006,34.69,23.664891304347826,3.0,15.132232876712328,0.0,43.46065875747962,29.0,10085,2018,10085,VILANOVA DE AROUSA,Pontevedra,42.580074,-8.804707,3.0
365,2.0,0.0,0.0,29.2236,31.34,21.84489130434783,0.0,14.897698630136986,0.0,38.082337405305395,17.0,10085,2019,10085,VILANOVA DE AROUSA,Pontevedra,42.580074,-8.804707,3.0
366,4.0,2.0,0.0,30.049500000000002,33.36,23.140543478260874,1.0,15.683907103825135,0.0,40.65073410545344,27.0,10085,2020,10085,VILANOVA DE AROUSA,Pontevedra,42.580074,-8.804707,3.0
365,4.0,1.0,0.0,30.123200000000004,32.94,22.342499999999998,0.0,15.175561643835616,0.0,40.272720975271206,12.0,10085,2021,10085,VILANOVA DE AROUSA,Pontevedra,42.580074,-8.804707,3.0
365,9.0,5.0,1.0,33.02440000000001,36.43,23.542282608695654,2.0,15.957178082191783,0.0,44.17747578662103,26.0,10085,2022,10085,VILANOVA DE AROUSA,Pontevedra,42.580074,-8.804707,3.0
365,3.0,1.0,0.0,29.82,33.84,23.52228260869565,3.0,16.12304109589041,0.0,39.45522564806478,18.0,10085,2023,10085,VILANOVA DE AROUSA,Pontevedra,42.580074,-8.804707,3.0
366,3.0,1.0,0.0,29.49550000000001,32.4,23.442065217391306,2.0,15.898565573770492,0.0,42.91525891799267,26.0,10085,2024,10085,VILANOVA DE AROUSA,Pontevedra,42.580074,-8.804707,3.0
365,6.0,2.0,0.0,31.292000000000005,33.88,24.16956521739131,2.0,15.876013698630137,0.0,39.799197630513206,13.0,10085,2025,10085,VILANOVA DE AROUSA,Pontevedra,42.580074,-8.804707,3.0
365,15.0,8.0,0.0,32.638400000000004,33.86,24.14271739130435,13.0,12.304027397260274,23.0,38.90123302562583,15.0,10086,2010,10086,FORNELOS DE MONTES,Pontevedra,42.315304,-8.400214,705.0
365,6.0,2.0,0.0,30.437600000000003,33.01,21.167065217391308,9.0,13.16554794520548,1.0,35.53800317131688,5.0,10086,2011,10086,FORNELOS DE MONTES,Pontevedra,42.315304,-8.400214,705.0
366,3.0,1.0,0.0,29.624,33.07,20.30369565217391,5.0,11.972732240437159,7.0,35.08274065969011,4.0,10086,2012,10086,FORNELOS DE MONTES,Pontevedra,42.315304,-8.400214,705.0
365,17.0,6.0,0.0,33.211600000000004,33.98,23.50782608695652,16.0,12.173712328767126,13.0,39.57983052599339,21.0,10086,2013,10086,FORNELOS DE MONTES,Pontevedra,42.315304,-8.400214,705.0
365,1.0,0.0,0.0,28.3168,30.47,20.950543478260872,4.0,12.352315068493152,1.0,35.1230801696918,4.0,10086,2014,10086,FORNELOS DE MONTES,Pontevedra,42.315304,-8.400214,705.0
365,8.0,2.0,0.0,30.868800000000004,33.6,23.277065217391304,8.0,13.004287671232879,6.0,36.30105375058737,9.0,10086,2015,10086,FORNELOS DE MONTES,Pontevedra,42.315304,-8.400214,705.0
366,22.0,8.0,3.0,33.837,36.85,24.855326086956524,16.0,13.053989071038252,2.0,39.300283531604194,23.0,10086,2016,10086,FORNELOS DE MONTES,Pontevedra,42.315304,-8.400214,705.0
365,13.0,2.0,0.0,31.544000000000004,33.93,23.569239130434788,10.0,13.685136986301371,4.0,37.59788546045183,21.0,10086,2017,10086,FORNELOS DE MONTES,Pontevedra,42.315304,-8.400214,705.0
365,11.0,5.0,1.0,33.006400000000006,35.03,22.25576086956522,13.0,12.544328767123288,6.0,38.96257141516127,11.0,10086,2018,10086,FORNELOS DE MONTES,Pontevedra,42.315304,-8.400214,705.0
365,3.0,0.0,0.0,29.625200000000003,31.33,20.98228260869565,6.0,12.519684931506848,0.0,35.029995358136965,4.0,10086,2019,10086,FORNELOS DE MONTES,Pontevedra,42.315304,-8.400214,705.0
366,11.0,3.0,0.0,31.268,33.54,22.916304347826088,17.0,13.218087431693988,3.0,39.03980364458705,20.0,10086,2020,10086,FORNELOS DE MONTES,Pontevedra,42.315304,-8.400214,705.0
365,4.0,0.0,0.0,29.370000000000022,30.66,21.25195652173913,4.0,12.685232876712329,7.0,35.47216092859441,5.0,10086,2021,10086,FORNELOS DE MONTES,Pontevedra,42.315304,-8.400214,705.0
365,16.0,6.0,2.0,33.4388,36.55,24.53097826086957,18.0,13.758917808219179,1.0,41.13160023443615,29.0,10086,2022,10086,FORNELOS DE MONTES,Pontevedra,42.315304,-8.400214,705.0
365,4.0,3.0,0.0,29.953200000000017,34.65,22.4629347826087,11.0,13.469328767123288,7.0,38.95440420570009,8.0,10086,2023,10086,FORNELOS DE MONTES,Pontevedra,42.315304,-8.400214,705.0
366,8.0,2.0,0.0,31.190500000000018,33.93,23.57891304347826,8.0,13.469521857923496,1.0,39.30021970699802,19.0,10086,2024,10086,FORNELOS DE MONTES,Pontevedra,42.315304,-8.400214,705.0
365,31.0,14.0,0.0,33.805600000000005,34.96,25.811086956521738,22.0,13.786438356164384,1.0,40.986894867450374,38.0,10086,2025,10086,FORNELOS DE MONTES,Pontevedra,42.315304,-8.400214,705.0
365,9.0,4.0,0.0,31.68360000000002,33.79,22.482608695652175,0.0,12.421287671232879,15.0,42.06916153567889,24.0,10087,2010,10087,SANTA COMBA,A Coruña,42.968616,-8.868301,369.0
365,7.0,3.0,1.0,31.082800000000013,35.31,21.449347826086957,0.0,13.294383561643834,4.0,40.499439917797844,24.0,10087,2011,10087,SANTA COMBA,A Coruña,42.968616,-8.868301,369.0
366,7.0,4.0,1.0,31.720000000000024,36.11,21.372065217391306,0.0,12.458674863387978,12.0,43.429286224040254,21.0,10087,2012,10087,SANTA COMBA,A Coruña,42.968616,-8.868301,369.0
365,16.0,7.0,3.0,33.63240000000002,35.57,22.765108695652174,0.0,12.581506849315069,3.0,47.000320579199574,32.0,10087,2013,10087,SANTA COMBA,A Coruña,42.968616,-8.868301,369.0
365,4.0,1.0,0.0,29.924000000000003,32.27,21.206956521739134,0.0,12.771328767123288,3.0,39.15353337599212,17.0,10087,2014,10087,SANTA COMBA,A Coruña,42.968616,-8.868301,369.0
365,4.0,3.0,0.0,29.864800000000013,34.68,22.57913043478261,0.0,12.872808219178085,5.0,40.604731917688774,19.0,10087,2015,10087,SANTA COMBA,A Coruña,42.968616,-8.868301,369.0
366,15.0,8.0,2.0,34.24700000000001,37.25,23.572500000000005,0.0,12.800409836065576,4.0,45.71594406627024,32.0,10087,2016,10087,SANTA COMBA,A Coruña,42.968616,-8.868301,369.0
365,12.0,10.0,1.0,32.7244,36.33,23.025543478260868,0.0,13.315383561643834,13.0,45.3022867733082,25.0,10087,2017,10087,SANTA COMBA,A Coruña,42.968616,-8.868301,369.0
365,14.0,8.0,1.0,33.430400000000006,35.45,22.55663043478261,0.0,12.720643835616437,6.0,46.50216344171858,30.0,10087,2018,10087,SANTA COMBA,A Coruña,42.968616,-8.868301,369.0
365,6.0,1.0,0.0,30.188000000000002,32.11,21.238043478260867,0.0,12.632000000000001,5.0,39.563830782045216,20.0,10087,2019,10087,SANTA COMBA,A Coruña,42.968616,-8.868301,369.0
366,7.0,2.0,0.0,30.76100000000001,33.28,21.54804347826087,0.0,12.921693989071038,4.0,41.04171896228999,26.0,10087,2020,10087,SANTA COMBA,A Coruña,42.968616,-8.868301,369.0
365,2.0,0.0,0.0,28.604400000000002,31.77,20.667065217391304,0.0,12.322328767123286,9.0,39.24877334870797,14.0,10087,2021,10087,SANTA COMBA,A Coruña,42.968616,-8.868301,369.0
365,10.0,6.0,2.0,33.16200000000001,37.49,22.86913043478261,2.0,13.191602739726026,5.0,44.52389829039135,31.0,10087,2022,10087,SANTA COMBA,A Coruña,42.968616,-8.868301,369.0
365,4.0,3.0,1.0,29.960400000000007,35.01,22.070978260869566,0.0,13.20576712328767,9.0,39.99311180509009,17.0,10087,2023,10087,SANTA COMBA,A Coruña,42.968616,-8.868301,369.0
366,3.0,1.0,0.0,28.65100000000002,32.26,21.18858695652174,0.0,12.911967213114753,2.0,38.13708855336701,8.0,10087,2024,10087,SANTA COMBA,A Coruña,42.968616,-8.868301,369.0
365,6.0,3.0,0.0,31.080800000000004,32.7,22.898043478260874,0.0,12.695643835616439,6.0,42.10766415848588,24.0,10087,2025,10087,SANTA COMBA,A Coruña,42.968616,-8.868301,369.0
365,0.0,0.0,0.0,25.667600000000004,28.09,18.09945652173913,0.0,9.935890410958905,35.0,36.12652341029697,5.0,10088,2010,10088,ABADÍN,Lugo,43.454594,-7.446248,595.0
365,2.0,1.0,0.0,28.14440000000001,33.03,18.078260869565216,0.0,11.078657534246577,13.0,37.882518006273756,7.0,10088,2011,10088,ABADÍN,Lugo,43.454594,-7.446248,595.0
366,2.0,1.0,0.0,29.39200000000001,32.25,19.385978260869564,0.0,10.450983606557376,26.0,39.511370243501645,12.0,10088,2012,10088,ABADÍN,Lugo,43.454594,-7.446248,595.0
365,1.0,0.0,0.0,28.734400000000004,30.36,18.598913043478262,0.0,10.45472602739726,13.0,38.58546208874895,5.0,10088,2013,10088,ABADÍN,Lugo,43.454594,-7.446248,595.0
365,0.0,0.0,0.0,24.16040000000001,25.9,18.3025,0.0,11.08909589041096,3.0,31.695119986415545,1.0,10088,2014,10088,ABADÍN,Lugo,43.454594,-7.446248,595.0
365,0.0,0.0,0.0,26.446400000000004,29.41,19.808152173913044,0.0,11.287479452054793,7.0,35.92603646412267,7.0,10088,2015,10088,ABADÍN,Lugo,43.454594,-7.446248,595.0
366,3.0,1.0,0.0,29.661500000000007,34.13,19.7404347826087,0.0,11.028346994535521,13.0,40.93329432447521,13.0,10088,2016,10088,ABADÍN,Lugo,43.454594,-7.446248,595.0
365,4.0,1.0,0.0,29.804000000000013,32.19,19.973043478260873,1.0,11.32804109589041,20.0,41.241440137169135,10.0,10088,2017,10088,ABADÍN,Lugo,43.454594,-7.446248,595.0
365,0.0,0.0,0.0,25.9064,27.47,18.109239130434784,0.0,10.247767123287671,22.0,35.523053142161906,4.0,10088,2018,10088,ABADÍN,Lugo,43.454594,-7.446248,595.0
365,1.0,0.0,0.0,26.0816,30.56,18.052282608695656,0.0,10.073315068493152,20.0,34.60225271231343,4.0,10088,2019,10088,ABADÍN,Lugo,43.454594,-7.446248,595.0
366,2.0,1.0,0.0,28.185000000000013,32.08,19.106304347826086,0.0,11.300396174863387,10.0,38.67281096557295,7.0,10088,2020,10088,ABADÍN,Lugo,43.454594,-7.446248,595.0
365,1.0,0.0,0.0,24.490800000000018,31.52,17.54,0.0,10.57558904109589,22.0,33.014484330851936,3.0,10088,2021,10088,ABADÍN,Lugo,43.454594,-7.446248,595.0
365,3.0,2.0,1.0,28.159600000000008,35.68,19.602826086956522,0.0,11.388602739726029,26.0,40.30419338867221,16.0,10088,2022,10088,ABADÍN,Lugo,43.454594,-7.446248,595.0
365,3.0,1.0,0.0,29.5208,34.42,20.600760869565217,0.0,11.958808219178083,22.0,38.22621296685437,13.0,10088,2023,10088,ABADÍN,Lugo,43.454594,-7.446248,595.0
366,1.0,0.0,0.0,26.187500000000018,31.72,18.67684782608696,0.0,11.403743169398908,8.0,35.58458875143522,4.0,10088,2024,10088,ABADÍN,Lugo,43.454594,-7.446248,595.0
365,7.0,1.0,0.0,30.274400000000004,32.53,20.01467391304348,0.0,11.43513698630137,14.0,42.49973050104581,10.0,10088,2025,10088,ABADÍN,Lugo,43.454594,-7.446248,595.0
365,16.0,4.0,0.0,32.12560000000002,33.69,24.540434782608692,0.0,12.145479452054795,38.0,43.658189425281975,52.0,10089,2010,10089,MELIDE,A Coruña,42.907383,-7.982653,477.0
365,14.0,6.0,1.0,32.600000000000016,35.15,23.33195652173913,0.0,13.110191780821918,10.0,44.49335357502575,44.0,10089,2011,10089,MELIDE,A Coruña,42.907383,-7.982653,477.0
366,20.0,8.0,0.0,33.64050000000001,34.46,23.411086956521746,0.0,12.223073770491805,30.0,45.546678869297885,38.0,10089,2012,10089,MELIDE,A Coruña,42.907383,-7.982653,477.0
365,24.0,12.0,0.0,33.36880000000001,34.33,24.841630434782612,0.0,12.378520547945206,21.0,46.31127063505068,46.0,10089,2013,10089,MELIDE,A Coruña,42.907383,-7.982653,477.0
365,4.0,2.0,1.0,30.214400000000015,35.85,23.281630434782606,0.0,12.756479452054794,5.0,42.74011705843131,35.0,10089,2014,10089,MELIDE,A Coruña,42.907383,-7.982653,477.0
365,14.0,4.0,1.0,31.981200000000005,36.96,25.539782608695656,0.0,13.03945205479452,14.0,43.570646986020925,50.0,10089,2015,10089,MELIDE,A Coruña,42.907383,-7.982653,477.0
366,25.0,15.0,5.0,35.370000000000005,38.66,26.136739130434787,0.0,12.857609289617487,16.0,48.06891780933837,55.0,10089,2016,10089,MELIDE,A Coruña,42.907383,-7.982653,477.0
365,17.0,9.0,1.0,33.33360000000001,38.4,25.373043478260865,0.0,13.34849315068493,29.0,45.832239056623216,55.0,10089,2017,10089,MELIDE,A Coruña,42.907383,-7.982653,477.0
365,25.0,11.0,3.0,34.2516,38.12,24.57032608695652,0.0,12.689561643835617,28.0,49.255778971337534,57.0,10089,2018,10089,MELIDE,A Coruña,42.907383,-7.982653,477.0
365,13.0,6.0,0.0,32.803599999999996,34.66,24.32260869565218,0.0,12.566794520547946,15.0,44.58340320722059,51.0,10089,2019,10089,MELIDE,A Coruña,42.907383,-7.982653,477.0
366,30.0,13.0,2.0,34.33900000000002,36.26,25.30586956521739,0.0,13.311202185792348,19.0,48.03363028309911,64.0,10089,2020,10089,MELIDE,A Coruña,42.907383,-7.982653,477.0
365,14.0,7.0,1.0,33.6524,35.54,24.73619565217391,0.0,12.593205479452056,27.0,46.70351227179182,52.0,10089,2021,10089,MELIDE,A Coruña,42.907383,-7.982653,477.0
365,37.0,25.0,12.0,36.844,40.11,27.45684782608696,1.0,13.726342465753424,30.0,52.69422943439675,75.0,10089,2022,10089,MELIDE,A Coruña,42.907383,-7.982653,477.0
365,13.0,10.0,3.0,33.3268,37.88,25.38402173913044,0.0,13.582520547945208,30.0,47.32501525647622,60.0,10089,2023,10089,MELIDE,A Coruña,42.907383,-7.982653,477.0
366,17.0,7.0,0.0,33.880000000000024,34.83,26.052065217391306,0.0,13.409849726775956,12.0,48.8481412262003,54.0,10089,2024,10089,MELIDE,A Coruña,42.907383,-7.982653,477.0
365,35.0,24.0,9.0,36.2956,38.11,27.65836956521739,0.0,13.598013698630137,22.0,53.36123237875049,73.0,10089,2025,10089,MELIDE,A Coruña,42.907383,-7.982653,477.0
365,13.0,6.0,0.0,32.367200000000004,34.8,23.42130434782609,11.0,13.137753424657536,8.0,39.39593821599975,17.0,10091,2010,10091,OIA,Pontevedra,41.99327,-8.864355,480.0
365,3.0,1.0,0.0,29.762000000000004,32.79,20.335,10.0,13.877287671232875,2.0,35.674589154336374,6.0,10091,2011,10091,OIA,Pontevedra,41.99327,-8.864355,480.0
366,2.0,1.0,0.0,28.90100000000001,32.9,19.59032608695652,5.0,12.774221311475412,4.0,35.108039536321755,5.0,10091,2012,10091,OIA,Pontevedra,41.99327,-8.864355,480.0
365,10.0,4.0,0.0,31.765200000000018,33.93,21.99086956521739,12.0,12.815136986301368,0.0,39.13127171237384,14.0,10091,2013,10091,OIA,Pontevedra,41.99327,-8.864355,480.0
365,0.0,0.0,0.0,27.69920000000001,29.08,20.16217391304348,4.0,13.235671232876713,0.0,34.60625475884089,3.0,10091,2014,10091,OIA,Pontevedra,41.99327,-8.864355,480.0
365,1.0,0.0,0.0,29.093600000000002,30.63,21.40402173913043,2.0,13.483493150684932,1.0,35.7659715728859,5.0,10091,2015,10091,OIA,Pontevedra,41.99327,-8.864355,480.0
366,12.0,3.0,2.0,31.918000000000003,35.67,23.27152173913044,16.0,13.579576502732241,0.0,39.761073041214004,17.0,10091,2016,10091,OIA,Pontevedra,41.99327,-8.864355,480.0
365,6.0,2.0,0.0,30.74560000000001,34.75,21.90532608695652,9.0,14.046835616438356,2.0,37.36759182386522,9.0,10091,2017,10091,OIA,Pontevedra,41.99327,-8.864355,480.0
365,11.0,6.0,2.0,33.1012,38.04,22.415869565217395,13.0,13.420301369863013,0.0,40.57124693475729,20.0,10091,2018,10091,OIA,Pontevedra,41.99327,-8.864355,480.0
365,1.0,0.0,0.0,28.788800000000005,31.53,19.902065217391304,5.0,13.13845205479452,0.0,36.21247052142111,5.0,10091,2019,10091,OIA,Pontevedra,41.99327,-8.864355,480.0
366,8.0,3.0,0.0,31.5715,32.55,21.536521739130432,9.0,13.684754098360658,0.0,39.01390581066915,19.0,10091,2020,10091,OIA,Pontevedra,41.99327,-8.864355,480.0
365,2.0,1.0,0.0,28.87160000000002,33.17,20.22619565217391,2.0,13.180246575342466,4.0,36.86290958685939,9.0,10091,2021,10091,OIA,Pontevedra,41.99327,-8.864355,480.0
365,10.0,6.0,2.0,32.8372,35.44,23.452934782608697,9.0,14.284342465753424,0.0,39.660228293114486,26.0,10091,2022,10091,OIA,Pontevedra,41.99327,-8.864355,480.0
365,4.0,2.0,0.0,30.188400000000012,34.49,21.101521739130437,9.0,14.007958904109591,1.0,37.66508861417007,12.0,10091,2023,10091,OIA,Pontevedra,41.99327,-8.864355,480.0
366,6.0,2.0,0.0,31.393500000000017,33.38,21.914565217391306,6.0,14.003196721311475,0.0,38.94677436770163,13.0,10091,2024,10091,OIA,Pontevedra,41.99327,-8.864355,480.0
365,15.0,5.0,0.0,32.5516,33.79,24.087934782608702,9.0,14.070726027397262,0.0,39.788226676237755,28.0,10091,2025,10091,OIA,Pontevedra,41.99327,-8.864355,480.0
363,1.0,0.0,0.0,26.738999999999997,30.38,19.18032608695652,1.0,12.990936639118457,0.0,32.3789009365255,0.0,10092,2010,10092,CEDEIRA,A Coruña,43.70426,-8.052468,254.0
365,1.0,1.0,0.0,28.67160000000001,32.4,18.148369565217394,3.0,13.547301369863012,0.0,33.744080886808526,3.0,10092,2011,10092,CEDEIRA,A Coruña,43.70426,-8.052468,254.0
366,4.0,1.0,0.0,30.291000000000025,32.08,19.378804347826087,0.0,13.092308743169399,0.0,38.24731603112931,7.0,10092,2012,10092,CEDEIRA,A Coruña,43.70426,-8.052468,254.0
359,1.0,0.0,0.0,27.846200000000003,30.1,18.935000000000002,2.0,12.75816155988858,0.0,33.91500446828055,3.0,10092,2013,10092,CEDEIRA,A Coruña,43.70426,-8.052468,254.0
365,1.0,0.0,0.0,25.565600000000007,30.3,19.200434782608696,2.0,13.710767123287672,0.0,32.898594623721266,2.0,10092,2014,10092,CEDEIRA,A Coruña,43.70426,-8.052468,254.0
365,0.0,0.0,0.0,24.825600000000005,28.62,19.82554347826087,1.0,13.736849315068493,0.0,32.22989707900009,2.0,10092,2015,10092,CEDEIRA,A Coruña,43.70426,-8.052468,254.0
366,5.0,2.0,0.0,30.71950000000003,34.03,20.48891304347826,1.0,13.813551912568306,0.0,38.602531645726316,10.0,10092,2016,10092,CEDEIRA,A Coruña,43.70426,-8.052468,254.0
365,5.0,4.0,0.0,31.22520000000002,34.73,20.620434782608697,3.0,14.189000000000002,0.0,40.052498474614296,9.0,10092,2017,10092,CEDEIRA,A Coruña,43.70426,-8.052468,254.0
365,3.0,2.0,0.0,29.478000000000005,33.25,20.28032608695652,1.0,13.607150684931506,0.0,39.4622048692242,8.0,10092,2018,10092,CEDEIRA,A Coruña,43.70426,-8.052468,254.0
365,1.0,0.0,0.0,27.200800000000005,31.11,19.707608695652176,1.0,13.779520547945204,0.0,34.04759684363535,3.0,10092,2019,10092,CEDEIRA,A Coruña,43.70426,-8.052468,254.0
366,1.0,0.0,0.0,26.316000000000013,31.92,19.061739130434784,2.0,13.989357923497266,0.0,35.169695583682426,5.0,10092,2020,10092,CEDEIRA,A Coruña,43.70426,-8.052468,254.0
365,2.0,1.0,0.0,27.024000000000036,33.1,18.60032608695652,0.0,13.480602739726027,0.0,34.63483270369659,3.0,10092,2021,10092,CEDEIRA,A Coruña,43.70426,-8.052468,254.0
365,5.0,3.0,1.0,31.0756,35.05,20.38032608695652,1.0,14.282904109589039,0.0,38.988456530765916,12.0,10092,2022,10092,CEDEIRA,A Coruña,43.70426,-8.052468,254.0
365,3.0,1.0,1.0,29.538400000000006,36.06,20.848369565217393,9.0,14.697575342465752,0.0,37.97781324502032,8.0,10092,2023,10092,CEDEIRA,A Coruña,43.70426,-8.052468,254.0
366,1.0,0.0,0.0,25.258000000000006,30.15,19.150434782608695,0.0,14.171571038251363,0.0,32.641839586786254,3.0,10092,2024,10092,CEDEIRA,A Coruña,43.70426,-8.052468,254.0
365,2.0,0.0,0.0,28.59840000000002,31.92,20.69641304347826,0.0,14.396068493150686,0.0,38.555084716512894,9.0,10092,2025,10092,CEDEIRA,A Coruña,43.70426,-8.052468,254.0
365,0.0,0.0,0.0,25.034400000000026,27.84,20.155108695652174,0.0,13.41531506849315,0.0,31.827379563198924,1.0,10093,2010,10093,MALPICA DE BERGANTIÑOS,A Coruña,43.336,-8.836423,161.0
365,1.0,0.0,0.0,27.43840000000001,31.38,19.640326086956524,0.0,13.969684931506851,0.0,35.04122291974591,4.0,10093,2011,10093,MALPICA DE BERGANTIÑOS,A Coruña,43.336,-8.836423,161.0
366,0.0,0.0,0.0,25.72850000000002,29.59,19.92326086956522,0.0,13.354412568306012,0.0,35.466239369675215,5.0,10093,2012,10093,MALPICA DE BERGANTIÑOS,A Coruña,43.336,-8.836423,161.0
365,0.0,0.0,0.0,26.2868,29.61,19.148369565217394,0.0,13.294575342465755,0.0,35.95010887747653,5.0,10093,2013,10093,MALPICA DE BERGANTIÑOS,A Coruña,43.336,-8.836423,161.0
365,0.0,0.0,0.0,25.112800000000004,29.11,19.99108695652174,0.0,13.85894520547945,0.0,33.9836735177694,2.0,10093,2014,10093,MALPICA DE BERGANTIÑOS,A Coruña,43.336,-8.836423,161.0
365,0.0,0.0,0.0,25.3172,26.1,20.41978260869565,0.0,13.872671232876714,0.0,34.31835073290204,4.0,10093,2015,10093,MALPICA DE BERGANTIÑOS,A Coruña,43.336,-8.836423,161.0
366,0.0,0.0,0.0,27.53150000000003,29.61,20.337934782608695,0.0,13.688128415300548,0.0,35.96168264791018,5.0,10093,2016,10093,MALPICA DE BERGANTIÑOS,A Coruña,43.336,-8.836423,161.0
365,5.0,0.0,0.0,30.4216,31.8,21.362934782608697,0.0,14.221657534246576,0.0,35.89676164448421,6.0,10093,2017,10093,MALPICA DE BERGANTIÑOS,A Coruña,43.336,-8.836423,161.0
365,0.0,0.0,0.0,25.890800000000002,29.57,20.014891304347827,0.0,13.467438356164385,0.0,36.002827953597716,5.0,10093,2018,10093,MALPICA DE BERGANTIÑOS,A Coruña,43.336,-8.836423,161.0
365,0.0,0.0,0.0,25.721600000000002,29.98,20.5195652173913,0.0,13.906520547945206,0.0,34.988672522442215,4.0,10093,2019,10093,MALPICA DE BERGANTIÑOS,A Coruña,43.336,-8.836423,161.0
366,1.0,1.0,0.0,24.941000000000017,34.41,20.664347826086956,0.0,14.338237704918033,0.0,34.52601040545087,3.0,10093,2020,10093,MALPICA DE BERGANTIÑOS,A Coruña,43.336,-8.836423,161.0
365,0.0,0.0,0.0,25.748400000000004,27.8,19.985760869565215,0.0,13.981602739726027,0.0,34.55657721696687,3.0,10093,2021,10093,MALPICA DE BERGANTIÑOS,A Coruña,43.336,-8.836423,161.0
365,1.0,0.0,0.0,26.483200000000007,30.12,21.11554347826087,0.0,14.582301369863014,0.0,38.45934481217429,11.0,10093,2022,10093,MALPICA DE BERGANTIÑOS,A Coruña,43.336,-8.836423,161.0
365,2.0,1.0,0.0,28.87240000000001,32.24,22.39141304347826,1.0,15.284219178082191,0.0,39.541645933651,16.0,10093,2023,10093,MALPICA DE BERGANTIÑOS,A Coruña,43.336,-8.836423,161.0
366,0.0,0.0,0.0,24.62550000000001,29.83,20.462391304347822,0.0,14.6798087431694,0.0,33.70098638937339,3.0,10093,2024,10093,MALPICA DE BERGANTIÑOS,A Coruña,43.336,-8.836423,161.0
365,0.0,0.0,0.0,25.832400000000003,27.71,21.448152173913048,0.0,14.785945205479452,0.0,35.51060954094748,4.0,10093,2025,10093,MALPICA DE BERGANTIÑOS,A Coruña,43.336,-8.836423,161.0
365,6.0,1.0,0.0,30.24,32.15,22.101195652173917,0.0,11.395342465753425,38.0,39.03228779910988,19.0,10094,2010,10094,MESÍA,A Coruña,43.12481,-8.279388,401.0
365,5.0,3.0,0.0,30.383200000000002,34.75,21.500326086956523,0.0,12.7686301369863,9.0,40.7043475162332,26.0,10094,2011,10094,MESÍA,A Coruña,43.12481,-8.279388,401.0
366,6.0,2.0,0.0,30.53750000000001,33.37,21.27880434782609,0.0,11.870013661202186,16.0,42.669459288743035,20.0,10094,2012,10094,MESÍA,A Coruña,43.12481,-8.279388,401.0
365,10.0,6.0,0.0,32.2932,34.04,22.995978260869567,0.0,11.772972602739726,14.0,44.29588862267652,34.0,10094,2013,10094,MESÍA,A Coruña,43.12481,-8.279388,401.0
365,1.0,1.0,0.0,28.120400000000004,34.22,20.86673913043478,0.0,11.825136986301368,6.0,39.06802779068696,13.0,10094,2014,10094,MESÍA,A Coruña,43.12481,-8.279388,401.0
365,3.0,0.0,0.0,28.61440000000001,31.36,22.666086956521735,0.0,12.264506849315069,13.0,38.730643562245554,19.0,10094,2015,10094,MESÍA,A Coruña,43.12481,-8.279388,401.0
366,11.0,6.0,2.0,33.65550000000001,35.17,24.029673913043485,0.0,12.768688524590164,5.0,46.211765383104975,34.0,10094,2016,10094,MESÍA,A Coruña,43.12481,-8.279388,401.0
365,10.0,7.0,1.0,33.2952,36.31,23.15913043478261,0.0,13.132191780821918,10.0,45.675617844520104,24.0,10094,2017,10094,MESÍA,A Coruña,43.12481,-8.279388,401.0
365,12.0,6.0,1.0,33.1544,35.01,22.958804347826092,0.0,12.655547945205479,12.0,48.27574794129184,49.0,10094,2018,10094,MESÍA,A Coruña,43.12481,-8.279388,401.0
365,4.0,1.0,0.0,30.208400000000008,32.35,21.840652173913043,0.0,12.627780821917806,4.0,39.98864867707683,26.0,10094,2019,10094,MESÍA,A Coruña,43.12481,-8.279388,401.0
366,5.0,3.0,0.0,31.530500000000014,33.55,22.106847826086955,0.0,13.205150273224044,2.0,42.353705881675616,30.0,10094,2020,10094,MESÍA,A Coruña,43.12481,-8.279388,401.0
365,5.0,2.0,0.0,30.505600000000005,33.05,21.963478260869568,0.0,12.657849315068493,11.0,42.690175145884076,24.0,10094,2021,10094,MESÍA,A Coruña,43.12481,-8.279388,401.0
365,10.0,5.0,1.0,33.06960000000001,35.07,23.67880434782609,1.0,13.432753424657534,7.0,45.70995409193995,35.0,10094,2022,10094,MESÍA,A Coruña,43.12481,-8.279388,401.0
365,11.0,3.0,1.0,31.9116,36.37,23.45141304347827,0.0,13.6823698630137,9.0,45.125186371814806,29.0,10094,2023,10094,MESÍA,A Coruña,43.12481,-8.279388,401.0
366,2.0,0.0,0.0,29.632500000000007,31.95,22.414021739130437,0.0,13.250396174863386,5.0,43.51955793762936,21.0,10094,2024,10094,MESÍA,A Coruña,43.12481,-8.279388,401.0
365,11.0,3.0,1.0,31.612000000000005,35.42,24.268369565217398,0.0,13.353082191780821,3.0,44.59865805838224,43.0,10094,2025,10094,MESÍA,A Coruña,43.12481,-8.279388,401.0
365,28.0,17.0,4.0,34.646000000000015,37.08,26.19369565217391,0.0,13.65331506849315,27.0,48.02571825174085,61.0,10095,2010,10095,BOQUEIXÓN,A Coruña,42.822826,-8.461246,231.0
365,21.0,7.0,1.0,33.48080000000001,37.08,23.95402173913043,0.0,14.392753424657533,7.0,44.59291768781412,55.0,10095,2011,10095,BOQUEIXÓN,A Coruña,42.822826,-8.461246,231.0
366,13.0,8.0,1.0,33.3585,36.3,23.14673913043479,0.0,13.334590163934426,19.0,46.025391595434,43.0,10095,2012,10095,BOQUEIXÓN,A Coruña,42.822826,-8.461246,231.0
365,26.0,20.0,5.0,35.71440000000002,37.63,25.603260869565222,1.0,13.706589041095892,12.0,50.26426158894593,47.0,10095,2013,10095,BOQUEIXÓN,A Coruña,42.822826,-8.461246,231.0
365,9.0,3.0,0.0,31.490000000000002,33.3,23.76836956521739,0.0,14.044219178082194,4.0,44.80236514616937,47.0,10095,2014,10095,BOQUEIXÓN,A Coruña,42.822826,-8.461246,231.0
365,14.0,9.0,2.0,33.47680000000001,36.77,25.653152173913035,0.0,14.308767123287673,7.0,46.76039286746351,50.0,10095,2015,10095,BOQUEIXÓN,A Coruña,42.822826,-8.461246,231.0
366,30.0,16.0,7.0,35.811,40.28,27.037717391304344,0.0,14.22441256830601,5.0,49.838788765562704,66.0,10095,2016,10095,BOQUEIXÓN,A Coruña,42.822826,-8.461246,231.0
365,20.0,13.0,2.0,34.534400000000005,36.03,25.934021739130436,0.0,14.64650684931507,18.0,48.73395715457802,66.0,10095,2017,10095,BOQUEIXÓN,A Coruña,42.822826,-8.461246,231.0
365,26.0,13.0,5.0,35.2636,37.82,25.163260869565217,2.0,14.153520547945204,7.0,50.384648138490505,64.0,10095,2018,10095,BOQUEIXÓN,A Coruña,42.822826,-8.461246,231.0
365,15.0,7.0,0.0,32.89880000000001,33.89,24.241956521739127,0.0,13.913876712328767,6.0,44.767170465376566,48.0,10095,2019,10095,BOQUEIXÓN,A Coruña,42.822826,-8.461246,231.0
366,27.0,14.0,2.0,34.49150000000001,36.25,25.37760869565216,0.0,14.711598360655737,5.0,47.12448020331026,58.0,10095,2020,10095,BOQUEIXÓN,A Coruña,42.822826,-8.461246,231.0
365,10.0,3.0,1.0,31.2772,35.19,24.097608695652173,0.0,13.998123287671232,9.0,44.613015521167895,35.0,10095,2021,10095,BOQUEIXÓN,A Coruña,42.822826,-8.461246,231.0
365,29.0,16.0,4.0,35.38960000000002,39.6,26.59760869565218,3.0,14.875493150684932,11.0,53.18730104078866,77.0,10095,2022,10095,BOQUEIXÓN,A Coruña,42.822826,-8.461246,231.0
365,16.0,6.0,3.0,32.85080000000001,37.92,25.878478260869567,0.0,15.137972602739728,6.0,49.46432564394022,84.0,10095,2023,10095,BOQUEIXÓN,A Coruña,42.822826,-8.461246,231.0
366,18.0,6.0,1.0,33.24300000000001,37.09,25.978369565217395,1.0,14.924549180327869,1.0,48.99354266802968,69.0,10095,2024,10095,BOQUEIXÓN,A Coruña,42.822826,-8.461246,231.0
365,32.0,20.0,6.0,35.824000000000005,37.02,27.430108695652166,0.0,14.740657534246576,3.0,54.150462383189456,83.0,10095,2025,10095,BOQUEIXÓN,A Coruña,42.822826,-8.461246,231.0
365,2.0,1.0,0.0,28.6796,32.42,19.554673913043477,1.0,11.241041095890413,20.0,35.80025972897477,8.0,10096,2010,10096,CORISTANCO,A Coruña,43.095192,-8.69099,540.0
365,3.0,2.0,0.0,29.137200000000004,33.59,19.184565217391306,0.0,12.330054794520546,1.0,35.77662048836915,4.0,10096,2011,10096,CORISTANCO,A Coruña,43.095192,-8.69099,540.0
366,4.0,0.0,0.0,29.804500000000015,31.8,19.726847826086956,0.0,11.667254098360656,8.0,38.34076012423533,11.0,10096,2012,10096,CORISTANCO,A Coruña,43.095192,-8.69099,540.0
365,8.0,1.0,0.0,30.727600000000002,32.05,20.7454347826087,1.0,11.420342465753425,3.0,40.32561814905084,15.0,10096,2013,10096,CORISTANCO,A Coruña,43.095192,-8.69099,540.0
365,1.0,0.0,0.0,26.8484,31.48,19.53554347826087,0.0,11.955657534246576,0.0,34.64506997143742,3.0,10096,2014,10096,CORISTANCO,A Coruña,43.095192,-8.69099,540.0
365,0.0,0.0,0.0,25.719200000000015,29.65,20.00673913043478,0.0,11.878397260273973,2.0,34.997069658553514,4.0,10096,2015,10096,CORISTANCO,A Coruña,43.095192,-8.69099,540.0
366,6.0,5.0,0.0,32.672000000000004,34.89,20.904673913043478,2.0,11.910081967213115,1.0,40.10341341698034,10.0,10096,2016,10096,CORISTANCO,A Coruña,43.095192,-8.69099,540.0
365,7.0,2.0,0.0,31.300800000000006,34.33,20.424673913043478,3.0,12.418630136986302,5.0,39.70291830616105,12.0,10096,2017,10096,CORISTANCO,A Coruña,43.095192,-8.69099,540.0
365,7.0,2.0,0.0,30.864800000000013,34.18,20.122500000000002,2.0,11.67327397260274,7.0,42.498984991537725,13.0,10096,2018,10096,CORISTANCO,A Coruña,43.095192,-8.69099,540.0
365,1.0,0.0,0.0,29.131200000000007,30.82,19.397934782608697,0.0,11.77856164383562,3.0,34.789726283553655,4.0,10096,2019,10096,CORISTANCO,A Coruña,43.095192,-8.69099,540.0
366,3.0,0.0,0.0,29.905500000000004,31.21,19.780108695652174,0.0,12.22997267759563,0.0,37.525438417629346,11.0,10096,2020,10096,CORISTANCO,A Coruña,43.095192,-8.69099,540.0
365,1.0,0.0,0.0,27.423600000000018,30.34,18.937608695652173,0.0,11.797232876712329,3.0,35.42745052154666,8.0,10096,2021,10096,CORISTANCO,A Coruña,43.095192,-8.69099,540.0
365,6.0,4.0,1.0,31.406400000000026,36.14,21.13891304347826,4.0,12.62250684931507,1.0,39.554995120601475,18.0,10096,2022,10096,CORISTANCO,A Coruña,43.095192,-8.69099,540.0
365,3.0,2.0,0.0,29.524400000000004,33.71,21.120108695652174,4.0,12.93717808219178,1.0,37.63035587614879,8.0,10096,2023,10096,CORISTANCO,A Coruña,43.095192,-8.69099,540.0
366,0.0,0.0,0.0,27.281500000000012,29.97,19.65445652173913,1.0,12.37116120218579,2.0,35.955714005851284,4.0,10096,2024,10096,CORISTANCO,A Coruña,43.095192,-8.69099,540.0
365,4.0,2.0,0.0,29.773600000000012,33.12,21.838804347826088,0.0,12.691753424657534,0.0,40.43071979027028,20.0,10096,2025,10096,CORISTANCO,A Coruña,43.095192,-8.69099,540.0
365,0.0,0.0,0.0,24.342800000000008,28.06,16.64456521739131,0.0,9.404863013698629,29.0,31.69570240095551,1.0,10097,2010,10097,ORTIGUEIRA,A Coruña,43.59178,-7.788782,576.0
365,1.0,0.0,0.0,27.5972,30.92,17.831847826086957,0.0,11.613328767123287,0.0,34.476671639861394,3.0,10097,2011,10097,ORTIGUEIRA,A Coruña,43.59178,-7.788782,576.0
366,2.0,0.0,0.0,28.570500000000017,30.9,18.843369565217394,0.0,11.054685792349726,4.0,36.70575488800755,7.0,10097,2012,10097,ORTIGUEIRA,A Coruña,43.59178,-7.788782,576.0
365,1.0,0.0,0.0,26.74160000000001,30.02,18.765108695652174,0.0,10.838794520547948,4.0,33.88421580333108,3.0,10097,2013,10097,ORTIGUEIRA,A Coruña,43.59178,-7.788782,576.0
365,0.0,0.0,0.0,24.3808,25.01,18.17989130434783,0.0,11.411520547945205,0.0,32.54185277988389,0.0,10097,2014,10097,ORTIGUEIRA,A Coruña,43.59178,-7.788782,576.0
365,0.0,0.0,0.0,24.599600000000002,26.39,19.09521739130435,0.0,11.438219178082194,2.0,33.22382383433789,2.0,10097,2015,10097,ORTIGUEIRA,A Coruña,43.59178,-7.788782,576.0
366,2.0,0.0,0.0,27.36100000000003,31.89,19.239130434782606,0.0,11.387308743169399,0.0,37.15165471597073,6.0,10097,2016,10097,ORTIGUEIRA,A Coruña,43.59178,-7.788782,576.0
365,2.0,0.0,0.0,29.209600000000016,31.96,19.330760869565214,3.0,11.778424657534247,1.0,37.87434669089278,7.0,10097,2017,10097,ORTIGUEIRA,A Coruña,43.59178,-7.788782,576.0
365,0.0,0.0,0.0,27.2268,29.31,20.188152173913043,0.0,11.462972602739725,7.0,36.82816397444129,9.0,10097,2018,10097,ORTIGUEIRA,A Coruña,43.59178,-7.788782,576.0
365,1.0,0.0,0.0,24.80600000000001,30.23,18.729782608695654,0.0,11.414767123287673,0.0,32.366775490629536,1.0,10097,2019,10097,ORTIGUEIRA,A Coruña,43.59178,-7.788782,576.0
366,1.0,0.0,0.0,26.70350000000001,31.47,18.484891304347826,0.0,11.705286885245902,1.0,36.4012141745589,5.0,10097,2020,10097,ORTIGUEIRA,A Coruña,43.59178,-7.788782,576.0
365,1.0,1.0,0.0,25.1916,32.01,17.96945652173913,0.0,11.276931506849316,3.0,33.80687265336491,2.0,10097,2021,10097,ORTIGUEIRA,A Coruña,43.59178,-7.788782,576.0
365,4.0,2.0,0.0,29.515200000000014,34.97,19.867282608695657,2.0,12.143013698630137,0.0,38.173691621842494,12.0,10097,2022,10097,ORTIGUEIRA,A Coruña,43.59178,-7.788782,576.0
365,2.0,1.0,0.0,29.7724,34.69,20.570000000000004,5.0,12.608383561643837,1.0,37.801627188942135,9.0,10097,2023,10097,ORTIGUEIRA,A Coruña,43.59178,-7.788782,576.0
366,1.0,0.0,0.0,25.197000000000024,30.23,18.66467391304348,0.0,11.982499999999998,0.0,33.28812629453962,3.0,10097,2024,10097,ORTIGUEIRA,A Coruña,43.59178,-7.788782,576.0
365,1.0,1.0,0.0,27.715200000000006,32.11,20.06576086956522,0.0,12.169808219178083,0.0,37.991266148429396,11.0,10097,2025,10097,ORTIGUEIRA,A Coruña,43.59178,-7.788782,576.0
365,14.0,3.0,0.0,31.6016,32.72,24.510652173913037,0.0,11.018575342465756,49.0,42.56024885390181,43.0,10098,2010,10098,SAMOS,Lugo,42.747143,-7.24874,826.0
365,11.0,5.0,1.0,32.58480000000001,35.72,23.078369565217393,0.0,12.355095890410958,27.0,41.556133695720085,33.0,10098,2011,10098,SAMOS,Lugo,42.747143,-7.24874,826.0
366,16.0,6.0,0.0,32.85150000000001,34.43,23.042499999999997,0.0,11.358333333333333,35.0,41.91660932610536,33.0,10098,2012,10098,SAMOS,Lugo,42.747143,-7.24874,826.0
365,23.0,11.0,1.0,33.336,35.1,25.160652173913046,0.0,11.368013698630138,29.0,45.50454378916817,45.0,10098,2013,10098,SAMOS,Lugo,42.747143,-7.24874,826.0
365,2.0,2.0,0.0,29.677200000000003,34.48,23.01195652173913,0.0,11.77621917808219,12.0,42.62715647716212,26.0,10098,2014,10098,SAMOS,Lugo,42.747143,-7.24874,826.0
365,19.0,7.0,1.0,32.37760000000001,35.59,25.8895652173913,0.0,12.316164383561643,23.0,45.11155931276049,46.0,10098,2015,10098,SAMOS,Lugo,42.747143,-7.24874,826.0
366,28.0,12.0,2.0,34.288000000000004,37.1,25.8125,1.0,12.02103825136612,22.0,43.936994588467776,53.0,10098,2016,10098,SAMOS,Lugo,42.747143,-7.24874,826.0
365,16.0,10.0,3.0,33.8712,37.47,25.513913043478258,1.0,12.763164383561644,23.0,44.212957697103796,54.0,10098,2017,10098,SAMOS,Lugo,42.747143,-7.24874,826.0
365,16.0,8.0,2.0,33.47280000000001,35.75,23.73717391304348,1.0,11.838082191780824,29.0,44.73640574159444,40.0,10098,2018,10098,SAMOS,Lugo,42.747143,-7.24874,826.0
365,11.0,2.0,0.0,31.215200000000003,33.61,23.48728260869565,0.0,11.94176712328767,14.0,40.074676575021,37.0,10098,2019,10098,SAMOS,Lugo,42.747143,-7.24874,826.0
366,22.0,12.0,2.0,32.89300000000001,36.25,24.398369565217394,0.0,12.599057377049181,14.0,44.59129456735082,48.0,10098,2020,10098,SAMOS,Lugo,42.747143,-7.24874,826.0
365,13.0,3.0,0.0,31.719600000000003,33.15,23.702499999999997,0.0,11.912958904109589,21.0,42.168869903263726,32.0,10098,2021,10098,SAMOS,Lugo,42.747143,-7.24874,826.0
365,33.0,17.0,5.0,35.70160000000001,38.81,26.4675,3.0,13.161452054794522,16.0,49.18370486874596,56.0,10098,2022,10098,SAMOS,Lugo,42.747143,-7.24874,826.0
365,19.0,8.0,3.0,34.537200000000006,38.0,26.1870652173913,1.0,13.124082191780822,24.0,44.94032250110976,55.0,10098,2023,10098,SAMOS,Lugo,42.747143,-7.24874,826.0
366,13.0,7.0,0.0,33.27050000000001,34.85,25.307391304347828,0.0,12.64821038251366,12.0,48.26043557423707,44.0,10098,2024,10098,SAMOS,Lugo,42.747143,-7.24874,826.0
365,37.0,20.0,5.0,35.7444,37.89,27.03369565217391,3.0,12.92841095890411,13.0,46.48234992960589,57.0,10098,2025,10098,SAMOS,Lugo,42.747143,-7.24874,826.0
365,43.0,18.0,4.0,34.936,36.88,27.13902173913043,0.0,12.85990410958904,44.0,47.765809868226405,81.0,10099,2010,10099,BÓVEDA,Lugo,42.64761,-7.476274,432.0
365,49.0,22.0,5.0,36.07800000000001,37.88,26.833043478260873,0.0,13.766972602739727,31.0,48.24943892929628,79.0,10099,2011,10099,BÓVEDA,Lugo,42.64761,-7.476274,432.0
366,34.0,25.0,8.0,36.394000000000005,37.91,26.41086956521739,0.0,12.739713114754098,52.0,49.20756664196553,58.0,10099,2012,10099,BÓVEDA,Lugo,42.64761,-7.476274,432.0
365,44.0,29.0,7.0,35.4944,37.29,28.17554347826088,0.0,12.885123287671233,37.0,49.92539506157287,72.0,10099,2013,10099,BÓVEDA,Lugo,42.64761,-7.476274,432.0
365,20.0,9.0,2.0,32.7168,38.47,26.42673913043479,0.0,13.485,7.0,46.16676375530212,76.0,10099,2014,10099,BÓVEDA,Lugo,42.64761,-7.476274,432.0
365,40.0,19.0,3.0,34.9572,37.73,28.5004347826087,0.0,13.622068493150685,28.0,47.90757779031336,75.0,10099,2015,10099,BÓVEDA,Lugo,42.64761,-7.476274,432.0
366,44.0,28.0,9.0,36.81550000000001,39.21,28.19543478260869,0.0,13.220560109289618,27.0,50.59718777062459,76.0,10099,2016,10099,BÓVEDA,Lugo,42.64761,-7.476274,432.0
365,40.0,20.0,10.0,36.24960000000001,39.64,28.402282608695653,0.0,13.796328767123287,40.0,50.531562467017494,99.0,10099,2017,10099,BÓVEDA,Lugo,42.64761,-7.476274,432.0
365,44.0,26.0,8.0,37.09720000000001,39.18,27.14413043478261,0.0,13.34519178082192,30.0,53.566000084943816,87.0,10099,2018,10099,BÓVEDA,Lugo,42.64761,-7.476274,432.0
365,36.0,17.0,2.0,34.586,36.71,26.991956521739127,0.0,13.108835616438355,41.0,47.68908431025868,74.0,10099,2019,10099,BÓVEDA,Lugo,42.64761,-7.476274,432.0
366,52.0,32.0,12.0,35.909000000000006,39.62,27.8970652173913,0.0,14.097937158469943,25.0,49.904413079774294,81.0,10099,2020,10099,BÓVEDA,Lugo,42.64761,-7.476274,432.0
365,30.0,12.0,2.0,33.8772,35.89,26.666304347826078,0.0,13.314945205479452,33.0,46.25743732440611,56.0,10099,2021,10099,BÓVEDA,Lugo,42.64761,-7.476274,432.0
365,44.0,29.0,9.0,38.02600000000001,40.12,28.477391304347826,0.0,14.44464383561644,39.0,56.39295645609152,89.0,10099,2022,10099,BÓVEDA,Lugo,42.64761,-7.476274,432.0
365,30.0,16.0,6.0,36.4168,40.99,27.85054347826087,0.0,14.209027397260273,37.0,54.02190700637622,101.0,10099,2023,10099,BÓVEDA,Lugo,42.64761,-7.476274,432.0
366,28.0,12.0,2.0,34.40950000000001,37.29,27.52163043478261,0.0,14.037677595628418,15.0,51.2066390055527,75.0,10099,2024,10099,BÓVEDA,Lugo,42.64761,-7.476274,432.0
365,48.0,38.0,16.0,37.62440000000001,39.85,29.639456521739138,0.0,14.229657534246575,28.0,55.547381260769484,82.0,10099,2025,10099,BÓVEDA,Lugo,42.64761,-7.476274,432.0
364,24.0,10.0,0.0,33.10150000000001,34.6,26.369673913043474,0.0,12.195865384615384,44.0,44.090454497059405,52.0,10100,2010,10100,QUIROGA,Lugo,42.492397,-7.275823,697.0
365,19.0,8.0,2.0,33.47880000000002,35.75,24.98467391304348,1.0,13.376876712328766,20.0,42.04546902209029,42.0,10100,2011,10100,QUIROGA,Lugo,42.492397,-7.275823,697.0
366,28.0,16.0,3.0,34.7605,36.34,24.89739130434783,0.0,12.346188524590163,32.0,44.62208598107455,44.0,10100,2012,10100,QUIROGA,Lugo,42.492397,-7.275823,697.0
365,32.0,19.0,6.0,35.3408,35.57,26.887934782608703,0.0,12.329205479452055,34.0,46.67631324002059,62.0,10100,2013,10100,QUIROGA,Lugo,42.492397,-7.275823,697.0
365,13.0,3.0,1.0,31.652,36.04,24.952608695652177,0.0,12.787986301369862,8.0,45.537272447971034,47.0,10100,2014,10100,QUIROGA,Lugo,42.492397,-7.275823,697.0
365,31.0,16.0,2.0,34.2672,36.9,27.7695652173913,0.0,13.322369863013702,19.0,47.714868351244114,71.0,10100,2015,10100,QUIROGA,Lugo,42.492397,-7.275823,697.0
366,38.0,22.0,5.0,36.201,37.9,27.378260869565214,1.0,12.966557377049181,15.0,47.87430909491637,71.0,10100,2016,10100,QUIROGA,Lugo,42.492397,-7.275823,697.0
365,35.0,19.0,7.0,35.2496,38.16,27.980326086956524,4.0,13.912712328767125,28.0,48.74502410412048,80.0,10100,2017,10100,QUIROGA,Lugo,42.492397,-7.275823,697.0
365,37.0,15.0,6.0,35.86440000000001,38.17,26.356413043478256,2.0,13.000739726027398,25.0,49.295040440887334,82.0,10100,2018,10100,QUIROGA,Lugo,42.492397,-7.275823,697.0
365,26.0,12.0,1.0,33.4932,35.45,25.811847826086957,0.0,13.052506849315069,20.0,45.546364304654,73.0,10100,2019,10100,QUIROGA,Lugo,42.492397,-7.275823,697.0
366,48.0,26.0,5.0,35.151,36.98,26.969673913043483,0.0,13.830122950819671,15.0,48.92168880634345,79.0,10100,2020,10100,QUIROGA,Lugo,42.492397,-7.275823,697.0
365,23.0,12.0,0.0,33.176,34.95,25.82184782608695,1.0,13.05064383561644,20.0,46.26227718755993,56.0,10100,2021,10100,QUIROGA,Lugo,42.492397,-7.275823,697.0
365,53.0,32.0,15.0,37.49080000000002,40.31,28.810760869565218,5.0,14.409383561643835,21.0,52.48985737145717,71.0,10100,2022,10100,QUIROGA,Lugo,42.492397,-7.275823,697.0
365,20.0,10.0,4.0,34.78120000000003,39.01,26.601195652173917,2.0,13.951945205479452,20.0,48.226482672155804,68.0,10100,2023,10100,QUIROGA,Lugo,42.492397,-7.275823,697.0
366,21.0,10.0,3.0,33.42600000000001,37.05,26.492173913043477,1.0,13.412322404371585,11.0,48.390049861334205,57.0,10100,2024,10100,QUIROGA,Lugo,42.492397,-7.275823,697.0
365,48.0,30.0,10.0,36.9096,38.95,28.64228260869565,8.0,13.690041095890413,14.0,50.28710369217766,73.0,10100,2025,10100,QUIROGA,Lugo,42.492397,-7.275823,697.0
365,2.0,0.0,0.0,29.5536,31.85,21.66445652173913,0.0,10.273808219178083,48.0,39.40671431019559,20.0,10101,2010,10101,FRIOL,Lugo,43.0374,-7.892649,731.0
365,4.0,3.0,0.0,29.665200000000016,32.82,20.185978260869565,1.0,11.604671232876711,11.0,38.2763878955232,13.0,10101,2011,10101,FRIOL,Lugo,43.0374,-7.892649,731.0
366,7.0,1.0,0.0,31.201500000000003,32.13,20.552500000000002,0.0,10.790846994535519,16.0,41.01443298429923,22.0,10101,2012,10101,FRIOL,Lugo,43.0374,-7.892649,731.0
365,6.0,0.0,0.0,30.437600000000003,30.88,21.777934782608696,0.0,10.636479452054793,22.0,41.57052647030144,23.0,10101,2013,10101,FRIOL,Lugo,43.0374,-7.892649,731.0
365,1.0,0.0,0.0,27.340000000000018,31.97,20.31847826086957,0.0,11.126369863013698,12.0,38.34074958243167,11.0,10101,2014,10101,FRIOL,Lugo,43.0374,-7.892649,731.0
365,1.0,1.0,0.0,28.350400000000008,34.11,22.44086956521739,0.0,11.491027397260275,17.0,38.715808814686,22.0,10101,2015,10101,FRIOL,Lugo,43.0374,-7.892649,731.0
366,11.0,4.0,1.0,31.702500000000043,35.69,22.81163043478261,1.0,11.370054644808743,13.0,42.84724265722455,28.0,10101,2016,10101,FRIOL,Lugo,43.0374,-7.892649,731.0
365,6.0,4.0,1.0,31.422400000000014,36.08,22.526739130434784,2.0,11.957246575342467,14.0,42.26139443278287,22.0,10101,2017,10101,FRIOL,Lugo,43.0374,-7.892649,731.0
365,6.0,5.0,2.0,32.264,35.97,21.926847826086952,0.0,11.32658904109589,27.0,44.3708826129935,37.0,10101,2018,10101,FRIOL,Lugo,43.0374,-7.892649,731.0
365,2.0,0.0,0.0,28.788400000000003,31.85,20.983478260869564,0.0,11.3596301369863,8.0,38.260294160410275,17.0,10101,2019,10101,FRIOL,Lugo,43.0374,-7.892649,731.0
366,7.0,3.0,0.0,31.64200000000001,34.8,21.750760869565216,0.0,11.933838797814207,7.0,41.592844679958496,28.0,10101,2020,10101,FRIOL,Lugo,43.0374,-7.892649,731.0
365,3.0,0.0,0.0,29.063200000000002,31.34,20.523043478260867,0.0,10.952534246575343,16.0,40.49210965748463,15.0,10101,2021,10101,FRIOL,Lugo,43.0374,-7.892649,731.0
365,8.0,5.0,0.0,33.049200000000006,34.83,22.371195652173913,2.0,11.911520547945205,13.0,43.35745511385441,27.0,10101,2022,10101,FRIOL,Lugo,43.0374,-7.892649,731.0
365,6.0,2.0,1.0,30.584000000000014,36.26,22.453152173913043,2.0,12.439753424657535,13.0,43.629870633589874,15.0,10101,2023,10101,FRIOL,Lugo,43.0374,-7.892649,731.0
366,3.0,1.0,0.0,29.58350000000001,32.02,22.081304347826087,0.0,11.899071038251364,9.0,41.1941265901953,18.0,10101,2024,10101,FRIOL,Lugo,43.0374,-7.892649,731.0
365,17.0,8.0,2.0,33.08240000000001,35.42,23.847065217391304,1.0,12.195684931506847,4.0,46.72002351130833,35.0,10101,2025,10101,FRIOL,Lugo,43.0374,-7.892649,731.0
361,31.0,12.0,1.0,33.36,35.25,26.428260869565214,1.0,12.179141274238228,42.0,44.52387307828001,53.0,10102,2010,10102,FOLGOSO DO COUREL,Lugo,42.59468,-7.192392,777.0
365,17.0,9.0,2.0,33.29160000000001,36.16,24.2795652173913,1.0,13.19086301369863,17.0,41.956543811747196,34.0,10102,2011,10102,FOLGOSO DO COUREL,Lugo,42.59468,-7.192392,777.0
366,23.0,10.0,1.0,34.07650000000001,35.78,24.117608695652176,0.0,12.014275956284154,26.0,41.454607490029126,32.0,10102,2012,10102,FOLGOSO DO COUREL,Lugo,42.59468,-7.192392,777.0
365,35.0,17.0,5.0,35.28680000000001,36.42,26.588043478260875,1.0,11.726260273972603,33.0,45.52232498541977,53.0,10102,2013,10102,FOLGOSO DO COUREL,Lugo,42.59468,-7.192392,777.0
365,9.0,3.0,0.0,30.772000000000006,34.55,23.71967391304348,0.0,12.020767123287671,23.0,42.46206368829365,22.0,10102,2014,10102,FOLGOSO DO COUREL,Lugo,42.59468,-7.192392,777.0
365,29.0,15.0,2.0,34.00200000000001,36.65,27.195543478260873,0.0,12.755698630136987,26.0,45.98140790829651,51.0,10102,2015,10102,FOLGOSO DO COUREL,Lugo,42.59468,-7.192392,777.0
366,37.0,19.0,4.0,35.097000000000016,37.77,26.67402173913044,2.0,12.157677595628416,24.0,44.828380476458676,57.0,10102,2016,10102,FOLGOSO DO COUREL,Lugo,42.59468,-7.192392,777.0
365,23.0,14.0,4.0,34.943200000000004,38.07,26.50163043478261,4.0,13.038643835616437,22.0,43.86096456252697,56.0,10102,2017,10102,FOLGOSO DO COUREL,Lugo,42.59468,-7.192392,777.0
365,25.0,14.0,6.0,35.778800000000004,37.38,25.341195652173912,2.0,12.01035616438356,40.0,45.216883550589955,56.0,10102,2018,10102,FOLGOSO DO COUREL,Lugo,42.59468,-7.192392,777.0
365,16.0,6.0,0.0,32.46560000000001,34.84,24.726956521739133,0.0,12.122123287671235,30.0,43.07042308220013,49.0,10102,2019,10102,FOLGOSO DO COUREL,Lugo,42.59468,-7.192392,777.0
366,39.0,21.0,3.0,34.731500000000004,37.71,25.945217391304347,2.0,12.90013661202186,22.0,47.17552862501062,63.0,10102,2020,10102,FOLGOSO DO COUREL,Lugo,42.59468,-7.192392,777.0
365,13.0,3.0,0.0,31.4908,33.41,24.41086956521739,1.0,11.980095890410961,26.0,41.82204554108761,41.0,10102,2021,10102,FOLGOSO DO COUREL,Lugo,42.59468,-7.192392,777.0
365,46.0,26.0,8.0,36.7536,39.13,27.617826086956523,7.0,13.434013698630137,17.0,47.93613704575292,65.0,10102,2022,10102,FOLGOSO DO COUREL,Lugo,42.59468,-7.192392,777.0
365,20.0,8.0,4.0,34.96640000000002,39.33,26.053804347826084,1.0,13.129410958904112,26.0,45.62344625694607,54.0,10102,2023,10102,FOLGOSO DO COUREL,Lugo,42.59468,-7.192392,777.0
366,23.0,8.0,2.0,34.48200000000001,38.78,26.48195652173912,0.0,12.86416666666667,21.0,46.79593450101139,51.0,10102,2024,10102,FOLGOSO DO COUREL,Lugo,42.59468,-7.192392,777.0
365,46.0,33.0,12.0,36.1604,39.0,28.310217391304352,7.0,13.385520547945205,15.0,47.203440390727195,62.0,10102,2025,10102,FOLGOSO DO COUREL,Lugo,42.59468,-7.192392,777.0
365,1.0,0.0,0.0,26.552400000000002,31.85,21.307065217391305,0.0,12.992671232876711,8.0,35.45417141333052,5.0,10103,2010,10103,FOZ,Lugo,43.558243,-7.278138,73.0
364,2.0,2.0,0.0,29.6962,32.54,21.981318681318683,0.0,14.195700549450546,0.0,41.46434499350535,19.0,10103,2011,10103,FOZ,Lugo,43.558243,-7.278138,73.0
366,2.0,0.0,0.0,28.376000000000023,31.17,22.502717391304348,0.0,13.675259562841532,3.0,39.284470085233046,18.0,10103,2012,10103,FOZ,Lugo,43.558243,-7.278138,73.0
365,1.0,0.0,0.0,25.870400000000004,30.34,21.051195652173913,0.0,13.650739726027396,0.0,34.72810884669001,4.0,10103,2013,10103,FOZ,Lugo,43.558243,-7.278138,73.0
365,1.0,0.0,0.0,27.8456,30.82,22.344130434782606,0.0,14.287013698630137,2.0,38.74287370274769,14.0,10103,2014,10103,FOZ,Lugo,43.558243,-7.278138,73.0
365,1.0,0.0,0.0,28.751600000000003,30.48,22.350869565217387,0.0,14.172260273972602,1.0,39.54151308694227,14.0,10103,2015,10103,FOZ,Lugo,43.558243,-7.278138,73.0
366,0.0,0.0,0.0,25.092500000000005,28.06,21.17010869565217,0.0,13.459398907103827,0.0,34.62705260309,3.0,10103,2016,10103,FOZ,Lugo,43.558243,-7.278138,73.0
365,2.0,1.0,0.0,28.5436,34.82,21.488260869565217,0.0,13.75190410958904,4.0,38.111157758500454,7.0,10103,2017,10103,FOZ,Lugo,43.558243,-7.278138,73.0
365,0.0,0.0,0.0,25.624000000000006,28.13,21.42717391304348,0.0,13.551260273972606,5.0,35.04364865822238,4.0,10103,2018,10103,FOZ,Lugo,43.558243,-7.278138,73.0
365,1.0,0.0,0.0,27.134800000000013,30.83,21.24891304347826,1.0,13.501424657534248,4.0,37.33029774180985,7.0,10103,2019,10103,FOZ,Lugo,43.558243,-7.278138,73.0
366,0.0,0.0,0.0,27.726500000000012,29.87,21.709021739130435,0.0,14.162404371584701,0.0,37.515162389393375,7.0,10103,2020,10103,FOZ,Lugo,43.558243,-7.278138,73.0
365,1.0,0.0,0.0,26.820400000000014,30.14,20.530108695652178,0.0,13.442602739726027,6.0,36.05951950378118,5.0,10103,2021,10103,FOZ,Lugo,43.558243,-7.278138,73.0
365,0.0,0.0,0.0,25.994400000000002,27.59,21.467826086956517,0.0,14.26923287671233,3.0,35.473331494618165,5.0,10103,2022,10103,FOZ,Lugo,43.558243,-7.278138,73.0
365,4.0,0.0,0.0,29.841600000000003,31.47,23.282717391304345,3.0,14.820753424657536,5.0,41.511860549615136,29.0,10103,2023,10103,FOZ,Lugo,43.558243,-7.278138,73.0
366,0.0,0.0,0.0,25.366000000000003,25.97,20.76934782608696,0.0,14.063292349726773,2.0,35.581304365575754,6.0,10103,2024,10103,FOZ,Lugo,43.558243,-7.278138,73.0
365,0.0,0.0,0.0,25.360000000000007,27.24,22.002391304347828,0.0,14.164232876712328,3.0,33.57556769195652,3.0,10103,2025,10103,FOZ,Lugo,43.558243,-7.278138,73.0
365,0.0,0.0,0.0,23.837200000000003,28.49,18.253804347826087,0.0,10.498342465753424,15.0,30.719048773239138,2.0,10104,2010,10104,VIVEIRO,Lugo,43.660763,-7.562965,545.0
365,1.0,0.0,0.0,28.323600000000003,30.81,17.82913043478261,3.0,12.001479452054795,0.0,33.9388779783246,3.0,10104,2011,10104,VIVEIRO,Lugo,43.660763,-7.562965,545.0
366,2.0,0.0,0.0,29.477500000000003,31.56,19.324021739130437,0.0,11.543292349726777,1.0,36.10974561507509,6.0,10104,2012,10104,VIVEIRO,Lugo,43.660763,-7.562965,545.0
365,0.0,0.0,0.0,26.212800000000016,29.94,18.34967391304348,0.0,11.189602739726027,3.0,32.407308008287714,0.0,10104,2013,10104,VIVEIRO,Lugo,43.660763,-7.562965,545.0
365,0.0,0.0,0.0,24.068000000000005,26.94,18.298260869565215,1.0,11.76549315068493,0.0,29.89988960759761,0.0,10104,2014,10104,VIVEIRO,Lugo,43.660763,-7.562965,545.0
365,0.0,0.0,0.0,24.7148,27.15,18.598152173913043,0.0,11.703589041095892,2.0,31.371934542766333,1.0,10104,2015,10104,VIVEIRO,Lugo,43.660763,-7.562965,545.0
366,2.0,0.0,0.0,28.394000000000002,30.96,18.49771739130435,1.0,11.4530737704918,0.0,37.1002731714502,6.0,10104,2016,10104,VIVEIRO,Lugo,43.660763,-7.562965,545.0
365,3.0,0.0,0.0,28.960800000000017,30.97,18.7375,3.0,11.777972602739723,2.0,36.52147253861244,5.0,10104,2017,10104,VIVEIRO,Lugo,43.660763,-7.562965,545.0
365,0.0,0.0,0.0,25.619600000000002,26.53,18.200652173913046,0.0,11.182246575342466,5.0,33.12468996568095,2.0,10104,2018,10104,VIVEIRO,Lugo,43.660763,-7.562965,545.0
365,2.0,0.0,0.0,24.339600000000008,31.1,18.00565217391304,0.0,11.448767123287672,0.0,32.00609755033835,1.0,10104,2019,10104,VIVEIRO,Lugo,43.660763,-7.562965,545.0
366,1.0,1.0,0.0,26.323500000000017,32.56,18.289130434782606,0.0,11.960204918032785,0.0,36.25711241530857,5.0,10104,2020,10104,VIVEIRO,Lugo,43.660763,-7.562965,545.0
365,1.0,0.0,0.0,24.3316,30.19,16.997826086956522,0.0,11.272465753424656,1.0,31.51037822760384,1.0,10104,2021,10104,VIVEIRO,Lugo,43.660763,-7.562965,545.0
365,2.0,2.0,0.0,28.0116,34.23,19.238804347826086,2.0,12.220520547945204,0.0,37.279959320037705,8.0,10104,2022,10104,VIVEIRO,Lugo,43.660763,-7.562965,545.0
365,6.0,1.0,0.0,30.738,32.61,20.171847826086957,7.0,12.793479452054795,0.0,36.90680398222833,8.0,10104,2023,10104,VIVEIRO,Lugo,43.660763,-7.562965,545.0
366,1.0,0.0,0.0,25.846000000000004,30.78,18.157934782608695,0.0,12.115942622950818,0.0,33.16162174222888,3.0,10104,2024,10104,VIVEIRO,Lugo,43.660763,-7.562965,545.0
365,2.0,0.0,0.0,28.155600000000003,30.74,19.481304347826086,0.0,12.215589041095892,0.0,36.97911627205549,7.0,10104,2025,10104,VIVEIRO,Lugo,43.660763,-7.562965,545.0
365,5.0,2.0,0.0,30.4156,33.47,22.59010869565218,0.0,11.22672602739726,40.0,40.62284407385169,33.0,10105,2010,10105,POL,Lugo,43.162598,-7.282577,647.0
365,6.0,3.0,0.0,30.329200000000007,34.86,21.4425,0.0,12.31669863013699,15.0,40.478882384704924,21.0,10105,2011,10105,POL,Lugo,43.162598,-7.282577,647.0
366,13.0,7.0,0.0,33.014500000000005,34.57,22.179891304347827,0.0,11.49176229508197,24.0,43.79811657740408,28.0,10105,2012,10105,POL,Lugo,43.162598,-7.282577,647.0
365,7.0,2.0,0.0,31.574400000000008,33.56,22.736956521739128,0.0,11.21049315068493,21.0,42.08543866551524,33.0,10105,2013,10105,POL,Lugo,43.162598,-7.282577,647.0
365,1.0,1.0,0.0,27.184800000000006,33.14,21.247391304347822,0.0,11.757383561643834,7.0,37.6700226028169,10.0,10105,2014,10105,POL,Lugo,43.162598,-7.282577,647.0
365,6.0,2.0,0.0,30.9688,33.12,23.562391304347823,0.0,12.16127397260274,16.0,42.667913357061856,27.0,10105,2015,10105,POL,Lugo,43.162598,-7.282577,647.0
366,14.0,6.0,2.0,32.82050000000002,36.78,23.5579347826087,0.0,11.861379781420766,11.0,45.32385715055142,39.0,10105,2016,10105,POL,Lugo,43.162598,-7.282577,647.0
365,9.0,4.0,1.0,32.249600000000015,37.3,23.413478260869564,1.0,12.43113698630137,21.0,44.294789150022766,30.0,10105,2017,10105,POL,Lugo,43.162598,-7.282577,647.0
365,7.0,6.0,0.0,32.4796,34.15,22.417499999999997,0.0,11.68831506849315,23.0,46.17748819522211,38.0,10105,2018,10105,POL,Lugo,43.162598,-7.282577,647.0
365,6.0,1.0,0.0,30.081200000000003,33.27,22.21141304347826,0.0,11.85645205479452,10.0,41.94763244924373,30.0,10105,2019,10105,POL,Lugo,43.162598,-7.282577,647.0
366,9.0,4.0,0.0,32.14300000000003,34.95,22.511413043478264,0.0,12.520546448087433,7.0,42.675624438368075,39.0,10105,2020,10105,POL,Lugo,43.162598,-7.282577,647.0
365,3.0,1.0,0.0,28.590400000000002,32.22,21.1125,0.0,11.555232876712328,19.0,39.50239652948976,20.0,10105,2021,10105,POL,Lugo,43.162598,-7.282577,647.0
365,16.0,5.0,2.0,33.013200000000005,37.29,23.30141304347826,1.0,12.68527397260274,12.0,44.57448409054145,31.0,10105,2022,10105,POL,Lugo,43.162598,-7.282577,647.0
365,9.0,2.0,1.0,31.479200000000002,37.0,23.317608695652172,0.0,12.894712328767122,18.0,42.47314637591171,27.0,10105,2023,10105,POL,Lugo,43.162598,-7.282577,647.0
366,3.0,2.0,0.0,29.616000000000007,34.68,22.038695652173914,0.0,12.34377049180328,8.0,41.66748268706574,22.0,10105,2024,10105,POL,Lugo,43.162598,-7.282577,647.0
365,16.0,9.0,3.0,34.245200000000004,36.11,24.213478260869568,0.0,12.671123287671236,8.0,47.59432393374798,32.0,10105,2025,10105,POL,Lugo,43.162598,-7.282577,647.0
365,2.0,0.0,0.0,27.85,31.2,19.939021739130435,0.0,10.726082191780822,43.0,39.641895499320015,15.0,10106,2010,10106,A PONTENOVA,Lugo,43.339153,-7.168036,490.0
365,8.0,3.0,0.0,30.864800000000002,34.57,20.312826086956523,0.0,12.619191780821916,1.0,43.86661631577629,25.0,10106,2011,10106,A PONTENOVA,Lugo,43.339153,-7.168036,490.0
366,11.0,5.0,2.0,32.336500000000015,35.46,21.925217391304347,0.0,11.942841530054645,17.0,44.160408951901154,22.0,10106,2012,10106,A PONTENOVA,Lugo,43.339153,-7.168036,490.0
365,5.0,2.0,0.0,30.376800000000006,33.28,20.69467391304348,0.0,11.655356164383562,8.0,42.398653201589525,12.0,10106,2013,10106,A PONTENOVA,Lugo,43.339153,-7.168036,490.0
365,0.0,0.0,0.0,27.152400000000004,28.58,20.960760869565217,0.0,12.402342465753424,2.0,38.76297393058626,14.0,10106,2014,10106,A PONTENOVA,Lugo,43.339153,-7.168036,490.0
365,2.0,0.0,0.0,29.014000000000003,31.85,22.23304347826087,0.0,12.544520547945206,6.0,42.359391424416565,23.0,10106,2015,10106,A PONTENOVA,Lugo,43.339153,-7.168036,490.0
366,9.0,5.0,1.0,32.5275,36.52,22.07141304347826,0.0,12.548715846994535,4.0,46.46435379991317,27.0,10106,2016,10106,A PONTENOVA,Lugo,43.339153,-7.168036,490.0
365,7.0,2.0,0.0,30.63,34.17,22.2595652173913,1.0,13.08076712328767,9.0,42.7155040841091,27.0,10106,2017,10106,A PONTENOVA,Lugo,43.339153,-7.168036,490.0
365,1.0,0.0,0.0,28.082000000000004,30.46,21.09108695652174,0.0,12.542123287671233,10.0,40.496058789204994,21.0,10106,2018,10106,A PONTENOVA,Lugo,43.339153,-7.168036,490.0
365,3.0,2.0,1.0,29.176000000000002,35.19,21.86336956521739,0.0,12.969794520547946,2.0,40.69530257568903,23.0,10106,2019,10106,A PONTENOVA,Lugo,43.339153,-7.168036,490.0
366,8.0,3.0,1.0,31.000000000000014,36.47,21.94532608695652,0.0,13.668374316939891,1.0,44.66086573236418,30.0,10106,2020,10106,A PONTENOVA,Lugo,43.339153,-7.168036,490.0
365,2.0,2.0,1.0,28.460400000000003,36.86,21.347282608695654,0.0,12.97154794520548,7.0,40.29041479795238,21.0,10106,2021,10106,A PONTENOVA,Lugo,43.339153,-7.168036,490.0
365,10.0,2.0,2.0,31.3296,38.81,23.079782608695655,0.0,13.931931506849315,5.0,45.24678570730148,33.0,10106,2022,10106,A PONTENOVA,Lugo,43.339153,-7.168036,490.0
365,14.0,7.0,1.0,32.69000000000001,37.9,24.200869565217392,0.0,14.227739726027398,13.0,44.33647489046358,40.0,10106,2023,10106,A PONTENOVA,Lugo,43.339153,-7.168036,490.0
366,3.0,2.0,1.0,29.248500000000003,35.24,21.747717391304345,0.0,13.478907103825136,4.0,41.892371484474964,20.0,10106,2024,10106,A PONTENOVA,Lugo,43.339153,-7.168036,490.0
365,9.0,4.0,1.0,32.18520000000001,35.94,23.16021739130435,0.0,13.686780821917809,3.0,45.8488342133311,25.0,10106,2025,10106,A PONTENOVA,Lugo,43.339153,-7.168036,490.0
365,4.0,1.0,0.0,29.850000000000012,32.08,22.553695652173907,0.0,10.892904109589042,56.0,41.920343339673664,33.0,10107,2010,10107,GUITIRIZ,Lugo,43.14569,-7.791122,496.0
365,9.0,3.0,1.0,30.470000000000002,35.13,22.142934782608698,0.0,12.050753424657533,37.0,43.48394185171614,37.0,10107,2011,10107,GUITIRIZ,Lugo,43.14569,-7.791122,496.0
366,15.0,7.0,0.0,32.904,34.25,22.81097826086956,0.0,11.12087431693989,68.0,46.50923189886367,32.0,10107,2012,10107,GUITIRIZ,Lugo,43.14569,-7.791122,496.0
365,7.0,4.0,0.0,32.0412,32.74,23.202282608695654,0.0,11.255986301369862,49.0,43.63909976393818,34.0,10107,2013,10107,GUITIRIZ,Lugo,43.14569,-7.791122,496.0
365,2.0,1.0,0.0,28.502800000000004,33.57,22.24032608695652,0.0,11.791356164383563,20.0,39.61061675517851,20.0,10107,2014,10107,GUITIRIZ,Lugo,43.14569,-7.791122,496.0
365,5.0,1.0,0.0,30.218,33.76,24.05336956521739,0.0,11.937972602739725,43.0,41.636055728454515,31.0,10107,2015,10107,GUITIRIZ,Lugo,43.14569,-7.791122,496.0
366,14.0,6.0,2.0,33.27200000000005,36.66,24.382934782608697,0.0,11.541229508196722,43.0,47.63444072691537,44.0,10107,2016,10107,GUITIRIZ,Lugo,43.14569,-7.791122,496.0
365,10.0,7.0,2.0,32.915200000000006,37.47,24.12467391304347,0.0,12.053520547945205,56.0,47.07412411798404,34.0,10107,2017,10107,GUITIRIZ,Lugo,43.14569,-7.791122,496.0
365,9.0,5.0,1.0,33.319200000000016,36.33,23.49815217391304,0.0,11.695616438356163,46.0,49.22144800005436,42.0,10107,2018,10107,GUITIRIZ,Lugo,43.14569,-7.791122,496.0
365,6.0,2.0,0.0,30.2608,33.49,22.484456521739126,0.0,11.480534246575344,43.0,42.48225704478622,35.0,10107,2019,10107,GUITIRIZ,Lugo,43.14569,-7.791122,496.0
366,12.0,5.0,1.0,33.7075,36.37,23.323804347826087,0.0,12.315450819672131,36.0,49.56918649834039,44.0,10107,2020,10107,GUITIRIZ,Lugo,43.14569,-7.791122,496.0
365,9.0,4.0,0.0,31.008400000000023,33.52,22.72804347826087,0.0,11.585753424657534,46.0,45.35213035125476,30.0,10107,2021,10107,GUITIRIZ,Lugo,43.14569,-7.791122,496.0
365,12.0,7.0,3.0,34.28800000000001,37.07,23.935760869565218,0.0,12.54404109589041,40.0,50.352555844282236,37.0,10107,2022,10107,GUITIRIZ,Lugo,43.14569,-7.791122,496.0
365,9.0,2.0,0.0,31.872400000000003,34.01,23.774456521739136,0.0,12.679671232876712,39.0,47.034056458634616,42.0,10107,2023,10107,GUITIRIZ,Lugo,43.14569,-7.791122,496.0
366,5.0,3.0,0.0,30.618000000000034,33.56,23.38445652173913,0.0,12.406229508196722,21.0,43.99986475021723,34.0,10107,2024,10107,GUITIRIZ,Lugo,43.14569,-7.791122,496.0
365,19.0,12.0,2.0,34.03320000000001,36.19,24.9325,0.0,12.510643835616438,33.0,51.544988696921344,48.0,10107,2025,10107,GUITIRIZ,Lugo,43.14569,-7.791122,496.0
365,20.0,2.0,1.0,31.836000000000002,35.1,25.504347826086956,0.0,12.016712328767124,52.0,43.66309015960078,64.0,10108,2010,10108,PORTOMARÍN,Lugo,42.813114,-7.620155,447.0
365,27.0,7.0,4.0,34.9652,36.92,24.989130434782602,0.0,13.074438356164384,30.0,48.27772867846274,66.0,10108,2011,10108,PORTOMARÍN,Lugo,42.813114,-7.620155,447.0
366,29.0,17.0,5.0,35.269000000000005,36.3,25.374239130434784,0.0,12.165765027322404,54.0,49.72014986852661,52.0,10108,2012,10108,PORTOMARÍN,Lugo,42.813114,-7.620155,447.0
365,35.0,18.0,1.0,34.542,36.91,26.852065217391303,0.0,12.376904109589043,41.0,50.63323741160191,61.0,10108,2013,10108,PORTOMARÍN,Lugo,42.813114,-7.620155,447.0
365,10.0,4.0,1.0,32.01800000000001,36.65,25.682717391304344,0.0,13.024506849315067,13.0,46.57793296040673,64.0,10108,2014,10108,PORTOMARÍN,Lugo,42.813114,-7.620155,447.0
365,28.0,14.0,3.0,34.27920000000001,37.36,27.67706521739131,0.0,13.235835616438356,30.0,48.72636949113133,72.0,10108,2015,10108,PORTOMARÍN,Lugo,42.813114,-7.620155,447.0
366,35.0,22.0,8.0,36.03900000000001,39.21,27.48021739130435,0.0,12.722281420765027,28.0,52.02447911155756,75.0,10108,2016,10108,PORTOMARÍN,Lugo,42.813114,-7.620155,447.0
365,31.0,16.0,6.0,36.0092,39.56,27.458369565217392,0.0,13.320821917808221,39.0,52.82592971999185,97.0,10108,2017,10108,PORTOMARÍN,Lugo,42.813114,-7.620155,447.0
365,28.0,13.0,6.0,35.9596,38.34,25.945543478260873,0.0,12.911972602739725,23.0,54.84563779835842,82.0,10108,2018,10108,PORTOMARÍN,Lugo,42.813114,-7.620155,447.0
365,21.0,11.0,1.0,33.344,35.37,25.74967391304348,0.0,12.72835616438356,37.0,49.031774221355214,69.0,10108,2019,10108,PORTOMARÍN,Lugo,42.813114,-7.620155,447.0
366,35.0,21.0,4.0,35.155500000000025,38.48,26.398804347826083,0.0,13.727445355191257,23.0,51.82023363023265,70.0,10108,2020,10108,PORTOMARÍN,Lugo,42.813114,-7.620155,447.0
365,19.0,9.0,0.0,33.997600000000006,34.86,25.605652173913047,0.0,12.833863013698629,34.0,50.27448949408819,61.0,10108,2021,10108,PORTOMARÍN,Lugo,42.813114,-7.620155,447.0
365,37.0,23.0,10.0,37.69200000000001,39.3,27.469021739130426,0.0,13.909561643835616,42.0,56.90603798888095,83.0,10108,2022,10108,PORTOMARÍN,Lugo,42.813114,-7.620155,447.0
365,24.0,13.0,5.0,35.1668,41.09,27.519565217391307,0.0,14.046616438356162,35.0,53.51060811086668,91.0,10108,2023,10108,PORTOMARÍN,Lugo,42.813114,-7.620155,447.0
366,23.0,9.0,3.0,34.188000000000024,37.48,26.859565217391303,0.0,13.637609289617485,12.0,50.39137295267601,68.0,10108,2024,10108,PORTOMARÍN,Lugo,42.813114,-7.620155,447.0
365,36.0,29.0,11.0,37.8828,39.41,28.54097826086956,0.0,13.91382191780822,27.0,57.82770374186821,91.0,10108,2025,10108,PORTOMARÍN,Lugo,42.813114,-7.620155,447.0
365,28.0,14.0,2.0,34.150800000000004,36.12,26.161304347826082,0.0,12.210369863013698,40.0,45.63915553757674,50.0,10109,2010,10109,AVIÓN,Ourense,42.414585,-8.238242,553.0
365,28.0,9.0,3.0,33.86440000000002,36.76,24.795217391304345,0.0,13.69798630136986,9.0,44.718028870011175,55.0,10109,2011,10109,AVIÓN,Ourense,42.414585,-8.238242,553.0
366,22.0,13.0,2.0,33.3915,35.26,24.033695652173908,0.0,12.688196721311476,12.0,44.38668570164376,46.0,10109,2012,10109,AVIÓN,Ourense,42.414585,-8.238242,553.0
365,34.0,20.0,5.0,35.7692,37.17,26.48228260869565,0.0,12.764849315068494,10.0,47.88929602676403,53.0,10109,2013,10109,AVIÓN,Ourense,42.414585,-8.238242,553.0
365,12.0,4.0,1.0,31.99480000000001,35.1,24.21706521739131,0.0,13.133602739726026,3.0,44.16458582402292,28.0,10109,2014,10109,AVIÓN,Ourense,42.414585,-8.238242,553.0
365,26.0,13.0,2.0,33.6736,36.83,26.726630434782603,0.0,13.571068493150683,8.0,45.984232110277915,50.0,10109,2015,10109,AVIÓN,Ourense,42.414585,-8.238242,553.0
366,36.0,23.0,5.0,36.171,37.99,27.36804347826087,1.0,13.224603825136612,3.0,46.6355978021865,58.0,10109,2016,10109,AVIÓN,Ourense,42.414585,-8.238242,553.0
365,27.0,15.0,4.0,34.85320000000001,36.74,26.52782608695652,1.0,13.984602739726027,12.0,45.4780293963728,56.0,10109,2017,10109,AVIÓN,Ourense,42.414585,-8.238242,553.0
365,31.0,13.0,4.0,35.379200000000026,38.32,25.440000000000005,4.0,13.25031506849315,12.0,47.217660515397014,64.0,10109,2018,10109,AVIÓN,Ourense,42.414585,-8.238242,553.0
365,16.0,5.0,0.0,32.900000000000006,34.32,24.32869565217391,0.0,13.124424657534243,6.0,42.8283414502182,50.0,10109,2019,10109,AVIÓN,Ourense,42.414585,-8.238242,553.0
366,40.0,23.0,3.0,34.781000000000006,36.18,26.354782608695654,0.0,13.86662568306011,6.0,46.96401671219333,65.0,10109,2020,10109,AVIÓN,Ourense,42.414585,-8.238242,553.0
365,18.0,7.0,0.0,32.592400000000005,34.73,24.949347826086957,0.0,13.187698630136987,12.0,45.05607974217456,44.0,10109,2021,10109,AVIÓN,Ourense,42.414585,-8.238242,553.0
365,38.0,26.0,9.0,36.1576,39.25,27.680869565217396,3.0,14.278684931506847,8.0,51.027983678729406,76.0,10109,2022,10109,AVIÓN,Ourense,42.414585,-8.238242,553.0
365,17.0,7.0,3.0,33.4216,37.83,26.238913043478256,1.0,14.055041095890411,14.0,47.705414695722546,61.0,10109,2023,10109,AVIÓN,Ourense,42.414585,-8.238242,553.0
366,31.0,17.0,4.0,34.94400000000001,38.2,27.42489130434783,1.0,13.984972677595628,8.0,50.48173029805775,60.0,10109,2024,10109,AVIÓN,Ourense,42.414585,-8.238242,553.0
365,51.0,32.0,15.0,36.2168,37.04,28.518478260869568,4.0,14.170616438356163,4.0,50.47575715776876,66.0,10109,2025,10109,AVIÓN,Ourense,42.414585,-8.238242,553.0
365,29.0,13.0,1.0,33.48080000000001,35.54,26.67858695652174,0.0,10.205849315068495,75.0,43.68068054334882,55.0,10110,2010,10110,BALTAR,Ourense,41.94622,-7.708379,807.0
365,15.0,8.0,0.0,33.1252,34.59,24.92097826086957,0.0,11.227452054794522,73.0,40.31757492219623,38.0,10110,2011,10110,BALTAR,Ourense,41.94622,-7.708379,807.0
366,19.0,10.0,1.0,33.46050000000001,36.48,24.447499999999994,0.0,10.507131147540983,83.0,41.752379683076114,26.0,10110,2012,10110,BALTAR,Ourense,41.94622,-7.708379,807.0
365,33.0,19.0,6.0,36.3888,37.23,26.97967391304348,0.0,10.697301369863014,85.0,45.590087213480125,51.0,10110,2013,10110,BALTAR,Ourense,41.94622,-7.708379,807.0
365,15.0,7.0,0.0,32.4972,33.41,24.787717391304344,0.0,11.018410958904111,57.0,42.218605295761506,23.0,10110,2014,10110,BALTAR,Ourense,41.94622,-7.708379,807.0
365,33.0,17.0,2.0,34.824400000000004,36.47,27.70369565217391,0.0,11.409520547945206,90.0,45.71013060675019,61.0,10110,2015,10110,BALTAR,Ourense,41.94622,-7.708379,807.0
366,37.0,26.0,6.0,35.1525,36.54,27.462065217391302,0.0,11.207636612021858,71.0,45.456124165882144,61.0,10110,2016,10110,BALTAR,Ourense,41.94622,-7.708379,807.0
365,23.0,17.0,3.0,34.6424,36.41,26.86913043478261,0.0,11.408260273972601,92.0,45.01953736777073,56.0,10110,2017,10110,BALTAR,Ourense,41.94622,-7.708379,807.0
365,25.0,11.0,4.0,34.83320000000003,37.62,25.169999999999998,0.0,10.911931506849317,80.0,47.01484691373883,60.0,10110,2018,10110,BALTAR,Ourense,41.94622,-7.708379,807.0
365,16.0,5.0,0.0,32.266000000000005,34.95,24.489347826086956,0.0,10.747698630136986,89.0,42.626599701930175,42.0,10110,2019,10110,BALTAR,Ourense,41.94622,-7.708379,807.0
366,34.0,15.0,1.0,34.107,35.47,25.950326086956526,0.0,11.487759562841532,69.0,43.264785764092245,55.0,10110,2020,10110,BALTAR,Ourense,41.94622,-7.708379,807.0
365,15.0,4.0,0.0,32.092800000000004,34.33,24.725760869565217,0.0,10.912301369863014,71.0,43.7519749949885,45.0,10110,2021,10110,BALTAR,Ourense,41.94622,-7.708379,807.0
365,43.0,30.0,10.0,36.86,38.33,27.97565217391304,0.0,12.050219178082191,74.0,48.70962681995935,71.0,10110,2022,10110,BALTAR,Ourense,41.94622,-7.708379,807.0
365,14.0,7.0,4.0,34.26280000000002,38.44,25.938043478260873,0.0,11.75413698630137,82.0,45.18201510502965,55.0,10110,2023,10110,BALTAR,Ourense,41.94622,-7.708379,807.0
366,20.0,9.0,2.0,34.08000000000001,36.89,26.415434782608692,0.0,11.894918032786885,46.0,46.05615759255628,46.0,10110,2024,10110,BALTAR,Ourense,41.94622,-7.708379,807.0
365,43.0,28.0,11.0,35.8536,36.96,28.204565217391295,0.0,11.82145205479452,58.0,45.28014090489956,54.0,10110,2025,10110,BALTAR,Ourense,41.94622,-7.708379,807.0
365,29.0,15.0,1.0,33.579200000000014,35.39,26.160326086956516,6.0,12.37923287671233,39.0,41.13983410722906,38.0,10111,2010,10111,ENTRIMO,Ourense,41.944828,-8.106171,763.0
365,18.0,9.0,0.0,33.5768,34.59,24.392934782608698,1.0,13.461054794520548,14.0,39.778275764156575,26.0,10111,2011,10111,ENTRIMO,Ourense,41.944828,-8.106171,763.0
366,17.0,6.0,1.0,32.868,35.44,23.236086956521742,0.0,12.17924863387978,22.0,39.27900647230843,30.0,10111,2012,10111,ENTRIMO,Ourense,41.944828,-8.106171,763.0
365,38.0,21.0,5.0,36.233599999999996,37.96,26.619891304347824,5.0,12.400684931506849,22.0,43.791012007257606,53.0,10111,2013,10111,ENTRIMO,Ourense,41.944828,-8.106171,763.0
365,10.0,3.0,0.0,31.008000000000003,34.65,23.735326086956523,0.0,12.603095890410959,5.0,40.9369314306542,25.0,10111,2014,10111,ENTRIMO,Ourense,41.944828,-8.106171,763.0
365,25.0,10.0,1.0,33.80760000000001,35.16,26.35750000000001,0.0,13.357191780821918,14.0,41.835385425331374,46.0,10111,2015,10111,ENTRIMO,Ourense,41.944828,-8.106171,763.0
366,42.0,26.0,7.0,36.388000000000005,38.15,27.7795652173913,3.0,13.109898010928962,8.0,45.31250575094661,65.0,10111,2016,10111,ENTRIMO,Ourense,41.944828,-8.106171,763.0
365,36.0,15.0,2.0,34.2836,35.69,26.76021739130436,2.0,13.923150684931503,20.0,43.357758925055066,60.0,10111,2017,10111,ENTRIMO,Ourense,41.944828,-8.106171,763.0
365,40.0,19.0,6.0,36.00200000000002,38.55,25.947391304347825,4.0,12.939342465753427,21.0,46.75019494706657,75.0,10111,2018,10111,ENTRIMO,Ourense,41.944828,-8.106171,763.0
365,21.0,7.0,0.0,32.7372,33.82,24.46217391304348,0.0,12.922301369863012,10.0,43.619257947007554,54.0,10111,2019,10111,ENTRIMO,Ourense,41.944828,-8.106171,763.0
366,49.0,29.0,2.0,34.729000000000006,35.87,26.537826086956517,0.0,13.527199453551912,10.0,46.3351831932247,66.0,10111,2020,10111,ENTRIMO,Ourense,41.944828,-8.106171,763.0
365,21.0,8.0,1.0,33.629200000000004,35.46,25.49413043478261,0.0,13.04608219178082,21.0,44.799986162679964,58.0,10111,2021,10111,ENTRIMO,Ourense,41.944828,-8.106171,763.0
365,45.0,28.0,10.0,36.8416,38.93,27.70836956521739,8.0,13.944561643835618,11.0,48.299585429554725,73.0,10111,2022,10111,ENTRIMO,Ourense,41.944828,-8.106171,763.0
365,18.0,6.0,4.0,34.06920000000002,37.52,25.611847826086954,3.0,13.574219178082192,18.0,45.953549786117385,56.0,10111,2023,10111,ENTRIMO,Ourense,41.944828,-8.106171,763.0
366,29.0,14.0,4.0,34.58750000000001,36.71,26.622934782608695,3.0,13.58351092896175,6.0,48.13515839940059,65.0,10111,2024,10111,ENTRIMO,Ourense,41.944828,-8.106171,763.0
365,51.0,38.0,11.0,36.2032,37.76,28.806413043478262,9.0,13.72195890410959,9.0,49.38541608501471,77.0,10111,2025,10111,ENTRIMO,Ourense,41.944828,-8.106171,763.0
365,33.0,15.0,1.0,34.176,36.11,26.965760869565212,0.0,12.750794520547945,34.0,45.637746047130875,60.0,10112,2010,10112,CELANOVA,Ourense,42.173622,-7.968152,623.0
365,21.0,11.0,2.0,34.1208,36.72,25.43163043478261,2.0,13.800219178082191,10.0,44.10238816333159,52.0,10112,2011,10112,CELANOVA,Ourense,42.173622,-7.968152,623.0
366,25.0,12.0,2.0,34.1445,36.36,25.005543478260872,0.0,12.866489071038252,15.0,44.190394957309934,49.0,10112,2012,10112,CELANOVA,Ourense,42.173622,-7.968152,623.0
365,41.0,26.0,7.0,36.276,38.35,27.50978260869565,4.0,12.949452054794522,12.0,50.34058266551784,69.0,10112,2013,10112,CELANOVA,Ourense,42.173622,-7.968152,623.0
365,17.0,9.0,1.0,33.15840000000001,35.84,25.734891304347823,0.0,13.442780821917808,2.0,46.53552568948508,49.0,10112,2014,10112,CELANOVA,Ourense,42.173622,-7.968152,623.0
365,34.0,19.0,4.0,34.65000000000001,36.58,27.938913043478262,0.0,13.887534246575342,10.0,49.43440220770987,72.0,10112,2015,10112,CELANOVA,Ourense,42.173622,-7.968152,623.0
366,42.0,27.0,5.0,35.54850000000001,37.69,28.127717391304344,3.0,13.531489071038253,7.0,47.64434616223481,76.0,10112,2016,10112,CELANOVA,Ourense,42.173622,-7.968152,623.0
365,33.0,19.0,4.0,35.04080000000001,36.65,27.81467391304347,5.0,14.307753424657534,10.0,48.1112687879302,78.0,10112,2017,10112,CELANOVA,Ourense,42.173622,-7.968152,623.0
365,34.0,13.0,4.0,35.59040000000003,38.15,26.67771739130435,4.0,13.538917808219178,11.0,49.004485068224966,83.0,10112,2018,10112,CELANOVA,Ourense,42.173622,-7.968152,623.0
365,23.0,9.0,0.0,33.68800000000001,34.85,25.99554347826087,0.0,13.437821917808218,6.0,45.20493484497974,60.0,10112,2019,10112,CELANOVA,Ourense,42.173622,-7.968152,623.0
366,50.0,28.0,5.0,35.3275,36.58,27.60336956521739,1.0,14.250355191256832,4.0,48.52445060617646,77.0,10112,2020,10112,CELANOVA,Ourense,42.173622,-7.968152,623.0
365,15.0,8.0,0.0,32.8076,34.51,25.574347826086953,0.0,13.165397260273972,12.0,46.66270084205124,56.0,10112,2021,10112,CELANOVA,Ourense,42.173622,-7.968152,623.0
365,45.0,32.0,13.0,36.78040000000001,39.67,28.349021739130436,7.0,14.455054794520546,10.0,53.787558721005695,79.0,10112,2022,10112,CELANOVA,Ourense,42.173622,-7.968152,623.0
365,14.0,6.0,3.0,32.8528,36.78,26.356413043478256,2.0,14.127657534246573,19.0,47.75105587966359,73.0,10112,2023,10112,CELANOVA,Ourense,42.173622,-7.968152,623.0
366,29.0,12.0,3.0,33.926,36.66,27.127608695652178,2.0,13.956557377049181,7.0,50.74884912436228,69.0,10112,2024,10112,CELANOVA,Ourense,42.173622,-7.968152,623.0
365,50.0,35.0,13.0,36.24400000000001,37.64,29.23336956521739,4.0,14.149561643835616,4.0,52.00935866004022,83.0,10112,2025,10112,CELANOVA,Ourense,42.173622,-7.968152,623.0
365,33.0,16.0,1.0,33.8408,35.11,27.003695652173914,0.0,12.273575342465753,47.0,45.78171965437042,65.0,10113,2010,10113,BAÑOS DE MOLGAS,Ourense,42.23335,-7.629124,604.0
365,18.0,8.0,1.0,32.89240000000001,35.73,24.79978260869565,0.0,13.00304109589041,25.0,43.01782559946043,44.0,10113,2011,10113,BAÑOS DE MOLGAS,Ourense,42.23335,-7.629124,604.0
366,22.0,14.0,1.0,33.32850000000001,35.74,24.29271739130435,0.0,12.075013661202185,46.0,43.28922164541628,42.0,10113,2012,10113,BAÑOS DE MOLGAS,Ourense,42.23335,-7.629124,604.0
365,30.0,17.0,5.0,35.205200000000005,36.32,26.71630434782608,0.0,12.228534246575343,40.0,45.07544167906817,49.0,10113,2013,10113,BAÑOS DE MOLGAS,Ourense,42.23335,-7.629124,604.0
365,12.0,2.0,1.0,31.320400000000006,35.24,24.67358695652173,0.0,12.663438356164383,11.0,42.510962683649616,28.0,10113,2014,10113,BAÑOS DE MOLGAS,Ourense,42.23335,-7.629124,604.0
365,27.0,12.0,1.0,33.496,35.79,26.97804347826087,0.0,13.006506849315068,28.0,43.90691320094858,41.0,10113,2015,10113,BAÑOS DE MOLGAS,Ourense,42.23335,-7.629124,604.0
366,32.0,17.0,4.0,34.47350000000004,36.89,26.821195652173905,0.0,12.536448087431694,27.0,45.46169179134022,61.0,10113,2016,10113,BAÑOS DE MOLGAS,Ourense,42.23335,-7.629124,604.0
365,23.0,14.0,5.0,35.4,36.3,26.584999999999997,0.0,13.154424657534246,33.0,46.70630786757437,60.0,10113,2017,10113,BAÑOS DE MOLGAS,Ourense,42.23335,-7.629124,604.0
365,22.0,13.0,4.0,34.787600000000005,37.43,25.455326086956514,0.0,12.571027397260275,31.0,47.686040273754514,61.0,10113,2018,10113,BAÑOS DE MOLGAS,Ourense,42.23335,-7.629124,604.0
365,13.0,4.0,0.0,32.02280000000001,33.84,24.59597826086957,0.0,12.385808219178081,29.0,42.587361912704196,50.0,10113,2019,10113,BAÑOS DE MOLGAS,Ourense,42.23335,-7.629124,604.0
366,40.0,22.0,3.0,34.14200000000001,36.94,26.388586956521735,0.0,13.272554644808743,27.0,47.31028508022069,66.0,10113,2020,10113,BAÑOS DE MOLGAS,Ourense,42.23335,-7.629124,604.0
365,17.0,8.0,0.0,33.116400000000006,34.03,25.626304347826085,0.0,12.574013698630138,33.0,45.52784564252433,48.0,10113,2021,10113,BAÑOS DE MOLGAS,Ourense,42.23335,-7.629124,604.0
365,52.0,31.0,12.0,37.9636,39.9,28.671195652173918,0.0,13.77290410958904,39.0,52.09359568131437,79.0,10113,2022,10113,BAÑOS DE MOLGAS,Ourense,42.23335,-7.629124,604.0
365,18.0,8.0,3.0,33.982000000000006,39.46,26.576521739130435,1.0,13.47749315068493,42.0,48.291311477339384,68.0,10113,2023,10113,BAÑOS DE MOLGAS,Ourense,42.23335,-7.629124,604.0
366,26.0,11.0,2.0,33.99700000000001,38.59,27.096086956521745,0.0,13.444234972677595,15.0,48.835020162027654,63.0,10113,2024,10113,BAÑOS DE MOLGAS,Ourense,42.23335,-7.629124,604.0
365,51.0,36.0,13.0,36.184400000000004,38.49,29.051086956521736,0.0,13.55645205479452,28.0,50.37462374213534,74.0,10113,2025,10113,BAÑOS DE MOLGAS,Ourense,42.23335,-7.629124,604.0
365,59.0,37.0,10.0,36.118,37.17,29.185978260869568,0.0,13.155219178082193,45.0,47.213062409390155,80.0,10114,2010,10114,RUBIÁ,Ourense,42.46311,-6.929479,577.0
365,51.0,21.0,5.0,35.47440000000001,37.82,27.57086956521739,0.0,14.020561643835617,26.0,43.67284396235446,70.0,10114,2011,10114,RUBIÁ,Ourense,42.46311,-6.929479,577.0
366,47.0,29.0,9.0,36.82900000000001,38.19,27.36336956521739,1.0,13.064795081967214,54.0,45.07861580282076,60.0,10114,2012,10114,RUBIÁ,Ourense,42.46311,-6.929479,577.0
365,56.0,38.0,14.0,38.1668,39.64,29.602282608695656,0.0,13.141260273972604,42.0,47.07468025876902,75.0,10114,2013,10114,RUBIÁ,Ourense,42.46311,-6.929479,577.0
365,26.0,14.0,5.0,35.2,36.92,27.404347826086955,0.0,13.543424657534246,11.0,45.91494638123263,55.0,10114,2014,10114,RUBIÁ,Ourense,42.46311,-6.929479,577.0
365,60.0,34.0,11.0,36.1636,38.31,30.058152173913044,0.0,13.903506849315068,31.0,48.093372257326926,80.0,10114,2015,10114,RUBIÁ,Ourense,42.46311,-6.929479,577.0
366,60.0,45.0,21.0,37.74650000000001,39.57,30.09880434782609,0.0,13.628360655737703,25.0,49.219572711115106,80.0,10114,2016,10114,RUBIÁ,Ourense,42.46311,-6.929479,577.0
365,67.0,43.0,17.0,38.79680000000001,40.49,30.511739130434787,1.0,14.3266301369863,43.0,50.87932212444801,99.0,10114,2017,10114,RUBIÁ,Ourense,42.46311,-6.929479,577.0
365,49.0,27.0,8.0,36.82200000000001,38.76,27.726521739130426,1.0,13.276452054794522,39.0,48.40041810556307,81.0,10114,2018,10114,RUBIÁ,Ourense,42.46311,-6.929479,577.0
365,42.0,22.0,3.0,34.61480000000001,37.21,27.251521739130432,0.0,13.297616438356162,33.0,48.65386347690271,74.0,10114,2019,10114,RUBIÁ,Ourense,42.46311,-6.929479,577.0
366,56.0,40.0,12.0,36.554,38.22,28.212826086956515,0.0,14.040942622950821,19.0,50.398743957923415,79.0,10114,2020,10114,RUBIÁ,Ourense,42.46311,-6.929479,577.0
365,41.0,24.0,6.0,35.2468,38.08,28.003369565217387,1.0,13.436890410958904,26.0,48.325773747640284,70.0,10114,2021,10114,RUBIÁ,Ourense,42.46311,-6.929479,577.0
365,72.0,55.0,33.0,39.7596,41.39,31.21869565217392,7.0,14.904712328767122,36.0,52.77932821620086,94.0,10114,2022,10114,RUBIÁ,Ourense,42.46311,-6.929479,577.0
365,54.0,28.0,6.0,37.63040000000001,40.96,28.997282608695652,1.0,14.538287671232876,44.0,48.60272935613885,95.0,10114,2023,10114,RUBIÁ,Ourense,42.46311,-6.929479,577.0
366,56.0,38.0,15.0,38.290000000000006,40.98,30.19663043478261,3.0,14.763975409836066,13.0,53.67367084741258,87.0,10114,2024,10114,RUBIÁ,Ourense,42.46311,-6.929479,577.0
365,69.0,57.0,33.0,39.790800000000004,40.93,31.980978260869566,7.0,14.981164383561644,16.0,54.433460604232366,79.0,10114,2025,10114,RUBIÁ,Ourense,42.46311,-6.929479,577.0
365,0.0,0.0,0.0,29.5716,29.93,22.719021739130437,0.0,9.051356164383563,91.0,35.23306464561417,6.0,10115,2010,10115,A VEIGA,Ourense,42.355392,-7.008639,1229.0
365,2.0,0.0,0.0,29.194400000000012,31.5,20.776956521739127,1.0,10.421356164383564,41.0,33.56913216244065,1.0,10115,2011,10115,A VEIGA,Ourense,42.355392,-7.008639,1229.0
366,2.0,0.0,0.0,29.665000000000003,31.48,20.49119565217391,0.0,9.191243169398907,67.0,34.306432291295536,2.0,10115,2012,10115,A VEIGA,Ourense,42.355392,-7.008639,1229.0
365,6.0,0.0,0.0,30.71120000000001,31.65,22.74434782608695,0.0,9.127027397260274,79.0,35.93346391746078,7.0,10115,2013,10115,A VEIGA,Ourense,42.355392,-7.008639,1229.0
365,1.0,0.0,0.0,27.550000000000015,30.45,20.335217391304347,0.0,9.505328767123286,58.0,35.53881995396801,5.0,10115,2014,10115,A VEIGA,Ourense,42.355392,-7.008639,1229.0
365,5.0,0.0,0.0,30.128400000000003,31.71,23.20358695652174,0.0,10.356917808219178,49.0,36.0380653128155,6.0,10115,2015,10115,A VEIGA,Ourense,42.355392,-7.008639,1229.0
366,6.0,1.0,0.0,30.820500000000003,32.84,23.120434782608694,0.0,9.796147540983608,57.0,36.186556916453746,10.0,10115,2016,10115,A VEIGA,Ourense,42.355392,-7.008639,1229.0
365,8.0,3.0,0.0,31.47320000000001,33.18,23.313152173913046,0.0,10.83827397260274,52.0,38.12637525143859,13.0,10115,2017,10115,A VEIGA,Ourense,42.355392,-7.008639,1229.0
365,5.0,1.0,0.0,30.425600000000003,32.14,21.57967391304348,2.0,9.58021917808219,71.0,37.43851658910582,11.0,10115,2018,10115,A VEIGA,Ourense,42.355392,-7.008639,1229.0
365,1.0,0.0,0.0,28.094400000000007,30.43,20.94326086956522,0.0,9.832397260273972,47.0,37.12191460057293,6.0,10115,2019,10115,A VEIGA,Ourense,42.355392,-7.008639,1229.0
366,4.0,2.0,0.0,30.311000000000035,32.74,21.99413043478261,0.0,10.382554644808744,36.0,38.33053657732378,17.0,10115,2020,10115,A VEIGA,Ourense,42.355392,-7.008639,1229.0
365,2.0,0.0,0.0,28.62,31.7,21.500978260869566,0.0,9.74645205479452,46.0,36.208011626292695,10.0,10115,2021,10115,A VEIGA,Ourense,42.355392,-7.008639,1229.0
365,20.0,8.0,0.0,33.3996,34.64,24.68663043478261,6.0,11.001246575342467,47.0,41.40430613324239,38.0,10115,2022,10115,A VEIGA,Ourense,42.355392,-7.008639,1229.0
365,5.0,3.0,0.0,30.68560000000001,34.72,22.35565217391304,2.0,10.64968493150685,47.0,37.37617806503212,9.0,10115,2023,10115,A VEIGA,Ourense,42.355392,-7.008639,1229.0
366,6.0,2.0,0.0,30.58600000000001,34.57,23.11391304347826,1.0,10.507486338797813,55.0,40.222836916068346,18.0,10115,2024,10115,A VEIGA,Ourense,42.355392,-7.008639,1229.0
365,19.0,7.0,0.0,32.7608,34.62,25.003260869565224,4.0,10.68527397260274,44.0,39.75966231648033,33.0,10115,2025,10115,A VEIGA,Ourense,42.355392,-7.008639,1229.0
365,29.0,10.0,0.0,33.303599999999996,34.65,26.520869565217392,0.0,11.092849315068493,54.0,43.155478860878006,50.0,10116,2010,10116,VIANA DO BOLO,Ourense,42.16304,-7.089615,851.0
365,17.0,6.0,0.0,32.4152,34.21,24.792065217391293,0.0,11.93076712328767,47.0,40.854133312158496,39.0,10116,2011,10116,VIANA DO BOLO,Ourense,42.16304,-7.089615,851.0
366,25.0,10.0,0.0,33.5205,34.81,24.64032608695652,0.0,11.062622950819673,71.0,42.12412564796807,33.0,10116,2012,10116,VIANA DO BOLO,Ourense,42.16304,-7.089615,851.0
365,29.0,17.0,4.0,35.00160000000001,35.96,26.878043478260878,0.0,11.164369863013698,62.0,45.67592166819178,57.0,10116,2013,10116,VIANA DO BOLO,Ourense,42.16304,-7.089615,851.0
365,11.0,5.0,0.0,32.241600000000005,33.57,24.78934782608696,0.0,11.556383561643836,27.0,43.9252086421969,41.0,10116,2014,10116,VIANA DO BOLO,Ourense,42.16304,-7.089615,851.0
365,31.0,14.0,1.0,34.388,35.82,27.752391304347828,0.0,12.143397260273973,47.0,47.425050720201085,64.0,10116,2015,10116,VIANA DO BOLO,Ourense,42.16304,-7.089615,851.0
366,39.0,26.0,3.0,34.743500000000004,36.51,27.66695652173913,0.0,11.776256830601092,49.0,46.543450673503784,69.0,10116,2016,10116,VIANA DO BOLO,Ourense,42.16304,-7.089615,851.0
365,37.0,17.0,4.0,34.77640000000001,36.65,27.61760869565217,0.0,12.562054794520547,48.0,46.308912152434495,68.0,10116,2017,10116,VIANA DO BOLO,Ourense,42.16304,-7.089615,851.0
365,30.0,11.0,3.0,34.29440000000002,35.96,25.77586956521739,0.0,11.601219178082191,49.0,46.5131225815493,72.0,10116,2018,10116,VIANA DO BOLO,Ourense,42.16304,-7.089615,851.0
365,23.0,4.0,0.0,32.0448,34.85,25.376739130434785,0.0,11.638986301369865,46.0,44.03499106136837,55.0,10116,2019,10116,VIANA DO BOLO,Ourense,42.16304,-7.089615,851.0
366,40.0,19.0,2.0,34.135000000000005,35.33,26.49782608695652,0.0,12.372349726775958,36.0,46.42556967283278,67.0,10116,2020,10116,VIANA DO BOLO,Ourense,42.16304,-7.089615,851.0
365,22.0,7.0,0.0,33.30480000000001,34.85,25.944456521739124,0.0,11.669054794520548,51.0,44.86396715138262,47.0,10116,2021,10116,VIANA DO BOLO,Ourense,42.16304,-7.089615,851.0
365,45.0,33.0,8.0,37.08520000000001,38.25,28.36902173913043,2.0,12.729383561643836,51.0,48.328310838337735,69.0,10116,2022,10116,VIANA DO BOLO,Ourense,42.16304,-7.089615,851.0
365,16.0,9.0,4.0,35.23000000000002,38.97,26.645652173913046,0.0,12.211602739726027,62.0,47.28381932391273,61.0,10116,2023,10116,VIANA DO BOLO,Ourense,42.16304,-7.089615,851.0
366,24.0,10.0,1.0,33.6805,36.35,26.827282608695654,0.0,12.230860655737704,32.0,46.96868710311262,53.0,10116,2024,10116,VIANA DO BOLO,Ourense,42.16304,-7.089615,851.0
365,44.0,24.0,6.0,35.8216,37.05,28.21358695652174,0.0,12.25235616438356,40.0,47.673420665810866,68.0,10116,2025,10116,VIANA DO BOLO,Ourense,42.16304,-7.089615,851.0
365,3.0,0.0,0.0,29.841200000000004,31.81,22.999456521739134,0.0,9.617808219178082,77.0,38.36239336498508,16.0,10117,2010,10117,SAN XOÁN DE RÍO,Ourense,42.393867,-7.297161,1026.0
365,5.0,2.0,0.0,31.508,32.94,22.122391304347822,0.0,10.995698630136987,38.0,37.62121359341905,18.0,10117,2011,10117,SAN XOÁN DE RÍO,Ourense,42.393867,-7.297161,1026.0
366,8.0,2.0,0.0,31.076000000000004,33.06,21.59826086956522,0.0,10.027814207650273,63.0,39.19544477356817,20.0,10117,2012,10117,SAN XOÁN DE RÍO,Ourense,42.393867,-7.297161,1026.0
365,10.0,3.0,0.0,31.764400000000002,32.64,23.573586956521744,0.0,9.985027397260275,69.0,39.457456630394006,23.0,10117,2013,10117,SAN XOÁN DE RÍO,Ourense,42.393867,-7.297161,1026.0
365,2.0,1.0,0.0,27.8768,32.73,21.41967391304348,0.0,10.378136986301369,41.0,37.6701577361333,10.0,10117,2014,10117,SAN XOÁN DE RÍO,Ourense,42.393867,-7.297161,1026.0
365,9.0,1.0,0.0,31.316800000000004,34.04,24.660108695652173,0.0,11.112397260273973,43.0,40.2736414471149,27.0,10117,2015,10117,SAN XOÁN DE RÍO,Ourense,42.393867,-7.297161,1026.0
366,12.0,5.0,0.0,32.68650000000003,34.5,24.01380434782608,0.0,10.61882513661202,51.0,40.702544424809915,30.0,10117,2016,10117,SAN XOÁN DE RÍO,Ourense,42.393867,-7.297161,1026.0
365,10.0,4.0,1.0,32.08560000000001,35.03,24.153586956521735,1.0,11.616794520547945,45.0,40.227404314009625,25.0,10117,2017,10117,SAN XOÁN DE RÍO,Ourense,42.393867,-7.297161,1026.0
365,9.0,3.0,0.0,31.804800000000004,33.33,22.214456521739134,2.0,10.375671232876712,62.0,40.309221711110865,19.0,10117,2018,10117,SAN XOÁN DE RÍO,Ourense,42.393867,-7.297161,1026.0
365,3.0,0.0,0.0,29.466800000000003,31.36,21.823152173913048,0.0,10.550684931506849,42.0,36.95693769739666,16.0,10117,2019,10117,SAN XOÁN DE RÍO,Ourense,42.393867,-7.297161,1026.0
366,11.0,3.0,0.0,30.881,34.0,23.15532608695652,0.0,11.253005464480875,30.0,39.83434575690584,33.0,10117,2020,10117,SAN XOÁN DE RÍO,Ourense,42.393867,-7.297161,1026.0
365,1.0,0.0,0.0,29.358000000000004,31.31,22.118043478260873,0.0,10.562301369863013,34.0,37.68181971325403,17.0,10117,2021,10117,SAN XOÁN DE RÍO,Ourense,42.393867,-7.297161,1026.0
365,21.0,10.0,3.0,34.61720000000001,36.23,25.072717391304355,6.0,11.872753424657535,32.0,43.13281768098754,42.0,10117,2022,10117,SAN XOÁN DE RÍO,Ourense,42.393867,-7.297161,1026.0
365,6.0,4.0,2.0,31.885600000000014,36.44,23.100760869565217,1.0,11.609520547945207,39.0,41.30243713658208,13.0,10117,2023,10117,SAN XOÁN DE RÍO,Ourense,42.393867,-7.297161,1026.0
366,6.0,2.0,0.0,30.773500000000013,34.48,23.542499999999997,1.0,11.262213114754099,32.0,41.28611075965393,30.0,10117,2024,10117,SAN XOÁN DE RÍO,Ourense,42.393867,-7.297161,1026.0
365,24.0,13.0,1.0,33.89,35.98,25.74184782608696,3.0,11.396876712328769,32.0,43.43316013787575,39.0,10117,2025,10117,SAN XOÁN DE RÍO,Ourense,42.393867,-7.297161,1026.0
365,0.0,0.0,0.0,23.883200000000006,28.04,18.29695652173913,0.0,11.627328767123288,4.0,31.721361018180062,1.0,10118,2010,10118,BURELA,Lugo,43.644855,-7.374807,421.0
365,0.0,0.0,0.0,27.6168,28.82,18.06380434782609,1.0,12.727506849315068,0.0,34.71252508019592,4.0,10118,2011,10118,BURELA,Lugo,43.644855,-7.374807,421.0
366,1.0,0.0,0.0,26.999000000000017,31.54,19.483369565217394,0.0,12.207814207650275,0.0,35.503026113817654,5.0,10118,2012,10118,BURELA,Lugo,43.644855,-7.374807,421.0
365,0.0,0.0,0.0,24.541200000000003,29.91,18.10945652173913,0.0,11.947712328767127,2.0,31.640521680483026,1.0,10118,2013,10118,BURELA,Lugo,43.644855,-7.374807,421.0
365,0.0,0.0,0.0,25.33920000000001,25.84,18.48282608695652,1.0,12.56986301369863,0.0,32.4143703109828,0.0,10118,2014,10118,BURELA,Lugo,43.644855,-7.374807,421.0
365,0.0,0.0,0.0,24.5716,25.94,18.787499999999998,0.0,12.654,0.0,32.49057310730243,1.0,10118,2015,10118,BURELA,Lugo,43.644855,-7.374807,421.0
366,2.0,1.0,0.0,27.540500000000005,32.37,18.952282608695647,0.0,12.47023224043716,0.0,37.783717190942205,6.0,10118,2016,10118,BURELA,Lugo,43.644855,-7.374807,421.0
365,2.0,0.0,0.0,28.79280000000001,30.58,19.268260869565218,2.0,12.885438356164382,0.0,35.165394208665624,4.0,10118,2017,10118,BURELA,Lugo,43.644855,-7.374807,421.0
365,0.0,0.0,0.0,25.51080000000001,27.66,18.96967391304348,0.0,12.355438356164385,1.0,32.233809573944626,3.0,10118,2018,10118,BURELA,Lugo,43.644855,-7.374807,421.0
365,0.0,0.0,0.0,25.758800000000015,29.42,19.332934782608696,0.0,12.745452054794521,0.0,,,10118,2019,10118,BURELA,Lugo,43.644855,-7.374807,421.0
366,0.0,0.0,0.0,26.819000000000003,28.48,19.145326086956523,0.0,13.058688524590165,0.0,34.843379459878676,4.0,10118,2020,10118,BURELA,Lugo,43.644855,-7.374807,421.0
365,1.0,0.0,0.0,24.947200000000016,30.02,17.868369565217392,0.0,12.467356164383562,0.0,31.79919311640143,1.0,10118,2021,10118,BURELA,Lugo,43.644855,-7.374807,421.0
365,2.0,1.0,0.0,27.623200000000015,33.3,19.735000000000003,1.0,13.314835616438357,0.0,37.628986082507716,5.0,10118,2022,10118,BURELA,Lugo,43.644855,-7.374807,421.0
365,4.0,1.0,0.0,30.080400000000004,32.52,20.706195652173914,5.0,13.814123287671233,0.0,37.48520546950905,10.0,10118,2023,10118,BURELA,Lugo,43.644855,-7.374807,421.0
366,1.0,0.0,0.0,25.026500000000045,30.17,18.917499999999997,0.0,13.249822404371585,0.0,31.880757134042877,3.0,10118,2024,10118,BURELA,Lugo,43.644855,-7.374807,421.0
365,1.0,0.0,0.0,26.711200000000005,30.37,20.040217391304342,0.0,13.334726027397261,0.0,37.1464184065531,8.0,10118,2025,10118,BURELA,Lugo,43.644855,-7.374807,421.0
365,11.0,3.0,0.0,31.523200000000006,32.87,23.995326086956517,3.0,10.298068493150685,71.0,36.37231924154139,7.0,10119,2010,10119,MUÍÑOS,Ourense,41.903606,-7.971908,1059.0
365,4.0,0.0,0.0,30.082000000000008,31.81,21.481847826086955,2.0,11.55913698630137,28.0,35.485931891899774,5.0,10119,2011,10119,MUÍÑOS,Ourense,41.903606,-7.971908,1059.0
366,3.0,0.0,0.0,29.667,31.22,20.49586956521739,1.0,10.238251366120219,40.0,34.413530216908256,3.0,10119,2012,10119,MUÍÑOS,Ourense,41.903606,-7.971908,1059.0
365,10.0,3.0,0.0,31.642000000000007,33.59,23.321304347826093,4.0,10.34182191780822,54.0,37.91712140817031,14.0,10119,2013,10119,MUÍÑOS,Ourense,41.903606,-7.971908,1059.0
365,2.0,0.0,0.0,28.108,30.84,20.900652173913045,0.0,10.553328767123288,34.0,35.43741464324836,7.0,10119,2014,10119,MUÍÑOS,Ourense,41.903606,-7.971908,1059.0
365,5.0,0.0,0.0,30.442000000000007,31.92,23.472826086956523,0.0,11.44704109589041,34.0,36.90656790550906,9.0,10119,2015,10119,MUÍÑOS,Ourense,41.903606,-7.971908,1059.0
366,14.0,3.0,0.0,31.608,33.43,24.242717391304346,6.0,11.19318306010929,30.0,36.72654108618537,14.0,10119,2016,10119,MUÍÑOS,Ourense,41.903606,-7.971908,1059.0
365,8.0,1.0,0.0,31.158400000000007,32.37,23.591195652173912,5.0,12.055835616438356,31.0,36.60104286583496,11.0,10119,2017,10119,MUÍÑOS,Ourense,41.903606,-7.971908,1059.0
365,8.0,4.0,0.0,32.186400000000035,34.76,22.513369565217392,4.0,10.934643835616438,48.0,38.203066961186934,13.0,10119,2018,10119,MUÍÑOS,Ourense,41.903606,-7.971908,1059.0
365,2.0,0.0,0.0,28.730800000000006,31.53,21.58010869565217,0.0,11.113082191780821,25.0,34.94611089203437,4.0,10119,2019,10119,MUÍÑOS,Ourense,41.903606,-7.971908,1059.0
366,11.0,1.0,0.0,31.3505,33.21,23.54456521739131,1.0,11.684357923497268,25.0,38.866981617091206,26.0,10119,2020,10119,MUÍÑOS,Ourense,41.903606,-7.971908,1059.0
365,5.0,0.0,0.0,30.452400000000004,31.14,22.29978260869565,0.0,11.141397260273973,25.0,36.26213770688245,9.0,10119,2021,10119,MUÍÑOS,Ourense,41.903606,-7.971908,1059.0
365,19.0,9.0,0.0,33.312000000000005,34.83,24.901521739130434,11.0,12.259479452054794,16.0,40.34006647848992,33.0,10119,2022,10119,MUÍÑOS,Ourense,41.903606,-7.971908,1059.0
365,5.0,3.0,1.0,31.199200000000012,35.79,22.97826086956521,5.0,12.02441095890411,25.0,37.937562321708434,13.0,10119,2023,10119,MUÍÑOS,Ourense,41.903606,-7.971908,1059.0
366,12.0,4.0,1.0,31.903000000000006,36.62,24.186739130434784,3.0,11.887418032786885,21.0,37.110495227454386,15.0,10119,2024,10119,MUÍÑOS,Ourense,41.903606,-7.971908,1059.0
365,28.0,12.0,2.0,33.3924,35.57,26.046847826086957,11.0,11.988972602739727,19.0,,,10119,2025,10119,MUÍÑOS,Ourense,41.903606,-7.971908,1059.0
365,24.0,11.0,4.0,34.26880000000003,36.43,25.471521739130434,0.0,12.17868493150685,42.0,45.903229738121475,44.0,10121,2010,10121,CERDEDO-COTOBADE,Pontevedra,42.467537,-8.502887,367.0
365,17.0,6.0,1.0,32.46960000000001,36.04,23.33358695652174,0.0,13.262931506849316,22.0,43.938511594981605,44.0,10121,2011,10121,CERDEDO-COTOBADE,Pontevedra,42.467537,-8.502887,367.0
366,12.0,5.0,0.0,32.15650000000001,34.61,22.191304347826087,0.0,11.923428961748632,53.0,42.514387697204796,38.0,10121,2012,10121,CERDEDO-COTOBADE,Pontevedra,42.467537,-8.502887,367.0
365,24.0,17.0,5.0,35.3412,36.96,25.014239130434788,0.0,12.571205479452054,33.0,48.058005137150204,46.0,10121,2013,10121,CERDEDO-COTOBADE,Pontevedra,42.467537,-8.502887,367.0
365,5.0,1.0,0.0,30.621600000000004,32.34,23.09934782608695,0.0,12.771561643835616,14.0,41.8635139609504,30.0,10121,2014,10121,CERDEDO-COTOBADE,Pontevedra,42.467537,-8.502887,367.0
365,15.0,9.0,0.0,32.955200000000005,34.43,25.10891304347826,0.0,13.096835616438357,30.0,43.941796193652955,43.0,10121,2015,10121,CERDEDO-COTOBADE,Pontevedra,42.467537,-8.502887,367.0
366,31.0,18.0,4.0,34.66700000000002,39.12,26.482717391304345,0.0,12.921379781420766,22.0,48.65223776901442,59.0,10121,2016,10121,CERDEDO-COTOBADE,Pontevedra,42.467537,-8.502887,367.0
365,19.0,12.0,2.0,33.57,36.76,25.348260869565223,0.0,13.27913698630137,38.0,46.45633062321129,51.0,10121,2017,10121,CERDEDO-COTOBADE,Pontevedra,42.467537,-8.502887,367.0
365,27.0,11.0,5.0,35.55200000000001,38.7,24.763369565217392,0.0,12.944999999999999,34.0,51.111366630338004,63.0,10121,2018,10121,CERDEDO-COTOBADE,Pontevedra,42.467537,-8.502887,367.0
365,14.0,6.0,1.0,32.952400000000004,35.36,23.540760869565222,0.0,12.56654794520548,39.0,44.36398425838736,42.0,10121,2019,10121,CERDEDO-COTOBADE,Pontevedra,42.467537,-8.502887,367.0
366,27.0,12.0,2.0,34.00600000000001,36.05,25.279021739130435,0.0,13.475122950819673,25.0,47.745950647783346,66.0,10121,2020,10121,CERDEDO-COTOBADE,Pontevedra,42.467537,-8.502887,367.0
365,8.0,5.0,0.0,32.763600000000004,34.07,23.69152173913044,0.0,12.853054794520547,33.0,45.44217963296202,38.0,10121,2021,10121,CERDEDO-COTOBADE,Pontevedra,42.467537,-8.502887,367.0
365,31.0,13.0,6.0,36.384800000000006,39.63,26.41119565217391,1.0,13.840835616438358,28.0,51.939025916513565,78.0,10121,2022,10121,CERDEDO-COTOBADE,Pontevedra,42.467537,-8.502887,367.0
365,10.0,4.0,2.0,31.947600000000005,36.99,24.09141304347826,0.0,13.709520547945203,32.0,45.671699532649974,37.0,10121,2023,10121,CERDEDO-COTOBADE,Pontevedra,42.467537,-8.502887,367.0
366,15.0,6.0,1.0,32.74700000000001,35.31,24.91739130434783,0.0,13.624234972677597,14.0,46.32926090574343,46.0,10121,2024,10121,CERDEDO-COTOBADE,Pontevedra,42.467537,-8.502887,367.0
365,27.0,19.0,2.0,34.378,35.8,26.560652173913038,0.0,13.498931506849313,28.0,50.03748106300689,60.0,10121,2025,10121,CERDEDO-COTOBADE,Pontevedra,42.467537,-8.502887,367.0
365,3.0,0.0,0.0,29.4788,31.72,22.01,2.0,9.747479452054794,62.0,37.22938022075685,9.0,10122,2010,10122,RODEIRO,Pontevedra,42.579758,-7.933075,991.0
365,4.0,0.0,0.0,29.575200000000013,31.24,19.92423913043478,2.0,10.854356164383562,25.0,34.64107607146152,3.0,10122,2011,10122,RODEIRO,Pontevedra,42.579758,-7.933075,991.0
366,3.0,0.0,0.0,29.53450000000001,31.13,19.667826086956524,1.0,9.965396174863388,32.0,36.28103029452777,7.0,10122,2012,10122,RODEIRO,Pontevedra,42.579758,-7.933075,991.0
365,5.0,1.0,0.0,31.285600000000006,32.2,21.949782608695656,3.0,9.837712328767122,47.0,37.493236012672696,11.0,10122,2013,10122,RODEIRO,Pontevedra,42.579758,-7.933075,991.0
365,2.0,0.0,0.0,27.697200000000002,30.47,19.842717391304348,0.0,10.534424657534245,37.0,35.44290238433943,4.0,10122,2014,10122,RODEIRO,Pontevedra,42.579758,-7.933075,991.0
365,2.0,1.0,0.0,29.6816,32.09,22.77467391304348,0.0,10.900123287671233,31.0,36.57412685254218,10.0,10122,2015,10122,RODEIRO,Pontevedra,42.579758,-7.933075,991.0
366,7.0,3.0,0.0,31.248000000000008,33.78,22.871847826086956,6.0,10.682213114754099,28.0,36.703267389101455,14.0,10122,2016,10122,RODEIRO,Pontevedra,42.579758,-7.933075,991.0
365,8.0,2.0,0.0,30.693200000000008,33.91,22.47119565217391,4.0,11.600945205479453,24.0,37.2411567058493,13.0,10122,2017,10122,RODEIRO,Pontevedra,42.579758,-7.933075,991.0
365,7.0,4.0,0.0,31.46840000000002,34.12,21.26804347826087,5.0,10.445931506849314,49.0,38.31288501715882,14.0,10122,2018,10122,RODEIRO,Pontevedra,42.579758,-7.933075,991.0
365,2.0,0.0,0.0,28.111600000000003,30.54,20.39717391304348,1.0,10.591041095890413,26.0,33.84132245623959,2.0,10122,2019,10122,RODEIRO,Pontevedra,42.579758,-7.933075,991.0
366,4.0,1.0,0.0,29.955000000000002,33.49,21.681847826086955,1.0,11.128551912568307,19.0,37.70642546993424,16.0,10122,2020,10122,RODEIRO,Pontevedra,42.579758,-7.933075,991.0
365,2.0,0.0,0.0,28.03,30.22,20.80217391304348,0.0,10.613273972602741,23.0,36.11670101330432,7.0,10122,2021,10122,RODEIRO,Pontevedra,42.579758,-7.933075,991.0
365,16.0,8.0,2.0,32.98840000000001,35.79,23.844891304347822,7.0,11.722520547945203,16.0,41.44873688311115,30.0,10122,2022,10122,RODEIRO,Pontevedra,42.579758,-7.933075,991.0
365,4.0,3.0,0.0,29.435600000000022,34.35,21.688260869565216,4.0,11.5006301369863,24.0,38.66045835713758,8.0,10122,2023,10122,RODEIRO,Pontevedra,42.579758,-7.933075,991.0
366,5.0,2.0,0.0,30.5285,33.55,22.39478260869565,2.0,11.10976775956284,25.0,39.04903258961501,15.0,10122,2024,10122,RODEIRO,Pontevedra,42.579758,-7.933075,991.0
365,16.0,9.0,0.0,32.96,34.32,24.150326086956515,10.0,11.415671232876713,18.0,40.37671572369562,25.0,10122,2025,10122,RODEIRO,Pontevedra,42.579758,-7.933075,991.0
365,21.0,8.0,1.0,34.018,35.81,24.94826086956522,0.0,13.559986301369861,13.0,46.337562295074,51.0,10124,2010,10124,SANTIAGO DE COMPOSTELA,A Coruña,42.87596,-8.559434,255.0
365,16.0,5.0,1.0,33.36440000000001,36.62,23.388369565217392,0.0,14.411986301369863,1.0,44.489677052255345,48.0,10124,2011,10124,SANTIAGO DE COMPOSTELA,A Coruña,42.87596,-8.559434,255.0
366,11.0,7.0,1.0,33.35200000000001,35.66,22.765652173913043,0.0,13.3847131147541,6.0,46.42708384759289,35.0,10124,2012,10124,SANTIAGO DE COMPOSTELA,A Coruña,42.87596,-8.559434,255.0
334,23.0,11.0,4.0,35.121000000000016,38.23,24.834021739130435,0.0,13.432799401197606,3.0,48.8554316822555,41.0,10124,2013,10124,SANTIAGO DE COMPOSTELA,A Coruña,42.87596,-8.559434,255.0
365,6.0,2.0,0.0,31.303600000000003,33.4,23.057500000000005,0.0,14.05768493150685,1.0,43.54193562244247,31.0,10124,2014,10124,SANTIAGO DE COMPOSTELA,A Coruña,42.87596,-8.559434,255.0
365,10.0,5.0,2.0,32.540000000000006,36.32,24.785326086956523,0.0,14.280164383561644,0.0,45.07309440381481,38.0,10124,2015,10124,SANTIAGO DE COMPOSTELA,A Coruña,42.87596,-8.559434,255.0
366,26.0,13.0,6.0,36.17850000000001,40.03,26.159021739130434,0.0,14.203456284153006,1.0,48.93198274836785,52.0,10124,2016,10124,SANTIAGO DE COMPOSTELA,A Coruña,42.87596,-8.559434,255.0
365,15.0,12.0,1.0,33.8452,36.2,25.211304347826086,0.0,14.603698630136984,9.0,46.5841434852975,54.0,10124,2017,10124,SANTIAGO DE COMPOSTELA,A Coruña,42.87596,-8.559434,255.0
365,23.0,12.0,4.0,34.81720000000001,37.85,24.614782608695652,1.0,14.116561643835617,1.0,49.42961533544989,62.0,10124,2018,10124,SANTIAGO DE COMPOSTELA,A Coruña,42.87596,-8.559434,255.0
365,10.0,4.0,0.0,31.84040000000001,33.45,23.295108695652175,0.0,13.804835616438357,2.0,42.305156888843044,37.0,10124,2019,10124,SANTIAGO DE COMPOSTELA,A Coruña,42.87596,-8.559434,255.0
366,18.0,10.0,1.0,33.56150000000001,35.51,24.349673913043475,0.0,14.444590163934425,0.0,46.06421654780254,50.0,10124,2020,10124,SANTIAGO DE COMPOSTELA,A Coruña,42.87596,-8.559434,255.0
365,7.0,2.0,0.0,30.838800000000003,34.82,23.18336956521739,0.0,13.811986301369863,8.0,43.49222588102712,30.0,10124,2021,10124,SANTIAGO DE COMPOSTELA,A Coruña,42.87596,-8.559434,255.0
365,20.0,12.0,4.0,34.61080000000004,39.0,25.54119565217391,2.0,14.8253698630137,2.0,49.58507402393718,48.0,10124,2022,10124,SANTIAGO DE COMPOSTELA,A Coruña,42.87596,-8.559434,255.0
365,12.0,3.0,3.0,31.591600000000003,36.13,24.679456521739134,0.0,14.816219178082193,4.0,44.90932974197454,39.0,10124,2023,10124,SANTIAGO DE COMPOSTELA,A Coruña,42.87596,-8.559434,255.0
366,6.0,3.0,0.0,31.799500000000002,34.08,24.375326086956523,1.0,14.598032786885247,1.0,43.88195057587791,40.0,10124,2024,10124,SANTIAGO DE COMPOSTELA,A Coruña,42.87596,-8.559434,255.0
365,27.0,13.0,4.0,34.792800000000014,35.67,26.436956521739134,0.0,14.779931506849318,2.0,51.14728503676821,57.0,10124,2025,10124,SANTIAGO DE COMPOSTELA,A Coruña,42.87596,-8.559434,255.0
365,7.0,1.0,0.0,30.74,32.15,23.402608695652173,3.0,15.373232876712327,0.0,39.13351454625859,13.0,10125,2010,10125,VIGO,Pontevedra,42.2139,-8.906,25.0
365,3.0,1.0,0.0,28.955200000000005,32.59,21.68130434782609,0.0,15.905712328767121,0.0,35.243740402514845,4.0,10125,2011,10125,VIGO,Pontevedra,42.2139,-8.906,25.0
366,5.0,1.0,1.0,30.413500000000017,35.78,21.338152173913045,1.0,15.132909836065576,0.0,35.899192848922695,7.0,10125,2012,10125,VIGO,Pontevedra,42.2139,-8.906,25.0
365,10.0,3.0,1.0,31.49640000000001,36.39,23.142391304347825,3.0,15.225287671232875,0.0,42.10971632286284,26.0,10125,2013,10125,VIGO,Pontevedra,42.2139,-8.906,25.0
365,1.0,0.0,0.0,28.514000000000003,31.86,21.91021739130435,0.0,15.61608219178082,0.0,34.981124879693226,4.0,10125,2014,10125,VIGO,Pontevedra,42.2139,-8.906,25.0
365,5.0,0.0,0.0,30.1572,31.15,22.3375,0.0,15.562287671232875,0.0,37.970897648143946,12.0,10125,2015,10125,VIGO,Pontevedra,42.2139,-8.906,25.0
366,6.0,2.0,1.0,30.541,35.48,23.68347826086956,1.0,15.49979508196721,0.0,40.857707726482154,23.0,10125,2016,10125,VIGO,Pontevedra,42.2139,-8.906,25.0
365,6.0,2.0,0.0,30.87400000000001,32.51,22.95130434782609,3.0,15.751068493150687,0.0,41.37475647523851,14.0,10125,2017,10125,VIGO,Pontevedra,42.2139,-8.906,25.0
365,7.0,4.0,0.0,31.905200000000008,34.51,22.79869565217391,3.0,15.243958904109586,0.0,41.7636006573038,22.0,10125,2018,10125,VIGO,Pontevedra,42.2139,-8.906,25.0
365,4.0,0.0,0.0,29.47960000000002,31.6,21.53554347826087,0.0,15.192164383561643,0.0,37.87726846765464,10.0,10125,2019,10125,VIGO,Pontevedra,42.2139,-8.906,25.0
366,9.0,3.0,0.0,31.492500000000014,33.73,22.611630434782608,2.0,15.663306010928963,0.0,41.41614856019982,21.0,10125,2020,10125,VIGO,Pontevedra,42.2139,-8.906,25.0
365,4.0,1.0,0.0,29.49800000000001,33.25,21.79054347826087,0.0,15.244246575342466,0.0,38.33440904252974,12.0,10125,2021,10125,VIGO,Pontevedra,42.2139,-8.906,25.0
365,11.0,5.0,1.0,32.71840000000001,35.14,23.040217391304346,3.0,16.174232876712328,0.0,42.92284658921955,25.0,10125,2022,10125,VIGO,Pontevedra,42.2139,-8.906,25.0
365,2.0,0.0,0.0,27.91520000000001,31.06,22.84086956521739,1.0,16.326109589041096,0.0,36.890330825028364,13.0,10125,2023,10125,VIGO,Pontevedra,42.2139,-8.906,25.0
366,1.0,0.0,0.0,28.92750000000001,30.15,22.483478260869564,1.0,16.09400273224044,0.0,37.32456843011541,10.0,10125,2024,10125,VIGO,Pontevedra,42.2139,-8.906,25.0
365,7.0,3.0,0.0,30.718,34.59,23.91239130434782,1.0,16.263575342465753,0.0,40.848131453549925,24.0,10125,2025,10125,VIGO,Pontevedra,42.2139,-8.906,25.0
365,8.0,3.0,0.0,31.5976,32.7,23.60695652173913,0.0,14.87431506849315,0.0,40.771101845592504,20.0,10126,2010,10126,BUEU,Pontevedra,42.382084,-8.936188,121.0
365,1.0,1.0,0.0,28.5148,33.53,21.20391304347826,0.0,15.042712328767124,0.0,36.612843510888425,5.0,10126,2011,10126,BUEU,Pontevedra,42.382084,-8.936188,121.0
366,2.0,0.0,0.0,28.738000000000003,30.64,20.48913043478261,0.0,14.141844262295084,0.0,36.84340327991735,6.0,10126,2012,10126,BUEU,Pontevedra,42.382084,-8.936188,121.0
364,7.0,4.0,1.0,31.861,35.03,22.818695652173915,3.0,14.336208791208792,0.0,43.08213000264771,22.0,10126,2013,10126,BUEU,Pontevedra,42.382084,-8.936188,121.0
365,0.0,0.0,0.0,27.594000000000005,28.76,21.34586956521739,0.0,14.853547945205479,0.0,38.205157957284776,10.0,10126,2014,10126,BUEU,Pontevedra,42.382084,-8.936188,121.0
365,4.0,0.0,0.0,29.606800000000007,30.53,22.008695652173913,0.0,14.819671232876713,0.0,38.67933049486491,14.0,10126,2015,10126,BUEU,Pontevedra,42.382084,-8.936188,121.0
366,5.0,2.0,0.0,30.101,32.77,23.119456521739128,0.0,14.772158469945355,0.0,40.887495784051225,20.0,10126,2016,10126,BUEU,Pontevedra,42.382084,-8.936188,121.0
365,5.0,1.0,0.0,30.39080000000001,33.01,22.402499999999996,0.0,14.994013698630138,0.0,39.866859371870305,15.0,10126,2017,10126,BUEU,Pontevedra,42.382084,-8.936188,121.0
365,7.0,2.0,0.0,31.554000000000006,34.57,22.501521739130432,2.0,14.55664383561644,0.0,,,10126,2018,10126,BUEU,Pontevedra,42.382084,-8.936188,121.0
365,2.0,0.0,0.0,29.208000000000002,31.78,20.972934782608696,0.0,14.428424657534247,0.0,37.77869263629294,7.0,10126,2019,10126,BUEU,Pontevedra,42.382084,-8.936188,121.0
366,8.0,4.0,1.0,32.12400000000001,35.03,23.147826086956517,0.0,15.156898907103825,0.0,36.478295804144885,6.0,10126,2020,10126,BUEU,Pontevedra,42.382084,-8.936188,121.0
365,2.0,0.0,0.0,28.254400000000008,30.32,20.790869565217395,0.0,14.559,0.0,37.31529857672964,7.0,10126,2021,10126,BUEU,Pontevedra,42.382084,-8.936188,121.0
365,7.0,4.0,1.0,31.288400000000028,36.72,22.62,2.0,15.420123287671233,0.0,41.0262295398593,23.0,10126,2022,10126,BUEU,Pontevedra,42.382084,-8.936188,121.0
365,1.0,1.0,0.0,29.456000000000003,32.87,22.421195652173914,1.0,15.589630136986301,0.0,37.81216913507484,10.0,10126,2023,10126,BUEU,Pontevedra,42.382084,-8.936188,121.0
366,1.0,0.0,0.0,28.028500000000008,31.4,22.24760869565218,0.0,15.347814207650272,0.0,37.25120921652176,10.0,10126,2024,10126,BUEU,Pontevedra,42.382084,-8.936188,121.0
365,4.0,1.0,0.0,30.119200000000017,32.01,23.422282608695657,0.0,15.406849315068493,0.0,39.98241875045488,18.0,10126,2025,10126,BUEU,Pontevedra,42.382084,-8.936188,121.0
365,37.0,21.0,8.0,36.55480000000002,38.27,27.112934782608693,0.0,14.287698630136987,10.0,50.1503039012652,59.0,10127,2010,10127,CALDAS DE REIS,Pontevedra,42.595306,-8.618997,268.0
365,30.0,12.0,3.0,34.04560000000001,37.75,25.177826086956518,1.0,15.131109589041095,0.0,45.18566149254832,62.0,10127,2011,10127,CALDAS DE REIS,Pontevedra,42.595306,-8.618997,268.0
366,13.0,6.0,1.0,32.7535,35.63,22.9708695652174,0.0,13.726161202185791,5.0,43.22782355972041,35.0,10127,2012,10127,CALDAS DE REIS,Pontevedra,42.595306,-8.618997,268.0
365,28.0,19.0,5.0,35.88360000000001,38.56,25.5529347826087,1.0,13.961315068493152,1.0,49.015507201065894,47.0,10127,2013,10127,CALDAS DE REIS,Pontevedra,42.595306,-8.618997,268.0
365,13.0,1.0,0.0,31.308400000000002,32.21,24.02032608695652,0.0,14.375726027397262,0.0,43.82501798920547,35.0,10127,2014,10127,CALDAS DE REIS,Pontevedra,42.595306,-8.618997,268.0
365,20.0,13.0,3.0,34.30600000000001,36.97,25.90652173913043,0.0,14.705712328767124,0.0,47.555963701948684,49.0,10127,2015,10127,CALDAS DE REIS,Pontevedra,42.595306,-8.618997,268.0
366,31.0,17.0,4.0,35.15000000000002,38.59,27.18663043478261,0.0,14.676393442622949,0.0,47.38078560675051,58.0,10127,2016,10127,CALDAS DE REIS,Pontevedra,42.595306,-8.618997,268.0
365,16.0,11.0,1.0,34.258,35.21,25.761630434782607,1.0,14.995273972602739,2.0,41.231933886034696,29.0,10127,2017,10127,CALDAS DE REIS,Pontevedra,42.595306,-8.618997,268.0
365,23.0,13.0,5.0,35.259600000000006,37.74,24.975760869565217,2.0,14.320123287671231,3.0,50.196045465646094,60.0,10127,2018,10127,CALDAS DE REIS,Pontevedra,42.595306,-8.618997,268.0
365,15.0,6.0,0.0,33.5236,34.55,24.235760869565222,0.0,14.25658904109589,0.0,45.16471953513738,44.0,10127,2019,10127,CALDAS DE REIS,Pontevedra,42.595306,-8.618997,268.0
366,31.0,17.0,3.0,34.1325,36.81,25.749891304347823,1.0,14.928374316939891,0.0,47.82169370447639,64.0,10127,2020,10127,CALDAS DE REIS,Pontevedra,42.595306,-8.618997,268.0
365,10.0,6.0,2.0,32.418800000000005,35.96,24.24358695652174,0.0,14.28221917808219,8.0,45.85736744620485,39.0,10127,2021,10127,CALDAS DE REIS,Pontevedra,42.595306,-8.618997,268.0
365,26.0,14.0,6.0,36.52440000000001,39.52,26.455326086956525,3.0,15.218191780821916,0.0,50.453656766345794,64.0,10127,2022,10127,CALDAS DE REIS,Pontevedra,42.595306,-8.618997,268.0
365,15.0,8.0,2.0,32.8692,36.85,26.215543478260873,1.0,15.31282191780822,3.0,46.283836023421664,67.0,10127,2023,10127,CALDAS DE REIS,Pontevedra,42.595306,-8.618997,268.0
366,14.0,5.0,1.0,32.459500000000006,35.38,25.06880434782609,2.0,14.899371584699454,1.0,45.16492706323847,37.0,10127,2024,10127,CALDAS DE REIS,Pontevedra,42.595306,-8.618997,268.0
365,24.0,14.0,3.0,34.8524,36.47,26.676521739130433,1.0,15.009342465753424,0.0,50.44531000247607,61.0,10127,2025,10127,CALDAS DE REIS,Pontevedra,42.595306,-8.618997,268.0
365,25.0,11.0,3.0,33.84920000000001,35.93,25.846956521739127,1.0,15.559657534246574,0.0,44.528086965370186,48.0,10129,2010,10129,SANXENXO,Pontevedra,42.40308,-8.798792,34.0
365,14.0,6.0,1.0,33.181599999999996,35.05,23.7054347826087,2.0,16.12854794520548,0.0,42.844585207076584,38.0,10129,2011,10129,SANXENXO,Pontevedra,42.40308,-8.798792,34.0
366,11.0,6.0,0.0,32.398500000000006,34.38,22.85739130434783,1.0,15.066898907103825,1.0,41.899175372136796,28.0,10129,2012,10129,SANXENXO,Pontevedra,42.40308,-8.798792,34.0
365,24.0,12.0,5.0,35.662800000000004,38.55,24.86673913043479,3.0,15.293205479452055,0.0,51.16209657070437,43.0,10129,2013,10129,SANXENXO,Pontevedra,42.40308,-8.798792,34.0
365,6.0,0.0,0.0,31.000800000000005,31.82,23.670869565217394,0.0,15.495301369863013,0.0,41.14156736794524,35.0,10129,2014,10129,SANXENXO,Pontevedra,42.40308,-8.798792,34.0
365,13.0,6.0,0.0,32.65880000000002,34.53,24.580978260869557,0.0,15.720205479452055,0.0,43.24425522032532,34.0,10129,2015,10129,SANXENXO,Pontevedra,42.40308,-8.798792,34.0
366,21.0,9.0,4.0,34.28800000000003,39.43,26.257934782608697,0.0,15.656530054644808,0.0,46.68872080026849,43.0,10129,2016,10129,SANXENXO,Pontevedra,42.40308,-8.798792,34.0
365,16.0,6.0,1.0,33.35480000000002,35.95,25.112065217391308,1.0,15.913698630136986,1.0,44.176653127574475,37.0,10129,2017,10129,SANXENXO,Pontevedra,42.40308,-8.798792,34.0
365,15.0,11.0,3.0,34.7212,37.13,24.836739130434783,3.0,15.030452054794523,0.0,47.033367283697125,38.0,10129,2018,10129,SANXENXO,Pontevedra,42.40308,-8.798792,34.0
365,12.0,6.0,0.0,32.9468,34.43,23.634239130434782,0.0,15.278780821917808,0.0,43.37546240630736,27.0,10129,2019,10129,SANXENXO,Pontevedra,42.40308,-8.798792,34.0
366,22.0,11.0,1.0,34.348,36.21,25.125543478260873,1.0,16.148975409836066,0.0,45.49151638975425,50.0,10129,2020,10129,SANXENXO,Pontevedra,42.40308,-8.798792,34.0
365,7.0,6.0,0.0,32.314800000000005,34.64,23.8125,1.0,15.506890410958905,1.0,44.76658273539951,28.0,10129,2021,10129,SANXENXO,Pontevedra,42.40308,-8.798792,34.0
365,23.0,11.0,3.0,34.4168,37.62,25.24836956521739,2.0,16.410739726027398,0.0,47.29755905540081,52.0,10129,2022,10129,SANXENXO,Pontevedra,42.40308,-8.798792,34.0
365,10.0,2.0,1.0,31.046000000000003,35.23,25.143369565217387,1.0,16.476767123287672,0.0,44.174082171396236,42.0,10129,2023,10129,SANXENXO,Pontevedra,42.40308,-8.798792,34.0
366,18.0,9.0,1.0,33.17100000000001,35.22,25.65423913043478,0.0,16.420081967213115,0.0,45.94034358577236,51.0,10129,2024,10129,SANXENXO,Pontevedra,42.40308,-8.798792,34.0
365,23.0,12.0,2.0,33.778,36.22,26.06315217391304,1.0,16.293876712328768,0.0,48.02213687871708,42.0,10129,2025,10129,SANXENXO,Pontevedra,42.40308,-8.798792,34.0
365,0.0,0.0,0.0,26.8036,27.98,20.700108695652176,0.0,7.3878082191780825,125.0,31.349271910293126,0.0,10130,2010,10130,CARBALLEDA DE VALDEORRAS,Ourense,42.375187,-6.783357,1620.0
365,0.0,0.0,0.0,26.622000000000003,27.79,18.79695652173913,0.0,8.812273972602739,65.0,29.8198033392175,0.0,10130,2011,10130,CARBALLEDA DE VALDEORRAS,Ourense,42.375187,-6.783357,1620.0
366,0.0,0.0,0.0,27.59650000000002,29.21,18.921956521739126,0.0,7.815355191256831,107.0,31.14835113582734,0.0,10130,2012,10130,CARBALLEDA DE VALDEORRAS,Ourense,42.375187,-6.783357,1620.0
365,0.0,0.0,0.0,27.751600000000007,28.47,20.371413043478263,0.0,7.455397260273972,117.0,30.687726151609812,0.0,10130,2013,10130,CARBALLEDA DE VALDEORRAS,Ourense,42.375187,-6.783357,1620.0
365,0.0,0.0,0.0,25.113600000000016,26.76,18.024565217391306,0.0,8.198109589041096,87.0,,,10130,2014,10130,CARBALLEDA DE VALDEORRAS,Ourense,42.375187,-6.783357,1620.0
365,0.0,0.0,0.0,26.469600000000007,28.71,20.39510869565217,0.0,8.464164383561645,76.0,30.132554151973288,0.0,10130,2015,10130,CARBALLEDA DE VALDEORRAS,Ourense,42.375187,-6.783357,1620.0
366,0.0,0.0,0.0,27.66700000000001,29.5,20.51945652173913,1.0,7.937827868852459,99.0,30.62638781966109,0.0,10130,2016,10130,CARBALLEDA DE VALDEORRAS,Ourense,42.375187,-6.783357,1620.0
365,0.0,0.0,0.0,27.7636,29.2,20.521521739130435,0.0,8.997575342465753,84.0,31.143430444112084,0.0,10130,2017,10130,CARBALLEDA DE VALDEORRAS,Ourense,42.375187,-6.783357,1620.0
365,0.0,0.0,0.0,27.263600000000007,28.12,19.57760869565218,2.0,7.629657534246575,131.0,31.137777076535777,0.0,10130,2018,10130,CARBALLEDA DE VALDEORRAS,Ourense,42.375187,-6.783357,1620.0
365,0.0,0.0,0.0,24.663200000000003,27.17,18.26771739130435,0.0,7.800356164383562,103.0,29.360009940752054,0.0,10130,2019,10130,CARBALLEDA DE VALDEORRAS,Ourense,42.375187,-6.783357,1620.0
366,0.0,0.0,0.0,26.935500000000015,28.38,19.38054347826087,0.0,8.302868852459017,70.0,31.752679820329487,0.0,10130,2020,10130,CARBALLEDA DE VALDEORRAS,Ourense,42.375187,-6.783357,1620.0
365,0.0,0.0,0.0,25.597600000000003,27.6,18.874891304347827,0.0,7.926219178082192,81.0,28.761650581666366,0.0,10130,2021,10130,CARBALLEDA DE VALDEORRAS,Ourense,42.375187,-6.783357,1620.0
365,5.0,0.0,0.0,30.3912,30.78,22.13021739130435,3.0,9.217356164383562,76.0,34.166761473519685,1.0,10130,2022,10130,CARBALLEDA DE VALDEORRAS,Ourense,42.375187,-6.783357,1620.0
365,2.0,0.0,0.0,29.092800000000008,31.11,20.145869565217392,2.0,8.87204109589041,80.0,33.0428584269721,0.0,10130,2023,10130,CARBALLEDA DE VALDEORRAS,Ourense,42.375187,-6.783357,1620.0
366,1.0,0.0,0.0,27.531000000000017,30.89,20.848260869565216,1.0,8.7675956284153,78.0,32.95842155310985,1.0,10130,2024,10130,CARBALLEDA DE VALDEORRAS,Ourense,42.375187,-6.783357,1620.0
365,4.0,0.0,0.0,30.024800000000003,30.79,22.734456521739126,1.0,8.826164383561645,86.0,33.80853154460274,0.0,10130,2025,10130,CARBALLEDA DE VALDEORRAS,Ourense,42.375187,-6.783357,1620.0
365,0.0,0.0,0.0,24.56,25.04,18.139347826086954,0.0,5.904095890410958,137.0,27.366734874467397,0.0,10131,2010,10131,MANZANEDA,Ourense,42.26016,-7.298315,1758.0
365,0.0,0.0,0.0,23.354400000000002,25.05,15.306630434782608,0.0,7.03131506849315,94.0,24.899157871786624,0.0,10131,2011,10131,MANZANEDA,Ourense,42.26016,-7.298315,1758.0
366,0.0,0.0,0.0,23.225,26.22,14.882608695652175,0.0,5.8384426229508195,134.0,25.078131077059293,0.0,10131,2012,10131,MANZANEDA,Ourense,42.26016,-7.298315,1758.0
365,0.0,0.0,0.0,24.7524,25.27,17.20684782608696,0.0,5.739383561643836,152.0,26.290541852362207,0.0,10131,2013,10131,MANZANEDA,Ourense,42.26016,-7.298315,1758.0
365,0.0,0.0,0.0,21.659600000000005,23.86,14.922065217391303,0.0,5.938534246575343,129.0,25.289699498301932,0.0,10131,2014,10131,MANZANEDA,Ourense,42.26016,-7.298315,1758.0
365,0.0,0.0,0.0,24.248000000000005,25.9,17.830434782608695,0.0,7.01823287671233,94.0,25.82469438040357,0.0,10131,2015,10131,MANZANEDA,Ourense,42.26016,-7.298315,1758.0
366,0.0,0.0,0.0,24.7405,26.92,17.97108695652174,0.0,6.470819672131147,121.0,27.04426462900794,0.0,10131,2016,10131,MANZANEDA,Ourense,42.26016,-7.298315,1758.0
365,0.0,0.0,0.0,25.026400000000006,26.21,17.524565217391306,0.0,7.51527397260274,102.0,26.7997525806441,0.0,10131,2017,10131,MANZANEDA,Ourense,42.26016,-7.298315,1758.0
365,0.0,0.0,0.0,25.172000000000008,26.48,16.41260869565217,3.0,6.307315068493151,138.0,26.573657508420784,0.0,10131,2018,10131,MANZANEDA,Ourense,42.26016,-7.298315,1758.0
365,0.0,0.0,0.0,21.767200000000006,25.32,15.447934782608696,0.0,6.616849315068493,117.0,25.183694317586927,0.0,10131,2019,10131,MANZANEDA,Ourense,42.26016,-7.298315,1758.0
366,0.0,0.0,0.0,24.155500000000007,26.41,16.64967391304348,0.0,7.138688524590164,83.0,27.399130831763568,0.0,10131,2020,10131,MANZANEDA,Ourense,42.26016,-7.298315,1758.0
365,0.0,0.0,0.0,22.806000000000008,25.43,15.974130434782607,0.0,6.403397260273972,108.0,25.093318894020246,0.0,10131,2021,10131,MANZANEDA,Ourense,42.26016,-7.298315,1758.0
365,0.0,0.0,0.0,26.78200000000001,28.75,18.98695652173913,1.0,7.605863013698631,90.0,28.931741162417723,0.0,10131,2022,10131,MANZANEDA,Ourense,42.26016,-7.298315,1758.0
365,0.0,0.0,0.0,24.94600000000002,28.94,16.959565217391308,1.0,7.448794520547944,94.0,26.69552908356151,0.0,10131,2023,10131,MANZANEDA,Ourense,42.26016,-7.298315,1758.0
366,0.0,0.0,0.0,24.67100000000001,28.17,17.893478260869564,0.0,7.263592896174863,92.0,28.441460179668933,0.0,10131,2024,10131,MANZANEDA,Ourense,42.26016,-7.298315,1758.0
365,0.0,0.0,0.0,28.334400000000002,29.14,20.917499999999997,0.0,7.5530410958904115,99.0,31.77704513361189,0.0,10131,2025,10131,MANZANEDA,Ourense,42.26016,-7.298315,1758.0
365,2.0,0.0,0.0,29.274800000000003,30.46,22.140217391304347,0.0,8.084150684931508,114.0,37.10780057335219,8.0,10132,2010,10132,PEDRAFITA DO CEBREIRO,Lugo,42.707104,-7.047078,1310.0
365,3.0,0.0,0.0,29.000000000000018,31.39,20.586195652173913,0.0,9.650602739726027,51.0,35.5284844304789,5.0,10132,2011,10132,PEDRAFITA DO CEBREIRO,Lugo,42.707104,-7.047078,1310.0
366,1.0,0.0,0.0,29.371500000000005,30.26,20.201739130434785,0.0,8.577732240437157,92.0,36.390496241355414,12.0,10132,2012,10132,PEDRAFITA DO CEBREIRO,Lugo,42.707104,-7.047078,1310.0
365,8.0,1.0,0.0,30.3872,32.15,22.55826086956522,0.0,8.195123287671231,117.0,,,10132,2013,10132,PEDRAFITA DO CEBREIRO,Lugo,42.707104,-7.047078,1310.0
365,1.0,0.0,0.0,26.69720000000001,30.14,20.055000000000003,0.0,8.593013698630138,91.0,34.60654192633502,3.0,10132,2014,10132,PEDRAFITA DO CEBREIRO,Lugo,42.707104,-7.047078,1310.0
365,5.0,1.0,0.0,30.092000000000002,32.03,23.396413043478265,0.0,9.332,72.0,39.206611267345494,21.0,10132,2015,10132,PEDRAFITA DO CEBREIRO,Lugo,42.707104,-7.047078,1310.0
366,12.0,3.0,0.0,31.621000000000013,33.46,23.559347826086956,0.0,9.046666666666667,91.0,39.24273969345868,30.0,10132,2016,10132,PEDRAFITA DO CEBREIRO,Lugo,42.707104,-7.047078,1310.0
365,6.0,3.0,0.0,31.148000000000007,34.38,23.144347826086953,0.0,10.012712328767122,75.0,39.911360576121766,21.0,10132,2017,10132,PEDRAFITA DO CEBREIRO,Lugo,42.707104,-7.047078,1310.0
365,5.0,1.0,0.0,30.706000000000003,32.05,21.475652173913044,1.0,8.668876712328768,108.0,39.221084886235744,17.0,10132,2018,10132,PEDRAFITA DO CEBREIRO,Lugo,42.707104,-7.047078,1310.0
365,2.0,0.0,0.0,28.4096,31.23,20.867391304347827,0.0,9.019972602739726,80.0,38.82767198643391,12.0,10132,2019,10132,PEDRAFITA DO CEBREIRO,Lugo,42.707104,-7.047078,1310.0
366,9.0,1.0,0.0,31.083500000000004,32.23,22.56163043478261,0.0,9.874877049180327,56.0,40.510646868678734,30.0,10132,2020,10132,PEDRAFITA DO CEBREIRO,Lugo,42.707104,-7.047078,1310.0
365,2.0,0.0,0.0,28.53400000000001,31.46,21.762826086956522,0.0,9.134328767123286,66.0,38.164485584611484,19.0,10132,2021,10132,PEDRAFITA DO CEBREIRO,Lugo,42.707104,-7.047078,1310.0
365,18.0,10.0,1.0,32.96920000000001,35.09,24.64565217391304,2.0,10.446876712328766,62.0,42.418795871904635,43.0,10132,2022,10132,PEDRAFITA DO CEBREIRO,Lugo,42.707104,-7.047078,1310.0
365,5.0,3.0,0.0,30.93840000000002,34.9,22.77771739130435,0.0,10.212273972602741,61.0,40.59761694764089,20.0,10132,2023,10132,PEDRAFITA DO CEBREIRO,Lugo,42.707104,-7.047078,1310.0
366,3.0,2.0,0.0,29.797000000000004,33.74,23.53228260869565,0.0,9.825040983606556,68.0,41.7119006504648,33.0,10132,2024,10132,PEDRAFITA DO CEBREIRO,Lugo,42.707104,-7.047078,1310.0
365,19.0,11.0,0.0,32.606,34.49,24.73804347826087,0.0,9.96072602739726,52.0,41.824776191994026,37.0,10132,2025,10132,PEDRAFITA DO CEBREIRO,Lugo,42.707104,-7.047078,1310.0
365,2.0,1.0,0.0,28.754400000000008,32.23,19.528695652173912,6.0,11.952835616438355,6.0,33.764643289552026,3.0,10133,2011,10133,CUNTIS,Pontevedra,42.675583,-8.586177,715.0
366,4.0,1.0,0.0,29.729500000000023,33.25,18.84021739130435,3.0,11.033497267759563,8.0,33.47074818520488,3.0,10133,2012,10133,CUNTIS,Pontevedra,42.675583,-8.586177,715.0
365,5.0,4.0,0.0,31.11280000000002,33.63,20.985108695652176,7.0,10.876219178082192,14.0,37.89558659044941,13.0,10133,2013,10133,CUNTIS,Pontevedra,42.675583,-8.586177,715.0
365,0.0,0.0,0.0,27.418,29.86,19.19086956521739,2.0,11.408164383561642,3.0,34.753640800529396,4.0,10133,2014,10133,CUNTIS,Pontevedra,42.675583,-8.586177,715.0
365,2.0,0.0,0.0,29.362800000000004,31.48,20.58673913043478,2.0,11.59472602739726,6.0,35.24873853273112,5.0,10133,2015,10133,CUNTIS,Pontevedra,42.675583,-8.586177,715.0
366,6.0,3.0,1.0,31.217000000000006,36.02,22.049130434782608,9.0,11.715601092896174,3.0,36.82139811702171,7.0,10133,2016,10133,CUNTIS,Pontevedra,42.675583,-8.586177,715.0
365,6.0,1.0,0.0,30.261200000000006,32.96,21.148804347826086,5.0,12.290356164383564,4.0,36.20870407663105,7.0,10133,2017,10133,CUNTIS,Pontevedra,42.675583,-8.586177,715.0
365,7.0,3.0,1.0,31.273200000000006,35.02,20.776847826086957,8.0,11.449479452054794,11.0,38.2161680415166,9.0,10133,2018,10133,CUNTIS,Pontevedra,42.675583,-8.586177,715.0
365,1.0,0.0,0.0,28.67360000000001,30.6,19.45586956521739,1.0,11.45282191780822,1.0,33.55186753670913,2.0,10133,2019,10133,CUNTIS,Pontevedra,42.675583,-8.586177,715.0
366,3.0,0.0,0.0,29.20750000000002,30.54,20.554673913043477,5.0,11.8950956284153,3.0,36.23578155594571,11.0,10133,2020,10133,CUNTIS,Pontevedra,42.675583,-8.586177,715.0
365,2.0,0.0,0.0,27.48,30.85,19.42065217391304,1.0,11.467424657534245,7.0,34.74588680033687,3.0,10133,2021,10133,CUNTIS,Pontevedra,42.675583,-8.586177,715.0
365,7.0,3.0,2.0,31.5648,35.62,22.642717391304345,13.0,13.48354794520548,1.0,39.912824463086665,18.0,10133,2022,10133,CUNTIS,Pontevedra,42.675583,-8.586177,715.0
365,3.0,1.0,0.0,28.5636,33.23,21.15554347826087,9.0,13.219082191780819,1.0,37.04258423949885,6.0,10133,2023,10133,CUNTIS,Pontevedra,42.675583,-8.586177,715.0
366,3.0,0.0,0.0,28.29800000000001,31.77,21.450978260869565,3.0,12.919371584699453,1.0,39.04636649822562,13.0,10133,2024,10133,CUNTIS,Pontevedra,42.675583,-8.586177,715.0
365,7.0,1.0,0.0,30.552800000000005,32.52,22.935978260869568,7.0,12.909260273972603,1.0,39.885711567838335,25.0,10133,2025,10133,CUNTIS,Pontevedra,42.675583,-8.586177,715.0
365,7.0,1.0,0.0,30.880800000000008,33.0,23.36076086956522,0.0,15.203383561643838,0.0,41.19906503411609,24.0,10134,2010,10134,RIBEIRA,A Coruña,42.47135,-9.005851,21.0
365,2.0,0.0,0.0,28.3152,30.95,21.353152173913042,0.0,15.856931506849318,0.0,36.288195485361385,9.0,10134,2011,10134,RIBEIRA,A Coruña,42.47135,-9.005851,21.0
366,1.0,0.0,0.0,28.732000000000003,30.47,20.27,0.0,15.033005464480874,0.0,37.46270522473254,10.0,10134,2012,10134,RIBEIRA,A Coruña,42.47135,-9.005851,21.0
365,6.0,1.0,0.0,30.58920000000001,33.36,22.338260869565215,2.0,15.337356164383563,0.0,41.6024806232828,19.0,10134,2013,10134,RIBEIRA,A Coruña,42.47135,-9.005851,21.0
365,0.0,0.0,0.0,27.663200000000007,29.16,21.518152173913045,1.0,15.831589041095892,0.0,35.68106832545496,10.0,10134,2014,10134,RIBEIRA,A Coruña,42.47135,-9.005851,21.0
365,3.0,0.0,0.0,28.820400000000017,31.19,21.50641304347826,0.0,15.470726027397262,0.0,38.06506314756397,10.0,10134,2015,10134,RIBEIRA,A Coruña,42.47135,-9.005851,21.0
366,6.0,2.0,0.0,30.557000000000006,34.24,22.675652173913047,0.0,15.321830601092898,0.0,40.093012836488185,16.0,10134,2016,10134,RIBEIRA,A Coruña,42.47135,-9.005851,21.0
365,3.0,1.0,0.0,29.504,32.75,21.505217391304345,0.0,15.309054794520549,0.0,38.716578766227094,14.0,10134,2017,10134,RIBEIRA,A Coruña,42.47135,-9.005851,21.0
365,4.0,2.0,0.0,30.201200000000014,32.13,21.829782608695652,3.0,14.938999999999998,0.0,40.50450247991783,21.0,10134,2018,10134,RIBEIRA,A Coruña,42.47135,-9.005851,21.0
365,2.0,0.0,0.0,27.912000000000013,30.57,21.10728260869565,0.0,15.041794520547944,0.0,37.6203178842952,9.0,10134,2019,10134,RIBEIRA,A Coruña,42.47135,-9.005851,21.0
366,2.0,0.0,0.0,28.307500000000008,30.87,21.81815217391304,0.0,15.548606557377049,0.0,37.60686551652916,10.0,10134,2020,10134,RIBEIRA,A Coruña,42.47135,-9.005851,21.0
365,0.0,0.0,0.0,26.632000000000023,29.79,20.838369565217395,0.0,15.126191780821916,0.0,35.6711022845145,5.0,10134,2021,10134,RIBEIRA,A Coruña,42.47135,-9.005851,21.0
365,4.0,2.0,1.0,30.03120000000001,35.44,22.37489130434783,1.0,15.948945205479452,0.0,40.82635593116039,16.0,10134,2022,10134,RIBEIRA,A Coruña,42.47135,-9.005851,21.0
365,2.0,1.0,0.0,27.910000000000014,32.19,22.704891304347825,0.0,16.203082191780823,0.0,39.295835822546536,17.0,10134,2023,10134,RIBEIRA,A Coruña,42.47135,-9.005851,21.0
366,0.0,0.0,0.0,27.59700000000001,28.96,22.38097826086957,0.0,15.860204918032785,0.0,38.71021373074678,20.0,10134,2024,10134,RIBEIRA,A Coruña,42.47135,-9.005851,21.0
365,2.0,0.0,0.0,29.104800000000008,31.45,23.08521739130435,0.0,15.953383561643838,0.0,40.52500063888071,15.0,10134,2025,10134,RIBEIRA,A Coruña,42.47135,-9.005851,21.0
365,2.0,1.0,0.0,29.159600000000008,33.01,21.46271739130435,7.0,15.045397260273973,0.0,36.1352364786342,6.0,10135,2011,10135,CARNOTA,A Coruña,42.795036,-9.126011,170.0
366,3.0,0.0,0.0,29.027000000000026,31.44,20.527717391304346,2.0,14.126967213114753,0.0,37.37946045673252,7.0,10135,2012,10135,CARNOTA,A Coruña,42.795036,-9.126011,170.0
365,13.0,3.0,1.0,31.298000000000002,35.43,22.53554347826087,8.0,14.257219178082192,0.0,41.11929126674718,20.0,10135,2013,10135,CARNOTA,A Coruña,42.795036,-9.126011,170.0
365,0.0,0.0,0.0,28.172000000000008,28.63,21.45,1.0,14.65450684931507,0.0,36.25532287254767,6.0,10135,2014,10135,CARNOTA,A Coruña,42.795036,-9.126011,170.0
365,8.0,1.0,0.0,30.689600000000002,32.04,22.334347826086955,0.0,14.672739726027395,0.0,38.29636779788834,10.0,10135,2015,10135,CARNOTA,A Coruña,42.795036,-9.126011,170.0
366,8.0,4.0,1.0,32.15300000000001,35.29,23.387173913043483,4.0,14.710368852459016,0.0,39.51004724026485,13.0,10135,2016,10135,CARNOTA,A Coruña,42.795036,-9.126011,170.0
365,10.0,2.0,0.0,30.766000000000002,34.38,22.79586956521739,3.0,15.092410958904109,0.0,38.99959672104176,15.0,10135,2017,10135,CARNOTA,A Coruña,42.795036,-9.126011,170.0
365,12.0,7.0,1.0,33.38640000000001,36.09,23.248043478260865,11.0,14.683150684931508,0.0,40.364788192813435,30.0,10135,2018,10135,CARNOTA,A Coruña,42.795036,-9.126011,170.0
365,4.0,0.0,0.0,29.598000000000017,31.64,21.40967391304348,3.0,14.46850684931507,0.0,37.48056877320115,14.0,10135,2019,10135,CARNOTA,A Coruña,42.795036,-9.126011,170.0
366,9.0,2.0,0.0,31.504,34.87,22.760326086956525,5.0,14.963538251366122,0.0,40.70143949770527,20.0,10135,2020,10135,CARNOTA,A Coruña,42.795036,-9.126011,170.0
365,6.0,1.0,0.0,30.9836,33.29,21.721521739130434,5.0,14.761424657534247,0.0,38.31018883115537,11.0,10135,2021,10135,CARNOTA,A Coruña,42.795036,-9.126011,170.0
365,10.0,7.0,3.0,34.34,37.95,23.49597826086956,6.0,15.553479452054793,0.0,45.05383106226348,19.0,10135,2022,10135,CARNOTA,A Coruña,42.795036,-9.126011,170.0
365,5.0,3.0,0.0,30.520800000000005,33.93,22.94336956521739,3.0,15.646712328767121,0.0,39.57712778259881,12.0,10135,2023,10135,CARNOTA,A Coruña,42.795036,-9.126011,170.0
366,4.0,0.0,0.0,29.766500000000022,31.98,22.66478260869565,5.0,15.405273224043716,0.0,39.35106751480699,16.0,10135,2024,10135,CARNOTA,A Coruña,42.795036,-9.126011,170.0
365,12.0,3.0,0.0,31.578800000000005,34.91,24.31119565217391,3.0,15.532753424657534,0.0,42.61456990328531,24.0,10135,2025,10135,CARNOTA,A Coruña,42.795036,-9.126011,170.0
365,4.0,1.0,0.0,29.432800000000015,32.16,22.45434782608696,0.0,10.577808219178083,47.0,40.29333170604955,32.0,10136,2010,10136,A FONSAGRADA,Lugo,43.17712,-7.047859,789.0
365,4.0,3.0,0.0,30.063600000000008,33.88,21.26923913043478,1.0,11.846493150684932,20.0,40.18847941947554,20.0,10136,2011,10136,A FONSAGRADA,Lugo,43.17712,-7.047859,789.0
366,11.0,5.0,0.0,32.0415,33.24,22.05913043478261,0.0,10.99224043715847,29.0,41.19494662171168,26.0,10136,2012,10136,A FONSAGRADA,Lugo,43.17712,-7.047859,789.0
365,7.0,1.0,0.0,30.675600000000003,32.89,22.5125,0.0,10.756986301369864,31.0,39.9776902880835,25.0,10136,2013,10136,A FONSAGRADA,Lugo,43.17712,-7.047859,789.0
365,1.0,1.0,0.0,27.54,33.4,21.56923913043478,0.0,11.344698630136985,9.0,37.93305046438599,14.0,10136,2014,10136,A FONSAGRADA,Lugo,43.17712,-7.047859,789.0
365,8.0,2.0,0.0,30.3072,33.21,23.935326086956515,0.0,11.755945205479453,23.0,42.810030757228375,29.0,10136,2015,10136,A FONSAGRADA,Lugo,43.17712,-7.047859,789.0
366,13.0,5.0,2.0,32.916500000000006,36.88,23.716630434782612,1.0,11.470232240437158,25.0,43.34498717641232,41.0,10136,2016,10136,A FONSAGRADA,Lugo,43.17712,-7.047859,789.0
365,9.0,4.0,1.0,32.25040000000002,36.79,23.742282608695653,2.0,12.20304109589041,26.0,43.76800775735193,37.0,10136,2017,10136,A FONSAGRADA,Lugo,43.17712,-7.047859,789.0
365,7.0,6.0,0.0,32.44800000000001,34.17,22.589456521739127,0.0,11.326123287671232,33.0,44.161684743512055,36.0,10136,2018,10136,A FONSAGRADA,Lugo,43.17712,-7.047859,789.0
365,7.0,1.0,0.0,31.1536,33.37,23.3554347826087,0.0,11.661342465753423,20.0,43.42798795522595,46.0,10136,2019,10136,A FONSAGRADA,Lugo,43.17712,-7.047859,789.0
366,9.0,5.0,1.0,32.43950000000002,35.22,22.920217391304345,0.0,12.230232240437159,13.0,41.75018570271264,38.0,10136,2020,10136,A FONSAGRADA,Lugo,43.17712,-7.047859,789.0
365,5.0,3.0,0.0,31.153600000000015,33.27,22.53271739130435,0.0,11.396986301369862,26.0,41.464044126609174,24.0,10136,2021,10136,A FONSAGRADA,Lugo,43.17712,-7.047859,789.0
365,17.0,8.0,2.0,33.49760000000002,38.69,24.36445652173913,3.0,12.547068493150686,20.0,43.508681704715926,36.0,10136,2022,10136,A FONSAGRADA,Lugo,43.17712,-7.047859,789.0
365,10.0,5.0,1.0,32.66720000000001,36.39,24.29934782608695,1.0,12.670246575342466,26.0,44.677713397567146,23.0,10136,2023,10136,A FONSAGRADA,Lugo,43.17712,-7.047859,789.0
366,3.0,2.0,0.0,29.619000000000007,33.86,22.755543478260872,0.0,11.926133879781421,16.0,41.49952513953715,21.0,10136,2024,10136,A FONSAGRADA,Lugo,43.17712,-7.047859,789.0
365,23.0,13.0,4.0,34.93520000000001,37.49,25.436521739130438,0.0,12.299232876712328,15.0,47.20144376075273,41.0,10136,2025,10136,A FONSAGRADA,Lugo,43.17712,-7.047859,789.0
365,3.0,0.0,0.0,29.52,31.84,22.68663043478261,0.0,10.074068493150685,62.0,39.50860107701749,19.0,10137,2010,10137,NAVIA DE SUARNA,Lugo,42.955997,-6.915305,910.0
365,6.0,3.0,0.0,31.03840000000001,34.29,21.33065217391304,0.0,11.253013698630138,30.0,38.36297261082966,17.0,10137,2011,10137,NAVIA DE SUARNA,Lugo,42.955997,-6.915305,910.0
366,10.0,2.0,0.0,31.581,33.21,21.726630434782606,0.0,10.317732240437158,54.0,38.922429467547964,21.0,10137,2012,10137,NAVIA DE SUARNA,Lugo,42.955997,-6.915305,910.0
365,8.0,2.0,0.0,30.6908,33.14,23.163369565217394,0.0,10.231753424657533,56.0,40.57488236258906,31.0,10137,2013,10137,NAVIA DE SUARNA,Lugo,42.955997,-6.915305,910.0
365,2.0,1.0,0.0,27.909600000000005,32.76,21.45141304347826,0.0,10.78568493150685,28.0,38.23563561108964,11.0,10137,2014,10137,NAVIA DE SUARNA,Lugo,42.955997,-6.915305,910.0
365,9.0,1.0,0.0,30.614000000000004,34.08,24.237391304347824,0.0,11.290808219178084,37.0,41.21380312902583,30.0,10137,2015,10137,NAVIA DE SUARNA,Lugo,42.955997,-6.915305,910.0
366,14.0,5.0,1.0,32.61750000000002,35.73,23.877500000000005,0.0,10.946939890710382,35.0,41.09546734271322,39.0,10137,2016,10137,NAVIA DE SUARNA,Lugo,42.955997,-6.915305,910.0
365,11.0,4.0,1.0,31.870800000000028,35.83,23.767934782608698,0.0,11.73495890410959,35.0,41.49898642473412,31.0,10137,2017,10137,NAVIA DE SUARNA,Lugo,42.955997,-6.915305,910.0
365,8.0,2.0,0.0,31.5656,33.71,22.230760869565216,0.0,10.782054794520548,47.0,41.51376007144001,25.0,10137,2018,10137,NAVIA DE SUARNA,Lugo,42.955997,-6.915305,910.0
365,6.0,1.0,0.0,30.709600000000012,33.34,22.547717391304353,0.0,11.022767123287672,32.0,39.85526474699895,28.0,10137,2019,10137,NAVIA DE SUARNA,Lugo,42.955997,-6.915305,910.0
366,10.0,3.0,1.0,31.907,35.18,22.901630434782607,0.0,11.667213114754098,26.0,41.70438393657617,32.0,10137,2020,10137,NAVIA DE SUARNA,Lugo,42.955997,-6.915305,910.0
365,6.0,1.0,0.0,30.518000000000004,32.44,22.190326086956524,0.0,10.912602739726028,35.0,39.44888959534258,24.0,10137,2021,10137,NAVIA DE SUARNA,Lugo,42.955997,-6.915305,910.0
365,16.0,7.0,1.0,33.1664,36.3,24.190434782608694,4.0,12.145000000000001,26.0,42.423141611096696,40.0,10137,2022,10137,NAVIA DE SUARNA,Lugo,42.955997,-6.915305,910.0
365,6.0,5.0,1.0,32.86360000000003,37.92,23.562282608695657,1.0,12.02246575342466,34.0,43.466915970111955,21.0,10137,2023,10137,NAVIA DE SUARNA,Lugo,42.955997,-6.915305,910.0
366,5.0,2.0,0.0,31.19250000000001,33.77,23.283804347826088,0.0,11.669398907103826,23.0,41.66839959042872,28.0,10137,2024,10137,NAVIA DE SUARNA,Lugo,42.955997,-6.915305,910.0
365,26.0,13.0,2.0,33.814800000000005,36.65,25.391956521739136,2.0,12.034356164383562,19.0,45.026099976222675,38.0,10137,2025,10137,NAVIA DE SUARNA,Lugo,42.955997,-6.915305,910.0
365,0.0,0.0,0.0,25.183600000000002,25.85,19.31619565217391,0.0,6.411178082191781,141.0,27.81817511569282,0.0,10138,2010,10138,A VEIGA,Ourense,42.207813,-6.89256,1762.0
365,0.0,0.0,0.0,25.186400000000003,27.14,17.29608695652174,0.0,7.581602739726027,93.0,26.148504016806104,0.0,10138,2011,10138,A VEIGA,Ourense,42.207813,-6.89256,1762.0
366,0.0,0.0,0.0,24.941000000000006,26.75,16.571521739130436,0.0,6.350437158469946,131.0,26.301199400325114,0.0,10138,2012,10138,A VEIGA,Ourense,42.207813,-6.89256,1762.0
365,0.0,0.0,0.0,25.742000000000004,26.39,18.625,0.0,6.243643835616439,149.0,27.666102242640623,0.0,10138,2013,10138,A VEIGA,Ourense,42.207813,-6.89256,1762.0
365,0.0,0.0,0.0,23.108800000000002,24.53,16.610652173913046,0.0,6.404630136986301,127.0,27.77836371892111,0.0,10138,2014,10138,A VEIGA,Ourense,42.207813,-6.89256,1762.0
365,0.0,0.0,0.0,24.680000000000003,27.29,19.24358695652174,0.0,7.7272054794520555,94.0,27.59516583037391,0.0,10138,2015,10138,A VEIGA,Ourense,42.207813,-6.89256,1762.0
366,0.0,0.0,0.0,26.327,27.85,19.310652173913045,1.0,6.9715983606557375,123.0,28.901454914900455,0.0,10138,2016,10138,A VEIGA,Ourense,42.207813,-6.89256,1762.0
365,0.0,0.0,0.0,26.23,28.01,19.26554347826087,0.0,8.121493150684932,100.0,29.21372973908173,0.0,10138,2017,10138,A VEIGA,Ourense,42.207813,-6.89256,1762.0
365,0.0,0.0,0.0,25.6472,27.12,17.800326086956524,1.0,6.675109589041096,138.0,28.211549976791545,0.0,10138,2018,10138,A VEIGA,Ourense,42.207813,-6.89256,1762.0
365,0.0,0.0,0.0,23.742400000000004,26.63,17.15380434782609,0.0,7.199041095890411,121.0,28.185982850436687,0.0,10138,2019,10138,A VEIGA,Ourense,42.207813,-6.89256,1762.0
366,0.0,0.0,0.0,24.989500000000007,26.39,17.948586956521737,0.0,7.608579234972679,86.0,,,10138,2020,10138,A VEIGA,Ourense,42.207813,-6.89256,1762.0
365,0.0,0.0,0.0,23.380800000000004,26.0,17.473804347826086,0.0,6.926246575342465,100.0,26.001422023342407,0.0,10138,2021,10138,A VEIGA,Ourense,42.207813,-6.89256,1762.0
365,1.0,0.0,0.0,28.9516,30.05,21.13804347826087,2.0,8.253602739726027,91.0,31.891923317243737,0.0,10138,2022,10138,A VEIGA,Ourense,42.207813,-6.89256,1762.0
365,1.0,0.0,0.0,27.285600000000024,31.02,19.168695652173916,1.0,8.1586301369863,92.0,29.491502172490968,0.0,10138,2023,10138,A VEIGA,Ourense,42.207813,-6.89256,1762.0
366,0.0,0.0,0.0,25.641000000000002,28.07,19.36467391304348,0.0,7.873770491803279,88.0,29.025007722506892,0.0,10138,2024,10138,A VEIGA,Ourense,42.207813,-6.89256,1762.0
365,0.0,0.0,0.0,28.412000000000003,29.39,21.527391304347823,0.0,7.89568493150685,107.0,30.742579147919834,0.0,10138,2025,10138,A VEIGA,Ourense,42.207813,-6.89256,1762.0
364,12.0,7.0,1.0,33.02530000000001,35.73,23.47532608695652,0.0,12.554244505494506,25.0,45.57150034767841,39.0,10139,2010,10139,ZAS,A Coruña,43.02887,-8.974911,317.0
365,6.0,3.0,1.0,31.1716,35.04,21.61641304347826,0.0,13.031452054794523,11.0,42.34676661421879,32.0,10139,2011,10139,ZAS,A Coruña,43.02887,-8.974911,317.0
366,7.0,3.0,1.0,31.3415,35.28,21.52836956521739,0.0,11.877937158469944,43.0,45.48516122687554,26.0,10139,2012,10139,ZAS,A Coruña,43.02887,-8.974911,317.0
365,15.0,9.0,3.0,34.01360000000001,36.75,23.061195652173915,0.0,12.326876712328769,20.0,50.49537711112071,36.0,10139,2013,10139,ZAS,A Coruña,43.02887,-8.974911,317.0
365,5.0,2.0,0.0,30.3456,33.06,21.85978260869565,0.0,12.661246575342464,15.0,44.187793919440566,32.0,10139,2014,10139,ZAS,A Coruña,43.02887,-8.974911,317.0
365,7.0,3.0,2.0,30.4552,35.19,23.511739130434787,0.0,12.837109589041097,25.0,44.40923942292972,35.0,10139,2015,10139,ZAS,A Coruña,43.02887,-8.974911,317.0
366,14.0,7.0,2.0,33.45950000000002,36.15,23.70923913043478,0.0,12.747745901639345,21.0,48.39411234569763,39.0,10139,2016,10139,ZAS,A Coruña,43.02887,-8.974911,317.0
365,14.0,9.0,1.0,33.57400000000001,35.86,23.57304347826087,0.0,13.04905479452055,35.0,49.87374677930368,40.0,10139,2017,10139,ZAS,A Coruña,43.02887,-8.974911,317.0
365,14.0,7.0,2.0,34.24480000000001,35.79,23.269239130434777,0.0,12.619698630136988,25.0,53.11209980383531,51.0,10139,2018,10139,ZAS,A Coruña,43.02887,-8.974911,317.0
365,6.0,1.0,0.0,30.8236,32.48,21.505,0.0,12.370589041095888,37.0,43.47545618424377,26.0,10139,2019,10139,ZAS,A Coruña,43.02887,-8.974911,317.0
366,8.0,3.0,0.0,30.700500000000005,33.78,22.335978260869563,0.0,13.040887978142077,10.0,44.65532878947287,33.0,10139,2020,10139,ZAS,A Coruña,43.02887,-8.974911,317.0
365,3.0,2.0,0.0,29.35240000000001,32.97,21.5325,0.0,12.534191780821917,23.0,41.7411599602433,26.0,10139,2021,10139,ZAS,A Coruña,43.02887,-8.974911,317.0
365,11.0,7.0,3.0,33.34640000000001,37.46,23.192934782608692,0.0,13.229986301369863,27.0,49.92251731399359,41.0,10139,2022,10139,ZAS,A Coruña,43.02887,-8.974911,317.0
365,8.0,3.0,1.0,31.0332,35.44,23.014021739130435,0.0,13.44513698630137,26.0,45.48308463172207,29.0,10139,2023,10139,ZAS,A Coruña,43.02887,-8.974911,317.0
366,3.0,1.0,0.0,29.094000000000023,32.28,22.11130434782609,0.0,13.308169398907104,8.0,41.16675654523194,16.0,10139,2024,10139,ZAS,A Coruña,43.02887,-8.974911,317.0
365,7.0,4.0,1.0,32.0508,35.7,24.03445652173913,0.0,13.426082191780823,18.0,44.708139682437995,36.0,10139,2025,10139,ZAS,A Coruña,43.02887,-8.974911,317.0
365,2.0,0.0,0.0,27.5736,30.72,21.4804347826087,0.0,12.98976712328767,2.0,36.29384479533999,7.0,10141,2010,10141,NARÓN,A Coruña,43.562504,-8.132825,278.0
365,6.0,3.0,0.0,31.374400000000005,33.04,20.195326086956523,2.0,13.957424657534247,0.0,36.98875339534235,10.0,10141,2011,10141,NARÓN,A Coruña,43.562504,-8.132825,278.0
366,2.0,1.0,0.0,29.153500000000005,34.78,21.01445652173913,0.0,13.332978142076504,2.0,39.545002464896314,13.0,10141,2012,10141,NARÓN,A Coruña,43.562504,-8.132825,278.0
365,3.0,0.0,0.0,29.3872,31.77,22.567608695652172,0.0,13.465479452054794,0.0,39.70733760537361,23.0,10141,2013,10141,NARÓN,A Coruña,43.562504,-8.132825,278.0
365,0.0,0.0,0.0,25.980800000000002,27.81,20.544239130434782,0.0,13.395506849315067,0.0,34.40821834780791,4.0,10141,2014,10141,NARÓN,A Coruña,43.562504,-8.132825,278.0
365,0.0,0.0,0.0,25.61,29.02,21.13119565217391,0.0,13.465260273972602,0.0,33.49730309086314,2.0,10141,2015,10141,NARÓN,A Coruña,43.562504,-8.132825,278.0
366,4.0,1.0,0.0,30.151000000000042,34.58,21.89445652173913,0.0,13.48768294057377,0.0,38.6730802311146,14.0,10141,2016,10141,NARÓN,A Coruña,43.562504,-8.132825,278.0
365,4.0,2.0,0.0,29.99000000000003,34.44,21.812282608695647,2.0,13.88609589041096,0.0,39.55502894094503,11.0,10141,2017,10141,NARÓN,A Coruña,43.562504,-8.132825,278.0
365,2.0,1.0,0.0,29.362000000000002,33.14,21.906304347826087,1.0,13.49941095890411,0.0,41.36985859488783,19.0,10141,2018,10141,NARÓN,A Coruña,43.562504,-8.132825,278.0
365,2.0,0.0,0.0,27.484400000000004,30.55,21.102934782608695,0.0,13.534712328767123,0.0,36.186095282034664,10.0,10141,2019,10141,NARÓN,A Coruña,43.562504,-8.132825,278.0
366,2.0,1.0,0.0,27.70950000000002,33.78,21.275652173913045,0.0,14.007076502732241,0.0,38.66999075241433,13.0,10141,2020,10141,NARÓN,A Coruña,43.562504,-8.132825,278.0
365,2.0,1.0,0.0,28.822400000000016,34.36,20.786956521739132,0.0,13.623616438356166,0.0,40.79546999853267,11.0,10141,2021,10141,NARÓN,A Coruña,43.562504,-8.132825,278.0
365,4.0,3.0,1.0,29.221600000000024,35.32,22.363586956521736,3.0,14.396287671232878,0.0,40.12394381092571,22.0,10141,2022,10141,NARÓN,A Coruña,43.562504,-8.132825,278.0
365,6.0,2.0,1.0,30.788400000000003,37.19,23.087282608695645,3.0,14.674849315068492,0.0,42.02483353096703,24.0,10141,2023,10141,NARÓN,A Coruña,43.562504,-8.132825,278.0
366,2.0,0.0,0.0,27.62550000000001,30.65,21.973695652173916,0.0,14.289658469945353,0.0,38.08695160906509,10.0,10141,2024,10141,NARÓN,A Coruña,43.562504,-8.132825,278.0
365,5.0,1.0,0.0,30.900400000000005,33.86,23.636847826086953,0.0,14.626534246575341,0.0,43.080583947335136,22.0,10141,2025,10141,NARÓN,A Coruña,43.562504,-8.132825,278.0
365,14.0,6.0,1.0,32.86080000000001,35.88,24.02032608695653,3.0,16.281013698630137,0.0,40.19622931598301,27.0,10142,2011,10142,VIGO,Pontevedra,42.225945,-8.713502,100.0
366,8.0,4.0,1.0,31.874500000000005,35.48,23.084021739130435,3.0,15.229016393442622,1.0,40.194513947429925,30.0,10142,2012,10142,VIGO,Pontevedra,42.225945,-8.713502,100.0
365,29.0,14.0,3.0,34.7132,37.51,25.443586956521738,9.0,15.595328767123288,0.0,45.3232851522195,50.0,10142,2013,10142,VIGO,Pontevedra,42.225945,-8.713502,100.0
365,8.0,2.0,0.0,30.506800000000005,32.57,24.163152173913037,3.0,15.903917808219179,0.0,42.15614454478211,57.0,10142,2014,10142,VIGO,Pontevedra,42.225945,-8.713502,100.0
365,13.0,5.0,0.0,32.28880000000001,33.13,24.825869565217392,4.0,16.0156301369863,0.0,40.997220600168056,46.0,10142,2015,10142,VIGO,Pontevedra,42.225945,-8.713502,100.0
366,22.0,12.0,2.0,33.082,36.97,25.940434782608687,6.0,15.795546448087432,0.0,43.785240676722395,48.0,10142,2016,10142,VIGO,Pontevedra,42.225945,-8.713502,100.0
365,17.0,10.0,1.0,32.75000000000001,35.53,24.899130434782613,4.0,16.11816438356164,0.0,42.5449077294864,34.0,10142,2017,10142,VIGO,Pontevedra,42.225945,-8.713502,100.0
365,20.0,11.0,4.0,34.891200000000005,37.68,25.008913043478262,11.0,15.660890410958904,0.0,45.162929730628186,44.0,10142,2018,10142,VIGO,Pontevedra,42.225945,-8.713502,100.0
365,8.0,3.0,0.0,31.805200000000003,33.69,23.45978260869565,3.0,15.544479452054794,0.0,40.05810063569293,26.0,10142,2019,10142,VIGO,Pontevedra,42.225945,-8.713502,100.0
366,20.0,7.0,0.0,33.092500000000015,34.96,24.408260869565222,7.0,15.978784153005465,0.0,42.91899222606491,39.0,10142,2020,10142,VIGO,Pontevedra,42.225945,-8.713502,100.0
365,7.0,4.0,0.0,31.988,34.58,23.624456521739134,4.0,15.608013698630138,1.0,40.81986065380646,21.0,10142,2021,10142,VIGO,Pontevedra,42.225945,-8.713502,100.0
365,25.0,10.0,3.0,34.060400000000016,37.58,25.45054347826087,7.0,16.501698630136985,0.0,44.75452422972737,47.0,10142,2022,10142,VIGO,Pontevedra,42.225945,-8.713502,100.0
365,10.0,6.0,1.0,32.4924,35.73,24.930652173913046,3.0,16.406041095890412,0.0,41.86309228291894,38.0,10142,2023,10142,VIGO,Pontevedra,42.225945,-8.713502,100.0
366,12.0,6.0,0.0,32.676500000000004,34.77,25.57445652173913,4.0,16.37986338797814,0.0,43.61734731401083,41.0,10142,2024,10142,VIGO,Pontevedra,42.225945,-8.713502,100.0
365,22.0,16.0,2.0,33.631600000000006,37.51,26.492934782608696,6.0,16.267794520547945,0.0,44.49525676265658,41.0,10142,2025,10142,VIGO,Pontevedra,42.225945,-8.713502,100.0
365,20.0,10.0,0.0,33.8636,34.79,25.018260869565214,0.0,12.427671232876714,43.0,45.80713727399133,52.0,10144,2010,10144,ARZÚA,A Coruña,42.931965,-8.17469,362.0
365,10.0,4.0,2.0,32.10960000000001,35.93,22.90086956521739,0.0,13.096602739726029,18.0,46.28868844548401,39.0,10144,2011,10144,ARZÚA,A Coruña,42.931965,-8.17469,362.0
366,13.0,6.0,1.0,32.61150000000002,35.03,22.62173913043478,0.0,12.046898907103825,42.0,45.09014324138689,34.0,10144,2012,10144,ARZÚA,A Coruña,42.931965,-8.17469,362.0
365,18.0,10.0,2.0,33.122400000000006,36.43,24.266521739130436,0.0,12.322876712328767,25.0,46.673382367328024,37.0,10144,2013,10144,ARZÚA,A Coruña,42.931965,-8.17469,362.0
365,3.0,2.0,0.0,29.372400000000003,34.51,22.461195652173917,0.0,12.772424657534245,5.0,41.37747381410803,30.0,10144,2014,10144,ARZÚA,A Coruña,42.931965,-8.17469,362.0
365,8.0,3.0,1.0,31.268000000000008,35.51,24.625760869565216,0.0,13.03778082191781,26.0,43.39249496955021,40.0,10144,2015,10144,ARZÚA,A Coruña,42.931965,-8.17469,362.0
366,21.0,10.0,5.0,35.07600000000001,38.05,25.36521739130435,0.0,12.78021857923497,21.0,48.57262625479112,49.0,10144,2016,10144,ARZÚA,A Coruña,42.931965,-8.17469,362.0
365,15.0,11.0,2.0,33.9392,36.97,25.02478260869565,0.0,13.207424657534247,36.0,48.24764225943021,58.0,10144,2017,10144,ARZÚA,A Coruña,42.931965,-8.17469,362.0
365,22.0,10.0,3.0,34.0056,37.39,24.43293478260869,0.0,12.769506849315068,31.0,50.67697541772107,61.0,10144,2018,10144,ARZÚA,A Coruña,42.931965,-8.17469,362.0
365,10.0,5.0,0.0,32.6452,33.65,23.415760869565222,0.0,12.593150684931507,30.0,44.55943356550627,51.0,10144,2019,10144,ARZÚA,A Coruña,42.931965,-8.17469,362.0
366,21.0,9.0,1.0,33.07500000000002,35.11,24.128913043478256,0.0,13.452786885245903,16.0,47.57607177418563,53.0,10144,2020,10144,ARZÚA,A Coruña,42.931965,-8.17469,362.0
365,10.0,3.0,0.0,31.386000000000006,34.56,23.476956521739133,0.0,12.763109589041095,25.0,45.55653208354264,38.0,10144,2021,10144,ARZÚA,A Coruña,42.931965,-8.17469,362.0
365,25.0,15.0,5.0,35.199600000000004,38.49,25.919456521739132,0.0,13.72968493150685,36.0,51.093533318585486,64.0,10144,2022,10144,ARZÚA,A Coruña,42.931965,-8.17469,362.0
365,14.0,8.0,3.0,33.03120000000001,37.1,25.015869565217397,0.0,13.812958904109587,32.0,49.09885759875528,57.0,10144,2023,10144,ARZÚA,A Coruña,42.931965,-8.17469,362.0
366,11.0,5.0,1.0,33.25850000000001,35.35,25.23358695652174,0.0,13.631120218579234,17.0,46.046654357134074,52.0,10144,2024,10144,ARZÚA,A Coruña,42.931965,-8.17469,362.0
365,29.0,19.0,3.0,34.7656,36.84,26.791630434782608,0.0,13.683849315068493,25.0,52.00868576343056,69.0,10144,2025,10144,ARZÚA,A Coruña,42.931965,-8.17469,362.0
365,7.0,2.0,0.0,30.643600000000006,34.52,23.393478260869564,0.0,11.596712328767124,58.0,44.07723230548211,43.0,10146,2010,10146,CASTRO DE REI,Lugo,43.155926,-7.485878,428.0
365,12.0,4.0,2.0,31.870800000000006,36.61,23.061413043478257,0.0,12.631219178082192,32.0,45.449502302450384,46.0,10146,2011,10146,CASTRO DE REI,Lugo,43.155926,-7.485878,428.0
366,15.0,11.0,3.0,34.07050000000001,36.27,23.861956521739128,0.0,11.774631147540982,62.0,49.8917978461286,38.0,10146,2012,10146,CASTRO DE REI,Lugo,43.155926,-7.485878,428.0
365,8.0,7.0,1.0,33.440000000000005,35.11,23.971413043478254,0.0,11.867164383561642,41.0,48.287863264467035,41.0,10146,2013,10146,CASTRO DE REI,Lugo,43.155926,-7.485878,428.0
365,3.0,1.0,0.0,28.651600000000013,32.75,23.11967391304347,0.0,12.523191780821916,10.0,41.75645186159672,36.0,10146,2014,10146,CASTRO DE REI,Lugo,43.155926,-7.485878,428.0
365,15.0,5.0,0.0,32.038000000000004,34.11,25.007608695652173,0.0,12.603876712328766,34.0,48.144776597200114,44.0,10146,2015,10146,CASTRO DE REI,Lugo,43.155926,-7.485878,428.0
366,17.0,13.0,4.0,34.377500000000026,38.01,24.938913043478262,0.0,12.244726775956284,34.0,50.19914895323836,46.0,10146,2016,10146,CASTRO DE REI,Lugo,43.155926,-7.485878,428.0
365,9.0,6.0,2.0,33.80440000000001,38.27,24.957826086956516,0.0,12.782575342465755,41.0,48.87397358364327,53.0,10146,2017,10146,CASTRO DE REI,Lugo,43.155926,-7.485878,428.0
365,14.0,6.0,0.0,33.298,34.8,23.927282608695656,0.0,12.53921917808219,29.0,50.349555262666506,47.0,10146,2018,10146,CASTRO DE REI,Lugo,43.155926,-7.485878,428.0
365,8.0,3.0,1.0,31.453200000000006,35.3,23.892717391304345,0.0,12.350890410958906,37.0,45.44676226368834,46.0,10146,2019,10146,CASTRO DE REI,Lugo,43.155926,-7.485878,428.0
366,14.0,7.0,3.0,32.841500000000025,36.21,24.006956521739134,0.0,13.159071038251367,21.0,48.11154014996878,47.0,10146,2020,10146,CASTRO DE REI,Lugo,43.155926,-7.485878,428.0
365,7.0,2.0,0.0,30.5216,33.64,23.09108695652174,0.0,12.317684931506848,36.0,45.01195486227674,28.0,10146,2021,10146,CASTRO DE REI,Lugo,43.155926,-7.485878,428.0
365,16.0,9.0,2.0,33.507600000000004,37.58,24.634130434782602,0.0,13.30923287671233,41.0,49.64602370621843,44.0,10146,2022,10146,CASTRO DE REI,Lugo,43.155926,-7.485878,428.0
365,13.0,5.0,1.0,32.198800000000006,39.0,25.253152173913037,0.0,13.63368493150685,35.0,47.499839448490626,63.0,10146,2023,10146,CASTRO DE REI,Lugo,43.155926,-7.485878,428.0
366,7.0,3.0,0.0,31.296500000000005,34.9,23.7825,0.0,13.101338797814208,13.0,45.34274467723584,33.0,10146,2024,10146,CASTRO DE REI,Lugo,43.155926,-7.485878,428.0
365,22.0,14.0,4.0,35.02640000000002,37.06,25.53739130434783,0.0,13.303739726027397,25.0,51.165964364145,53.0,10146,2025,10146,CASTRO DE REI,Lugo,43.155926,-7.485878,428.0
365,0.0,0.0,0.0,28.9636,29.96,22.746630434782606,4.0,15.432657534246575,0.0,40.39928818466032,22.0,10147,2023,10147,CARIÑO,A Coruña,43.7383,-7.88011,20.0
366,0.0,0.0,0.0,25.648500000000002,28.17,21.31434782608696,3.0,14.94151639344262,0.0,35.978866958315336,7.0,10147,2024,10147,CARIÑO,A Coruña,43.7383,-7.88011,20.0
365,0.0,0.0,0.0,25.828400000000002,27.79,22.334891304347824,1.0,15.014232876712327,0.0,35.72657351629057,9.0,10147,2025,10147,CARIÑO,A Coruña,43.7383,-7.88011,20.0
366,56.0,41.0,18.0,37.826000000000015,39.68,28.45880434782608,1.0,14.469726775956284,38.0,51.97525703072781,79.0,10148,2012,10148,OURENSE,Ourense,42.343487,-7.848846,143.0
365,70.0,48.0,29.0,40.42400000000001,41.93,31.059130434782613,0.0,14.801356164383565,30.0,57.73695608321368,93.0,10148,2013,10148,OURENSE,Ourense,42.343487,-7.848846,143.0
365,45.0,23.0,10.0,36.1024,39.92,28.741304347826084,3.0,15.385767123287671,3.0,50.30644253844364,105.0,10148,2014,10148,OURENSE,Ourense,42.343487,-7.848846,143.0
365,73.0,46.0,23.0,38.171200000000006,40.13,31.244673913043474,3.0,15.540972602739727,23.0,53.005081623029334,105.0,10148,2015,10148,OURENSE,Ourense,42.343487,-7.848846,143.0
366,75.0,57.0,28.0,39.927,41.56,31.545869565217394,2.0,15.256133879781421,12.0,54.16831272057863,91.0,10148,2016,10148,OURENSE,Ourense,42.343487,-7.848846,143.0
365,89.0,52.0,22.0,39.44880000000001,40.94,31.126739130434782,2.0,15.633547945205478,28.0,54.39173883270274,132.0,10148,2017,10148,OURENSE,Ourense,42.343487,-7.848846,143.0
365,77.0,49.0,19.0,39.31760000000002,42.5,29.904021739130435,2.0,15.455698630136984,18.0,56.29190481191296,113.0,10148,2018,10148,OURENSE,Ourense,42.343487,-7.848846,143.0
365,61.0,43.0,10.0,37.70080000000001,38.6,28.97869565217391,0.0,15.02019178082192,28.0,50.836258027925915,91.0,10148,2019,10148,OURENSE,Ourense,42.343487,-7.848846,143.0
366,76.0,59.0,34.0,38.871500000000005,40.73,30.759239130434782,0.0,16.056816939890712,11.0,52.940683570074206,100.0,10148,2020,10148,OURENSE,Ourense,42.343487,-7.848846,143.0
365,64.0,42.0,19.0,38.16400000000001,40.38,30.191195652173914,0.0,15.422767123287672,16.0,56.29739257120494,98.0,10148,2021,10148,OURENSE,Ourense,42.343487,-7.848846,143.0
365,89.0,66.0,36.0,41.028800000000004,44.0,32.02228260869565,3.0,16.430630136986302,34.0,58.04037864319954,123.0,10148,2022,10148,OURENSE,Ourense,42.343487,-7.848846,143.0
365,74.0,46.0,11.0,37.738400000000006,42.45,30.82902173913043,3.0,16.23527397260274,30.0,54.27297071669373,131.0,10148,2023,10148,OURENSE,Ourense,42.343487,-7.848846,143.0
366,75.0,56.0,25.0,38.379000000000005,42.59,31.546847826086957,6.0,16.246188524590163,8.0,54.52046742150575,108.0,10148,2024,10148,OURENSE,Ourense,42.343487,-7.848846,143.0
365,93.0,69.0,48.0,41.1836,42.88,33.60271739130435,1.0,16.421520547945203,16.0,59.057736196752295,127.0,10148,2025,10148,OURENSE,Ourense,42.343487,-7.848846,143.0
365,2.0,0.0,0.0,28.671200000000002,31.28,19.93945652173913,2.0,12.185684931506849,4.0,35.50428312737779,6.0,10153,2010,10153,VIMIANZO,A Coruña,43.10812,-9.056941,405.0
365,2.0,0.0,0.0,28.2908,31.19,18.68,3.0,12.906287671232876,0.0,33.642716853432674,2.0,10153,2011,10153,VIMIANZO,A Coruña,43.10812,-9.056941,405.0
366,3.0,0.0,0.0,29.165000000000003,31.05,18.8875,1.0,12.104439890710383,1.0,38.38785394152639,8.0,10153,2012,10153,VIMIANZO,A Coruña,43.10812,-9.056941,405.0
365,7.0,1.0,0.0,30.888000000000005,33.34,20.075760869565215,3.0,11.910246575342466,1.0,39.067418141685295,12.0,10153,2013,10153,VIMIANZO,A Coruña,43.10812,-9.056941,405.0
365,1.0,0.0,0.0,26.224800000000002,30.67,19.057934782608694,0.0,12.39432876712329,0.0,33.72809326651495,3.0,10153,2014,10153,VIMIANZO,A Coruña,43.10812,-9.056941,405.0
365,1.0,0.0,0.0,26.166,30.74,19.806956521739128,0.0,12.43104109589041,0.0,34.35917919128899,3.0,10153,2015,10153,VIMIANZO,A Coruña,43.10812,-9.056941,405.0
366,5.0,2.0,0.0,30.785500000000003,32.27,20.857391304347825,2.0,12.498551912568304,0.0,37.20423393755225,10.0,10153,2016,10153,VIMIANZO,A Coruña,43.10812,-9.056941,405.0
365,7.0,2.0,1.0,31.5488,35.31,20.50934782608696,3.0,13.015397260273975,0.0,38.63198273865895,10.0,10153,2017,10153,VIMIANZO,A Coruña,43.10812,-9.056941,405.0
365,7.0,4.0,0.0,31.59120000000001,34.67,20.27456521739131,1.0,12.230424657534245,2.0,42.1141323679203,12.0,10153,2018,10153,VIMIANZO,A Coruña,43.10812,-9.056941,405.0
365,1.0,0.0,0.0,28.13720000000001,30.36,19.05663043478261,1.0,12.393561643835616,0.0,34.50923669872364,3.0,10153,2019,10153,VIMIANZO,A Coruña,43.10812,-9.056941,405.0
366,2.0,1.0,0.0,29.095500000000005,32.63,19.44163043478261,2.0,12.67922131147541,0.0,37.14688476563065,7.0,10153,2020,10153,VIMIANZO,A Coruña,43.10812,-9.056941,405.0
365,2.0,1.0,0.0,27.673600000000018,33.56,19.865,1.0,13.225698630136987,0.0,35.70156888735286,10.0,10153,2021,10153,VIMIANZO,A Coruña,43.10812,-9.056941,405.0
365,4.0,4.0,3.0,30.662800000000036,37.09,21.103478260869565,3.0,13.6006301369863,0.0,40.9677099917639,17.0,10153,2022,10153,VIMIANZO,A Coruña,43.10812,-9.056941,405.0
365,4.0,2.0,1.0,30.10880000000001,35.3,21.24326086956522,6.0,13.977684931506849,0.0,38.33304116180976,7.0,10153,2023,10153,VIMIANZO,A Coruña,43.10812,-9.056941,405.0
366,0.0,0.0,0.0,26.477000000000015,29.5,19.910217391304347,1.0,13.409521857923497,0.0,36.57229001484259,6.0,10153,2024,10153,VIMIANZO,A Coruña,43.10812,-9.056941,405.0
365,2.0,1.0,0.0,27.8444,32.79,21.806413043478262,0.0,13.765123287671232,0.0,37.55649846776446,17.0,10153,2025,10153,VIMIANZO,A Coruña,43.10812,-9.056941,405.0
365,27.0,16.0,3.0,34.802,36.55,26.289673913043476,6.0,14.572068493150686,2.0,43.7776377647113,44.0,10154,2010,10154,REDONDELA,Pontevedra,42.3207,-8.601872,260.0
365,21.0,7.0,1.0,33.128400000000006,36.45,24.039456521739126,4.0,15.293698630136985,0.0,41.197055933167086,34.0,10154,2011,10154,REDONDELA,Pontevedra,42.3207,-8.601872,260.0
366,9.0,3.0,1.0,31.264500000000016,35.42,22.800543478260867,0.0,14.127486338797814,2.0,39.09164711906033,31.0,10154,2012,10154,REDONDELA,Pontevedra,42.3207,-8.601872,260.0
365,34.0,22.0,9.0,36.538000000000004,38.97,26.246304347826094,5.0,14.511520547945205,0.0,49.038344497454375,58.0,10154,2013,10154,REDONDELA,Pontevedra,42.3207,-8.601872,260.0
365,9.0,2.0,0.0,31.372400000000003,32.47,24.23913043478261,0.0,14.765520547945203,0.0,41.437922714677725,49.0,10154,2014,10154,REDONDELA,Pontevedra,42.3207,-8.601872,260.0
365,16.0,6.0,0.0,32.966800000000006,33.86,25.244891304347828,0.0,14.807972602739726,1.0,42.96363112909177,39.0,10154,2015,10154,REDONDELA,Pontevedra,42.3207,-8.601872,260.0
366,33.0,19.0,4.0,35.08450000000001,40.77,27.001739130434782,0.0,14.608073770491805,0.0,45.61791555382386,48.0,10154,2016,10154,REDONDELA,Pontevedra,42.3207,-8.601872,260.0
365,23.0,16.0,2.0,33.826800000000006,38.45,25.847391304347827,2.0,15.174849315068494,1.0,45.177210404944525,47.0,10154,2017,10154,REDONDELA,Pontevedra,42.3207,-8.601872,260.0
365,29.0,15.0,6.0,36.30040000000001,38.79,25.541847826086954,3.0,14.543068493150683,1.0,47.386201939812615,49.0,10154,2018,10154,REDONDELA,Pontevedra,42.3207,-8.601872,260.0
365,29.0,15.0,2.0,33.93440000000001,37.24,25.942499999999992,0.0,14.729383561643834,0.0,46.084880029625396,68.0,10154,2019,10154,REDONDELA,Pontevedra,42.3207,-8.601872,260.0
366,52.0,34.0,8.0,37.05950000000001,40.98,27.909347826086954,1.0,15.80483606557377,0.0,50.02936195391208,85.0,10154,2020,10154,REDONDELA,Pontevedra,42.3207,-8.601872,260.0
365,25.0,9.0,4.0,34.86920000000001,38.1,26.632173913043477,0.0,15.31004109589041,6.0,46.94460152817259,74.0,10154,2021,10154,REDONDELA,Pontevedra,42.3207,-8.601872,260.0
365,28.0,16.0,5.0,35.845200000000006,38.65,26.275434782608702,5.0,15.649191780821917,0.0,46.432397131268715,57.0,10154,2022,10154,REDONDELA,Pontevedra,42.3207,-8.601872,260.0
365,12.0,4.0,2.0,32.30320000000002,36.63,25.166847826086954,2.0,15.396561643835618,1.0,43.86115787243298,41.0,10154,2023,10154,REDONDELA,Pontevedra,42.3207,-8.601872,260.0
366,17.0,9.0,1.0,33.862,35.52,25.588586956521734,4.0,15.338483606557377,0.0,46.13312595482429,40.0,10154,2024,10154,REDONDELA,Pontevedra,42.3207,-8.601872,260.0
365,28.0,17.0,3.0,34.41760000000001,36.97,26.96782608695653,5.0,15.310671232876713,0.0,47.048291019074625,49.0,10154,2025,10154,REDONDELA,Pontevedra,42.3207,-8.601872,260.0
365,64.0,44.0,15.0,37.653600000000004,39.52,30.559456521739133,3.0,16.011630136986305,13.0,51.97802632933361,100.0,10155,2015,10155,OURENSE,Ourense,42.353004,-7.877898,139.0
366,72.0,56.0,28.0,39.20500000000001,41.25,31.510217391304348,3.0,15.884071038251365,3.0,53.857123187175695,106.0,10155,2016,10155,OURENSE,Ourense,42.353004,-7.877898,139.0
365,87.0,46.0,20.0,39.2096,39.72,30.82869565217391,6.0,16.33830136986301,17.0,54.05109509477161,131.0,10155,2017,10155,OURENSE,Ourense,42.353004,-7.877898,139.0
365,82.0,54.0,21.0,39.09800000000002,42.69,30.03902173913043,4.0,16.069520547945206,8.0,56.87901085279252,119.0,10155,2018,10155,OURENSE,Ourense,42.353004,-7.877898,139.0
365,61.0,42.0,11.0,37.193599999999996,37.87,28.861304347826085,1.0,15.635191780821916,12.0,50.119254110696275,96.0,10155,2019,10155,OURENSE,Ourense,42.353004,-7.877898,139.0
366,76.0,62.0,33.0,38.456,40.09,30.470652173913045,2.0,16.60340163934426,2.0,52.816511189887194,100.0,10155,2020,10155,OURENSE,Ourense,42.353004,-7.877898,139.0
365,57.0,37.0,12.0,36.652,39.0,29.245000000000005,0.0,15.921068493150687,9.0,51.82931999714212,92.0,10155,2021,10155,OURENSE,Ourense,42.353004,-7.877898,139.0
365,87.0,64.0,35.0,40.718,44.0,32.01489130434783,13.0,17.01341095890411,16.0,57.204121347520115,116.0,10155,2022,10155,OURENSE,Ourense,42.353004,-7.877898,139.0
365,64.0,42.0,9.0,37.2876,41.47,30.349456521739125,6.0,16.623506849315067,23.0,54.41184297944872,121.0,10155,2023,10155,OURENSE,Ourense,42.353004,-7.877898,139.0
366,76.0,50.0,22.0,38.304500000000004,40.96,31.253043478260867,12.0,16.6356693989071,4.0,55.160318879088834,109.0,10155,2024,10155,OURENSE,Ourense,42.353004,-7.877898,139.0
365,83.0,63.0,42.0,39.9472,40.64,32.70923913043478,6.0,16.701493150684932,10.0,56.83761225704876,120.0,10155,2025,10155,OURENSE,Ourense,42.353004,-7.877898,139.0
366,38.0,23.0,5.0,35.76700000000002,40.12,28.539130434782606,0.0,16.225806010928963,0.0,49.0892114781038,84.0,10156,2016,10156,PONTEVEDRA,Pontevedra,42.425896,-8.643984,20.0
365,31.0,14.0,5.0,35.4596,38.5,27.581413043478264,0.0,16.50121917808219,11.0,48.16488898997536,92.0,10156,2017,10156,PONTEVEDRA,Pontevedra,42.425896,-8.643984,20.0
365,40.0,22.0,7.0,37.01320000000001,39.36,27.049130434782608,3.0,16.133027397260275,1.0,50.408168964859684,92.0,10156,2018,10156,PONTEVEDRA,Pontevedra,42.425896,-8.643984,20.0
365,25.0,13.0,2.0,33.8992,35.92,25.847065217391304,0.0,15.895438356164384,5.0,45.91631461763023,68.0,10156,2019,10156,PONTEVEDRA,Pontevedra,42.425896,-8.643984,20.0
366,35.0,19.0,4.0,34.76450000000002,37.59,27.06402173913044,1.0,16.72096994535519,0.0,46.92121071677943,79.0,10156,2020,10156,PONTEVEDRA,Pontevedra,42.425896,-8.643984,20.0
365,16.0,8.0,2.0,34.360800000000005,36.52,26.26413043478261,1.0,16.18158904109589,7.0,46.801942041810435,75.0,10156,2021,10156,PONTEVEDRA,Pontevedra,42.425896,-8.643984,20.0
365,31.0,16.0,6.0,35.668400000000005,39.32,26.82826086956522,6.0,16.681684931506847,1.0,48.81860787409067,67.0,10156,2022,10156,PONTEVEDRA,Pontevedra,42.425896,-8.643984,20.0
365,25.0,6.0,2.0,33.1096,36.14,27.13195652173913,2.0,16.759123287671233,1.0,46.18815902266381,89.0,10156,2023,10156,PONTEVEDRA,Pontevedra,42.425896,-8.643984,20.0
366,30.0,14.0,4.0,34.18500000000003,35.84,27.427499999999995,3.0,16.746939890710383,0.0,47.71476850897436,75.0,10156,2024,10156,PONTEVEDRA,Pontevedra,42.425896,-8.643984,20.0
365,29.0,20.0,4.0,34.83480000000001,37.48,27.997608695652172,5.0,16.53572602739726,0.0,47.91583827037059,79.0,10156,2025,10156,PONTEVEDRA,Pontevedra,42.425896,-8.643984,20.0
366,0.0,0.0,0.0,25.238500000000005,28.88,21.1425,0.0,14.916297814207649,0.0,33.59374837871607,2.0,10157,2016,10157,A CORUÑA,A Coruña,43.382763,-8.409202,21.0
365,2.0,0.0,0.0,28.0088,31.21,21.922717391304353,0.0,15.395753424657537,0.0,36.107143635203386,6.0,10157,2017,10157,A CORUÑA,A Coruña,43.382763,-8.409202,21.0
365,0.0,0.0,0.0,26.314400000000006,28.1,21.41891304347826,0.0,14.89927397260274,0.0,35.05484577382277,4.0,10157,2018,10157,A CORUÑA,A Coruña,43.382763,-8.409202,21.0
365,2.0,1.0,0.0,26.072400000000005,34.25,21.615978260869564,1.0,15.24390410958904,0.0,33.969532818880126,3.0,10157,2019,10157,A CORUÑA,A Coruña,43.382763,-8.409202,21.0
366,1.0,1.0,1.0,26.850000000000005,35.0,21.90010869565217,0.0,15.74950819672131,0.0,36.052039270841625,5.0,10157,2020,10157,A CORUÑA,A Coruña,43.382763,-8.409202,21.0
365,1.0,1.0,0.0,26.9764,34.47,21.465434782608696,0.0,15.348424657534247,0.0,35.48864229593626,5.0,10157,2021,10157,A CORUÑA,A Coruña,43.382763,-8.409202,21.0
365,2.0,0.0,0.0,28.736,31.78,22.437826086956523,0.0,15.982068493150685,0.0,40.159339651777735,12.0,10157,2022,10157,A CORUÑA,A Coruña,43.382763,-8.409202,21.0
365,6.0,2.0,0.0,30.696400000000004,33.09,24.24717391304348,8.0,16.67872602739726,0.0,44.99778457572331,57.0,10157,2023,10157,A CORUÑA,A Coruña,43.382763,-8.409202,21.0
366,0.0,0.0,0.0,27.04950000000001,29.87,21.95130434782609,0.0,16.064535519125684,0.0,36.3106731323374,8.0,10157,2024,10157,A CORUÑA,A Coruña,43.382763,-8.409202,21.0
365,0.0,0.0,0.0,26.914,28.91,23.19336956521739,1.0,16.08852054794521,0.0,35.37900541538614,7.0,10157,2025,10157,A CORUÑA,A Coruña,43.382763,-8.409202,21.0
365,17.0,9.0,3.0,33.32880000000001,37.15,23.90521739130435,2.0,12.479328767123288,16.0,46.73833206130728,50.0,10158,2018,10158,LALÍN,Pontevedra,42.656265,-8.107154,601.0
365,8.0,4.0,0.0,31.694000000000013,33.4,23.19021739130435,0.0,12.50972602739726,9.0,40.49336214941036,35.0,10158,2019,10158,LALÍN,Pontevedra,42.656265,-8.107154,601.0
366,19.0,6.0,0.0,33.33500000000001,34.73,24.18869565217391,0.0,13.140081967213114,3.0,43.81301757976595,50.0,10158,2020,10158,LALÍN,Pontevedra,42.656265,-8.107154,601.0
365,8.0,4.0,0.0,31.69400000000001,33.23,23.05554347826087,0.0,12.442726027397258,15.0,43.39614562085753,33.0,10158,2021,10158,LALÍN,Pontevedra,42.656265,-8.107154,601.0
365,29.0,13.0,6.0,35.51840000000001,39.62,25.955326086956525,3.0,13.601890410958903,13.0,48.6917029285924,52.0,10158,2022,10158,LALÍN,Pontevedra,42.656265,-8.107154,601.0
365,14.0,4.0,3.0,32.04280000000001,37.19,24.389130434782604,1.0,13.496698630136986,16.0,45.12056643202265,45.0,10158,2023,10158,LALÍN,Pontevedra,42.656265,-8.107154,601.0
366,11.0,7.0,2.0,33.71600000000001,35.86,25.170543478260875,0.0,13.259726775956285,9.0,48.48638913095658,49.0,10158,2024,10158,LALÍN,Pontevedra,42.656265,-8.107154,601.0
365,33.0,22.0,3.0,34.6236,36.66,26.63336956521739,1.0,13.367808219178082,10.0,48.99491029495472,57.0,10158,2025,10158,LALÍN,Pontevedra,42.656265,-8.107154,601.0
365,13.0,4.0,0.0,31.9568,34.25,24.19902173913044,16.0,13.757684931506848,2.0,38.34376690599457,14.0,10161,2010,10161,VIGO,Pontevedra,42.169926,-8.686054,460.0
365,4.0,2.0,0.0,29.86080000000001,33.47,21.267934782608698,14.0,14.41827397260274,0.0,35.199926264321014,6.0,10161,2011,10161,VIGO,Pontevedra,42.169926,-8.686054,460.0
366,3.0,1.0,0.0,29.794500000000003,34.59,20.514891304347827,6.0,13.339453551912568,2.0,35.998283730971565,7.0,10161,2012,10161,VIGO,Pontevedra,42.169926,-8.686054,460.0
365,11.0,4.0,1.0,32.15920000000003,35.2,23.004673913043476,14.0,13.416534246575342,0.0,37.04299939783352,7.0,10161,2013,10161,VIGO,Pontevedra,42.169926,-8.686054,460.0
365,1.0,0.0,0.0,28.692400000000013,30.12,21.406521739130433,10.0,13.816506849315067,0.0,34.22298804493059,3.0,10161,2014,10161,VIGO,Pontevedra,42.169926,-8.686054,460.0
365,3.0,0.0,0.0,29.488800000000005,31.41,22.42141304347826,6.0,14.095958904109589,0.0,33.99593473819493,3.0,10161,2015,10161,VIGO,Pontevedra,42.169926,-8.686054,460.0
366,10.0,3.0,1.0,31.246500000000008,35.04,23.77554347826088,17.0,13.954043715846995,0.0,38.64199473463389,15.0,10161,2016,10161,VIGO,Pontevedra,42.169926,-8.686054,460.0
365,11.0,3.0,0.0,31.34160000000001,33.99,22.645000000000003,9.0,14.552136986301369,1.0,36.808768175091856,10.0,10161,2017,10161,VIGO,Pontevedra,42.169926,-8.686054,460.0
365,10.0,6.0,1.0,32.60440000000001,37.34,22.46967391304348,17.0,13.783342465753424,0.0,39.46089953051518,14.0,10161,2018,10161,VIGO,Pontevedra,42.169926,-8.686054,460.0
365,4.0,0.0,0.0,29.512400000000014,31.48,20.596630434782607,9.0,13.629753424657537,0.0,35.11559769736673,4.0,10161,2019,10161,VIGO,Pontevedra,42.169926,-8.686054,460.0
366,8.0,1.0,0.0,31.238000000000003,32.55,22.1,15.0,14.111584699453552,0.0,38.52322004357873,20.0,10161,2020,10161,VIGO,Pontevedra,42.169926,-8.686054,460.0
365,4.0,0.0,0.0,29.46920000000003,31.84,21.03641304347826,6.0,13.739438356164385,2.0,36.65671035374993,6.0,10161,2021,10161,VIGO,Pontevedra,42.169926,-8.686054,460.0
365,9.0,5.0,1.0,32.5456,35.89,23.735217391304353,14.0,14.685945205479452,0.0,39.67419384911919,31.0,10161,2022,10161,VIGO,Pontevedra,42.169926,-8.686054,460.0
365,7.0,2.0,0.0,30.992000000000004,34.27,22.250108695652177,9.0,14.527821917808216,0.0,38.71537315494631,15.0,10161,2023,10161,VIGO,Pontevedra,42.169926,-8.686054,460.0
366,8.0,2.0,0.0,30.386500000000012,33.82,22.89586956521739,7.0,14.44948087431694,0.0,40.410321437943466,18.0,10161,2024,10161,VIGO,Pontevedra,42.169926,-8.686054,460.0
365,16.0,6.0,0.0,32.2736,33.24,24.581521739130444,17.0,14.50850684931507,0.0,40.31485479044362,30.0,10161,2025,10161,VIGO,Pontevedra,42.169926,-8.686054,460.0
365,1.0,0.0,0.0,26.941600000000008,31.61,22.487826086956524,0.0,12.90517808219178,15.0,,,10162,2010,10162,VIVEIRO,Lugo,43.630886,-7.630877,59.0
365,3.0,0.0,0.0,29.256800000000002,31.98,22.01771739130435,0.0,14.002726027397262,3.0,39.68156454105317,14.0,10162,2011,10162,VIVEIRO,Lugo,43.630886,-7.630877,59.0
366,2.0,0.0,0.0,29.124500000000012,31.87,22.88173913043478,0.0,13.360013661202187,9.0,39.47510076503595,18.0,10162,2012,10162,VIVEIRO,Lugo,43.630886,-7.630877,59.0
365,0.0,0.0,0.0,27.575200000000002,28.9,22.60663043478261,0.0,13.57658904109589,2.0,37.99882247087526,20.0,10162,2013,10162,VIVEIRO,Lugo,43.630886,-7.630877,59.0
365,0.0,0.0,0.0,27.654400000000003,28.04,22.75184782608696,0.0,14.101561643835616,3.0,38.23007868198847,18.0,10162,2014,10162,VIVEIRO,Lugo,43.630886,-7.630877,59.0
365,1.0,0.0,0.0,28.364400000000007,31.52,23.13847826086956,0.0,14.07468493150685,3.0,37.45288952271759,12.0,10162,2015,10162,VIVEIRO,Lugo,43.630886,-7.630877,59.0
366,1.0,1.0,0.0,28.18200000000002,32.57,23.01076086956522,0.0,13.58542349726776,2.0,38.972638606164665,16.0,10162,2016,10162,VIVEIRO,Lugo,43.630886,-7.630877,59.0
365,1.0,1.0,0.0,29.1552,33.28,23.198043478260868,0.0,14.035520547945206,7.0,39.13336762656485,28.0,10162,2017,10162,VIVEIRO,Lugo,43.630886,-7.630877,59.0
365,1.0,0.0,0.0,27.3352,30.35,22.702608695652174,1.0,13.782315068493148,7.0,39.24176938290896,24.0,10162,2018,10162,VIVEIRO,Lugo,43.630886,-7.630877,59.0
365,0.0,0.0,0.0,28.415200000000006,29.65,22.58184782608696,2.0,13.868095890410958,5.0,38.977255010071744,20.0,10162,2019,10162,VIVEIRO,Lugo,43.630886,-7.630877,59.0
366,0.0,0.0,0.0,28.320000000000004,29.69,22.87228260869565,0.0,14.471420765027322,0.0,40.60531129884168,31.0,10162,2020,10162,VIVEIRO,Lugo,43.630886,-7.630877,59.0
365,0.0,0.0,0.0,26.911200000000008,29.6,21.74304347826087,0.0,13.82123287671233,2.0,38.03263505432399,12.0,10162,2021,10162,VIVEIRO,Lugo,43.630886,-7.630877,59.0
365,4.0,0.0,0.0,29.56480000000001,31.1,23.300978260869567,2.0,14.648712328767125,6.0,43.328337950441764,28.0,10162,2022,10162,VIVEIRO,Lugo,43.630886,-7.630877,59.0
365,7.0,0.0,0.0,30.350400000000004,31.86,24.466304347826092,2.0,15.014287671232877,6.0,43.75174552423478,47.0,10162,2023,10162,VIVEIRO,Lugo,43.630886,-7.630877,59.0
366,0.0,0.0,0.0,27.1735,28.03,22.423369565217396,2.0,14.62799180327869,1.0,38.172724659111964,25.0,10162,2024,10162,VIVEIRO,Lugo,43.630886,-7.630877,59.0
365,0.0,0.0,0.0,27.305200000000006,29.06,23.823804347826087,0.0,14.723397260273973,4.0,38.660279407376066,28.0,10162,2025,10162,VIVEIRO,Lugo,43.630886,-7.630877,59.0
366,7.0,1.0,0.0,31.1035,32.19,22.325869565217392,0.0,12.42905737704918,2.0,39.443969896619386,31.0,10163,2020,10163,FORCAREI,Pontevedra,42.610943,-8.370965,674.0
365,2.0,0.0,0.0,28.210800000000003,31.02,21.151086956521738,0.0,11.85945205479452,10.0,38.44786335021211,15.0,10163,2021,10163,FORCAREI,Pontevedra,42.610943,-8.370965,674.0
365,12.0,6.0,2.0,32.5544,35.64,23.800760869565224,3.0,12.918397260273974,7.0,42.28332345887506,36.0,10163,2022,10163,FORCAREI,Pontevedra,42.610943,-8.370965,674.0
365,4.0,3.0,0.0,30.090400000000013,34.87,22.45445652173913,2.0,12.857164383561644,9.0,40.90781558651607,16.0,10163,2023,10163,FORCAREI,Pontevedra,42.610943,-8.370965,674.0
366,4.0,1.0,0.0,29.85500000000003,32.63,22.934239130434786,1.0,12.599043715846994,5.0,41.08255106396948,26.0,10163,2024,10163,FORCAREI,Pontevedra,42.610943,-8.370965,674.0
365,20.0,6.0,1.0,32.79360000000002,35.02,24.839239130434784,2.0,12.766,6.0,45.288284386377235,42.0,10163,2025,10163,FORCAREI,Pontevedra,42.610943,-8.370965,674.0
366,8.0,4.0,1.0,32.170000000000016,36.73,22.979239130434784,0.0,14.111543715846992,3.0,48.21776323811378,45.0,10164,2020,10164,RIOTORTO,Lugo,43.35174,-7.265628,270.0
365,3.0,2.0,1.0,28.3352,35.21,22.045434782608698,0.0,13.269684931506848,10.0,41.908826721155044,32.0,10164,2021,10164,RIOTORTO,Lugo,43.35174,-7.265628,270.0
365,11.0,3.0,2.0,31.506800000000002,37.56,23.680000000000003,0.0,14.21172602739726,10.0,47.59011982804432,33.0,10164,2022,10164,RIOTORTO,Lugo,43.35174,-7.265628,270.0
365,19.0,7.0,2.0,33.364000000000004,38.29,25.166413043478265,0.0,14.694356164383564,21.0,51.85669162524076,63.0,10164,2023,10164,RIOTORTO,Lugo,43.35174,-7.265628,270.0
366,7.0,3.0,1.0,30.641000000000002,35.39,23.04869565217392,0.0,14.188387978142078,7.0,45.89650589138669,34.0,10164,2024,10164,RIOTORTO,Lugo,43.35174,-7.265628,270.0
365,13.0,6.0,2.0,33.25160000000002,36.58,24.429456521739134,0.0,14.339068493150686,10.0,51.64644021738874,42.0,10164,2025,10164,RIOTORTO,Lugo,43.35174,-7.265628,270.0
366,44.0,26.0,7.0,36.149000000000015,37.33,27.14304347826087,1.0,15.351926229508198,6.0,51.96944153644637,87.0,10165,2020,10165,O PORRIÑO,Pontevedra,42.145294,-8.61188,41.0
365,15.0,8.0,4.0,34.078000000000024,36.35,25.868586956521742,0.0,14.662219178082195,19.0,49.345677734640596,81.0,10165,2021,10165,O PORRIÑO,Pontevedra,42.145294,-8.61188,41.0
365,44.0,26.0,9.0,36.92800000000001,39.52,28.402391304347827,1.0,15.640273972602738,23.0,56.055077246667665,106.0,10165,2022,10165,O PORRIÑO,Pontevedra,42.145294,-8.61188,41.0
365,27.0,10.0,4.0,35.17440000000002,38.29,27.266630434782606,1.0,15.606164383561644,24.0,52.32568415212783,96.0,10165,2023,10165,O PORRIÑO,Pontevedra,42.145294,-8.61188,41.0
366,31.0,17.0,7.0,35.38150000000001,39.2,27.99478260869565,0.0,15.615505464480876,8.0,54.18374199112663,98.0,10165,2024,10165,O PORRIÑO,Pontevedra,42.145294,-8.61188,41.0
365,49.0,36.0,15.0,36.715199999999996,37.6,29.543586956521732,0.0,15.515712328767123,14.0,56.389544355240886,112.0,10165,2025,10165,O PORRIÑO,Pontevedra,42.145294,-8.61188,41.0
366,46.0,32.0,10.0,35.9345,37.29,27.36173913043479,4.0,15.56280054644809,4.0,49.5704152643095,78.0,10166,2020,10166,MONDARIZ,Pontevedra,42.246513,-8.454067,235.0
365,19.0,7.0,4.0,34.322800000000015,35.63,25.84793478260869,1.0,14.975753424657533,7.0,48.41160634889438,66.0,10166,2021,10166,MONDARIZ,Pontevedra,42.246513,-8.454067,235.0
365,52.0,34.0,10.0,38.206,39.69,28.82641304347826,6.0,16.066931506849315,1.0,52.32011713054948,95.0,10166,2022,10166,MONDARIZ,Pontevedra,42.246513,-8.454067,235.0
365,24.0,11.0,4.0,34.34920000000003,38.11,27.04445652173913,2.0,15.714424657534247,4.0,49.36748297691894,88.0,10166,2023,10166,MONDARIZ,Pontevedra,42.246513,-8.454067,235.0
366,38.0,20.0,5.0,35.828,37.99,28.06663043478261,1.0,15.798797814207651,2.0,52.97876236063088,78.0,10166,2024,10166,MONDARIZ,Pontevedra,42.246513,-8.454067,235.0
365,54.0,41.0,21.0,37.604400000000005,39.34,30.2020652173913,5.0,15.880589041095893,0.0,54.97670951532734,96.0,10166,2025,10166,MONDARIZ,Pontevedra,42.246513,-8.454067,235.0
366,4.0,2.0,0.0,29.946000000000012,33.57,23.365000000000006,0.0,14.213073770491805,13.0,42.41232544542955,33.0,10167,2020,10167,O VALADOURO,Lugo,43.54419,-7.45192,71.0
365,1.0,1.0,1.0,28.200000000000003,35.14,22.094347826086956,0.0,13.459671232876714,20.0,40.500211262751364,23.0,10167,2021,10167,O VALADOURO,Lugo,43.54419,-7.45192,71.0
365,3.0,3.0,2.0,29.40920000000001,35.71,23.75413043478261,1.0,14.384109589041095,25.0,43.802675108256196,39.0,10167,2022,10167,O VALADOURO,Lugo,43.54419,-7.45192,71.0
365,14.0,7.0,1.0,33.632000000000005,35.78,25.00141304347826,3.0,14.787191780821917,22.0,52.10718189931101,56.0,10167,2023,10167,O VALADOURO,Lugo,43.54419,-7.45192,71.0
366,3.0,1.0,0.0,29.58600000000001,33.5,23.05391304347826,1.0,14.424617486338798,10.0,42.86565511277639,37.0,10167,2024,10167,O VALADOURO,Lugo,43.54419,-7.45192,71.0
365,3.0,0.0,0.0,29.453200000000006,31.23,24.11565217391304,0.0,14.443821917808222,15.0,42.57169767848883,32.0,10167,2025,10167,O VALADOURO,Lugo,43.54419,-7.45192,71.0
366,13.0,6.0,2.0,33.25000000000004,36.77,23.338152173913045,0.0,12.64668032786885,28.0,49.57347026490755,43.0,10168,2020,10168,COSPEITO,Lugo,43.24025,-7.555116,408.0
365,7.0,2.0,0.0,30.6672,33.57,22.44086956521739,0.0,11.809835616438356,43.0,45.47043251236895,33.0,10168,2021,10168,COSPEITO,Lugo,43.24025,-7.555116,408.0
365,16.0,9.0,2.0,33.54240000000001,37.76,24.113369565217393,0.0,12.67890410958904,50.0,50.86544677417765,40.0,10168,2022,10168,COSPEITO,Lugo,43.24025,-7.555116,408.0
365,13.0,6.0,1.0,32.510400000000004,38.89,24.88445652173913,0.0,13.174164383561646,43.0,48.39334933786763,65.0,10168,2023,10168,COSPEITO,Lugo,43.24025,-7.555116,408.0
366,6.0,3.0,0.0,31.41350000000001,34.33,22.986630434782608,0.0,12.587937158469947,19.0,46.00572985257832,31.0,10168,2024,10168,COSPEITO,Lugo,43.24025,-7.555116,408.0
365,23.0,15.0,3.0,34.732400000000005,37.51,25.241847826086957,0.0,12.91949315068493,26.0,51.831333145713806,51.0,10168,2025,10168,COSPEITO,Lugo,43.24025,-7.555116,408.0
366,3.0,0.0,0.0,29.685000000000006,30.66,22.40358695652174,3.0,15.450683060109291,0.0,39.39259922566618,17.0,10169,2020,10169,BAIONA,Pontevedra,42.1155,-8.837179,3.0
365,1.0,0.0,0.0,28.520000000000003,31.74,21.62804347826087,0.0,14.943890410958906,2.0,38.571572307069374,12.0,10169,2021,10169,BAIONA,Pontevedra,42.1155,-8.837179,3.0
365,8.0,2.0,1.0,31.1588,35.12,23.27891304347827,4.0,15.872164383561644,0.0,43.53626073360512,27.0,10169,2022,10169,BAIONA,Pontevedra,42.1155,-8.837179,3.0
365,1.0,0.0,0.0,27.9636,30.11,22.91206521739131,2.0,15.920712328767122,0.0,37.88436269704143,20.0,10169,2023,10169,BAIONA,Pontevedra,42.1155,-8.837179,3.0
366,1.0,0.0,0.0,27.617000000000008,31.73,22.926304347826086,0.0,15.83301912568306,0.0,36.73351734339861,10.0,10169,2024,10169,BAIONA,Pontevedra,42.1155,-8.837179,3.0
365,3.0,1.0,0.0,29.6412,32.12,23.95,2.0,15.738698630136986,0.0,39.128616613612635,16.0,10169,2025,10169,BAIONA,Pontevedra,42.1155,-8.837179,3.0
366,11.0,4.0,1.0,31.879000000000016,35.04,22.910434782608693,0.0,12.104890710382511,12.0,42.9856489007234,41.0,10170,2020,10170,PORTOMARÍN,Lugo,42.816715,-7.750347,780.0
365,14.0,7.0,1.0,33.1392,35.09,23.98054347826087,0.0,11.774863013698631,21.0,46.7970859427856,54.0,10170,2021,10170,PORTOMARÍN,Lugo,42.816715,-7.750347,780.0
365,16.0,9.0,5.0,35.205600000000004,36.3,24.12902173913044,5.0,12.517301369863015,13.0,46.82699737099381,46.0,10170,2022,10170,PORTOMARÍN,Lugo,42.816715,-7.750347,780.0
365,6.0,3.0,1.0,31.393600000000006,37.12,23.715978260869566,2.0,12.540465753424659,19.0,46.83374788954245,36.0,10170,2023,10170,PORTOMARÍN,Lugo,42.816715,-7.750347,780.0
366,8.0,2.0,0.0,31.563500000000005,34.06,23.436304347826084,0.0,12.043401639344262,11.0,46.01824785455109,36.0,10170,2024,10170,PORTOMARÍN,Lugo,42.816715,-7.750347,780.0
365,26.0,13.0,3.0,34.7432,36.82,25.294021739130432,3.0,12.397260273972602,9.0,50.34268537632302,51.0,10170,2025,10170,PORTOMARÍN,Lugo,42.816715,-7.750347,780.0
366,57.0,41.0,11.0,36.92300000000001,40.22,28.43489130434782,0.0,14.761612021857923,30.0,52.78460739754758,98.0,10171,2020,10171,MONFORTE DE LEMOS,Lugo,42.513783,-7.523145,286.0
365,39.0,19.0,6.0,35.354400000000005,36.71,27.592934782608694,0.0,13.937739726027399,32.0,53.06006708012786,92.0,10171,2021,10171,MONFORTE DE LEMOS,Lugo,42.513783,-7.523145,286.0
365,58.0,41.0,19.0,39.450800000000015,42.07,29.975326086956517,1.0,14.989561643835618,49.0,62.11605937202824,118.0,10171,2022,10171,MONFORTE DE LEMOS,Lugo,42.513783,-7.523145,286.0
365,50.0,23.0,7.0,36.67960000000001,41.9,29.046195652173914,1.0,14.836767123287672,43.0,56.09268091274081,123.0,10171,2023,10171,MONFORTE DE LEMOS,Lugo,42.513783,-7.523145,286.0
366,51.0,31.0,9.0,36.36400000000001,38.32,29.285760869565213,1.0,14.726311475409835,15.0,54.94118838573155,91.0,10171,2024,10171,MONFORTE DE LEMOS,Lugo,42.513783,-7.523145,286.0
365,65.0,49.0,25.0,38.63360000000001,40.49,31.060760869565208,0.0,14.90131506849315,29.0,55.963733878578054,106.0,10171,2025,10171,MONFORTE DE LEMOS,Lugo,42.513783,-7.523145,286.0
366,22.0,10.0,1.0,33.786500000000004,35.29,24.384239130434775,18.0,13.893073770491803,1.0,41.86074000234178,46.0,10172,2020,10172,AS NEVES,Pontevedra,42.133602,-8.412954,681.0
365,5.0,4.0,0.0,31.314000000000018,32.77,22.531195652173917,5.0,13.260452054794522,2.0,38.62837092568132,21.0,10172,2021,10172,AS NEVES,Pontevedra,42.133602,-8.412954,681.0
365,27.0,10.0,5.0,35.3896,36.77,25.70771739130435,20.0,14.37494520547945,2.0,42.03310189902574,53.0,10172,2022,10172,AS NEVES,Pontevedra,42.133602,-8.412954,681.0
365,8.0,4.0,1.0,31.396400000000014,35.44,23.92304347826087,11.0,14.151383561643836,3.0,40.60357716633543,28.0,10172,2023,10172,AS NEVES,Pontevedra,42.133602,-8.412954,681.0
366,14.0,6.0,0.0,32.56350000000001,34.93,24.62173913043478,8.0,14.0676912568306,0.0,40.56837055105842,31.0,10172,2024,10172,AS NEVES,Pontevedra,42.133602,-8.412954,681.0
365,38.0,23.0,5.0,35.1112,36.16,27.046630434782607,21.0,14.280150684931504,0.0,41.94862445595066,39.0,10172,2025,10172,AS NEVES,Pontevedra,42.133602,-8.412954,681.0
365,0.0,0.0,0.0,24.356000000000005,27.73,15.6225,0.0,8.948698630136985,27.0,30.352129334577604,0.0,10173,2021,10173,MURAS,Lugo,43.46013,-7.592832,1031.0
365,3.0,1.0,0.0,28.482400000000016,32.72,18.44554347826087,5.0,10.551109589041097,7.0,33.526385923853326,1.0,10173,2022,10173,MURAS,Lugo,43.46013,-7.592832,1031.0
365,1.0,1.0,0.0,27.052000000000003,32.69,18.490543478260868,6.0,10.881849315068495,15.0,34.379809220288436,3.0,10173,2023,10173,MURAS,Lugo,43.46013,-7.592832,1031.0
366,0.0,0.0,0.0,26.097,28.65,17.38554347826087,0.0,10.120737704918033,10.0,34.84656068801289,4.0,10173,2024,10173,MURAS,Lugo,43.46013,-7.592832,1031.0
365,2.0,0.0,0.0,28.0252,30.9,18.94228260869565,4.0,10.349835616438357,10.0,35.216990805342895,4.0,10173,2025,10173,MURAS,Lugo,43.46013,-7.592832,1031.0
365,6.0,1.0,0.0,30.82040000000001,33.0,22.143260869565218,0.0,11.588958904109587,33.0,45.692488852319904,31.0,10174,2021,10174,VILALBA,Lugo,43.327644,-7.716561,480.0
365,13.0,7.0,3.0,33.9444,38.02,24.316521739130433,0.0,12.547123287671232,39.0,50.32231655993762,48.0,10174,2022,10174,VILALBA,Lugo,43.327644,-7.716561,480.0
365,12.0,6.0,1.0,32.116400000000006,38.68,24.410000000000004,0.0,12.91960273972603,35.0,48.69766062694416,60.0,10174,2023,10174,VILALBA,Lugo,43.327644,-7.716561,480.0
366,5.0,2.0,0.0,30.571000000000023,33.74,23.238695652173913,0.0,12.42808743169399,19.0,46.03012027816914,40.0,10174,2024,10174,VILALBA,Lugo,43.327644,-7.716561,480.0
365,21.0,12.0,2.0,34.09120000000001,36.4,25.059239130434786,0.0,12.571726027397261,27.0,53.648525787208605,56.0,10174,2025,10174,VILALBA,Lugo,43.327644,-7.716561,480.0
343,14.0,5.0,2.0,33.12759999999999,36.47,25.369347826086962,2.0,15.51418367346939,4.0,45.38406579481263,54.0,10175,2023,10175,PAZOS DE BORBÉN,Pontevedra,42.297,-8.527,273.0
366,21.0,10.0,2.0,34.344500000000004,36.29,26.286956521739132,4.0,15.198114754098361,3.0,49.53737238490482,58.0,10175,2024,10175,PAZOS DE BORBÉN,Pontevedra,42.297,-8.527,273.0
365,39.0,27.0,5.0,35.75160000000001,37.6,28.14858695652174,2.0,15.23458904109589,2.0,50.43676828548343,71.0,10175,2025,10175,PAZOS DE BORBÉN,Pontevedra,42.297,-8.527,273.0
366,1.0,0.0,0.0,28.184000000000005,30.54,22.14717391304348,0.0,15.504904371584699,1.0,39.280699851651654,13.0,10176,2024,10176,CEE,A Coruña,42.94625,-9.184586,2.0
365,2.0,0.0,0.0,29.00040000000001,31.39,23.505000000000006,0.0,15.50957534246575,0.0,40.71542097740304,24.0,10176,2025,10176,CEE,A Coruña,42.94625,-9.184586,2.0
365,0.0,0.0,0.0,28.7936,29.39,20.54076086956522,3.0,8.863780821917807,70.0,31.812810059173408,0.0,10201,2013,10201,PEDRAFITA DO CEBREIRO,Lugo,42.7123,-7.125666,1330.0
365,0.0,0.0,0.0,26.514000000000003,29.34,18.84782608695652,0.0,9.147589041095891,44.0,32.01325563393429,1.0,10201,2014,10201,PEDRAFITA DO CEBREIRO,Lugo,42.7123,-7.125666,1330.0
365,1.0,0.0,0.0,27.53920000000001,30.8,20.913478260869567,0.0,9.104041095890409,57.0,32.76971830432973,0.0,10201,2015,10201,PEDRAFITA DO CEBREIRO,Lugo,42.7123,-7.125666,1330.0
366,1.0,0.0,0.0,28.937,31.46,20.820217391304347,1.0,8.70724043715847,76.0,32.89636151927151,1.0,10201,2016,10201,PEDRAFITA DO CEBREIRO,Lugo,42.7123,-7.125666,1330.0
365,3.0,0.0,0.0,28.552000000000007,31.37,20.666521739130438,2.0,9.740821917808217,64.0,33.030397413078724,2.0,10201,2017,10201,PEDRAFITA DO CEBREIRO,Lugo,42.7123,-7.125666,1330.0
365,2.0,0.0,0.0,29.4116,30.42,19.534673913043477,3.0,8.43250684931507,91.0,34.0163287883571,2.0,10201,2018,10201,PEDRAFITA DO CEBREIRO,Lugo,42.7123,-7.125666,1330.0
365,0.0,0.0,0.0,26.44800000000001,29.39,19.099456521739135,0.0,8.813191780821917,67.0,33.390331873271414,1.0,10201,2019,10201,PEDRAFITA DO CEBREIRO,Lugo,42.7123,-7.125666,1330.0
366,1.0,0.0,0.0,27.610500000000002,30.91,19.63880434782609,0.0,9.268210382513661,49.0,33.603811977942854,3.0,10201,2020,10201,PEDRAFITA DO CEBREIRO,Lugo,42.7123,-7.125666,1330.0
365,0.0,0.0,0.0,25.632400000000004,28.27,18.973478260869566,0.0,8.646972602739725,61.0,30.98364720726346,0.0,10201,2021,10201,PEDRAFITA DO CEBREIRO,Lugo,42.7123,-7.125666,1330.0
365,6.0,2.0,0.0,31.054800000000004,32.58,21.995,4.0,9.841164383561642,58.0,36.0310611038535,10.0,10201,2022,10201,PEDRAFITA DO CEBREIRO,Lugo,42.7123,-7.125666,1330.0
365,3.0,2.0,0.0,28.60480000000002,32.79,20.26326086956522,2.0,9.637041095890412,51.0,33.72826690574039,2.0,10201,2023,10201,PEDRAFITA DO CEBREIRO,Lugo,42.7123,-7.125666,1330.0
366,1.0,1.0,0.0,28.2635,32.16,20.88076086956522,1.0,9.314303278688525,64.0,35.10109756051183,4.0,10201,2024,10201,PEDRAFITA DO CEBREIRO,Lugo,42.7123,-7.125666,1330.0
365,7.0,1.0,0.0,30.802400000000002,32.84,22.812391304347823,3.0,9.653520547945204,46.0,35.918140862255036,6.0,10201,2025,10201,PEDRAFITA DO CEBREIRO,Lugo,42.7123,-7.125666,1330.0
366,3.0,0.0,0.0,29.488500000000002,30.73,20.04152173913043,0.0,10.220505464480874,25.0,36.906176139047304,12.0,10202,2012,10202,CHANTADA,Lugo,42.669987,-7.887967,842.0
365,4.0,0.0,0.0,30.15440000000001,31.44,21.970434782608695,0.0,10.161671232876712,29.0,39.12634826292127,19.0,10202,2013,10202,CHANTADA,Lugo,42.669987,-7.887967,842.0
365,2.0,0.0,0.0,27.149600000000007,31.24,20.188043478260873,0.0,10.561342465753425,17.0,36.8284507124355,7.0,10202,2014,10202,CHANTADA,Lugo,42.669987,-7.887967,842.0
365,2.0,0.0,0.0,28.938800000000004,31.96,22.54380434782609,0.0,11.030150684931508,21.0,37.62173287657541,14.0,10202,2015,10202,CHANTADA,Lugo,42.669987,-7.887967,842.0
366,7.0,2.0,0.0,31.537000000000003,34.41,22.6975,1.0,10.72568306010929,23.0,38.02349430147691,20.0,10202,2016,10202,CHANTADA,Lugo,42.669987,-7.887967,842.0
365,5.0,2.0,0.0,30.0572,33.81,22.35478260869565,0.0,11.389547945205479,27.0,38.918598891531786,16.0,10202,2017,10202,CHANTADA,Lugo,42.669987,-7.887967,842.0
365,6.0,3.0,0.0,30.629200000000004,34.28,21.50391304347826,1.0,10.592931506849315,33.0,40.72803993479095,21.0,10202,2018,10202,CHANTADA,Lugo,42.669987,-7.887967,842.0
365,1.0,0.0,0.0,28.494400000000002,31.11,20.767282608695652,0.0,10.695780821917808,17.0,36.271141882318474,8.0,10202,2019,10202,CHANTADA,Lugo,42.669987,-7.887967,842.0
366,5.0,1.0,0.0,30.044500000000003,32.86,21.726630434782606,0.0,11.170928961748633,16.0,39.0347982890915,23.0,10202,2020,10202,CHANTADA,Lugo,42.669987,-7.887967,842.0
365,1.0,0.0,0.0,28.624400000000012,30.96,21.090869565217396,2.0,10.785698630136986,23.0,39.596965188841395,20.0,10202,2021,10202,CHANTADA,Lugo,42.669987,-7.887967,842.0
365,13.0,8.0,2.0,33.522800000000004,35.79,23.882065217391304,2.0,11.970082191780822,24.0,46.181003701567384,46.0,10202,2022,10202,CHANTADA,Lugo,42.669987,-7.887967,842.0
365,4.0,3.0,0.0,29.91160000000001,34.86,22.54152173913043,0.0,11.778520547945204,28.0,41.887661588972854,18.0,10202,2023,10202,CHANTADA,Lugo,42.669987,-7.887967,842.0
366,6.0,2.0,0.0,31.424000000000017,32.45,23.037608695652175,0.0,11.58438524590164,9.0,44.112969760933154,30.0,10202,2024,10202,CHANTADA,Lugo,42.669987,-7.887967,842.0
365,19.0,10.0,1.0,33.064,35.64,24.48195652173913,1.0,11.789232876712328,14.0,46.354617297423154,42.0,10202,2025,10202,CHANTADA,Lugo,42.669987,-7.887967,842.0
365,5.0,0.0,0.0,30.2968,31.27,22.69489130434783,3.0,9.974534246575343,61.0,33.682395047868134,0.0,10204,2013,10204,CARBALLEDA DE VALDEORRAS,Ourense,42.340588,-6.765224,1280.0
365,0.0,0.0,0.0,27.46800000000001,29.72,20.67521739130435,0.0,10.358287671232876,39.0,33.58336043576562,0.0,10204,2014,10204,CARBALLEDA DE VALDEORRAS,Ourense,42.340588,-6.765224,1280.0
365,3.0,0.0,0.0,29.489600000000006,30.78,22.830543478260868,0.0,10.955232876712328,39.0,34.27929603760152,3.0,10204,2015,10204,CARBALLEDA DE VALDEORRAS,Ourense,42.340588,-6.765224,1280.0
366,5.0,0.0,0.0,30.05,31.31,23.21554347826087,5.0,10.218183060109292,55.0,33.77818626394837,2.0,10204,2016,10204,CARBALLEDA DE VALDEORRAS,Ourense,42.340588,-6.765224,1280.0
365,5.0,1.0,0.0,30.516000000000002,32.07,23.224021739130436,2.0,11.398534246575343,52.0,34.8941687887479,3.0,10204,2017,10204,CARBALLEDA DE VALDEORRAS,Ourense,42.340588,-6.765224,1280.0
365,5.0,0.0,0.0,30.170400000000008,31.15,21.306195652173916,3.0,9.971150684931507,66.0,33.643988477788376,1.0,10204,2018,10204,CARBALLEDA DE VALDEORRAS,Ourense,42.340588,-6.765224,1280.0
365,0.0,0.0,0.0,26.2208,28.84,19.83326086956522,0.0,9.158465753424657,66.0,,,10204,2019,10204,CARBALLEDA DE VALDEORRAS,Ourense,42.340588,-6.765224,1280.0
366,2.0,0.0,0.0,29.384,30.46,21.668369565217393,1.0,9.878715846994535,55.0,,,10204,2020,10204,CARBALLEDA DE VALDEORRAS,Ourense,42.340588,-6.765224,1280.0
365,2.0,0.0,0.0,28.091200000000004,30.72,21.34152173913043,0.0,10.181671232876713,41.0,31.941679847530047,0.0,10204,2021,10204,CARBALLEDA DE VALDEORRAS,Ourense,42.340588,-6.765224,1280.0
365,12.0,6.0,0.0,32.61,33.65,24.423913043478265,11.0,11.53590410958904,32.0,36.94714612045436,10.0,10204,2022,10204,CARBALLEDA DE VALDEORRAS,Ourense,42.340588,-6.765224,1280.0
365,5.0,3.0,0.0,30.9584,32.93,22.35108695652174,3.0,11.23709589041096,34.0,34.8639655744876,4.0,10204,2023,10204,CARBALLEDA DE VALDEORRAS,Ourense,42.340588,-6.765224,1280.0
366,5.0,1.0,0.0,30.1945,32.49,23.034891304347827,1.0,11.022595628415301,48.0,36.48824710012651,7.0,10204,2024,10204,CARBALLEDA DE VALDEORRAS,Ourense,42.340588,-6.765224,1280.0
365,16.0,3.0,0.0,31.570000000000007,32.35,24.819891304347824,17.0,11.111808219178084,36.0,35.80565286271283,7.0,10204,2025,10204,CARBALLEDA DE VALDEORRAS,Ourense,42.340588,-6.765224,1280.0
308,73.0,50.0,23.0,37.793,38.8,30.730769230769226,0.0,13.01340909090909,61.0,52.59909726250322,95.0,10500,2010,10500,VERÍN,Ourense,41.95301,-7.439182,392.0
365,63.0,33.0,11.0,36.1756,39.0,28.742717391304346,0.0,13.598424657534247,54.0,,,10500,2011,10500,VERÍN,Ourense,41.95301,-7.439182,392.0
366,45.0,26.0,11.0,35.7475,38.53,27.586956521739136,0.0,12.048852459016391,98.0,51.56002112781525,84.0,10500,2012,10500,VERÍN,Ourense,41.95301,-7.439182,392.0
365,61.0,46.0,19.0,38.50640000000001,40.14,30.480326086956524,0.0,12.527794520547946,74.0,54.59910644974624,97.0,10500,2013,10500,VERÍN,Ourense,41.95301,-7.439182,392.0
365,42.0,22.0,7.0,35.775600000000004,37.59,28.43565217391305,0.0,13.225205479452057,39.0,51.91309856728974,95.0,10500,2014,10500,VERÍN,Ourense,41.95301,-7.439182,392.0
365,72.0,41.0,15.0,37.08960000000001,38.72,30.70217391304348,0.0,13.283027397260275,61.0,53.16130339840917,105.0,10500,2015,10500,VERÍN,Ourense,41.95301,-7.439182,392.0
366,67.0,50.0,28.0,38.018,39.96,30.930108695652176,0.0,13.081161202185791,60.0,55.50980390402721,107.0,10500,2016,10500,VERÍN,Ourense,41.95301,-7.439182,392.0
365,77.0,42.0,18.0,38.7752,39.95,30.74380434782609,0.0,13.419739726027396,98.0,55.758663713589144,128.0,10500,2017,10500,VERÍN,Ourense,41.95301,-7.439182,392.0
365,69.0,44.0,13.0,37.56680000000002,40.81,29.14597826086957,0.0,13.091424657534246,62.0,56.14284055387045,109.0,10500,2018,10500,VERÍN,Ourense,41.95301,-7.439182,392.0
365,58.0,32.0,5.0,35.45200000000002,38.39,28.245217391304347,0.0,12.819698630136987,85.0,51.240462885901465,96.0,10500,2019,10500,VERÍN,Ourense,41.95301,-7.439182,392.0
366,65.0,54.0,22.0,37.00950000000001,38.5,29.77130434782609,0.0,13.86665300546448,49.0,52.28457690560256,103.0,10500,2020,10500,VERÍN,Ourense,41.95301,-7.439182,392.0
365,50.0,29.0,7.0,36.316,38.34,28.982065217391302,0.0,13.027027397260273,84.0,52.13690526304176,92.0,10500,2021,10500,VERÍN,Ourense,41.95301,-7.439182,392.0
365,72.0,55.0,33.0,39.69480000000001,42.16,31.39891304347826,0.0,14.042520547945207,65.0,58.76569805440213,110.0,10500,2022,10500,VERÍN,Ourense,41.95301,-7.439182,392.0
365,48.0,27.0,8.0,37.31600000000002,41.26,29.217608695652167,0.0,13.666178082191783,72.0,55.07185805453862,113.0,10500,2023,10500,VERÍN,Ourense,41.95301,-7.439182,392.0
366,55.0,37.0,10.0,37.32500000000001,39.69,30.022717391304344,0.0,13.80133879781421,34.0,56.309969094068165,95.0,10500,2024,10500,VERÍN,Ourense,41.95301,-7.439182,392.0
365,73.0,59.0,34.0,39.3396,40.18,32.09010869565217,0.0,13.966712328767125,49.0,57.66867593806098,113.0,10500,2025,10500,VERÍN,Ourense,41.95301,-7.439182,392.0
365,0.0,0.0,0.0,24.866800000000005,28.99,19.771195652173915,0.0,14.158753424657533,0.0,32.66828328634147,1.0,10800,2010,10800,CAMARIÑAS,A Coruña,43.124447,-9.178318,5.0
365,1.0,0.0,0.0,26.9768,30.05,19.277282608695653,0.0,14.709780821917807,0.0,34.25815776311962,3.0,10800,2011,10800,CAMARIÑAS,A Coruña,43.124447,-9.178318,5.0
366,0.0,0.0,0.0,25.76700000000003,27.95,20.10010869565217,0.0,14.25188524590164,0.0,34.93042087248925,4.0,10800,2012,10800,CAMARIÑAS,A Coruña,43.124447,-9.178318,5.0
365,0.0,0.0,0.0,26.30720000000001,27.75,19.317282608695653,1.0,14.112616438356163,0.0,34.88753383144513,2.0,10800,2013,10800,CAMARIÑAS,A Coruña,43.124447,-9.178318,5.0
365,0.0,0.0,0.0,24.498,26.15,19.42282608695652,1.0,14.654767123287671,0.0,31.824410988900205,0.0,10800,2014,10800,CAMARIÑAS,A Coruña,43.124447,-9.178318,5.0
365,0.0,0.0,0.0,24.611200000000007,27.26,19.437717391304346,0.0,14.497972602739727,0.0,30.409938280831465,0.0,10800,2015,10800,CAMARIÑAS,A Coruña,43.124447,-9.178318,5.0
366,1.0,1.0,0.0,24.428500000000014,33.62,19.989347826086952,0.0,14.27983606557377,0.0,30.373242934157417,1.0,10800,2016,10800,CAMARIÑAS,A Coruña,43.124447,-9.178318,5.0
365,0.0,0.0,0.0,26.6036,28.54,19.985326086956523,1.0,14.538219178082194,0.0,34.82648491560213,4.0,10800,2017,10800,CAMARIÑAS,A Coruña,43.124447,-9.178318,5.0
365,0.0,0.0,0.0,27.044800000000013,28.91,20.096956521739127,0.0,14.10686301369863,0.0,36.448990305564536,7.0,10800,2018,10800,CAMARIÑAS,A Coruña,43.124447,-9.178318,5.0
365,0.0,0.0,0.0,25.579600000000003,27.52,19.50413043478261,0.0,14.180986301369865,0.0,33.58977574891496,4.0,10800,2019,10800,CAMARIÑAS,A Coruña,43.124447,-9.178318,5.0
366,0.0,0.0,0.0,25.476000000000028,29.41,19.512717391304346,0.0,14.700300546448085,0.0,34.439781250157736,4.0,10800,2020,10800,CAMARIÑAS,A Coruña,43.124447,-9.178318,5.0
365,0.0,0.0,0.0,24.671600000000005,29.15,19.110869565217392,0.0,14.248835616438358,0.0,33.137326671278785,1.0,10800,2021,10800,CAMARIÑAS,A Coruña,43.124447,-9.178318,5.0
365,1.0,0.0,0.0,26.549200000000006,31.17,20.061739130434784,0.0,14.891219178082192,0.0,35.58493946619943,5.0,10800,2022,10800,CAMARIÑAS,A Coruña,43.124447,-9.178318,5.0
365,1.0,0.0,0.0,25.45800000000001,30.48,20.993804347826085,2.0,15.353410958904112,0.0,34.77408624464422,3.0,10800,2023,10800,CAMARIÑAS,A Coruña,43.124447,-9.178318,5.0
366,0.0,0.0,0.0,23.959000000000007,26.04,19.53608695652174,0.0,14.921857923497267,0.0,32.67820227903803,1.0,10800,2024,10800,CAMARIÑAS,A Coruña,43.124447,-9.178318,5.0
365,0.0,0.0,0.0,24.454400000000007,26.99,20.694347826086958,0.0,14.971534246575343,0.0,32.43445957165364,1.0,10800,2025,10800,CAMARIÑAS,A Coruña,43.124447,-9.178318,5.0
365,8.0,4.0,0.0,31.862400000000004,34.45,23.26413043478261,4.0,15.11686301369863,0.0,42.93118364856869,27.0,10905,2018,10905,BUEU,Pontevedra,42.3396,-8.833798,44.0
365,3.0,0.0,0.0,28.3148,30.4,22.23304347826087,0.0,15.075356164383562,0.0,37.827250072395444,9.0,10905,2019,10905,BUEU,Pontevedra,42.3396,-8.833798,44.0
366,4.0,2.0,0.0,30.081000000000007,32.82,23.082173913043476,1.0,15.609330601092894,0.0,40.83534271523852,22.0,10905,2020,10905,BUEU,Pontevedra,42.3396,-8.833798,44.0
365,2.0,0.0,0.0,28.97520000000001,31.92,22.04880434782609,0.0,15.36568493150685,0.0,38.94864666470638,12.0,10905,2021,10905,BUEU,Pontevedra,42.3396,-8.833798,44.0
365,9.0,3.0,2.0,31.928,35.37,23.85336956521739,2.0,16.253027397260272,0.0,43.300685712553296,35.0,10905,2022,10905,BUEU,Pontevedra,42.3396,-8.833798,44.0
365,2.0,0.0,0.0,28.65480000000001,31.9,23.747282608695652,1.0,16.410027397260272,0.0,40.485082767145855,28.0,10905,2023,10905,BUEU,Pontevedra,42.3396,-8.833798,44.0
366,3.0,0.0,0.0,29.489000000000004,30.74,23.793478260869566,0.0,16.205081967213115,0.0,39.703631788107465,26.0,10905,2024,10905,BUEU,Pontevedra,42.3396,-8.833798,44.0
365,10.0,2.0,0.0,31.272000000000006,33.97,24.62293478260869,0.0,16.13898630136986,0.0,41.054203036628266,24.0,10905,2025,10905,BUEU,Pontevedra,42.3396,-8.833798,44.0
365,7.0,3.0,0.0,31.14520000000001,33.52,23.26684782608696,2.0,15.725780821917807,0.0,40.866687599882255,22.0,10906,2017,10906,CANGAS,Pontevedra,42.260456,-8.782575,3.0
365,11.0,4.0,0.0,32.390400000000014,34.06,23.24695652173913,4.0,15.320410958904109,0.0,44.52343942423384,32.0,10906,2018,10906,CANGAS,Pontevedra,42.260456,-8.782575,3.0
365,2.0,0.0,0.0,29.676000000000002,31.47,21.76413043478261,0.0,15.184835616438356,0.0,38.280738185984866,11.0,10906,2019,10906,CANGAS,Pontevedra,42.260456,-8.782575,3.0
366,9.0,4.0,0.0,31.765000000000022,33.11,22.99326086956522,2.0,15.829986338797813,0.0,42.13258241542809,30.0,10906,2020,10906,CANGAS,Pontevedra,42.260456,-8.782575,3.0
365,6.0,1.0,0.0,30.336000000000006,33.75,22.175108695652174,0.0,15.342465753424657,0.0,39.68152474692231,14.0,10906,2021,10906,CANGAS,Pontevedra,42.260456,-8.782575,3.0
365,13.0,8.0,1.0,33.205600000000004,35.13,23.82184782608695,4.0,16.20895890410959,0.0,44.19405256374237,32.0,10906,2022,10906,CANGAS,Pontevedra,42.260456,-8.782575,3.0
365,2.0,1.0,0.0,29.5604,32.54,23.20826086956522,2.0,16.20968493150685,0.0,38.85583538449791,22.0,10906,2023,10906,CANGAS,Pontevedra,42.260456,-8.782575,3.0
366,3.0,0.0,0.0,29.63350000000001,31.64,23.59108695652174,2.0,16.20896174863388,0.0,39.83607181423978,25.0,10906,2024,10906,CANGAS,Pontevedra,42.260456,-8.782575,3.0
365,12.0,3.0,0.0,31.5668,34.71,24.327608695652177,3.0,16.052630136986302,0.0,42.847687182585865,28.0,10906,2025,10906,CANGAS,Pontevedra,42.260456,-8.782575,3.0
365,0.0,0.0,0.0,25.647200000000012,28.22,20.12858695652174,0.0,13.841616438356164,0.0,34.3063247153343,3.0,14000,2010,14000,A CORUÑA,A Coruña,43.36506,-8.374706,5.0
365,1.0,1.0,0.0,28.45000000000001,32.25,19.402065217391307,0.0,14.491191780821918,0.0,34.4813188288108,3.0,14000,2011,14000,A CORUÑA,A Coruña,43.36506,-8.374706,5.0
366,0.0,0.0,0.0,25.798500000000008,28.49,19.94108695652174,0.0,13.909084699453553,1.0,34.672255937709146,3.0,14000,2012,14000,A CORUÑA,A Coruña,43.36506,-8.374706,5.0
365,0.0,0.0,0.0,27.17800000000001,29.38,20.285434782608696,0.0,14.053602739726026,0.0,37.706213287278814,9.0,14000,2013,14000,A CORUÑA,A Coruña,43.36506,-8.374706,5.0
365,0.0,0.0,0.0,25.454400000000003,27.19,20.176739130434783,0.0,14.61478082191781,0.0,34.7433080090345,4.0,14000,2014,14000,A CORUÑA,A Coruña,43.36506,-8.374706,5.0
365,0.0,0.0,0.0,24.273600000000005,26.54,20.141195652173916,0.0,14.572260273972603,0.0,33.6276210657772,1.0,14000,2015,14000,A CORUÑA,A Coruña,43.36506,-8.374706,5.0
366,0.0,0.0,0.0,24.997500000000006,27.02,20.085326086956524,0.0,14.24960382513661,0.0,33.802426852213884,2.0,14000,2016,14000,A CORUÑA,A Coruña,43.36506,-8.374706,5.0
365,0.0,0.0,0.0,26.178400000000014,29.76,20.471521739130434,0.0,14.594438356164382,0.0,34.887279534759855,4.0,14000,2017,14000,A CORUÑA,A Coruña,43.36506,-8.374706,5.0
365,0.0,0.0,0.0,25.943200000000008,28.09,20.47228260869565,0.0,14.389273972602737,0.0,35.260969979037135,4.0,14000,2018,14000,A CORUÑA,A Coruña,43.36506,-8.374706,5.0
365,1.0,0.0,0.0,24.972400000000007,31.09,19.975434782608698,2.0,14.490931506849316,0.0,33.720572912936426,2.0,14000,2019,14000,A CORUÑA,A Coruña,43.36506,-8.374706,5.0
366,1.0,1.0,0.0,25.242000000000015,33.32,19.980978260869566,0.0,15.03867486338798,0.0,33.2226499215646,2.0,14000,2020,14000,A CORUÑA,A Coruña,43.36506,-8.374706,5.0
365,1.0,0.0,0.0,25.5944,30.52,19.716195652173916,0.0,14.477095890410958,0.0,32.335349560964666,1.0,14000,2021,14000,A CORUÑA,A Coruña,43.36506,-8.374706,5.0
365,1.0,0.0,0.0,27.83920000000001,30.42,20.995978260869563,0.0,15.239561643835618,0.0,36.73190860156937,6.0,14000,2022,14000,A CORUÑA,A Coruña,43.36506,-8.374706,5.0
365,1.0,1.0,0.0,27.738400000000006,32.26,21.624347826086954,5.0,15.687095890410962,0.0,38.347439175148615,10.0,14000,2023,14000,A CORUÑA,A Coruña,43.36506,-8.374706,5.0
366,0.0,0.0,0.0,24.4475,27.29,20.292608695652174,0.0,15.221038251366119,0.0,33.17517575234122,2.0,14000,2024,14000,A CORUÑA,A Coruña,43.36506,-8.374706,5.0
365,0.0,0.0,0.0,25.39880000000001,26.56,21.18641304347826,0.0,15.194657534246575,0.0,34.03013518237468,3.0,14000,2025,14000,A CORUÑA,A Coruña,43.36506,-8.374706,5.0
365,16.0,5.0,1.0,32.16440000000001,36.34,23.89532608695652,6.0,15.825246575342467,0.0,43.99487096286704,33.0,14001,2013,14001,VIGO,Pontevedra,42.24167,-8.727587,7.0
365,2.0,0.0,0.0,29.277600000000007,31.6,23.220978260869565,4.0,16.381315068493148,0.0,39.22711708376192,28.0,14001,2014,14001,VIGO,Pontevedra,42.24167,-8.727587,7.0
365,6.0,1.0,0.0,30.658400000000004,32.44,23.562717391304346,1.0,16.391041095890408,0.0,39.387877219104126,17.0,14001,2015,14001,VIGO,Pontevedra,42.24167,-8.727587,7.0
366,13.0,6.0,1.0,32.31550000000001,35.73,24.614673913043475,5.0,16.24665300546448,0.0,43.48531387007502,27.0,14001,2016,14001,VIGO,Pontevedra,42.24167,-8.727587,7.0
365,8.0,6.0,0.0,32.7828,34.5,23.91500000000001,4.0,16.61282191780822,0.0,42.71183859416496,28.0,14001,2017,14001,VIGO,Pontevedra,42.24167,-8.727587,7.0
365,15.0,5.0,0.0,33.007600000000004,34.37,24.083369565217392,11.0,16.20668493150685,0.0,44.43144631575863,37.0,14001,2018,14001,VIGO,Pontevedra,42.24167,-8.727587,7.0
365,4.0,0.0,0.0,29.924400000000006,31.79,22.54934782608696,0.0,16.028013698630136,0.0,38.45576391584123,22.0,14001,2019,14001,VIGO,Pontevedra,42.24167,-8.727587,7.0
366,11.0,4.0,0.0,31.855000000000025,33.92,23.527173913043477,7.0,16.448101092896174,0.0,43.06499665186034,28.0,14001,2020,14001,VIGO,Pontevedra,42.24167,-8.727587,7.0
365,6.0,3.0,0.0,30.340000000000007,33.76,22.828260869565216,4.0,16.12009589041096,0.0,40.24202001146256,13.0,14001,2021,14001,VIGO,Pontevedra,42.24167,-8.727587,7.0
365,18.0,7.0,2.0,33.6636,36.18,24.19989130434783,10.0,16.912342465753422,0.0,45.822265335201756,38.0,14001,2022,14001,VIGO,Pontevedra,42.24167,-8.727587,7.0
365,6.0,4.0,0.0,31.23400000000002,33.93,24.050217391304347,3.0,16.964657534246573,0.0,41.9935319011045,31.0,14001,2023,14001,VIGO,Pontevedra,42.24167,-8.727587,7.0
366,6.0,2.0,0.0,30.764000000000006,32.78,24.27847826086957,4.0,16.890314207650274,0.0,42.255654680213944,31.0,14001,2024,14001,VIGO,Pontevedra,42.24167,-8.727587,7.0
365,17.0,5.0,1.0,32.397600000000004,35.62,24.89739130434782,10.0,16.76276712328767,0.0,43.493756540724874,31.0,14001,2025,14001,VIGO,Pontevedra,42.24167,-8.727587,7.0
362,0.0,0.0,0.0,22.5385,25.79,18.503804347826087,0.0,14.065000000000001,0.0,30.09417746049738,0.0,14003,2013,14003,ARTEIXO,A Coruña,43.34723,-8.531179,5.0
365,0.0,0.0,0.0,24.94,25.91,19.13086956521739,0.0,14.683506849315068,0.0,32.48385044194395,0.0,14003,2014,14003,ARTEIXO,A Coruña,43.34723,-8.531179,5.0
365,0.0,0.0,0.0,23.548000000000002,24.75,19.11195652173913,0.0,14.563219178082194,0.0,30.92625872725904,0.0,14003,2015,14003,ARTEIXO,A Coruña,43.34723,-8.531179,5.0
366,0.0,0.0,0.0,21.99950000000001,23.72,18.937934782608693,0.0,14.199180327868852,0.0,28.905797551518177,0.0,14003,2016,14003,ARTEIXO,A Coruña,43.34723,-8.531179,5.0
365,1.0,0.0,0.0,23.619600000000002,30.08,19.46130434782609,0.0,14.468041095890412,0.0,29.746896529930417,0.0,14003,2017,14003,ARTEIXO,A Coruña,43.34723,-8.531179,5.0
365,0.0,0.0,0.0,25.2676,29.39,20.254782608695656,0.0,14.244027397260274,0.0,29.954125646054607,0.0,14003,2018,14003,ARTEIXO,A Coruña,43.34723,-8.531179,5.0
365,0.0,0.0,0.0,23.7432,27.64,19.282173913043476,2.0,14.369301369863013,0.0,31.763069285603798,1.0,14003,2019,14003,ARTEIXO,A Coruña,43.34723,-8.531179,5.0
366,0.0,0.0,0.0,23.194500000000012,29.12,18.988586956521743,0.0,14.846174863387976,0.0,30.732096031724172,1.0,14003,2020,14003,ARTEIXO,A Coruña,43.34723,-8.531179,5.0
365,1.0,0.0,0.0,23.754000000000012,31.5,18.67195652173913,0.0,14.34098630136986,0.0,30.591488340541712,1.0,14003,2021,14003,ARTEIXO,A Coruña,43.34723,-8.531179,5.0
365,2.0,1.0,0.0,24.295600000000007,32.33,19.319999999999997,0.0,14.876794520547946,0.0,33.2733765468782,2.0,14003,2022,14003,ARTEIXO,A Coruña,43.34723,-8.531179,5.0
365,1.0,0.0,0.0,26.89440000000001,30.15,21.324673913043476,5.0,15.950643835616438,0.0,35.33681335132919,7.0,14003,2023,14003,ARTEIXO,A Coruña,43.34723,-8.531179,5.0
335,0.0,0.0,0.0,23.94040000000001,26.74,19.289347826086953,0.0,15.218238805970149,0.0,,,14003,2024,14003,ARTEIXO,A Coruña,43.34723,-8.531179,5.0
365,0.0,0.0,0.0,23.5896,25.41,19.746195652173917,0.0,14.957671232876713,0.0,31.077027607690106,0.0,14003,2025,14003,ARTEIXO,A Coruña,43.34723,-8.531179,5.0
365,18.0,10.0,3.0,33.93480000000001,38.23,24.978369565217395,8.0,16.62153424657534,0.0,48.82618578789811,58.0,14005,2022,14005,MARÍN,Pontevedra,42.39707,-8.69362,4.0
365,8.0,2.0,0.0,30.526400000000002,34.16,25.38597826086957,9.0,17.063493150684934,0.0,44.52402191106399,70.0,14005,2023,14005,MARÍN,Pontevedra,42.39707,-8.69362,4.0
366,21.0,8.0,0.0,32.82250000000002,34.23,25.891195652173916,14.0,17.136311475409837,0.0,46.22086982258781,58.0,14005,2024,14005,MARÍN,Pontevedra,42.39707,-8.69362,4.0
365,20.0,10.0,1.0,33.4424,35.0,26.319456521739134,19.0,17.031397260273973,0.0,46.344483063292955,55.0,14005,2025,14005,MARÍN,Pontevedra,42.39707,-8.69362,4.0
365,6.0,3.0,1.0,31.016400000000004,35.63,23.523913043478263,0.0,12.694246575342465,26.0,45.44028889647175,56.0,19001,2010,19001,CARBALLO,A Coruña,43.15616,-8.685357,134.0
365,11.0,3.0,1.0,31.256400000000003,36.48,22.182608695652174,0.0,13.382136986301369,20.0,45.28607809470694,42.0,19001,2011,19001,CARBALLO,A Coruña,43.15616,-8.685357,134.0
366,9.0,2.0,0.0,31.048000000000002,33.82,22.252934782608694,0.0,12.744234972677594,43.0,44.099896130704224,24.0,19001,2012,19001,CARBALLO,A Coruña,43.15616,-8.685357,134.0
365,10.0,6.0,0.0,32.40200000000001,33.43,22.99141304347826,0.0,13.049369863013697,16.0,46.72153091880972,28.0,19001,2013,19001,CARBALLO,A Coruña,43.15616,-8.685357,134.0
365,1.0,1.0,1.0,28.0736,35.23,22.230434782608693,0.0,13.792219178082192,4.0,40.073823866848635,27.0,19001,2014,19001,CARBALLO,A Coruña,43.15616,-8.685357,134.0
365,2.0,0.0,0.0,27.958000000000002,31.45,23.149891304347822,0.0,13.753164383561643,13.0,40.00653544761017,23.0,19001,2015,19001,CARBALLO,A Coruña,43.15616,-8.685357,134.0
366,7.0,7.0,2.0,33.22200000000002,35.32,23.823369565217398,0.0,13.523674863387978,13.0,49.309883333884834,38.0,19001,2016,19001,CARBALLO,A Coruña,43.15616,-8.685357,134.0
365,8.0,7.0,5.0,35.2644,37.92,23.826847826086954,0.0,13.868506849315066,28.0,50.193952775164774,46.0,19001,2017,19001,CARBALLO,A Coruña,43.15616,-8.685357,134.0
365,11.0,6.0,1.0,32.838,35.24,23.301086956521733,0.0,13.634287671232876,10.0,50.89897275734903,48.0,19001,2018,19001,CARBALLO,A Coruña,43.15616,-8.685357,134.0
365,7.0,2.0,0.0,30.788800000000005,33.6,22.588804347826088,0.0,13.539438356164386,21.0,44.86965103858283,34.0,19001,2019,19001,CARBALLO,A Coruña,43.15616,-8.685357,134.0
366,7.0,4.0,0.0,32.15950000000002,34.92,22.97489130434783,0.0,14.254112021857924,3.0,47.02642646997809,44.0,19001,2020,19001,CARBALLO,A Coruña,43.15616,-8.685357,134.0
365,6.0,1.0,0.0,30.36280000000001,34.37,22.446195652173916,0.0,13.69704109589041,15.0,44.26066195744324,32.0,19001,2021,19001,CARBALLO,A Coruña,43.15616,-8.685357,134.0
365,10.0,8.0,4.0,34.778400000000026,39.71,24.59445652173913,0.0,14.39417808219178,24.0,53.685551533036254,50.0,19001,2022,19001,CARBALLO,A Coruña,43.15616,-8.685357,134.0
365,11.0,6.0,1.0,32.67600000000001,37.25,24.262826086956526,0.0,14.499438356164383,26.0,48.95548342527707,52.0,19001,2023,19001,CARBALLO,A Coruña,43.15616,-8.685357,134.0
366,4.0,1.0,0.0,29.937500000000007,32.75,22.959347826086958,0.0,14.133060109289618,10.0,44.54760887796312,41.0,19001,2024,19001,CARBALLO,A Coruña,43.15616,-8.685357,134.0
365,6.0,3.0,1.0,31.5288,36.4,24.691739130434787,0.0,14.152369863013698,13.0,46.1911007557618,55.0,19001,2025,19001,CARBALLO,A Coruña,43.15616,-8.685357,134.0
343,23.0,10.0,2.0,34.00299999999999,36.21,25.60556818181818,0.0,13.652915451895042,17.0,45.71972588106482,55.0,19003,2010,19003,VEDRA,A Coruña,42.78478,-8.434715,225.0
365,20.0,6.0,2.0,33.50800000000001,36.32,24.11195652173913,0.0,14.529808219178083,5.0,43.12837117134812,48.0,19003,2011,19003,VEDRA,A Coruña,42.78478,-8.434715,225.0
366,14.0,7.0,1.0,33.69000000000001,37.09,23.55510869565217,0.0,13.596898907103826,21.0,44.60525602743518,35.0,19003,2012,19003,VEDRA,A Coruña,42.78478,-8.434715,225.0
365,26.0,15.0,3.0,34.7376,37.41,25.53391304347826,1.0,13.883794520547946,14.0,47.90428572927723,44.0,19003,2013,19003,VEDRA,A Coruña,42.78478,-8.434715,225.0
365,9.0,5.0,0.0,32.168400000000005,34.01,24.186739130434784,0.0,14.343452054794522,3.0,44.71675926631386,44.0,19003,2014,19003,VEDRA,A Coruña,42.78478,-8.434715,225.0
365,17.0,6.0,2.0,33.35960000000001,36.63,25.858152173913048,0.0,14.588972602739725,10.0,46.6326518533407,53.0,19003,2015,19003,VEDRA,A Coruña,42.78478,-8.434715,225.0
366,26.0,17.0,6.0,35.850500000000004,39.75,26.698586956521734,0.0,14.436898907103826,6.0,50.69192894224706,66.0,19003,2016,19003,VEDRA,A Coruña,42.78478,-8.434715,225.0
365,23.0,13.0,6.0,35.282000000000004,36.15,26.20413043478261,0.0,14.894958904109588,18.0,50.55075239602703,83.0,19003,2017,19003,VEDRA,A Coruña,42.78478,-8.434715,225.0
365,29.0,16.0,4.0,35.114000000000004,38.0,25.587282608695645,2.0,14.45445205479452,9.0,51.12360061122713,71.0,19003,2018,19003,VEDRA,A Coruña,42.78478,-8.434715,225.0
365,22.0,8.0,1.0,33.20080000000001,35.07,24.866739130434784,0.0,14.292602739726025,7.0,46.62977999358154,58.0,19003,2019,19003,VEDRA,A Coruña,42.78478,-8.434715,225.0
366,26.0,14.0,2.0,34.29200000000001,36.31,25.69326086956522,1.0,15.065860655737703,9.0,49.43447258966614,75.0,19003,2020,19003,VEDRA,A Coruña,42.78478,-8.434715,225.0
365,13.0,4.0,1.0,31.813200000000005,35.95,24.5695652173913,0.0,14.425931506849315,8.0,45.92853485705965,47.0,19003,2021,19003,VEDRA,A Coruña,42.78478,-8.434715,225.0
365,29.0,13.0,5.0,36.07840000000004,39.6,26.705543478260868,4.0,15.367260273972603,5.0,54.6065894979033,54.0,19003,2022,19003,VEDRA,A Coruña,42.78478,-8.434715,225.0
365,16.0,8.0,3.0,33.11880000000001,37.38,26.09434782608696,1.0,15.241438356164384,10.0,48.822666104834504,80.0,19003,2023,19003,VEDRA,A Coruña,42.78478,-8.434715,225.0
366,13.0,6.0,1.0,33.42150000000002,36.37,26.05728260869565,1.0,15.099699453551912,3.0,47.751495963694495,60.0,19003,2024,19003,VEDRA,A Coruña,42.78478,-8.434715,225.0
365,35.0,18.0,6.0,35.68280000000001,37.23,27.529782608695655,0.0,15.135095890410957,8.0,53.137326076371366,78.0,19003,2025,19003,VEDRA,A Coruña,42.78478,-8.434715,225.0
365,2.0,0.0,0.0,28.93,31.44,22.488804347826086,0.0,13.17795890410959,11.0,37.99147485544925,16.0,19004,2010,19004,NARÓN,A Coruña,43.554344,-8.203325,69.0
365,5.0,1.0,0.0,30.38920000000001,33.6,21.267282608695652,0.0,13.890698630136985,2.0,41.97129020525633,20.0,19004,2011,19004,NARÓN,A Coruña,43.554344,-8.203325,69.0
365,4.0,1.0,0.0,30.45600000000002,32.85,22.24195652173913,0.0,13.633328767123285,9.0,41.53250140469179,21.0,19004,2012,19004,NARÓN,A Coruña,43.554344,-8.203325,69.0
365,4.0,0.0,0.0,29.888000000000005,31.92,22.984239130434784,0.0,14.098767123287669,3.0,40.60561026868254,25.0,19004,2013,19004,NARÓN,A Coruña,43.554344,-8.203325,69.0
365,1.0,1.0,0.0,28.080400000000004,32.08,22.69076086956522,0.0,14.577931506849314,3.0,39.40998742576588,29.0,19004,2014,19004,NARÓN,A Coruña,43.554344,-8.203325,69.0
365,1.0,0.0,0.0,27.198800000000002,30.78,23.139673913043474,0.0,14.468657534246574,3.0,37.39514682103054,18.0,19004,2015,19004,NARÓN,A Coruña,43.554344,-8.203325,69.0
366,6.0,3.0,0.0,31.42350000000001,33.02,23.397826086956524,0.0,14.286229508196723,1.0,42.99682792775255,25.0,19004,2016,19004,NARÓN,A Coruña,43.554344,-8.203325,69.0
365,6.0,4.0,1.0,31.113200000000028,35.9,23.515543478260867,0.0,14.56027397260274,5.0,44.5791146012213,20.0,19004,2017,19004,NARÓN,A Coruña,43.554344,-8.203325,69.0
365,7.0,2.0,0.0,30.814000000000004,34.04,23.36108695652174,0.0,14.401712328767124,2.0,43.703818717618105,30.0,19004,2018,19004,NARÓN,A Coruña,43.554344,-8.203325,69.0
365,2.0,2.0,0.0,29.4444,32.99,22.64945652173913,0.0,14.32015068493151,3.0,39.98878611314266,22.0,19004,2019,19004,NARÓN,A Coruña,43.554344,-8.203325,69.0
366,4.0,2.0,0.0,29.90800000000001,34.47,22.787934782608694,0.0,14.932500000000001,0.0,43.285333125347094,25.0,19004,2020,19004,NARÓN,A Coruña,43.554344,-8.203325,69.0
365,3.0,2.0,1.0,28.982000000000014,35.07,22.282717391304345,0.0,14.499958904109588,2.0,41.77003139538746,18.0,19004,2021,19004,NARÓN,A Coruña,43.554344,-8.203325,69.0
365,6.0,3.0,0.0,31.099600000000002,34.88,23.870108695652174,1.0,15.16978082191781,3.0,43.70053456370702,30.0,19004,2022,19004,NARÓN,A Coruña,43.554344,-8.203325,69.0
365,8.0,4.0,1.0,32.12040000000002,37.75,24.30434782608696,1.0,15.548849315068496,4.0,47.2408734628545,46.0,19004,2023,19004,NARÓN,A Coruña,43.554344,-8.203325,69.0
366,2.0,0.0,0.0,27.82200000000001,31.66,23.023586956521736,2.0,15.175491803278687,1.0,39.56516651259298,30.0,19004,2024,19004,NARÓN,A Coruña,43.554344,-8.203325,69.0
365,6.0,1.0,0.0,30.5868,32.88,24.43467391304348,0.0,15.200999999999999,1.0,45.218457273844685,42.0,19004,2025,19004,NARÓN,A Coruña,43.554344,-8.203325,69.0
365,5.0,0.0,0.0,30.2596,31.18,22.669239130434786,0.0,13.280301369863013,5.0,37.86547164093864,16.0,19005,2010,19005,BERGONDO,A Coruña,43.307995,-8.276487,175.0
365,7.0,1.0,1.0,30.983200000000004,35.03,21.192608695652176,0.0,14.123164383561644,0.0,,,19005,2011,19005,BERGONDO,A Coruña,43.307995,-8.276487,175.0
327,5.0,2.0,0.0,31.369600000000005,34.09,22.195108695652173,0.0,13.860244648318043,4.0,,,19005,2012,19005,BERGONDO,A Coruña,43.307995,-8.276487,175.0
365,13.0,5.0,0.0,32.50200000000001,34.49,23.408260869565222,0.0,13.857136986301368,0.0,42.2989728994746,28.0,19005,2013,19005,BERGONDO,A Coruña,43.307995,-8.276487,175.0
365,1.0,1.0,0.0,28.728000000000005,34.17,22.62826086956522,0.0,14.429671232876712,0.0,38.232875916190956,14.0,19005,2014,19005,BERGONDO,A Coruña,43.307995,-8.276487,175.0
365,2.0,1.0,0.0,28.353600000000018,32.59,23.19608695652174,0.0,14.48204109589041,0.0,37.08425600939929,9.0,19005,2015,19005,BERGONDO,A Coruña,43.307995,-8.276487,175.0
366,9.0,4.0,0.0,31.47900000000002,33.97,23.59021739130435,0.0,14.355177595628415,0.0,40.94751589713013,20.0,19005,2016,19005,BERGONDO,A Coruña,43.307995,-8.276487,175.0
365,10.0,5.0,1.0,32.95760000000001,36.95,23.606847826086955,1.0,14.855712328767124,0.0,42.57632268898652,20.0,19005,2017,19005,BERGONDO,A Coruña,43.307995,-8.276487,175.0
365,10.0,4.0,0.0,31.904000000000003,33.33,23.567608695652172,0.0,14.447767123287672,0.0,42.91156913221818,33.0,19005,2018,19005,BERGONDO,A Coruña,43.307995,-8.276487,175.0
365,4.0,3.0,0.0,29.831600000000005,33.69,22.92510869565217,0.0,14.46154794520548,0.0,40.18417026495233,20.0,19005,2019,19005,BERGONDO,A Coruña,43.307995,-8.276487,175.0
366,6.0,3.0,0.0,31.53100000000001,34.88,22.67423913043478,1.0,14.89077868852459,0.0,41.40441495621437,22.0,19005,2020,19005,BERGONDO,A Coruña,43.307995,-8.276487,175.0
365,5.0,2.0,0.0,30.413600000000006,34.39,21.881086956521738,0.0,14.27919178082192,2.0,42.05544162750299,16.0,19005,2021,19005,BERGONDO,A Coruña,43.307995,-8.276487,175.0
365,9.0,5.0,2.0,34.68,36.65,24.16978260869565,2.0,15.052178082191782,0.0,47.587628378405064,35.0,19005,2022,19005,BERGONDO,A Coruña,43.307995,-8.276487,175.0
365,8.0,6.0,1.0,32.7812,37.89,23.909891304347827,1.0,15.30649315068493,1.0,46.1396884619193,32.0,19005,2023,19005,BERGONDO,A Coruña,43.307995,-8.276487,175.0
366,2.0,0.0,0.0,29.120000000000022,31.93,22.898913043478263,0.0,14.826502732240437,0.0,41.809845401299754,15.0,19005,2024,19005,BERGONDO,A Coruña,43.307995,-8.276487,175.0
365,5.0,2.0,0.0,30.68520000000001,33.77,24.40152173913043,0.0,14.972753424657535,0.0,41.468431158656166,26.0,19005,2025,19005,BERGONDO,A Coruña,43.307995,-8.276487,175.0
363,10.0,1.0,0.0,31.33,33.12,22.1825,0.0,11.406294765840222,41.0,43.24837005267734,31.0,19008,2010,19008,VAL DO DUBRA,A Coruña,43.00191,-8.6992,369.0
365,4.0,2.0,0.0,29.90920000000001,34.44,20.520108695652173,0.0,12.303684931506853,12.0,,,19008,2011,19008,VAL DO DUBRA,A Coruña,43.00191,-8.6992,369.0
347,4.0,0.0,0.0,30.32780000000002,31.59,20.674814814814813,0.0,12.209567723342941,3.0,,,19008,2012,19008,VAL DO DUBRA,A Coruña,43.00191,-8.6992,369.0
365,11.0,7.0,1.0,33.3844,35.89,22.85663043478261,0.0,12.232849315068492,9.0,46.614658551800204,33.0,19008,2013,19008,VAL DO DUBRA,A Coruña,43.00191,-8.6992,369.0
365,3.0,0.0,0.0,29.0024,31.89,21.156521739130437,0.0,12.687273972602739,4.0,40.33111844112647,12.0,19008,2014,19008,VAL DO DUBRA,A Coruña,43.00191,-8.6992,369.0
365,3.0,3.0,1.0,29.202000000000012,35.37,22.881847826086958,0.0,12.784095890410958,5.0,41.60740854647934,27.0,19008,2015,19008,VAL DO DUBRA,A Coruña,43.00191,-8.6992,369.0
366,12.0,7.0,2.0,33.73300000000002,37.78,23.68228260869565,0.0,12.706434426229508,4.0,46.864672728804706,34.0,19008,2016,19008,VAL DO DUBRA,A Coruña,43.00191,-8.6992,369.0
365,10.0,6.0,1.0,32.3864,35.28,23.02108695652174,0.0,13.168917808219177,5.0,46.67317273754111,33.0,19008,2017,19008,VAL DO DUBRA,A Coruña,43.00191,-8.6992,369.0
365,9.0,5.0,1.0,32.83360000000001,35.09,22.59173913043478,1.0,12.746671232876713,9.0,48.876809457936005,40.0,19008,2018,19008,VAL DO DUBRA,A Coruña,43.00191,-8.6992,369.0
365,5.0,1.0,0.0,30.255600000000005,32.01,21.57521739130435,0.0,12.691013698630135,2.0,42.27308973185572,29.0,19008,2019,19008,VAL DO DUBRA,A Coruña,43.00191,-8.6992,369.0
366,12.0,4.0,1.0,31.96200000000001,35.03,22.76108695652174,0.0,13.365887978142077,0.0,47.14347025025035,45.0,19008,2020,19008,VAL DO DUBRA,A Coruña,43.00191,-8.6992,369.0
365,3.0,1.0,0.0,29.612000000000002,32.9,21.706847826086953,0.0,12.853013698630138,8.0,42.43029220887073,22.0,19008,2021,19008,VAL DO DUBRA,A Coruña,43.00191,-8.6992,369.0
365,16.0,9.0,3.0,33.99760000000002,37.05,24.204130434782606,2.0,13.72972602739726,8.0,49.22515195358339,37.0,19008,2022,19008,VAL DO DUBRA,A Coruña,43.00191,-8.6992,369.0
365,7.0,3.0,2.0,30.8236,35.38,23.16847826086956,0.0,13.818753424657533,3.0,43.02821638846228,24.0,19008,2023,19008,VAL DO DUBRA,A Coruña,43.00191,-8.6992,369.0
366,4.0,1.0,0.0,29.874500000000026,32.14,22.6508695652174,0.0,13.592663934426229,2.0,41.41563050522344,26.0,19008,2024,19008,VAL DO DUBRA,A Coruña,43.00191,-8.6992,369.0
365,17.0,8.0,0.0,33.61400000000001,34.97,25.205652173913045,0.0,13.744068493150685,2.0,50.74080288184165,47.0,19008,2025,19008,VAL DO DUBRA,A Coruña,43.00191,-8.6992,369.0
365,10.0,2.0,0.0,31.437200000000008,34.96,22.6925,1.0,14.608616438356165,0.0,39.4744015146325,24.0,19010,2011,19010,LOUSAME,A Coruña,42.80141,-8.836885,157.0
366,9.0,3.0,1.0,31.125500000000002,35.53,21.95423913043478,0.0,13.602855191256833,1.0,41.10416124401028,22.0,19010,2012,19010,LOUSAME,A Coruña,42.80141,-8.836885,157.0
365,22.0,7.0,2.0,33.713600000000014,36.3,23.89043478260869,2.0,13.906972602739726,0.0,43.65087737584804,29.0,19010,2013,19010,LOUSAME,A Coruña,42.80141,-8.836885,157.0
365,4.0,0.0,0.0,30.0656,30.99,22.76304347826087,0.0,14.282972602739726,0.0,40.494682887827395,20.0,19010,2014,19010,LOUSAME,A Coruña,42.80141,-8.836885,157.0
365,12.0,3.0,0.0,31.662000000000006,34.63,23.80630434782609,0.0,14.49231506849315,0.0,41.848770687819325,21.0,19010,2015,19010,LOUSAME,A Coruña,42.80141,-8.836885,157.0
366,20.0,6.0,2.0,32.63900000000001,37.27,25.452499999999997,1.0,14.48763661202186,0.0,42.63982295281846,37.0,19010,2016,19010,LOUSAME,A Coruña,42.80141,-8.836885,157.0
365,14.0,5.0,1.0,33.08200000000001,35.26,24.56804347826087,0.0,14.898109589041097,1.0,43.903594724292255,32.0,19010,2017,19010,LOUSAME,A Coruña,42.80141,-8.836885,157.0
365,16.0,9.0,2.0,33.648,37.9,24.28565217391304,3.0,14.455739726027398,0.0,46.816786090836324,46.0,19010,2018,19010,LOUSAME,A Coruña,42.80141,-8.836885,157.0
365,11.0,4.0,0.0,31.80360000000001,32.71,22.81586956521739,0.0,14.258219178082191,0.0,41.326557581395264,23.0,19010,2019,19010,LOUSAME,A Coruña,42.80141,-8.836885,157.0
366,20.0,7.0,0.0,32.74400000000003,34.62,24.509891304347825,1.0,14.950874316939892,0.0,43.53378037835686,43.0,19010,2020,19010,LOUSAME,A Coruña,42.80141,-8.836885,157.0
365,8.0,4.0,0.0,31.81560000000001,34.32,23.41304347826087,0.0,14.464616438356165,2.0,43.92235954833003,30.0,19010,2021,19010,LOUSAME,A Coruña,42.80141,-8.836885,157.0
365,22.0,8.0,5.0,35.1256,38.25,25.477391304347822,2.0,15.354931506849315,0.0,48.65870482703286,62.0,19010,2022,19010,LOUSAME,A Coruña,42.80141,-8.836885,157.0
365,11.0,3.0,1.0,31.644400000000005,37.19,24.753586956521737,0.0,15.368671232876714,1.0,45.09822224602511,53.0,19010,2023,19010,LOUSAME,A Coruña,42.80141,-8.836885,157.0
366,11.0,4.0,0.0,31.69400000000002,34.79,24.61076086956522,1.0,15.198060109289617,1.0,43.730417134938314,36.0,19010,2024,19010,LOUSAME,A Coruña,42.80141,-8.836885,157.0
365,25.0,14.0,3.0,34.0412,36.41,26.505108695652172,0.0,15.30286301369863,0.0,49.059735665382625,62.0,19010,2025,19010,LOUSAME,A Coruña,42.80141,-8.836885,157.0
365,11.0,4.0,0.0,31.93000000000002,34.17,24.30054347826087,0.0,13.495931506849315,10.0,,,19011,2010,19011,ROIS,A Coruña,42.7965,-8.716,111.0
365,12.0,2.0,1.0,31.556800000000003,35.54,23.334347826086955,0.0,14.699534246575343,0.0,,,19011,2011,19011,ROIS,A Coruña,42.7965,-8.716,111.0
366,11.0,7.0,2.0,32.657000000000004,35.64,23.19956521739131,0.0,13.604959016393442,6.0,45.17176233520009,36.0,19011,2012,19011,ROIS,A Coruña,42.7965,-8.716,111.0
365,29.0,19.0,6.0,35.9944,38.49,25.72467391304348,0.0,14.020835616438358,7.0,50.5375630654719,53.0,19011,2013,19011,ROIS,A Coruña,42.7965,-8.716,111.0
365,10.0,3.0,0.0,31.738800000000005,33.5,24.089673913043477,0.0,14.29645205479452,3.0,45.41197506499824,46.0,19011,2014,19011,ROIS,A Coruña,42.7965,-8.716,111.0
365,20.0,8.0,2.0,33.5728,37.74,25.941195652173914,0.0,14.61382191780822,1.0,46.94600569007587,57.0,19011,2015,19011,ROIS,A Coruña,42.7965,-8.716,111.0
366,32.0,17.0,5.0,35.490000000000016,39.43,27.300760869565217,0.0,14.563169398907103,1.0,51.055711692742314,72.0,19011,2016,19011,ROIS,A Coruña,42.7965,-8.716,111.0
365,20.0,12.0,1.0,34.15840000000001,35.36,25.66695652173913,0.0,14.913958904109588,4.0,49.10016938396012,64.0,19011,2017,19011,ROIS,A Coruña,42.7965,-8.716,111.0
365,25.0,14.0,5.0,35.2956,38.7,25.449891304347826,2.0,14.506369863013699,5.0,53.58038038592385,73.0,19011,2018,19011,ROIS,A Coruña,42.7965,-8.716,111.0
365,16.0,6.0,0.0,32.806000000000004,33.39,23.991956521739137,0.0,14.282493150684934,4.0,45.48130988359799,52.0,19011,2019,19011,ROIS,A Coruña,42.7965,-8.716,111.0
366,27.0,14.0,2.0,34.6405,36.05,25.515108695652174,0.0,15.011830601092896,0.0,50.408378462638524,70.0,19011,2020,19011,ROIS,A Coruña,42.7965,-8.716,111.0
365,14.0,6.0,3.0,32.34720000000001,37.06,25.789782608695656,0.0,14.670369863013697,20.0,48.68749188958257,74.0,19011,2023,19011,ROIS,A Coruña,42.7965,-8.716,111.0
366,14.0,6.0,1.0,33.5185,37.07,25.621413043478263,0.0,14.58643442622951,4.0,49.65904440764568,66.0,19011,2024,19011,ROIS,A Coruña,42.7965,-8.716,111.0
365,30.0,19.0,7.0,35.346000000000004,37.09,27.382608695652173,0.0,14.649452054794521,7.0,54.65713538206627,88.0,19011,2025,19011,ROIS,A Coruña,42.7965,-8.716,111.0
365,11.0,6.0,2.0,32.181599999999996,36.14,22.223478260869566,0.0,14.012219178082193,9.0,45.766912247151026,26.0,19014,2011,19014,MONDOÑEDO,Lugo,43.45692,-7.340111,115.0
366,10.0,4.0,0.0,31.80550000000001,34.83,23.497826086956525,1.0,13.43554644808743,25.0,44.987356257538046,24.0,19014,2012,19014,MONDOÑEDO,Lugo,43.45692,-7.340111,115.0
365,1.0,1.0,1.0,28.209600000000002,35.11,21.857065217391302,0.0,13.29368493150685,16.0,39.026268096901035,14.0,19014,2013,19014,MONDOÑEDO,Lugo,43.45692,-7.340111,115.0
365,0.0,0.0,0.0,28.7288,29.96,22.432826086956524,0.0,13.970561643835616,3.0,39.60269832828691,22.0,19014,2014,19014,MONDOÑEDO,Lugo,43.45692,-7.340111,115.0
365,3.0,0.0,0.0,29.168800000000008,31.89,23.04565217391304,1.0,13.949506849315068,12.0,38.28985796802168,18.0,19014,2015,19014,MONDOÑEDO,Lugo,43.45692,-7.340111,115.0
366,7.0,4.0,1.0,31.968500000000056,36.22,22.757934782608697,0.0,13.524822404371585,15.0,45.33502139319563,20.0,19014,2016,19014,MONDOÑEDO,Lugo,43.45692,-7.340111,115.0
365,3.0,2.0,0.0,29.576000000000004,34.91,22.947173913043482,0.0,13.837972602739725,21.0,39.980675925815326,31.0,19014,2017,19014,MONDOÑEDO,Lugo,43.45692,-7.340111,115.0
365,1.0,0.0,0.0,28.267200000000003,31.23,22.302934782608695,0.0,13.748479452054793,11.0,38.31602427951175,13.0,19014,2018,19014,MONDOÑEDO,Lugo,43.45692,-7.340111,115.0
365,2.0,2.0,1.0,29.017200000000006,35.56,22.480760869565216,2.0,13.664246575342466,12.0,38.51558956389361,18.0,19014,2019,19014,MONDOÑEDO,Lugo,43.45692,-7.340111,115.0
366,3.0,1.0,1.0,29.18150000000002,35.68,22.822717391304344,0.0,14.40153005464481,7.0,39.98599179507508,19.0,19014,2020,19014,MONDOÑEDO,Lugo,43.45692,-7.340111,115.0
365,1.0,1.0,1.0,27.972400000000007,35.27,21.710326086956524,0.0,13.623630136986302,17.0,38.84850115078113,20.0,19014,2021,19014,MONDOÑEDO,Lugo,43.45692,-7.340111,115.0
365,3.0,2.0,1.0,29.664400000000004,35.52,23.785543478260866,6.0,14.615904109589042,22.0,44.12069979592576,43.0,19014,2022,19014,MONDOÑEDO,Lugo,43.45692,-7.340111,115.0
365,17.0,7.0,3.0,34.0216,36.14,25.416956521739127,8.0,15.09739726027397,21.0,51.800841772754794,62.0,19014,2023,19014,MONDOÑEDO,Lugo,43.45692,-7.340111,115.0
366,3.0,2.0,0.0,29.101500000000016,34.95,22.530978260869563,0.0,14.406898907103823,8.0,43.323562189910895,32.0,19014,2024,19014,MONDOÑEDO,Lugo,43.45692,-7.340111,115.0
365,3.0,1.0,0.0,29.14720000000001,32.49,24.20130434782609,3.0,14.669424657534247,14.0,43.57212167647456,50.0,19014,2025,19014,MONDOÑEDO,Lugo,43.45692,-7.340111,115.0
365,2.0,1.0,0.0,27.755200000000013,33.19,18.535543478260873,0.0,11.253260273972604,9.0,37.59376969533877,7.0,19015,2011,19015,ABADÍN,Lugo,43.405445,-7.502042,662.0
366,6.0,0.0,0.0,30.388500000000004,31.25,19.57673913043478,0.0,10.62207650273224,12.0,38.712441481480816,13.0,19015,2012,19015,ABADÍN,Lugo,43.405445,-7.502042,662.0
365,3.0,0.0,0.0,29.377600000000005,30.38,19.11097826086956,0.0,10.351383561643836,11.0,36.79358975069488,7.0,19015,2013,19015,ABADÍN,Lugo,43.405445,-7.502042,662.0
365,0.0,0.0,0.0,25.199200000000005,26.45,18.435652173913045,0.0,10.983917808219179,3.0,32.62728709365767,2.0,19015,2014,19015,ABADÍN,Lugo,43.405445,-7.502042,662.0
365,0.0,0.0,0.0,26.9208,29.84,20.156304347826083,0.0,11.146904109589041,6.0,37.127237485165836,11.0,19015,2015,19015,ABADÍN,Lugo,43.405445,-7.502042,662.0
366,4.0,3.0,0.0,29.799000000000024,34.12,20.22782608695652,1.0,11.06474043715847,3.0,38.07530933043012,12.0,19015,2016,19015,ABADÍN,Lugo,43.405445,-7.502042,662.0
365,5.0,1.0,0.0,30.7724,33.07,20.322934782608694,1.0,11.454397260273971,6.0,39.798915589507246,10.0,19015,2017,19015,ABADÍN,Lugo,43.405445,-7.502042,662.0
365,0.0,0.0,0.0,29.080800000000004,29.88,19.265543478260867,0.0,10.724808219178081,17.0,40.107029779735996,8.0,19015,2018,19015,ABADÍN,Lugo,43.405445,-7.502042,662.0
365,1.0,0.0,0.0,27.413200000000014,31.9,19.224347826086955,0.0,10.926835616438357,1.0,36.06157246513462,6.0,19015,2019,19015,ABADÍN,Lugo,43.405445,-7.502042,662.0
366,3.0,1.0,0.0,29.570000000000014,32.02,19.225652173913044,0.0,11.514193989071037,5.0,36.689247716789566,8.0,19015,2020,19015,ABADÍN,Lugo,43.405445,-7.502042,662.0
365,1.0,0.0,0.0,25.8728,30.7,18.113478260869567,0.0,10.812273972602739,11.0,34.90786633083508,4.0,19015,2021,19015,ABADÍN,Lugo,43.405445,-7.502042,662.0
365,2.0,2.0,1.0,29.4952,35.7,20.067608695652176,1.0,11.691931506849317,0.0,39.07035842449449,15.0,19015,2022,19015,ABADÍN,Lugo,43.405445,-7.502042,662.0
365,3.0,1.0,1.0,29.5056,35.44,21.016847826086956,0.0,12.105178082191781,10.0,36.357897412826986,10.0,19015,2023,19015,ABADÍN,Lugo,43.405445,-7.502042,662.0
366,2.0,0.0,0.0,27.427000000000007,31.33,19.118695652173916,0.0,11.510806010928961,3.0,38.231285958548774,6.0,19015,2024,19015,ABADÍN,Lugo,43.405445,-7.502042,662.0
365,8.0,2.0,0.0,31.002000000000002,32.68,20.79695652173913,0.0,11.728315068493153,2.0,41.39899325500411,16.0,19015,2025,19015,ABADÍN,Lugo,43.405445,-7.502042,662.0
358,1.0,0.0,0.0,28.5532,31.44,21.299130434782615,0.0,9.774455307262569,60.0,40.54119554342148,20.0,19018,2010,19018,BALEIRA,Lugo,43.031902,-7.187797,990.0
361,3.0,1.0,0.0,29.60199999999999,33.0,20.127934782608698,0.0,10.965470914127424,33.0,40.707013489927405,15.0,19018,2011,19018,BALEIRA,Lugo,43.031902,-7.187797,990.0
364,5.0,0.0,0.0,30.7929,31.72,20.42282608695652,0.0,10.239532967032968,35.0,38.88587942736814,14.0,19018,2012,19018,BALEIRA,Lugo,43.031902,-7.187797,990.0
365,3.0,0.0,0.0,29.720400000000005,31.59,21.713260869565218,0.0,10.077589041095889,37.0,37.374655964978906,14.0,19018,2013,19018,BALEIRA,Lugo,43.031902,-7.187797,990.0
365,1.0,0.0,0.0,25.712400000000006,30.7,20.12608695652174,0.0,10.58723287671233,25.0,34.44602443918698,2.0,19018,2014,19018,BALEIRA,Lugo,43.031902,-7.187797,990.0
365,2.0,0.0,0.0,29.1932,30.8,22.63695652173913,0.0,11.096246575342464,25.0,39.382806165300565,17.0,19018,2015,19018,BALEIRA,Lugo,43.031902,-7.187797,990.0
366,9.0,3.0,1.0,31.365500000000008,35.23,22.62195652173913,2.0,10.900532786885245,24.0,39.53192448604115,24.0,19018,2016,19018,BALEIRA,Lugo,43.031902,-7.187797,990.0
365,5.0,3.0,1.0,31.103200000000008,35.28,22.468695652173913,2.0,11.62405479452055,26.0,39.24965697487399,20.0,19018,2017,19018,BALEIRA,Lugo,43.031902,-7.187797,990.0
365,5.0,2.0,0.0,30.35440000000001,32.31,20.594130434782613,1.0,10.14094520547945,50.0,39.22079728431553,10.0,19018,2018,19018,BALEIRA,Lugo,43.031902,-7.187797,990.0
365,0.0,0.0,0.0,27.4768,29.11,19.997608695652172,0.0,10.274000000000001,28.0,35.33962592521659,4.0,19018,2019,19018,BALEIRA,Lugo,43.031902,-7.187797,990.0
366,5.0,1.0,0.0,30.05,33.4,20.660217391304347,0.0,10.940150273224043,20.0,36.05160115966453,12.0,19018,2020,19018,BALEIRA,Lugo,43.031902,-7.187797,990.0
365,0.0,0.0,0.0,27.596,29.18,19.995760869565217,1.0,10.392835616438356,26.0,34.77476706166977,3.0,19018,2021,19018,BALEIRA,Lugo,43.031902,-7.187797,990.0
365,10.0,5.0,1.0,32.264,35.24,22.87282608695652,4.0,11.620808219178082,17.0,40.637626124575014,28.0,19018,2022,19018,BALEIRA,Lugo,43.031902,-7.187797,990.0
365,4.0,3.0,1.0,30.377600000000026,35.18,21.77108695652174,1.0,11.56350684931507,29.0,40.141953202907885,8.0,19018,2023,19018,BALEIRA,Lugo,43.031902,-7.187797,990.0
366,2.0,1.0,0.0,28.596500000000006,32.69,21.747608695652172,0.0,11.10346994535519,21.0,39.41396776166015,12.0,19018,2024,19018,BALEIRA,Lugo,43.031902,-7.187797,990.0
365,13.0,5.0,1.0,32.53680000000001,35.86,23.857608695652175,7.0,11.445273972602738,18.0,40.96344931794014,29.0,19018,2025,19018,BALEIRA,Lugo,43.031902,-7.187797,990.0
365,42.0,18.0,5.0,35.70360000000001,37.44,26.603804347826078,0.0,13.236356164383563,39.0,52.59665730337665,89.0,19020,2011,19020,SARRIA,Lugo,42.79668,-7.381559,416.0
366,37.0,26.0,7.0,36.152000000000015,38.17,26.43521739130435,0.0,12.123401639344264,77.0,52.34474651803748,66.0,19020,2012,19020,SARRIA,Lugo,42.79668,-7.381559,416.0
365,42.0,32.0,7.0,35.86880000000001,37.76,28.272608695652178,0.0,12.48013698630137,52.0,54.349581717380566,78.0,19020,2013,19020,SARRIA,Lugo,42.79668,-7.381559,416.0
365,9.0,4.0,1.0,31.492800000000017,37.36,25.318369565217395,0.0,12.907958904109588,19.0,45.56609138151876,60.0,19020,2014,19020,SARRIA,Lugo,42.79668,-7.381559,416.0
365,34.0,16.0,2.0,34.5852,37.37,28.026195652173918,1.0,13.055575342465753,48.0,49.91815894886907,75.0,19020,2015,19020,SARRIA,Lugo,42.79668,-7.381559,416.0
366,42.0,29.0,9.0,37.0815,39.01,28.151086956521745,0.0,12.794617486338797,47.0,53.35152193116521,80.0,19020,2016,19020,SARRIA,Lugo,42.79668,-7.381559,416.0
365,32.0,16.0,5.0,35.1916,39.42,27.65043478260869,0.0,13.04709589041096,57.0,52.84387020959379,100.0,19020,2017,19020,SARRIA,Lugo,42.79668,-7.381559,416.0
365,29.0,13.0,4.0,34.921200000000006,38.01,26.45576086956521,0.0,12.87258904109589,38.0,53.085602675599475,86.0,19020,2018,19020,SARRIA,Lugo,42.79668,-7.381559,416.0
365,27.0,12.0,2.0,33.866800000000005,36.25,26.730108695652174,0.0,12.629054794520547,58.0,50.71965582495333,79.0,19020,2019,19020,SARRIA,Lugo,42.79668,-7.381559,416.0
366,41.0,22.0,5.0,35.53150000000003,39.43,26.960869565217386,0.0,13.569535519125683,35.0,51.83659547694873,83.0,19020,2020,19020,SARRIA,Lugo,42.79668,-7.381559,416.0
365,23.0,10.0,0.0,33.9,34.89,25.994239130434774,0.0,12.710876712328766,48.0,50.669651448579316,62.0,19020,2021,19020,SARRIA,Lugo,42.79668,-7.381559,416.0
365,41.0,28.0,10.0,37.5276,39.66,28.291739130434784,0.0,13.790630136986302,55.0,58.137582526982555,88.0,19020,2022,19020,SARRIA,Lugo,42.79668,-7.381559,416.0
365,31.0,16.0,6.0,37.01240000000001,40.81,28.140217391304354,0.0,13.87409589041096,56.0,54.864672204389336,97.0,19020,2023,19020,SARRIA,Lugo,42.79668,-7.381559,416.0
366,25.0,15.0,4.0,34.9825,38.34,27.720869565217388,0.0,13.648606557377047,28.0,52.697663033300564,80.0,19020,2024,19020,SARRIA,Lugo,42.79668,-7.381559,416.0
365,43.0,32.0,12.0,37.6608,39.9,29.178695652173914,0.0,13.814780821917807,33.0,55.71621166612458,89.0,19020,2025,19020,SARRIA,Lugo,42.79668,-7.381559,416.0
365,29.0,7.0,4.0,34.78680000000001,36.24,25.184130434782613,0.0,13.978246575342464,14.0,46.84869238727425,57.0,19021,2011,19021,CHANTADA,Lugo,42.614433,-7.718322,391.0
366,28.0,15.0,2.0,34.491,35.46,25.07673913043478,0.0,12.99896174863388,32.0,47.21520458713779,47.0,19021,2012,19021,CHANTADA,Lugo,42.614433,-7.718322,391.0
365,35.0,20.0,3.0,34.32,35.99,26.752282608695648,0.0,13.209,19.0,49.87575562387646,57.0,19021,2013,19021,CHANTADA,Lugo,42.614433,-7.718322,391.0
365,13.0,3.0,1.0,31.7952,36.53,25.163260869565217,0.0,13.79104109589041,3.0,45.03930784547546,52.0,19021,2014,19021,CHANTADA,Lugo,42.614433,-7.718322,391.0
365,27.0,12.0,1.0,33.828,36.33,27.382282608695654,0.0,14.029095890410959,17.0,48.062126576928,65.0,19021,2015,19021,CHANTADA,Lugo,42.614433,-7.718322,391.0
366,37.0,19.0,6.0,35.50450000000001,38.59,27.37010869565218,0.0,13.679631147540983,10.0,50.288169041220144,70.0,19021,2016,19021,CHANTADA,Lugo,42.614433,-7.718322,391.0
365,25.0,16.0,4.0,35.11840000000001,38.63,27.406630434782603,1.0,14.204424657534245,20.0,50.43056528271135,84.0,19021,2017,19021,CHANTADA,Lugo,42.614433,-7.718322,391.0
365,26.0,11.0,2.0,34.418800000000005,37.23,25.77445652173913,1.0,13.58913698630137,14.0,50.36732330232603,70.0,19021,2018,19021,CHANTADA,Lugo,42.614433,-7.718322,391.0
365,20.0,9.0,0.0,33.2032,34.69,25.34173913043478,0.0,13.399890410958902,21.0,47.24520681202341,56.0,19021,2019,19021,CHANTADA,Lugo,42.614433,-7.718322,391.0
366,38.0,15.0,3.0,34.292000000000016,37.61,26.181413043478265,0.0,14.301379781420765,7.0,48.17903275362674,64.0,19021,2020,19021,CHANTADA,Lugo,42.614433,-7.718322,391.0
365,15.0,7.0,0.0,32.687200000000004,34.0,25.290217391304356,0.0,13.602945205479454,14.0,46.2188127605989,50.0,19021,2021,19021,CHANTADA,Lugo,42.614433,-7.718322,391.0
365,43.0,24.0,10.0,37.117600000000024,40.03,27.884021739130436,0.0,14.685917808219177,16.0,55.07051454719557,75.0,19021,2022,19021,CHANTADA,Lugo,42.614433,-7.718322,391.0
365,20.0,10.0,4.0,34.66240000000002,39.71,26.941521739130433,0.0,14.576493150684932,24.0,50.32208892081217,78.0,19021,2023,19021,CHANTADA,Lugo,42.614433,-7.718322,391.0
366,23.0,10.0,2.0,34.20850000000001,36.13,26.874130434782604,0.0,14.338087431693989,6.0,50.593998448942244,65.0,19021,2024,19021,CHANTADA,Lugo,42.614433,-7.718322,391.0
365,43.0,33.0,12.0,37.075199999999995,39.13,28.571086956521743,0.0,14.60291780821918,14.0,55.20360915211857,85.0,19021,2025,19021,CHANTADA,Lugo,42.614433,-7.718322,391.0
365,86.0,64.0,23.0,38.81520000000001,40.23,29.682608695652167,0.0,15.495794520547946,7.0,,,19022,2011,19022,PANTÓN,Lugo,42.53537,-7.70489,340.0
366,71.0,52.0,28.0,40.11650000000001,41.25,29.328804347826082,1.0,14.740273224043717,31.0,59.277577954915756,112.0,19022,2012,19022,PANTÓN,Lugo,42.53537,-7.70489,340.0
365,83.0,71.0,42.0,41.776,43.09,32.687282608695654,0.0,14.970465753424655,17.0,63.70924262237566,117.0,19022,2013,19022,PANTÓN,Lugo,42.53537,-7.70489,340.0
365,51.0,22.0,7.0,36.3592,39.8,28.299239130434785,0.0,15.039794520547945,3.0,53.981136831518,122.0,19022,2014,19022,PANTÓN,Lugo,42.53537,-7.70489,340.0
365,55.0,32.0,11.0,36.6576,39.35,29.647608695652174,0.0,14.876041095890411,13.0,52.84089169639523,94.0,19022,2015,19022,PANTÓN,Lugo,42.53537,-7.70489,340.0
366,54.0,40.0,17.0,38.36500000000001,40.25,29.566847826086956,0.0,14.368073770491804,7.0,55.35460329514354,87.0,19022,2016,19022,PANTÓN,Lugo,42.53537,-7.70489,340.0
365,66.0,31.0,14.0,37.6572,41.4,29.850326086956528,1.0,15.07891780821918,16.0,54.220842565432356,125.0,19022,2017,19022,PANTÓN,Lugo,42.53537,-7.70489,340.0
365,58.0,39.0,14.0,37.3308,41.08,28.366086956521738,2.0,14.517780821917807,13.0,56.18390795735638,104.0,19022,2018,19022,PANTÓN,Lugo,42.53537,-7.70489,340.0
365,61.0,39.0,14.0,37.186,39.42,28.96608695652174,0.0,14.49158904109589,17.0,54.114867960205224,98.0,19022,2019,19022,PANTÓN,Lugo,42.53537,-7.70489,340.0
366,53.0,33.0,8.0,36.294500000000006,39.05,27.58619565217391,0.0,15.008879781420765,6.0,52.242795372123254,84.0,19022,2020,19022,PANTÓN,Lugo,42.53537,-7.70489,340.0
365,35.0,16.0,6.0,35.8644,36.61,27.243804347826085,0.0,14.26904109589041,14.0,51.54876625513825,71.0,19022,2021,19022,PANTÓN,Lugo,42.53537,-7.70489,340.0
365,57.0,39.0,21.0,39.5052,42.25,30.055326086956523,0.0,15.364328767123286,19.0,57.08309021859158,95.0,19022,2022,19022,PANTÓN,Lugo,42.53537,-7.70489,340.0
365,46.0,22.0,8.0,36.65760000000002,42.2,28.854021739130438,0.0,15.158054794520549,24.0,54.320362157143606,111.0,19022,2023,19022,PANTÓN,Lugo,42.53537,-7.70489,340.0
366,51.0,33.0,11.0,37.753,39.62,29.67554347826087,0.0,14.9824043715847,7.0,55.482769387174386,85.0,19022,2024,19022,PANTÓN,Lugo,42.53537,-7.70489,340.0
365,71.0,53.0,33.0,40.304,40.97,31.61445652173913,0.0,15.301972602739724,13.0,60.438193254924656,108.0,19022,2025,19022,PANTÓN,Lugo,42.53537,-7.70489,340.0
365,62.0,37.0,10.0,36.712800000000016,40.05,28.45119565217391,0.0,14.872424657534244,20.0,51.413163264963494,106.0,19023,2011,19023,RIBAS DE SIL,Lugo,42.463108,-7.287173,257.0
366,52.0,38.0,17.0,37.608,39.26,28.15336956521739,0.0,13.770109289617489,50.0,52.71743764021776,79.0,19023,2012,19023,RIBAS DE SIL,Lugo,42.463108,-7.287173,257.0
365,64.0,45.0,21.0,38.5448,39.41,30.32478260869565,0.0,13.920657534246574,28.0,55.36777501716537,94.0,19023,2013,19023,RIBAS DE SIL,Lugo,42.463108,-7.287173,257.0
365,39.0,19.0,4.0,35.04760000000001,39.66,28.31652173913044,1.0,14.654561643835617,5.0,50.747499263631106,98.0,19023,2014,19023,RIBAS DE SIL,Lugo,42.463108,-7.287173,257.0
365,67.0,42.0,15.0,36.814800000000005,40.58,30.808586956521744,1.0,14.761068493150685,23.0,51.805709470439766,102.0,19023,2015,19023,RIBAS DE SIL,Lugo,42.463108,-7.287173,257.0
366,65.0,43.0,20.0,38.52600000000002,41.88,30.440652173913037,0.0,14.494385245901638,15.0,53.60011723297426,98.0,19023,2016,19023,RIBAS DE SIL,Lugo,42.463108,-7.287173,257.0
365,69.0,43.0,18.0,38.3192,40.85,30.496086956521737,1.0,14.827835616438355,34.0,52.48110450604576,129.0,19023,2017,19023,RIBAS DE SIL,Lugo,42.463108,-7.287173,257.0
365,58.0,39.0,14.0,38.8016,41.33,28.894673913043476,0.0,14.43527397260274,19.0,56.8540256038526,111.0,19023,2018,19023,RIBAS DE SIL,Lugo,42.463108,-7.287173,257.0
365,61.0,30.0,9.0,36.26880000000001,37.57,28.441304347826087,0.0,14.160356164383563,29.0,49.98787881909679,94.0,19023,2019,19023,RIBAS DE SIL,Lugo,42.463108,-7.287173,257.0
366,69.0,50.0,20.0,37.72400000000002,40.76,29.54967391304348,0.0,15.160478142076505,18.0,52.50596337260207,98.0,19023,2020,19023,RIBAS DE SIL,Lugo,42.463108,-7.287173,257.0
365,41.0,22.0,8.0,35.772800000000004,36.92,28.3695652173913,0.0,14.355835616438357,26.0,50.737796475229025,89.0,19023,2021,19023,RIBAS DE SIL,Lugo,42.463108,-7.287173,257.0
365,69.0,50.0,31.0,40.554800000000014,43.32,31.13021739130435,4.0,15.510424657534248,41.0,58.659701352654,108.0,19023,2022,19023,RIBAS DE SIL,Lugo,42.463108,-7.287173,257.0
365,63.0,32.0,10.0,38.40120000000002,42.78,29.844347826086956,2.0,15.23545205479452,35.0,55.624319935553544,112.0,19023,2023,19023,RIBAS DE SIL,Lugo,42.463108,-7.287173,257.0
366,60.0,33.0,11.0,36.825500000000005,39.44,30.082717391304353,1.0,15.242581967213114,8.0,54.284744930961956,99.0,19023,2024,19023,RIBAS DE SIL,Lugo,42.463108,-7.287173,257.0
365,73.0,55.0,36.0,40.104800000000004,42.95,32.15641304347826,1.0,15.426301369863015,24.0,56.646443247081145,116.0,19023,2025,19023,RIBAS DE SIL,Lugo,42.463108,-7.287173,257.0
365,14.0,6.0,3.0,33.73040000000002,36.32,24.02402173913043,0.0,12.448520547945206,24.0,,,19024,2011,19024,ANTAS DE ULLA,Lugo,42.72039,-7.831607,647.0
366,18.0,11.0,1.0,33.56150000000001,35.41,23.3270652173913,0.0,11.535054644808742,36.0,45.45298217429739,37.0,19024,2012,19024,ANTAS DE ULLA,Lugo,42.72039,-7.831607,647.0
365,23.0,14.0,3.0,33.644800000000004,35.61,24.95391304347826,0.0,11.548424657534245,30.0,48.58941882685294,45.0,19024,2013,19024,ANTAS DE ULLA,Lugo,42.72039,-7.831607,647.0
365,6.0,2.0,1.0,30.632400000000004,35.91,23.037282608695655,0.0,11.973109589041098,12.0,43.42250847801916,30.0,19024,2014,19024,ANTAS DE ULLA,Lugo,42.72039,-7.831607,647.0
365,14.0,6.0,2.0,32.122800000000005,37.32,25.485000000000003,0.0,12.283904109589042,23.0,45.73903948319649,48.0,19024,2015,19024,ANTAS DE ULLA,Lugo,42.72039,-7.831607,647.0
366,23.0,12.0,4.0,34.609500000000025,38.88,25.165543478260865,0.0,11.964412568306011,23.0,47.302073432315495,51.0,19024,2016,19024,ANTAS DE ULLA,Lugo,42.72039,-7.831607,647.0
365,17.0,12.0,4.0,34.677600000000005,38.98,25.15315217391304,0.0,12.616849315068492,33.0,49.64570613800352,58.0,19024,2017,19024,ANTAS DE ULLA,Lugo,42.72039,-7.831607,647.0
365,20.0,10.0,4.0,34.930800000000005,38.33,24.14717391304348,1.0,11.958082191780822,28.0,51.50355782311927,59.0,19024,2018,19024,ANTAS DE ULLA,Lugo,42.72039,-7.831607,647.0
365,10.0,3.0,0.0,31.6248,34.94,23.177717391304352,0.0,11.668958904109589,28.0,44.08007258975674,38.0,19024,2019,19024,ANTAS DE ULLA,Lugo,42.72039,-7.831607,647.0
366,17.0,8.0,2.0,34.19250000000001,38.03,23.848695652173912,0.0,12.498128415300547,20.0,45.55185870850155,50.0,19024,2020,19024,ANTAS DE ULLA,Lugo,42.72039,-7.831607,647.0
365,8.0,3.0,0.0,30.8856,33.55,23.026956521739127,0.0,11.77441095890411,23.0,43.879374619532854,31.0,19024,2021,19024,ANTAS DE ULLA,Lugo,42.72039,-7.831607,647.0
365,28.0,16.0,8.0,37.308800000000005,39.48,25.915000000000003,1.0,12.953383561643834,31.0,51.50314758152305,53.0,19024,2022,19024,ANTAS DE ULLA,Lugo,42.72039,-7.831607,647.0
365,15.0,8.0,3.0,33.597200000000015,38.56,24.7029347826087,1.0,12.917356164383563,34.0,48.44499869475763,45.0,19024,2023,19024,ANTAS DE ULLA,Lugo,42.72039,-7.831607,647.0
366,10.0,6.0,1.0,34.39500000000001,35.05,24.776521739130434,0.0,12.619631147540984,11.0,51.08603777821781,42.0,19024,2024,19024,ANTAS DE ULLA,Lugo,42.72039,-7.831607,647.0
365,29.0,22.0,8.0,36.894800000000004,39.08,26.64456521739131,0.0,12.872602739726027,17.0,52.951591594890175,58.0,19024,2025,19024,ANTAS DE ULLA,Lugo,42.72039,-7.831607,647.0
365,11.0,7.0,1.0,32.5748,36.01,22.894456521739134,0.0,14.24186301369863,4.0,,,19025,2011,19025,LOURENZÁ,Lugo,43.43727,-7.279275,103.0
366,10.0,5.0,0.0,32.60350000000003,34.85,24.381195652173915,1.0,13.423142076502732,30.0,46.69347395820767,35.0,19025,2012,19025,LOURENZÁ,Lugo,43.43727,-7.279275,103.0
365,2.0,1.0,1.0,29.282400000000006,36.06,23.160543478260873,0.0,13.55160273972603,18.0,42.10941567085806,35.0,19025,2013,19025,LOURENZÁ,Lugo,43.43727,-7.279275,103.0
365,2.0,0.0,0.0,29.742800000000003,30.82,23.7545652173913,1.0,14.332589041095892,3.0,42.84685963509329,45.0,19025,2014,19025,LOURENZÁ,Lugo,43.43727,-7.279275,103.0
365,4.0,1.0,0.0,30.005600000000012,32.57,24.041304347826095,1.0,14.187712328767121,13.0,41.961656818319454,35.0,19025,2015,19025,LOURENZÁ,Lugo,43.43727,-7.279275,103.0
366,7.0,4.0,1.0,32.679500000000054,35.34,23.803478260869564,0.0,13.684262295081968,17.0,48.30328533159594,32.0,19025,2016,19025,LOURENZÁ,Lugo,43.43727,-7.279275,103.0
365,9.0,2.0,1.0,31.137200000000004,36.07,23.847500000000004,1.0,14.117383561643836,20.0,43.59229675561618,48.0,19025,2017,19025,LOURENZÁ,Lugo,43.43727,-7.279275,103.0
365,4.0,1.0,0.0,29.337600000000016,32.27,23.016739130434782,0.0,13.898356164383562,11.0,42.71194792269272,33.0,19025,2018,19025,LOURENZÁ,Lugo,43.43727,-7.279275,103.0
365,4.0,2.0,1.0,30.06480000000001,37.01,23.530108695652174,1.0,13.892917808219178,19.0,40.97896945331179,33.0,19025,2019,19025,LOURENZÁ,Lugo,43.43727,-7.279275,103.0
366,4.0,1.0,1.0,30.051000000000023,36.13,23.614673913043475,0.0,14.60217213114754,5.0,43.417034903694976,33.0,19025,2020,19025,LOURENZÁ,Lugo,43.43727,-7.279275,103.0
365,1.0,1.0,1.0,29.0376,35.97,22.384782608695648,0.0,13.707835616438356,20.0,39.78026315622804,25.0,19025,2021,19025,LOURENZÁ,Lugo,43.43727,-7.279275,103.0
365,3.0,2.0,0.0,29.37000000000001,34.47,23.54945652173913,0.0,14.668739726027397,24.0,43.24250778586195,35.0,19025,2022,19025,LOURENZÁ,Lugo,43.43727,-7.279275,103.0
365,18.0,9.0,4.0,35.1056,36.25,25.46076086956522,4.0,15.17376712328767,22.0,54.094747358417045,58.0,19025,2023,19025,LOURENZÁ,Lugo,43.43727,-7.279275,103.0
366,2.0,2.0,0.0,28.950000000000003,34.5,22.667500000000004,0.0,14.442103825136611,7.0,41.75913542412684,28.0,19025,2024,19025,LOURENZÁ,Lugo,43.43727,-7.279275,103.0
365,3.0,2.0,0.0,28.99,32.72,23.821304347826086,0.0,14.483219178082193,12.0,42.301546923181206,27.0,19025,2025,19025,LOURENZÁ,Lugo,43.43727,-7.279275,103.0
365,69.0,52.0,24.0,37.93,39.02,30.521847826086947,0.0,14.018657534246577,48.0,,,19026,2010,19026,LEIRO,Ourense,42.359207,-8.118451,105.0
358,81.0,62.0,24.0,38.958400000000005,41.13,30.518260869565214,0.0,15.098673184357544,29.0,,,19026,2011,19026,LEIRO,Ourense,42.359207,-8.118451,105.0
366,70.0,52.0,27.0,38.85850000000001,40.84,29.38326086956522,0.0,14.312240437158469,57.0,56.29622920705459,112.0,19026,2012,19026,LEIRO,Ourense,42.359207,-8.118451,105.0
365,85.0,67.0,38.0,40.812000000000005,42.85,32.27304347826087,0.0,14.688397260273971,36.0,60.92205374820465,114.0,19026,2013,19026,LEIRO,Ourense,42.359207,-8.118451,105.0
365,67.0,38.0,15.0,37.9952,40.59,30.018586956521734,1.0,15.275219178082192,10.0,55.087725853471035,134.0,19026,2014,19026,LEIRO,Ourense,42.359207,-8.118451,105.0
365,94.0,60.0,29.0,39.994400000000006,41.23,32.38891304347827,1.0,15.31727397260274,39.0,58.44708427065114,130.0,19026,2015,19026,LEIRO,Ourense,42.359207,-8.118451,105.0
366,89.0,70.0,46.0,40.78500000000001,44.24,33.20195652173913,0.0,15.042295081967213,26.0,60.588498334940844,127.0,19026,2016,19026,LEIRO,Ourense,42.359207,-8.118451,105.0
365,107.0,75.0,29.0,40.049600000000005,42.03,32.2095652173913,0.0,15.369657534246574,52.0,60.02040665965176,150.0,19026,2017,19026,LEIRO,Ourense,42.359207,-8.118451,105.0
365,88.0,60.0,26.0,40.104800000000026,42.49,30.392065217391306,0.0,15.09813698630137,30.0,60.063427139139066,136.0,19026,2018,19026,LEIRO,Ourense,42.359207,-8.118451,105.0
365,71.0,49.0,14.0,37.54800000000001,38.99,29.439891304347825,0.0,14.66195890410959,43.0,54.42586586600021,112.0,19026,2019,19026,LEIRO,Ourense,42.359207,-8.118451,105.0
366,83.0,63.0,43.0,39.3875,41.21,31.379347826086953,0.0,15.752554644808741,22.0,56.868119501889055,118.0,19026,2020,19026,LEIRO,Ourense,42.359207,-8.118451,105.0
365,55.0,36.0,13.0,37.436800000000005,39.33,29.601413043478264,0.0,14.929931506849313,25.0,55.244214021684826,107.0,19026,2021,19026,LEIRO,Ourense,42.359207,-8.118451,105.0
365,97.0,75.0,41.0,41.6,43.1,32.81152173913044,0.0,16.05332876712329,46.0,62.545061312388114,127.0,19026,2022,19026,LEIRO,Ourense,42.359207,-8.118451,105.0
365,81.0,49.0,13.0,37.68120000000001,42.02,30.976195652173914,2.0,15.833726027397262,34.0,58.05248460251115,143.0,19026,2023,19026,LEIRO,Ourense,42.359207,-8.118451,105.0
366,82.0,67.0,31.0,38.975,41.55,32.181956521739124,2.0,16.02885245901639,12.0,57.54394582352768,133.0,19026,2024,19026,LEIRO,Ourense,42.359207,-8.118451,105.0
365,88.0,61.0,49.0,41.2344,41.75,33.446304347826086,0.0,15.737972602739726,26.0,61.94254241871708,137.0,19026,2025,19026,LEIRO,Ourense,42.359207,-8.118451,105.0
363,37.0,19.0,4.0,34.7804,36.52,27.41728260869565,0.0,11.712382920110194,58.0,50.12028642028224,86.0,19027,2010,19027,XINZO DE LIMIA,Ourense,42.101776,-7.717683,616.0
365,24.0,11.0,3.0,33.9104,35.74,25.64152173913043,0.0,12.71841095890411,38.0,,,19027,2011,19027,XINZO DE LIMIA,Ourense,42.101776,-7.717683,616.0
358,26.0,17.0,6.0,35.3132,36.78,25.59173913043479,0.0,11.499832402234638,78.0,47.67089677721028,55.0,19027,2012,19027,XINZO DE LIMIA,Ourense,42.101776,-7.717683,616.0
365,44.0,28.0,9.0,36.319200000000016,38.31,27.87630434782609,0.0,11.770000000000001,52.0,50.68758097758099,72.0,19027,2013,19027,XINZO DE LIMIA,Ourense,42.101776,-7.717683,616.0
365,18.0,10.0,1.0,33.7652,35.37,26.046847826086957,0.0,12.383849315068494,18.0,47.81323052627732,61.0,19027,2014,19027,XINZO DE LIMIA,Ourense,42.101776,-7.717683,616.0
365,47.0,26.0,7.0,36.119600000000005,37.59,28.99815217391304,0.0,12.60004109589041,57.0,50.775636189614495,85.0,19027,2015,19027,XINZO DE LIMIA,Ourense,42.101776,-7.717683,616.0
366,45.0,31.0,9.0,36.20900000000002,37.65,28.419021739130432,0.0,12.312759562841531,45.0,51.29145710142403,84.0,19027,2016,19027,XINZO DE LIMIA,Ourense,42.101776,-7.717683,616.0
365,43.0,24.0,8.0,36.268,38.16,28.550326086956524,0.0,12.71909589041096,80.0,50.619012291988696,99.0,19027,2017,19027,XINZO DE LIMIA,Ourense,42.101776,-7.717683,616.0
365,27.0,12.0,4.0,35.12920000000001,36.77,25.600869565217394,0.0,11.927630136986302,47.0,51.34563521164121,67.0,19027,2018,19027,XINZO DE LIMIA,Ourense,42.101776,-7.717683,616.0
365,17.0,8.0,1.0,33.05080000000002,35.18,25.269673913043476,0.0,11.549356164383562,71.0,45.63119593143344,60.0,19027,2019,19027,XINZO DE LIMIA,Ourense,42.101776,-7.717683,616.0
366,42.0,22.0,4.0,34.987,37.24,26.64815217391304,0.0,12.457349726775954,47.0,49.53158099201652,69.0,19027,2020,19027,XINZO DE LIMIA,Ourense,42.101776,-7.717683,616.0
365,20.0,9.0,0.0,33.3432,34.34,25.799565217391304,0.0,11.794671232876713,63.0,47.04336931698108,61.0,19027,2021,19027,XINZO DE LIMIA,Ourense,42.101776,-7.717683,616.0
365,49.0,33.0,16.0,38.6916,40.08,28.90380434782609,0.0,12.796424657534246,63.0,55.13541472913619,84.0,19027,2022,19027,XINZO DE LIMIA,Ourense,42.101776,-7.717683,616.0
365,22.0,10.0,3.0,34.400800000000004,39.94,26.710869565217397,0.0,12.608890410958907,67.0,50.47941048632046,75.0,19027,2023,19027,XINZO DE LIMIA,Ourense,42.101776,-7.717683,616.0
366,32.0,13.0,3.0,34.734,39.04,27.2829347826087,0.0,12.758524590163933,35.0,50.777788439659616,66.0,19027,2024,19027,XINZO DE LIMIA,Ourense,42.101776,-7.717683,616.0
365,52.0,34.0,16.0,37.220400000000005,38.61,29.18760869565218,0.0,12.721041095890412,48.0,52.577416911217945,83.0,19027,2025,19027,XINZO DE LIMIA,Ourense,42.101776,-7.717683,616.0
365,45.0,18.0,4.0,34.93080000000002,36.79,27.031739130434783,0.0,13.924506849315067,33.0,44.05652164958582,68.0,19030,2011,19030,LAROUCO,Ourense,42.346,-7.153,522.0
366,37.0,24.0,8.0,36.25000000000001,37.87,26.891413043478263,1.0,13.138142076502733,51.0,45.695828646513455,55.0,19030,2012,19030,LAROUCO,Ourense,42.346,-7.153,522.0
365,49.0,29.0,12.0,37.464,38.86,28.926086956521743,0.0,13.255479452054795,38.0,46.44772969220279,64.0,19030,2013,19030,LAROUCO,Ourense,42.346,-7.153,522.0
365,27.0,13.0,3.0,34.5604,37.0,27.230434782608693,0.0,13.864876712328767,7.0,46.19095696727269,57.0,19030,2014,19030,LAROUCO,Ourense,42.346,-7.153,522.0
365,51.0,28.0,8.0,35.221199999999996,37.64,29.406413043478263,0.0,14.082534246575342,31.0,46.32284458130679,71.0,19030,2015,19030,LAROUCO,Ourense,42.346,-7.153,522.0
366,57.0,40.0,11.0,36.88200000000001,39.83,29.20923913043479,0.0,13.807185792349726,18.0,48.252872176729795,71.0,19030,2016,19030,LAROUCO,Ourense,42.346,-7.153,522.0
365,51.0,32.0,13.0,37.627600000000015,38.87,29.42304347826087,0.0,14.514630136986302,38.0,47.22377144484836,76.0,19030,2017,19030,LAROUCO,Ourense,42.346,-7.153,522.0
365,46.0,22.0,6.0,37.3156,38.72,27.40554347826087,0.0,13.68417808219178,25.0,48.407298144783134,72.0,19030,2018,19030,LAROUCO,Ourense,42.346,-7.153,522.0
365,38.0,20.0,2.0,34.41,37.18,26.95945652173913,0.0,13.645986301369863,34.0,43.69716215580828,59.0,19030,2019,19030,LAROUCO,Ourense,42.346,-7.153,522.0
366,55.0,38.0,8.0,35.7275,38.71,28.235434782608696,0.0,14.437677595628415,16.0,46.7018712682284,74.0,19030,2020,19030,LAROUCO,Ourense,42.346,-7.153,522.0
365,37.0,18.0,3.0,34.1536,36.82,27.429673913043477,0.0,13.654410958904108,27.0,46.95332762812193,65.0,19030,2021,19030,LAROUCO,Ourense,42.346,-7.153,522.0
365,69.0,51.0,28.0,40.19720000000001,42.08,30.832391304347826,4.0,15.017246575342465,40.0,54.30885815350523,96.0,19030,2022,19030,LAROUCO,Ourense,42.346,-7.153,522.0
365,48.0,19.0,7.0,37.39240000000001,41.87,28.921304347826084,1.0,14.562315068493147,42.0,50.07362346987301,101.0,19030,2023,19030,LAROUCO,Ourense,42.346,-7.153,522.0
366,47.0,28.0,9.0,36.59450000000002,40.81,29.12652173913044,0.0,14.25,19.0,52.72201573455748,81.0,19030,2024,19030,LAROUCO,Ourense,42.346,-7.153,522.0
365,64.0,54.0,25.0,38.5996,40.32,31.20913043478261,0.0,14.519767123287671,26.0,53.23702735548812,95.0,19030,2025,19030,LAROUCO,Ourense,42.346,-7.153,522.0
365,30.0,11.0,3.0,34.612,36.48,25.64369565217391,0.0,14.07532876712329,19.0,,,19031,2011,19031,COLES,Ourense,42.42953,-7.836478,403.0
366,28.0,17.0,3.0,34.30500000000001,36.64,25.148260869565217,0.0,13.202281420765027,29.0,46.147845244831856,47.0,19031,2012,19031,COLES,Ourense,42.42953,-7.836478,403.0
365,40.0,25.0,7.0,36.5816,37.82,27.639021739130435,0.0,13.467260273972602,25.0,49.02070280179494,54.0,19031,2013,19031,COLES,Ourense,42.42953,-7.836478,403.0
365,14.0,6.0,2.0,32.553599999999996,36.66,25.30413043478261,0.0,13.948945205479452,3.0,44.11314321200566,35.0,19031,2014,19031,COLES,Ourense,42.42953,-7.836478,403.0
365,36.0,20.0,2.0,34.312400000000004,36.71,27.97021739130435,0.0,14.346383561643837,14.0,45.67744529749104,61.0,19031,2015,19031,COLES,Ourense,42.42953,-7.836478,403.0
366,43.0,27.0,6.0,36.01450000000002,38.92,28.238586956521733,0.0,14.036270491803277,11.0,46.73452018163863,70.0,19031,2016,19031,COLES,Ourense,42.42953,-7.836478,403.0
365,27.0,19.0,5.0,35.280800000000006,38.69,27.624565217391304,1.0,14.294205479452055,29.0,46.70180194426473,70.0,19031,2017,19031,COLES,Ourense,42.42953,-7.836478,403.0
365,35.0,17.0,6.0,35.39240000000001,38.6,26.438804347826085,2.0,13.78813698630137,16.0,49.78234601065517,67.0,19031,2018,19031,COLES,Ourense,42.42953,-7.836478,403.0
365,25.0,10.0,2.0,34.02920000000002,35.53,25.773586956521736,0.0,13.586342465753425,20.0,43.98516690797792,58.0,19031,2019,19031,COLES,Ourense,42.42953,-7.836478,403.0
366,43.0,27.0,7.0,35.44950000000001,38.11,27.054782608695657,0.0,14.428510928961746,12.0,47.55291847100373,67.0,19031,2020,19031,COLES,Ourense,42.42953,-7.836478,403.0
365,24.0,12.0,1.0,33.39440000000001,35.38,26.059782608695656,0.0,13.780068493150686,16.0,47.50391513689677,56.0,19031,2021,19031,COLES,Ourense,42.42953,-7.836478,403.0
365,44.0,33.0,17.0,38.52640000000001,40.06,28.79217391304348,4.0,14.924082191780823,19.0,54.2834300046459,82.0,19031,2022,19031,COLES,Ourense,42.42953,-7.836478,403.0
365,25.0,12.0,3.0,34.088400000000014,39.43,27.103695652173908,1.0,14.60572602739726,21.0,49.35938369869222,74.0,19031,2023,19031,COLES,Ourense,42.42953,-7.836478,403.0
366,37.0,15.0,2.0,34.58250000000001,38.24,27.686521739130434,1.0,14.598743169398908,6.0,51.53536646939218,71.0,19031,2024,19031,COLES,Ourense,42.42953,-7.836478,403.0
365,52.0,38.0,15.0,37.42640000000001,38.89,29.294565217391302,1.0,14.680794520547945,19.0,52.89509704704904,82.0,19031,2025,19031,COLES,Ourense,42.42953,-7.836478,403.0
365,67.0,41.0,12.0,37.08480000000001,38.9,28.744565217391305,0.0,15.708890410958904,10.0,,,19032,2011,19032,CASTRELO DE MIÑO,Ourense,42.31235,-8.066759,122.0
365,64.0,41.0,20.0,38.994,40.39,30.11489130434782,0.0,14.445273972602738,21.0,57.07685477373795,96.0,19032,2013,19032,CASTRELO DE MIÑO,Ourense,42.31235,-8.066759,122.0
365,39.0,21.0,8.0,35.3736,38.06,28.191086956521737,2.0,15.107780821917808,3.0,51.20467862581042,98.0,19032,2014,19032,CASTRELO DE MIÑO,Ourense,42.31235,-8.066759,122.0
365,58.0,39.0,14.0,36.90040000000001,38.82,30.264239130434778,0.0,15.239013698630137,21.0,52.76021638943123,106.0,19032,2015,19032,CASTRELO DE MIÑO,Ourense,42.31235,-8.066759,122.0
366,68.0,53.0,24.0,38.368500000000004,40.67,30.952934782608697,0.0,14.98976775956284,7.0,55.324569706275156,100.0,19032,2016,19032,CASTRELO DE MIÑO,Ourense,42.31235,-8.066759,122.0
365,73.0,37.0,16.0,38.0616,39.04,30.25032608695652,1.0,15.416383561643837,21.0,54.2319722555215,129.0,19032,2017,19032,CASTRELO DE MIÑO,Ourense,42.31235,-8.066759,122.0
365,70.0,47.0,16.0,39.223600000000026,41.59,29.36565217391304,2.0,15.263835616438355,13.0,59.1168710912678,119.0,19032,2018,19032,CASTRELO DE MIÑO,Ourense,42.31235,-8.066759,122.0
365,61.0,39.0,8.0,36.935199999999995,37.94,28.600760869565217,0.0,14.93812328767123,19.0,52.84007219268598,100.0,19032,2019,19032,CASTRELO DE MIÑO,Ourense,42.31235,-8.066759,122.0
366,72.0,56.0,29.0,38.38800000000001,39.94,30.3379347826087,0.0,15.893169398907103,3.0,54.70786801071688,104.0,19032,2020,19032,CASTRELO DE MIÑO,Ourense,42.31235,-8.066759,122.0
365,48.0,29.0,10.0,35.8936,37.86,28.71641304347826,0.0,15.155068493150686,11.0,52.97997530274627,98.0,19032,2021,19032,CASTRELO DE MIÑO,Ourense,42.31235,-8.066759,122.0
365,82.0,61.0,32.0,40.131600000000006,42.52,31.77989130434783,2.0,16.279109589041095,24.0,59.228355017621965,120.0,19032,2022,19032,CASTRELO DE MIÑO,Ourense,42.31235,-8.066759,122.0
365,59.0,37.0,7.0,36.524800000000006,40.78,29.76206521739131,2.0,15.978342465753428,24.0,55.72657266456223,127.0,19032,2023,19032,CASTRELO DE MIÑO,Ourense,42.31235,-8.066759,122.0
366,70.0,42.0,15.0,37.634,40.35,30.70434782608696,2.0,16.034562841530057,4.0,55.58686561744227,103.0,19032,2024,19032,CASTRELO DE MIÑO,Ourense,42.31235,-8.066759,122.0
365,70.0,54.0,31.0,38.930400000000006,40.39,31.84097826086957,0.0,15.827643835616438,11.0,58.94423287764083,122.0,19032,2025,19032,CASTRELO DE MIÑO,Ourense,42.31235,-8.066759,122.0
365,37.0,11.0,3.0,34.04200000000002,36.82,26.025978260869564,0.0,14.102506849315068,16.0,,,19033,2011,19033,CASTRO CALDELAS,Ourense,42.38756,-7.431971,469.0
366,36.0,21.0,4.0,34.79100000000002,36.75,25.901086956521734,0.0,13.239617486338798,40.0,46.14521888008486,54.0,19033,2012,19033,CASTRO CALDELAS,Ourense,42.38756,-7.431971,469.0
365,45.0,25.0,7.0,36.046800000000005,37.21,27.99402173913044,0.0,13.32458904109589,29.0,48.86065238305252,62.0,19033,2013,19033,CASTRO CALDELAS,Ourense,42.38756,-7.431971,469.0
365,17.0,10.0,2.0,32.9108,37.56,25.97141304347826,1.0,13.863109589041095,5.0,45.091568499766346,44.0,19033,2014,19033,CASTRO CALDELAS,Ourense,42.38756,-7.431971,469.0
365,33.0,18.0,2.0,34.4052,36.92,28.06945652173913,1.0,14.028671232876713,20.0,45.45748269031739,58.0,19033,2015,19033,CASTRO CALDELAS,Ourense,42.38756,-7.431971,469.0
366,41.0,26.0,6.0,35.989500000000014,39.19,28.16934782608696,0.0,13.648401639344264,17.0,46.89152180796752,66.0,19033,2016,19033,CASTRO CALDELAS,Ourense,42.38756,-7.431971,469.0
365,39.0,21.0,5.0,35.438,37.97,28.19728260869565,2.0,14.349356164383565,31.0,46.39969819547183,68.0,19033,2017,19033,CASTRO CALDELAS,Ourense,42.38756,-7.431971,469.0
365,38.0,16.0,4.0,34.66040000000001,37.31,26.42032608695652,1.0,13.679616438356163,19.0,46.95502262444118,65.0,19033,2018,19033,CASTRO CALDELAS,Ourense,42.38756,-7.431971,469.0
365,31.0,11.0,0.0,33.530400000000014,34.71,26.024456521739125,0.0,13.530068493150686,27.0,43.18251393317525,52.0,19033,2019,19033,CASTRO CALDELAS,Ourense,42.38756,-7.431971,469.0
366,47.0,29.0,4.0,35.13300000000002,37.8,27.36271739130435,0.0,14.55360655737705,17.0,46.394183508536386,73.0,19033,2020,19033,CASTRO CALDELAS,Ourense,42.38756,-7.431971,469.0
365,25.0,12.0,0.0,33.43080000000001,34.63,26.24402173913044,0.0,13.79568493150685,24.0,47.48625131771345,66.0,19033,2021,19033,CASTRO CALDELAS,Ourense,42.38756,-7.431971,469.0
365,53.0,35.0,18.0,38.0476,39.97,29.06369565217392,3.0,15.006479452054794,32.0,55.36048125508534,98.0,19033,2022,19033,CASTRO CALDELAS,Ourense,42.38756,-7.431971,469.0
365,37.0,13.0,6.0,36.1036,40.94,27.637608695652172,1.0,14.69872602739726,32.0,51.633205324807,89.0,19033,2023,19033,CASTRO CALDELAS,Ourense,42.38756,-7.431971,469.0
366,35.0,14.0,3.0,34.624500000000005,36.44,27.890978260869563,0.0,14.614576502732241,11.0,52.447262596920574,79.0,19033,2024,19033,CASTRO CALDELAS,Ourense,42.38756,-7.431971,469.0
365,58.0,43.0,18.0,37.430800000000005,38.37,29.8425,0.0,14.879780821917809,19.0,53.255415071206635,96.0,19033,2025,19033,CASTRO CALDELAS,Ourense,42.38756,-7.431971,469.0
365,1.0,0.0,0.0,29.22,30.18,22.58684782608696,0.0,8.254383561643836,111.0,34.81097899436439,4.0,19037,2010,19037,A VEIGA,Ourense,42.211124,-6.991786,1217.0
364,4.0,1.0,0.0,29.776700000000005,32.48,22.087582417582414,0.0,10.009175824175825,74.0,,,19037,2011,19037,A VEIGA,Ourense,42.211124,-6.991786,1217.0
366,6.0,1.0,0.0,30.4615,32.26,21.53217391304348,0.0,8.868852459016393,101.0,35.857245988146396,9.0,19037,2012,19037,A VEIGA,Ourense,42.211124,-6.991786,1217.0
365,8.0,1.0,0.0,31.143200000000004,32.1,23.227065217391303,0.0,8.870945205479453,107.0,37.231764656200475,13.0,19037,2013,19037,A VEIGA,Ourense,42.211124,-6.991786,1217.0
365,2.0,0.0,0.0,28.621200000000005,31.96,21.421413043478264,0.0,9.28331506849315,80.0,37.4420515184369,6.0,19037,2014,19037,A VEIGA,Ourense,42.211124,-6.991786,1217.0
365,4.0,1.0,0.0,30.227600000000006,32.12,24.17358695652174,0.0,10.127575342465752,74.0,37.44871120864384,13.0,19037,2015,19037,A VEIGA,Ourense,42.211124,-6.991786,1217.0
366,11.0,3.0,0.0,31.624000000000006,33.92,23.877065217391305,0.0,9.612363387978142,84.0,38.116197376464655,23.0,19037,2016,19037,A VEIGA,Ourense,42.211124,-6.991786,1217.0
365,10.0,3.0,0.0,31.85,33.48,24.235108695652176,0.0,10.70686301369863,70.0,37.5510786850689,14.0,19037,2017,19037,A VEIGA,Ourense,42.211124,-6.991786,1217.0
365,6.0,1.0,0.0,30.372400000000006,32.03,22.06521739130435,0.0,9.411301369863013,92.0,36.18587446795653,11.0,19037,2018,19037,A VEIGA,Ourense,42.211124,-6.991786,1217.0
365,2.0,0.0,0.0,29.01,31.47,21.95695652173913,0.0,9.63535616438356,75.0,37.034504275222105,7.0,19037,2019,19037,A VEIGA,Ourense,42.211124,-6.991786,1217.0
366,7.0,1.0,0.0,31.048000000000005,32.65,23.025652173913045,0.0,10.362773224043714,54.0,38.89490349962194,20.0,19037,2020,19037,A VEIGA,Ourense,42.211124,-6.991786,1217.0
365,2.0,0.0,0.0,28.942000000000004,31.77,22.111521739130435,0.0,9.670904109589042,64.0,35.79457493686934,8.0,19037,2021,19037,A VEIGA,Ourense,42.211124,-6.991786,1217.0
365,27.0,12.0,1.0,34.372400000000006,35.43,25.900000000000002,3.0,11.028602739726026,66.0,41.36065059166817,35.0,19037,2022,19037,A VEIGA,Ourense,42.211124,-6.991786,1217.0
365,7.0,4.0,2.0,32.15560000000002,36.81,23.372173913043476,0.0,10.43078082191781,72.0,38.63498275488092,9.0,19037,2023,19037,A VEIGA,Ourense,42.211124,-6.991786,1217.0
366,7.0,2.0,0.0,30.855000000000004,34.77,23.787826086956528,0.0,10.34282786885246,70.0,39.47051974317949,18.0,19037,2024,19037,A VEIGA,Ourense,42.211124,-6.991786,1217.0
365,22.0,7.0,0.0,33.1084,34.44,25.622608695652172,0.0,10.419027397260272,72.0,40.12099055177978,33.0,19037,2025,19037,A VEIGA,Ourense,42.211124,-6.991786,1217.0
365,43.0,19.0,7.0,35.842400000000005,36.69,27.130543478260872,0.0,13.601520547945206,27.0,,,19038,2011,19038,LAZA,Ourense,42.067226,-7.472491,575.0
366,39.0,25.0,9.0,35.7,36.92,26.551195652173913,0.0,12.609576502732242,51.0,46.57569995862756,64.0,19038,2012,19038,LAZA,Ourense,42.067226,-7.472491,575.0
365,52.0,34.0,13.0,37.34440000000001,38.65,29.0304347826087,0.0,12.760301369863015,41.0,48.27028429068369,74.0,19038,2013,19038,LAZA,Ourense,42.067226,-7.472491,575.0
365,23.0,11.0,3.0,34.3008,37.23,26.645434782608696,0.0,13.14245205479452,9.0,46.715067414688136,62.0,19038,2014,19038,LAZA,Ourense,42.067226,-7.472491,575.0
365,48.0,28.0,8.0,36.12480000000001,38.61,29.39978260869565,0.0,13.505178082191781,35.0,47.71659681098205,83.0,19038,2015,19038,LAZA,Ourense,42.067226,-7.472491,575.0
366,58.0,40.0,16.0,36.958,38.67,29.449347826086953,0.0,13.26714480874317,26.0,49.20584553801331,77.0,19038,2016,19038,LAZA,Ourense,42.067226,-7.472491,575.0
365,55.0,30.0,12.0,37.195200000000014,38.39,29.332065217391307,0.0,14.060068493150682,44.0,49.283634916337675,89.0,19038,2017,19038,LAZA,Ourense,42.067226,-7.472491,575.0
365,54.0,28.0,9.0,37.458400000000005,39.92,27.79336956521739,0.0,13.244068493150685,33.0,49.88106053505245,88.0,19038,2018,19038,LAZA,Ourense,42.067226,-7.472491,575.0
365,38.0,16.0,2.0,34.2652,36.25,26.79108695652174,0.0,13.064301369863012,40.0,46.340059159442475,74.0,19038,2019,19038,LAZA,Ourense,42.067226,-7.472491,575.0
366,58.0,43.0,16.0,36.507000000000005,38.89,28.75532608695652,0.0,13.912377049180328,22.0,49.11467697506408,86.0,19038,2020,19038,LAZA,Ourense,42.067226,-7.472491,575.0
365,34.0,21.0,3.0,34.6396,38.15,27.600978260869564,0.0,13.312794520547943,32.0,48.24553482315873,70.0,19038,2021,19038,LAZA,Ourense,42.067226,-7.472491,575.0
365,64.0,54.0,28.0,39.562400000000004,41.74,30.66728260869565,2.0,14.384808219178082,43.0,53.899178598984825,94.0,19038,2022,19038,LAZA,Ourense,42.067226,-7.472491,575.0
365,45.0,22.0,7.0,37.22680000000002,41.99,28.601086956521737,0.0,13.951493150684932,46.0,51.196401929768776,82.0,19038,2023,19038,LAZA,Ourense,42.067226,-7.472491,575.0
366,50.0,34.0,8.0,37.313,41.03,29.423478260869565,0.0,13.998497267759564,17.0,50.461861796722395,74.0,19038,2024,19038,LAZA,Ourense,42.067226,-7.472491,575.0
365,64.0,52.0,24.0,38.552400000000006,40.08,30.906847826086956,1.0,14.091328767123285,28.0,51.42766596486031,86.0,19038,2025,19038,LAZA,Ourense,42.067226,-7.472491,575.0
364,26.0,8.0,0.0,32.77,34.45,26.444021739130434,0.0,11.402829670329671,56.0,39.99247535914617,36.0,19039,2010,19039,RIÓS,Ourense,41.98036,-7.285618,839.0
365,20.0,8.0,0.0,33.782000000000004,34.54,25.701739130434788,1.0,12.63078082191781,36.0,41.375099582279375,43.0,19039,2011,19039,RIÓS,Ourense,41.98036,-7.285618,839.0
366,27.0,11.0,0.0,33.52850000000002,34.85,24.864347826086956,0.0,11.700040983606558,60.0,43.30788284778271,39.0,19039,2012,19039,RIÓS,Ourense,41.98036,-7.285618,839.0
365,40.0,22.0,4.0,34.92680000000001,36.5,27.54195652173913,0.0,11.76853424657534,53.0,45.14910513476629,59.0,19039,2013,19039,RIÓS,Ourense,41.98036,-7.285618,839.0
365,16.0,6.0,0.0,32.606,34.4,25.20076086956522,0.0,12.071643835616438,29.0,42.991609709616206,38.0,19039,2014,19039,RIÓS,Ourense,41.98036,-7.285618,839.0
365,35.0,16.0,3.0,34.35840000000002,36.21,27.89652173913043,0.0,12.605835616438357,47.0,44.75240880986033,60.0,19039,2015,19039,RIÓS,Ourense,41.98036,-7.285618,839.0
366,40.0,27.0,6.0,35.22250000000001,36.02,27.860978260869565,0.0,12.248797814207649,36.0,45.802991849033376,63.0,19039,2016,19039,RIÓS,Ourense,41.98036,-7.285618,839.0
365,33.0,21.0,5.0,35.0904,36.13,28.005760869565226,0.0,13.289342465753426,46.0,44.96690248977722,66.0,19039,2017,19039,RIÓS,Ourense,41.98036,-7.285618,839.0
365,24.0,9.0,4.0,34.631200000000014,36.92,25.79826086956522,4.0,12.325602739726028,39.0,43.04483832194277,56.0,19039,2018,19039,RIÓS,Ourense,41.98036,-7.285618,839.0
365,13.0,3.0,0.0,31.779200000000003,34.67,24.63086956521739,0.0,12.254095890410959,18.0,41.166641159961024,36.0,19039,2019,19039,RIÓS,Ourense,41.98036,-7.285618,839.0
366,40.0,23.0,3.0,33.833000000000006,35.37,26.50989130434783,2.0,12.904549180327871,20.0,43.70260149690689,51.0,19039,2020,19039,RIÓS,Ourense,41.98036,-7.285618,839.0
365,17.0,6.0,0.0,32.93880000000001,34.77,25.508043478260873,1.0,12.349972602739726,24.0,42.04630086490822,35.0,19039,2021,19039,RIÓS,Ourense,41.98036,-7.285618,839.0
365,49.0,32.0,11.0,36.994800000000005,38.98,28.627608695652178,10.0,13.564876712328768,15.0,45.53106636777028,61.0,19039,2022,19039,RIÓS,Ourense,41.98036,-7.285618,839.0
365,17.0,8.0,4.0,34.39960000000003,38.73,26.45489130434783,2.0,13.02427397260274,34.0,43.69896604951578,39.0,19039,2023,19039,RIÓS,Ourense,41.98036,-7.285618,839.0
366,27.0,13.0,5.0,35.20750000000001,36.31,27.190108695652178,2.0,12.948784153005464,20.0,45.21908981535666,54.0,19039,2024,19039,RIÓS,Ourense,41.98036,-7.285618,839.0
365,46.0,32.0,11.0,36.094,36.72,28.848369565217393,7.0,13.077630136986299,19.0,43.79262159059952,61.0,19039,2025,19039,RIÓS,Ourense,41.98036,-7.285618,839.0
365,23.0,8.0,0.0,33.046400000000006,34.42,26.6025,0.0,11.614972602739726,49.0,39.32020158621289,33.0,19040,2010,19040,VILARDEVÓS,Ourense,41.898197,-7.188015,778.0
365,13.0,6.0,0.0,32.406400000000005,33.69,24.828152173913043,1.0,12.56591780821918,27.0,37.50948691847301,18.0,19040,2011,19040,VILARDEVÓS,Ourense,41.898197,-7.188015,778.0
366,26.0,11.0,0.0,33.485500000000016,34.26,25.10706521739131,1.0,12.040409836065574,35.0,39.250493038933925,22.0,19040,2012,19040,VILARDEVÓS,Ourense,41.898197,-7.188015,778.0
365,28.0,14.0,2.0,34.4356,35.36,27.034999999999997,4.0,12.284479452054795,29.0,41.66533927153282,39.0,19040,2013,19040,VILARDEVÓS,Ourense,41.898197,-7.188015,778.0
365,10.0,4.0,0.0,31.807600000000004,34.08,24.9225,0.0,12.719095890410957,9.0,40.7960974832323,22.0,19040,2014,19040,VILARDEVÓS,Ourense,41.898197,-7.188015,778.0
365,21.0,12.0,1.0,33.47160000000001,35.11,27.169021739130432,0.0,12.85731506849315,20.0,41.7994827324367,40.0,19040,2015,19040,VILARDEVÓS,Ourense,41.898197,-7.188015,778.0
366,37.0,21.0,2.0,34.383500000000005,36.29,27.471086956521745,2.0,12.60349412568306,15.0,42.52574038524234,51.0,19040,2016,19040,VILARDEVÓS,Ourense,41.898197,-7.188015,778.0
365,28.0,17.0,2.0,34.385200000000005,35.67,27.53478260869565,3.0,13.64517808219178,26.0,42.005155318484455,48.0,19040,2017,19040,VILARDEVÓS,Ourense,41.898197,-7.188015,778.0
365,19.0,8.0,2.0,34.08440000000001,36.93,25.61108695652174,4.0,12.459534246575343,22.0,42.53708189078425,44.0,19040,2018,19040,VILARDEVÓS,Ourense,41.898197,-7.188015,778.0
365,13.0,2.0,0.0,31.7388,34.21,24.95434782608696,0.0,12.527780821917807,17.0,40.31799193532495,38.0,19040,2019,19040,VILARDEVÓS,Ourense,41.898197,-7.188015,778.0
366,43.0,23.0,2.0,33.731500000000004,35.44,26.874673913043477,2.0,13.242950819672132,13.0,43.25890066298471,50.0,19040,2020,19040,VILARDEVÓS,Ourense,41.898197,-7.188015,778.0
365,20.0,6.0,1.0,33.21960000000001,35.25,26.001630434782605,1.0,12.687890410958904,23.0,42.47865098227829,42.0,19040,2021,19040,VILARDEVÓS,Ourense,41.898197,-7.188015,778.0
365,55.0,39.0,12.0,37.6472,38.66,29.273260869565217,11.0,14.029205479452054,15.0,45.73532517069162,66.0,19040,2022,19040,VILARDEVÓS,Ourense,41.898197,-7.188015,778.0
365,19.0,8.0,4.0,35.02600000000001,38.42,26.799782608695658,2.0,13.383520547945205,29.0,44.54645771370561,49.0,19040,2023,19040,VILARDEVÓS,Ourense,41.898197,-7.188015,778.0
366,34.0,16.0,4.0,34.731500000000025,37.47,27.64608695652174,3.0,13.352773224043716,10.0,45.5731245811694,57.0,19040,2024,19040,VILARDEVÓS,Ourense,41.898197,-7.188015,778.0
365,47.0,31.0,11.0,36.369600000000005,37.12,29.20391304347826,8.0,13.53445205479452,15.0,46.00839508002219,70.0,19040,2025,19040,VILARDEVÓS,Ourense,41.898197,-7.188015,778.0
365,7.0,0.0,0.0,30.856400000000004,31.49,24.539130434782606,0.0,10.097424657534248,72.0,36.04880634251969,9.0,19041,2010,19041,A MEZQUITA,Ourense,42.01746,-7.048907,1025.0
365,11.0,4.0,0.0,31.846000000000007,33.05,23.832391304347826,0.0,11.495794520547946,42.0,,,19041,2011,19041,A MEZQUITA,Ourense,42.01746,-7.048907,1025.0
366,14.0,4.0,0.0,31.982000000000003,33.6,23.612500000000004,0.0,10.500232240437159,66.0,,,19041,2012,19041,A MEZQUITA,Ourense,42.01746,-7.048907,1025.0
365,20.0,5.0,0.0,32.8736,34.32,25.514673913043477,0.0,10.414712328767123,75.0,39.11050621886652,18.0,19041,2013,19041,A MEZQUITA,Ourense,42.01746,-7.048907,1025.0
365,5.0,0.0,0.0,30.495600000000003,31.82,23.178260869565214,0.0,10.776931506849316,53.0,36.97473347909882,11.0,19041,2014,19041,A MEZQUITA,Ourense,42.01746,-7.048907,1025.0
365,15.0,4.0,0.0,32.23280000000002,34.37,25.874456521739134,0.0,11.454794520547946,46.0,39.768706623071054,22.0,19041,2015,19041,A MEZQUITA,Ourense,42.01746,-7.048907,1025.0
366,27.0,11.0,0.0,33.10900000000001,34.77,26.044999999999998,0.0,11.088428961748635,61.0,39.67698890406323,36.0,19041,2016,19041,A MEZQUITA,Ourense,42.01746,-7.048907,1025.0
365,21.0,7.0,0.0,33.0536,34.59,26.316630434782613,1.0,12.241890410958902,52.0,39.34098895700908,28.0,19041,2017,19041,A MEZQUITA,Ourense,42.01746,-7.048907,1025.0
365,9.0,5.0,0.0,32.65720000000001,34.36,24.30358695652174,1.0,10.88086301369863,69.0,38.87614951834501,20.0,19041,2018,19041,A MEZQUITA,Ourense,42.01746,-7.048907,1025.0
365,2.0,1.0,0.0,29.372400000000003,32.31,23.30054347826087,0.0,10.90658904109589,47.0,37.681169119811486,13.0,19041,2019,19041,A MEZQUITA,Ourense,42.01746,-7.048907,1025.0
366,18.0,3.0,0.0,31.663500000000006,33.21,24.389130434782604,0.0,11.32054644808743,36.0,38.511285337460805,22.0,19041,2020,19041,A MEZQUITA,Ourense,42.01746,-7.048907,1025.0
365,5.0,2.0,0.0,30.320800000000002,32.78,23.69282608695652,0.0,10.715794520547945,52.0,35.91423889028317,9.0,19041,2021,19041,A MEZQUITA,Ourense,42.01746,-7.048907,1025.0
365,40.0,22.0,6.0,35.36480000000001,37.08,27.367608695652176,7.0,12.104520547945205,47.0,40.58228771640539,43.0,19041,2022,19041,A MEZQUITA,Ourense,42.01746,-7.048907,1025.0
365,8.0,4.0,2.0,32.19880000000002,36.21,24.80836956521739,2.0,11.497150684931505,52.0,39.00863762616216,15.0,19041,2023,19041,A MEZQUITA,Ourense,42.01746,-7.048907,1025.0
366,11.0,6.0,0.0,32.5835,34.62,25.363913043478266,1.0,11.411051912568306,53.0,39.70155432016379,28.0,19041,2024,19041,A MEZQUITA,Ourense,42.01746,-7.048907,1025.0
365,30.0,18.0,0.0,34.012,34.66,27.098369565217393,2.0,11.844301369863015,36.0,39.33649247843469,32.0,19041,2025,19041,A MEZQUITA,Ourense,42.01746,-7.048907,1025.0
365,8.0,1.0,0.0,30.596400000000003,33.26,23.601739130434783,0.0,8.614027397260275,102.0,39.88809379373439,30.0,19042,2010,19042,CALVOS DE RANDÍN,Ourense,41.961655,-7.895386,890.0
365,12.0,5.0,0.0,32.366400000000006,33.78,23.566630434782613,0.0,9.95509589041096,102.0,40.84377961898637,36.0,19042,2011,19042,CALVOS DE RANDÍN,Ourense,41.961655,-7.895386,890.0
366,14.0,4.0,0.0,31.925500000000014,34.04,22.516847826086952,0.0,9.223073770491803,120.0,42.755882196395916,31.0,19042,2012,19042,CALVOS DE RANDÍN,Ourense,41.961655,-7.895386,890.0
365,22.0,12.0,3.0,34.06880000000002,35.46,25.238260869565213,0.0,9.613397260273972,91.0,45.23253112995215,42.0,19042,2013,19042,CALVOS DE RANDÍN,Ourense,41.961655,-7.895386,890.0
365,5.0,2.0,0.0,30.7076,33.12,22.837282608695656,0.0,9.933109589041095,63.0,41.42134346367872,19.0,19042,2014,19042,CALVOS DE RANDÍN,Ourense,41.961655,-7.895386,890.0
365,14.0,4.0,0.0,31.846800000000005,33.35,25.226630434782603,0.0,10.178780821917808,102.0,42.63914339245047,36.0,19042,2015,19042,CALVOS DE RANDÍN,Ourense,41.961655,-7.895386,890.0
366,22.0,14.0,0.0,33.38400000000001,34.55,25.37054347826087,0.0,9.845382513661201,102.0,44.863066454511426,47.0,19042,2016,19042,CALVOS DE RANDÍN,Ourense,41.961655,-7.895386,890.0
365,18.0,8.0,0.0,32.7752,34.66,25.085869565217397,0.0,10.110465753424657,129.0,43.40958352547082,43.0,19042,2017,19042,CALVOS DE RANDÍN,Ourense,41.961655,-7.895386,890.0
365,14.0,6.0,4.0,33.64000000000003,36.02,23.69054347826087,0.0,9.857068493150685,82.0,47.15903229489733,52.0,19042,2018,19042,CALVOS DE RANDÍN,Ourense,41.961655,-7.895386,890.0
365,6.0,2.0,0.0,30.614800000000013,33.19,23.12271739130435,0.0,9.614205479452055,106.0,40.123124466450186,42.0,19042,2019,19042,CALVOS DE RANDÍN,Ourense,41.961655,-7.895386,890.0
366,25.0,4.0,0.0,32.105500000000006,34.46,24.5920652173913,0.0,10.238142076502731,89.0,43.93550691891766,54.0,19042,2020,19042,CALVOS DE RANDÍN,Ourense,41.961655,-7.895386,890.0
365,7.0,1.0,0.0,31.0708,32.68,23.251956521739135,0.0,9.593054794520548,104.0,42.55958576335041,30.0,19042,2021,19042,CALVOS DE RANDÍN,Ourense,41.961655,-7.895386,890.0
365,33.0,17.0,5.0,35.8044,37.28,26.580543478260868,0.0,10.847726027397261,93.0,49.84855407482305,71.0,19042,2022,19042,CALVOS DE RANDÍN,Ourense,41.961655,-7.895386,890.0
365,8.0,4.0,3.0,32.21440000000002,37.53,24.272173913043478,0.0,10.61080821917808,90.0,44.74661638916885,47.0,19042,2023,19042,CALVOS DE RANDÍN,Ourense,41.961655,-7.895386,890.0
366,14.0,6.0,1.0,33.099000000000004,36.71,25.145217391304346,0.0,10.935724043715847,63.0,46.76932143501129,46.0,19042,2024,19042,CALVOS DE RANDÍN,Ourense,41.961655,-7.895386,890.0
365,34.0,19.0,2.0,34.6112,35.34,26.77945652173913,0.0,10.678369863013698,82.0,44.63331339203254,47.0,19042,2025,19042,CALVOS DE RANDÍN,Ourense,41.961655,-7.895386,890.0
365,78.0,51.0,14.0,38.2136,41.97,29.83891304347826,0.0,15.751095890410959,11.0,,,19044,2011,19044,A ARNOIA,Ourense,42.23986,-8.130865,120.0
366,65.0,44.0,19.0,37.80700000000001,40.93,28.784999999999993,0.0,14.218975409836066,48.0,56.47939446932869,105.0,19044,2012,19044,A ARNOIA,Ourense,42.23986,-8.130865,120.0
365,80.0,56.0,33.0,40.6604,42.61,31.62413043478261,0.0,14.672794520547948,34.0,62.078519774715375,117.0,19044,2013,19044,A ARNOIA,Ourense,42.23986,-8.130865,120.0
365,66.0,34.0,13.0,37.00280000000001,40.0,29.554673913043477,0.0,15.360123287671232,6.0,55.934460754016065,131.0,19044,2014,19044,A ARNOIA,Ourense,42.23986,-8.130865,120.0
365,86.0,56.0,27.0,38.9676,40.87,31.782826086956522,0.0,15.475027397260275,27.0,57.8024927582872,133.0,19044,2015,19044,A ARNOIA,Ourense,42.23986,-8.130865,120.0
366,92.0,68.0,41.0,40.89800000000002,42.49,32.976630434782614,0.0,15.279071038251367,20.0,62.91472349898164,131.0,19044,2016,19044,A ARNOIA,Ourense,42.23986,-8.130865,120.0
365,110.0,75.0,32.0,40.158,41.91,32.15847826086957,0.0,15.647465753424656,42.0,61.70703836770708,165.0,19044,2017,19044,A ARNOIA,Ourense,42.23986,-8.130865,120.0
365,105.0,78.0,42.0,41.09280000000001,42.71,31.631521739130427,0.0,15.665534246575342,20.0,65.13095887528328,145.0,19044,2018,19044,A ARNOIA,Ourense,42.23986,-8.130865,120.0
365,67.0,47.0,13.0,38.2224,39.54,29.27065217391304,0.0,14.827479452054794,33.0,56.13779704142324,109.0,19044,2019,19044,A ARNOIA,Ourense,42.23986,-8.130865,120.0
366,86.0,66.0,38.0,39.32650000000001,40.75,31.08032608695652,0.0,15.777718579234971,18.0,58.230554758730484,113.0,19044,2020,19044,A ARNOIA,Ourense,42.23986,-8.130865,120.0
365,69.0,42.0,16.0,37.827600000000004,40.7,30.20369565217391,0.0,15.187739726027397,22.0,57.61700659001754,117.0,19044,2021,19044,A ARNOIA,Ourense,42.23986,-8.130865,120.0
365,89.0,70.0,36.0,40.9012,43.7,32.29836956521739,1.0,16.11264383561644,42.0,61.48263762528059,124.0,19044,2022,19044,A ARNOIA,Ourense,42.23986,-8.130865,120.0
365,67.0,42.0,9.0,37.53080000000002,41.24,30.50249999999999,1.0,15.795424657534246,30.0,56.24791515373598,145.0,19044,2023,19044,A ARNOIA,Ourense,42.23986,-8.130865,120.0
366,78.0,58.0,27.0,39.466,41.78,31.86608695652174,1.0,15.935519125683062,10.0,59.05488498331173,118.0,19044,2024,19044,A ARNOIA,Ourense,42.23986,-8.130865,120.0
365,78.0,56.0,41.0,40.1632,41.75,32.76184782608696,0.0,15.494424657534246,19.0,61.95058313116666,130.0,19044,2025,19044,A ARNOIA,Ourense,42.23986,-8.130865,120.0
365,30.0,17.0,3.0,34.7008,35.95,26.952934782608697,3.0,14.3653698630137,41.0,,,19045,2010,19045,PONTEAREAS,Pontevedra,42.180405,-8.524929,41.0
365,41.0,24.0,6.0,35.83880000000002,37.5,26.853369565217395,0.0,14.970958904109589,23.0,50.15647593323452,91.0,19045,2011,19045,PONTEAREAS,Pontevedra,42.180405,-8.524929,41.0
366,31.0,15.0,3.0,33.919500000000006,36.69,25.505108695652172,0.0,13.879071038251366,39.0,47.70080833917215,62.0,19045,2012,19045,PONTEAREAS,Pontevedra,42.180405,-8.524929,41.0
365,49.0,32.0,12.0,37.56640000000001,39.58,28.438152173913046,0.0,14.454753424657534,31.0,53.667830762591954,73.0,19045,2013,19045,PONTEAREAS,Pontevedra,42.180405,-8.524929,41.0
365,26.0,10.0,0.0,33.2916,34.39,26.189565217391305,0.0,14.851041095890414,6.0,46.79024793767344,70.0,19045,2014,19045,PONTEAREAS,Pontevedra,42.180405,-8.524929,41.0
365,37.0,18.0,4.0,34.910000000000004,37.12,27.95163043478261,0.0,14.84582191780822,23.0,48.9004532754421,88.0,19045,2015,19045,PONTEAREAS,Pontevedra,42.180405,-8.524929,41.0
366,49.0,39.0,18.0,37.81800000000001,41.9,29.716195652173916,0.0,14.727609289617487,16.0,55.00912848068737,100.0,19045,2016,19045,PONTEAREAS,Pontevedra,42.180405,-8.524929,41.0
365,47.0,24.0,9.0,36.19440000000001,39.5,28.245326086956517,0.0,14.843520547945205,36.0,53.02824620105222,110.0,19045,2017,19045,PONTEAREAS,Pontevedra,42.180405,-8.524929,41.0
365,56.0,34.0,11.0,38.406400000000005,40.94,27.945326086956523,0.0,14.852095890410958,20.0,59.04229157189658,111.0,19045,2018,19045,PONTEAREAS,Pontevedra,42.180405,-8.524929,41.0
365,36.0,16.0,5.0,35.1604,35.99,26.632499999999997,0.0,14.383575342465754,31.0,50.88762766861976,85.0,19045,2019,19045,PONTEAREAS,Pontevedra,42.180405,-8.524929,41.0
366,57.0,40.0,13.0,37.21150000000001,38.37,28.43934782608696,0.0,15.463483606557375,9.0,53.10796685937752,92.0,19045,2020,19045,PONTEAREAS,Pontevedra,42.180405,-8.524929,41.0
365,29.0,12.0,4.0,34.946000000000026,37.89,27.136086956521744,0.0,14.72821917808219,27.0,51.18423845152002,83.0,19045,2021,19045,PONTEAREAS,Pontevedra,42.180405,-8.524929,41.0
365,59.0,41.0,13.0,38.3556,40.86,29.740108695652165,0.0,15.665904109589041,29.0,56.44068998001266,104.0,19045,2022,19045,PONTEAREAS,Pontevedra,42.180405,-8.524929,41.0
365,37.0,15.0,5.0,35.76840000000002,38.64,28.10978260869565,1.0,15.436246575342464,33.0,53.65499268383871,103.0,19045,2023,19045,PONTEAREAS,Pontevedra,42.180405,-8.524929,41.0
366,45.0,23.0,8.0,36.36650000000001,38.84,28.794347826086955,0.0,15.52393442622951,11.0,55.22534524246652,105.0,19045,2024,19045,PONTEAREAS,Pontevedra,42.180405,-8.524929,41.0
365,62.0,41.0,27.0,37.943200000000004,39.37,30.715652173913046,0.0,15.463726027397259,19.0,57.494282481317285,113.0,19045,2025,19045,PONTEAREAS,Pontevedra,42.180405,-8.524929,41.0
365,16.0,3.0,1.0,31.99,35.78,23.892391304347825,1.0,15.288561643835619,0.0,40.96567608720408,43.0,19046,2011,19046,VILANOVA DE AROUSA,Pontevedra,42.539917,-8.784433,72.0
366,10.0,3.0,1.0,31.807500000000005,35.0,23.06836956521739,0.0,14.23811475409836,3.0,42.24888310615296,26.0,19046,2012,19046,VILANOVA DE AROUSA,Pontevedra,42.539917,-8.784433,72.0
365,20.0,14.0,3.0,34.6472,37.32,25.051739130434786,2.0,14.645890410958904,1.0,47.45134731783251,35.0,19046,2013,19046,VILANOVA DE AROUSA,Pontevedra,42.539917,-8.784433,72.0
365,6.0,1.0,0.0,30.494400000000002,32.26,24.07152173913044,0.0,15.08072602739726,2.0,40.97048286672865,32.0,19046,2014,19046,VILANOVA DE AROUSA,Pontevedra,42.539917,-8.784433,72.0
365,16.0,10.0,0.0,32.8008,34.79,25.27760869565218,0.0,15.23295890410959,1.0,43.76762461831491,37.0,19046,2015,19046,VILANOVA DE AROUSA,Pontevedra,42.539917,-8.784433,72.0
366,21.0,8.0,2.0,33.4405,38.17,26.172173913043476,0.0,15.077322404371586,0.0,43.22441807469771,45.0,19046,2016,19046,VILANOVA DE AROUSA,Pontevedra,42.539917,-8.784433,72.0
365,15.0,9.0,1.0,32.9244,36.31,25.361630434782615,0.0,15.346164383561645,2.0,44.8339689134335,35.0,19046,2017,19046,VILANOVA DE AROUSA,Pontevedra,42.539917,-8.784433,72.0
365,19.0,9.0,4.0,34.88520000000001,37.0,24.85847826086956,2.0,14.748630136986302,1.0,47.17247228740929,48.0,19046,2018,19046,VILANOVA DE AROUSA,Pontevedra,42.539917,-8.784433,72.0
365,8.0,4.0,0.0,32.17960000000001,33.87,23.43336956521739,0.0,14.520986301369863,0.0,42.5352368802972,28.0,19046,2019,19046,VILANOVA DE AROUSA,Pontevedra,42.539917,-8.784433,72.0
366,19.0,6.0,1.0,32.211,35.88,24.890543478260867,1.0,15.289002732240435,0.0,43.05992767211431,47.0,19046,2020,19046,VILANOVA DE AROUSA,Pontevedra,42.539917,-8.784433,72.0
365,6.0,4.0,0.0,31.943200000000008,34.56,23.566521739130433,0.0,14.705657534246576,5.0,43.669220819926984,24.0,19046,2021,19046,VILANOVA DE AROUSA,Pontevedra,42.539917,-8.784433,72.0
365,18.0,10.0,5.0,35.9516,38.83,25.41228260869565,2.0,15.629328767123287,0.0,48.70376953328855,50.0,19046,2022,19046,VILANOVA DE AROUSA,Pontevedra,42.539917,-8.784433,72.0
365,8.0,4.0,1.0,32.077600000000004,37.3,25.06239130434783,0.0,15.637589041095888,1.0,44.3403014998351,40.0,19046,2023,19046,VILANOVA DE AROUSA,Pontevedra,42.539917,-8.784433,72.0
366,17.0,10.0,1.0,33.8815,35.84,25.802282608695652,1.0,15.751775956284153,1.0,46.918690893232274,49.0,19046,2024,19046,VILANOVA DE AROUSA,Pontevedra,42.539917,-8.784433,72.0
365,26.0,15.0,3.0,34.0724,36.6,26.69695652173913,0.0,15.631890410958905,1.0,47.90799822701064,52.0,19046,2025,19046,VILANOVA DE AROUSA,Pontevedra,42.539917,-8.784433,72.0
365,24.0,15.0,3.0,34.61,36.08,26.411630434782612,2.0,14.492616438356166,16.0,45.74573908235208,54.0,19047,2010,19047,O ROSAL,Pontevedra,41.938732,-8.789739,47.0
365,21.0,9.0,2.0,33.28400000000001,36.01,25.34108695652174,1.0,15.601534246575344,2.0,43.70631254075262,64.0,19047,2011,19047,O ROSAL,Pontevedra,41.938732,-8.789739,47.0
366,14.0,5.0,2.0,32.679500000000004,36.08,23.819673913043477,0.0,14.391748633879782,6.0,43.52828973888246,39.0,19047,2012,19047,O ROSAL,Pontevedra,41.938732,-8.789739,47.0
365,36.0,19.0,4.0,35.22560000000001,38.88,26.306413043478262,5.0,14.921356164383562,6.0,48.883155592914555,60.0,19047,2013,19047,O ROSAL,Pontevedra,41.938732,-8.789739,47.0
365,9.0,3.0,0.0,30.723600000000005,32.76,24.61793478260869,0.0,15.23172602739726,3.0,42.204080770947826,56.0,19047,2014,19047,O ROSAL,Pontevedra,41.938732,-8.789739,47.0
365,16.0,8.0,1.0,32.5176,35.47,25.82086956521739,1.0,15.32950684931507,2.0,43.22899054601313,57.0,19047,2015,19047,O ROSAL,Pontevedra,41.938732,-8.789739,47.0
366,32.0,18.0,4.0,34.642000000000046,38.38,27.370978260869567,3.0,15.2402868852459,0.0,47.4675742024323,65.0,19047,2016,19047,O ROSAL,Pontevedra,41.938732,-8.789739,47.0
365,28.0,12.0,3.0,33.939600000000006,38.07,26.57032608695652,0.0,15.542082191780823,10.0,46.64159536802477,67.0,19047,2017,19047,O ROSAL,Pontevedra,41.938732,-8.789739,47.0
365,31.0,17.0,7.0,36.7596,41.52,26.176413043478256,3.0,15.041671232876713,1.0,53.51252087487418,63.0,19047,2018,19047,O ROSAL,Pontevedra,41.938732,-8.789739,47.0
365,22.0,11.0,1.0,33.4724,35.09,24.633804347826093,0.0,14.622082191780821,5.0,46.58383799052865,53.0,19047,2019,19047,O ROSAL,Pontevedra,41.938732,-8.789739,47.0
366,32.0,13.0,4.0,34.91100000000001,37.66,25.855760869565216,3.0,15.46349726775956,2.0,47.130051614488686,61.0,19047,2020,19047,O ROSAL,Pontevedra,41.938732,-8.789739,47.0
365,11.0,7.0,2.0,33.38,36.18,25.073152173913044,0.0,14.914602739726027,10.0,45.610050823726624,53.0,19047,2021,19047,O ROSAL,Pontevedra,41.938732,-8.789739,47.0
365,31.0,18.0,6.0,36.4812,39.58,26.527282608695653,3.0,15.745589041095888,2.0,50.210647555863964,61.0,19047,2022,19047,O ROSAL,Pontevedra,41.938732,-8.789739,47.0
365,23.0,9.0,2.0,33.7612,36.99,26.57076086956522,2.0,15.842479452054798,5.0,48.80829324731839,77.0,19047,2023,19047,O ROSAL,Pontevedra,41.938732,-8.789739,47.0
366,35.0,14.0,7.0,35.7215,36.34,27.133043478260866,0.0,15.946653005464482,0.0,50.429976416097375,74.0,19047,2024,19047,O ROSAL,Pontevedra,41.938732,-8.789739,47.0
365,32.0,21.0,5.0,35.251599999999996,37.8,27.628804347826087,3.0,15.62882191780822,0.0,51.365945142409814,82.0,19047,2025,19047,O ROSAL,Pontevedra,41.938732,-8.789739,47.0
365,41.0,22.0,4.0,35.16920000000001,36.38,27.82826086956521,0.0,14.01635616438356,22.0,,,19048,2010,19048,ARBO,Pontevedra,42.134094,-8.263586,187.0
365,45.0,25.0,6.0,35.6916,37.51,26.856086956521736,0.0,15.237260273972602,8.0,,,19048,2011,19048,ARBO,Pontevedra,42.134094,-8.263586,187.0
366,41.0,25.0,6.0,35.807,38.57,26.350760869565217,0.0,14.475286885245902,14.0,49.291804294937435,70.0,19048,2012,19048,ARBO,Pontevedra,42.134094,-8.263586,187.0
365,61.0,43.0,23.0,39.31520000000002,41.44,29.858043478260864,3.0,14.929356164383561,14.0,55.52921772626415,96.0,19048,2013,19048,ARBO,Pontevedra,42.134094,-8.263586,187.0
365,36.0,19.0,5.0,35.5452,36.58,27.422717391304346,0.0,15.404602739726025,3.0,50.27859506458957,100.0,19048,2014,19048,ARBO,Pontevedra,42.134094,-8.263586,187.0
365,50.0,28.0,12.0,37.4512,39.12,29.19119565217392,0.0,15.591753424657533,8.0,51.42441654659079,93.0,19048,2015,19048,ARBO,Pontevedra,42.134094,-8.263586,187.0
366,76.0,55.0,33.0,40.05350000000001,42.31,31.742282608695653,0.0,15.572759562841531,1.0,56.10076926056244,109.0,19048,2016,19048,ARBO,Pontevedra,42.134094,-8.263586,187.0
365,69.0,42.0,16.0,37.97160000000001,39.09,29.879782608695653,0.0,15.883260273972601,14.0,52.481966387732015,120.0,19048,2017,19048,ARBO,Pontevedra,42.134094,-8.263586,187.0
365,80.0,57.0,26.0,41.447600000000016,43.66,29.6920652173913,4.0,15.79808219178082,4.0,60.53663866234014,117.0,19048,2018,19048,ARBO,Pontevedra,42.134094,-8.263586,187.0
365,41.0,24.0,6.0,35.952000000000005,37.07,26.953043478260874,0.0,14.94549315068493,8.0,48.65667388748368,72.0,19048,2019,19048,ARBO,Pontevedra,42.134094,-8.263586,187.0
366,62.0,44.0,15.0,37.32400000000002,38.94,28.531630434782617,0.0,15.856243169398908,3.0,51.128438411370006,87.0,19048,2020,19048,ARBO,Pontevedra,42.134094,-8.263586,187.0
365,31.0,15.0,3.0,34.410000000000004,37.97,26.94532608695652,0.0,14.96954794520548,8.0,49.36386723327475,74.0,19048,2021,19048,ARBO,Pontevedra,42.134094,-8.263586,187.0
365,61.0,47.0,16.0,39.3236,40.73,29.675434782608693,7.0,15.984821917808222,8.0,54.26294411038593,89.0,19048,2022,19048,ARBO,Pontevedra,42.134094,-8.263586,187.0
365,33.0,20.0,5.0,36.18720000000002,38.96,28.01663043478261,2.0,15.708,13.0,50.808984415387506,97.0,19048,2023,19048,ARBO,Pontevedra,42.134094,-8.263586,187.0
366,46.0,29.0,11.0,38.065000000000005,39.08,29.00521739130435,4.0,15.806311475409835,1.0,54.31787512008065,90.0,19048,2024,19048,ARBO,Pontevedra,42.134094,-8.263586,187.0
365,59.0,44.0,22.0,37.1532,39.5,30.25673913043478,5.0,15.795068493150687,7.0,53.42136502679421,95.0,19048,2025,19048,ARBO,Pontevedra,42.134094,-8.263586,187.0
365,24.0,8.0,2.0,33.60800000000001,35.47,25.729239130434774,0.0,13.376890410958906,31.0,,,19050,2010,19050,VILA DE CRUCES,Pontevedra,42.77911,-8.318691,211.0
365,17.0,5.0,1.0,32.33520000000001,35.89,24.43456521739131,0.0,14.731205479452056,0.0,,,19050,2011,19050,VILA DE CRUCES,Pontevedra,42.77911,-8.318691,211.0
366,16.0,9.0,1.0,33.692,35.94,23.557826086956517,0.0,13.088756830601094,34.0,45.750575108777845,41.0,19050,2012,19050,VILA DE CRUCES,Pontevedra,42.77911,-8.318691,211.0
365,28.0,22.0,4.0,35.13200000000001,37.95,26.054782608695653,0.0,13.62505479452055,20.0,49.68694686807285,49.0,19050,2013,19050,VILA DE CRUCES,Pontevedra,42.77911,-8.318691,211.0
365,10.0,5.0,1.0,32.3684,35.4,24.399456521739136,0.0,14.119041095890411,8.0,45.151555831372626,44.0,19050,2014,19050,VILA DE CRUCES,Pontevedra,42.77911,-8.318691,211.0
365,18.0,8.0,3.0,33.428,36.65,26.153913043478266,0.0,14.209712328767123,17.0,47.596922022642914,52.0,19050,2015,19050,VILA DE CRUCES,Pontevedra,42.77911,-8.318691,211.0
366,30.0,17.0,6.0,36.22100000000001,39.7,27.006086956521738,0.0,13.993852459016393,16.0,51.94410804100569,68.0,19050,2016,19050,VILA DE CRUCES,Pontevedra,42.77911,-8.318691,211.0
365,25.0,13.0,5.0,35.4544,36.89,26.468478260869563,0.0,14.524520547945208,27.0,50.024903215587535,79.0,19050,2017,19050,VILA DE CRUCES,Pontevedra,42.77911,-8.318691,211.0
365,32.0,16.0,7.0,35.6404,39.19,25.73315217391304,1.0,14.265260273972602,12.0,52.60097873784313,66.0,19050,2018,19050,VILA DE CRUCES,Pontevedra,42.77911,-8.318691,211.0
365,23.0,8.0,1.0,33.7368,35.22,25.028913043478266,0.0,14.076205479452057,10.0,45.91520519381189,56.0,19050,2019,19050,VILA DE CRUCES,Pontevedra,42.77911,-8.318691,211.0
366,34.0,17.0,6.0,35.32600000000001,36.77,25.99989130434782,0.0,14.933060109289617,10.0,49.22741714002775,66.0,19050,2020,19050,VILA DE CRUCES,Pontevedra,42.77911,-8.318691,211.0
365,15.0,4.0,1.0,32.013600000000004,35.54,24.691413043478256,0.0,14.135753424657535,16.0,45.93205355436178,45.0,19050,2021,19050,VILA DE CRUCES,Pontevedra,42.77911,-8.318691,211.0
365,35.0,18.0,8.0,36.49560000000001,40.22,27.236304347826085,2.0,15.242698630136987,18.0,53.210045940580514,79.0,19050,2022,19050,VILA DE CRUCES,Pontevedra,42.77911,-8.318691,211.0
365,16.0,9.0,3.0,33.2556,38.06,26.25695652173913,1.0,15.139424657534247,16.0,49.98978622160577,82.0,19050,2023,19050,VILA DE CRUCES,Pontevedra,42.77911,-8.318691,211.0
366,21.0,10.0,4.0,34.15350000000004,36.86,26.496521739130436,0.0,15.095232240437158,6.0,49.728749216774496,67.0,19050,2024,19050,VILA DE CRUCES,Pontevedra,42.77911,-8.318691,211.0
365,40.0,27.0,9.0,36.53480000000001,37.34,28.26869565217391,0.0,15.162013698630137,12.0,55.52341955006278,85.0,19050,2025,19050,VILA DE CRUCES,Pontevedra,42.77911,-8.318691,211.0
365,41.0,22.0,7.0,35.248400000000004,38.74,27.499347826086957,3.0,14.657465753424658,25.0,,,19054,2010,19054,SALCEDA DE CASELAS,Pontevedra,42.069332,-8.562408,92.0
365,45.0,26.0,7.0,35.869600000000005,38.15,26.94336956521739,1.0,15.781712328767126,5.0,47.899457940018465,93.0,19054,2011,19054,SALCEDA DE CASELAS,Pontevedra,42.069332,-8.562408,92.0
366,31.0,17.0,4.0,34.337000000000025,37.76,25.609130434782614,0.0,14.501898907103824,12.0,48.66832510104509,69.0,19054,2012,19054,SALCEDA DE CASELAS,Pontevedra,42.069332,-8.562408,92.0
365,51.0,37.0,14.0,38.70280000000002,39.96,28.613152173913043,4.0,15.013082191780821,13.0,53.46085824645833,80.0,19054,2013,19054,SALCEDA DE CASELAS,Pontevedra,42.069332,-8.562408,92.0
365,31.0,16.0,1.0,33.9808,35.14,26.8104347826087,0.0,15.386753424657536,3.0,47.62516238218178,90.0,19054,2014,19054,SALCEDA DE CASELAS,Pontevedra,42.069332,-8.562408,92.0
365,38.0,22.0,7.0,36.01080000000002,37.11,28.210543478260867,1.0,15.5846301369863,9.0,48.32079780887074,89.0,19054,2015,19054,SALCEDA DE CASELAS,Pontevedra,42.069332,-8.562408,92.0
366,50.0,38.0,20.0,37.804,41.28,29.741956521739134,2.0,15.371284153005464,5.0,52.903010135092956,94.0,19054,2016,19054,SALCEDA DE CASELAS,Pontevedra,42.069332,-8.562408,92.0
365,51.0,28.0,12.0,37.1416,39.34,28.701086956521735,0.0,15.714205479452053,18.0,52.908105830554234,112.0,19054,2017,19054,SALCEDA DE CASELAS,Pontevedra,42.069332,-8.562408,92.0
365,57.0,32.0,12.0,38.81160000000001,42.36,27.915434782608703,5.0,15.44127397260274,4.0,54.78351834266761,103.0,19054,2018,19054,SALCEDA DE CASELAS,Pontevedra,42.069332,-8.562408,92.0
365,34.0,19.0,4.0,34.92680000000001,36.12,26.54141304347825,0.0,15.022780821917808,6.0,47.671182802998544,78.0,19054,2019,19054,SALCEDA DE CASELAS,Pontevedra,42.069332,-8.562408,92.0
366,52.0,35.0,14.0,37.392,39.47,27.984021739130437,3.0,15.92912568306011,2.0,50.91846128749088,84.0,19054,2020,19054,SALCEDA DE CASELAS,Pontevedra,42.069332,-8.562408,92.0
365,28.0,12.0,5.0,35.95600000000001,37.91,26.802608695652175,0.0,15.279164383561643,14.0,49.911845223693696,78.0,19054,2021,19054,SALCEDA DE CASELAS,Pontevedra,42.069332,-8.562408,92.0
365,54.0,38.0,14.0,38.622,41.28,29.27086956521739,5.0,16.38830136986301,3.0,52.65875271744931,102.0,19054,2022,19054,SALCEDA DE CASELAS,Pontevedra,42.069332,-8.562408,92.0
365,40.0,17.0,5.0,36.124800000000015,38.7,27.84402173913043,3.0,16.18686301369863,6.0,51.291930483373015,111.0,19054,2023,19054,SALCEDA DE CASELAS,Pontevedra,42.069332,-8.562408,92.0
366,45.0,24.0,9.0,37.52250000000001,39.91,28.80836956521739,7.0,16.29374316939891,0.0,55.65516024057508,96.0,19054,2024,19054,SALCEDA DE CASELAS,Pontevedra,42.069332,-8.562408,92.0
365,53.0,41.0,21.0,37.7248,38.97,30.00989130434783,3.0,16.200547945205482,3.0,54.62819494784497,106.0,19054,2025,19054,SALCEDA DE CASELAS,Pontevedra,42.069332,-8.562408,92.0
365,23.0,9.0,1.0,32.696000000000005,36.37,24.30239130434783,0.0,15.466465753424655,1.0,,,19056,2011,19056,MEIS,Pontevedra,42.53713,-8.716114,52.0
366,16.0,6.0,1.0,32.536500000000004,36.21,23.453913043478263,0.0,14.224439890710384,7.0,43.83468935626523,31.0,19056,2012,19056,MEIS,Pontevedra,42.53713,-8.716114,52.0
365,25.0,17.0,6.0,35.42880000000001,38.13,25.54891304347826,1.0,14.682917808219178,5.0,48.75056897652361,45.0,19056,2013,19056,MEIS,Pontevedra,42.53713,-8.716114,52.0
365,8.0,1.0,0.0,30.337600000000005,32.14,24.16728260869565,0.0,15.080589041095893,2.0,40.53107922452096,35.0,19056,2014,19056,MEIS,Pontevedra,42.53713,-8.716114,52.0
365,17.0,10.0,2.0,33.4872,35.45,25.634347826086962,0.0,15.300767123287674,2.0,43.912255464391436,38.0,19056,2015,19056,MEIS,Pontevedra,42.53713,-8.716114,52.0
366,31.0,16.0,4.0,34.80550000000003,40.07,27.226956521739137,0.0,15.251967213114753,1.0,45.610913575403075,54.0,19056,2016,19056,MEIS,Pontevedra,42.53713,-8.716114,52.0
365,26.0,15.0,1.0,33.952400000000004,38.11,26.195760869565216,0.0,15.62358904109589,5.0,45.51922584360114,47.0,19056,2017,19056,MEIS,Pontevedra,42.53713,-8.716114,52.0
365,33.0,15.0,7.0,36.388400000000004,39.31,25.960326086956524,3.0,15.314136986301369,1.0,48.733947886665966,59.0,19056,2018,19056,MEIS,Pontevedra,42.53713,-8.716114,52.0
365,20.0,8.0,1.0,33.87800000000001,35.55,24.482934782608694,0.0,15.021890410958903,4.0,45.941477542354185,39.0,19056,2019,19056,MEIS,Pontevedra,42.53713,-8.716114,52.0
366,32.0,15.0,3.0,33.851000000000006,37.56,25.954565217391306,0.0,15.830054644808746,0.0,47.706963677602694,69.0,19056,2020,19056,MEIS,Pontevedra,42.53713,-8.716114,52.0
365,13.0,6.0,2.0,33.0568,36.29,24.7620652173913,0.0,15.255931506849315,6.0,47.696733079929814,54.0,19056,2021,19056,MEIS,Pontevedra,42.53713,-8.716114,52.0
365,24.0,17.0,7.0,37.17560000000001,39.94,26.66554347826087,2.0,16.205465753424658,0.0,55.07136691050042,81.0,19056,2022,19056,MEIS,Pontevedra,42.53713,-8.716114,52.0
365,18.0,8.0,1.0,32.720400000000005,38.69,26.273369565217386,2.0,16.203904109589043,1.0,48.7578489268989,78.0,19056,2023,19056,MEIS,Pontevedra,42.53713,-8.716114,52.0
366,23.0,12.0,2.0,34.23550000000002,36.88,26.479891304347824,2.0,16.175450819672132,1.0,50.63944811905801,72.0,19056,2024,19056,MEIS,Pontevedra,42.53713,-8.716114,52.0
365,32.0,19.0,5.0,35.1332,37.21,27.40108695652174,0.0,16.062287671232877,0.0,52.15038886749289,80.0,19056,2025,19056,MEIS,Pontevedra,42.53713,-8.716114,52.0
365,44.0,24.0,6.0,35.88560000000001,37.55,26.896195652173912,1.0,15.78921917808219,4.0,,,19057,2011,19057,SALVATERRA DE MIÑO,Pontevedra,42.11854,-8.442646,150.0
366,36.0,16.0,4.0,34.48550000000002,36.39,25.71413043478261,0.0,14.687704918032784,8.0,47.01566501094052,63.0,19057,2012,19057,SALVATERRA DE MIÑO,Pontevedra,42.11854,-8.442646,150.0
365,55.0,39.0,14.0,38.335600000000014,39.71,28.871195652173913,3.0,15.047712328767123,12.0,51.60821254107753,79.0,19057,2013,19057,SALVATERRA DE MIÑO,Pontevedra,42.11854,-8.442646,150.0
365,27.0,12.0,1.0,33.32320000000001,35.14,26.336630434782613,0.0,15.28367123287671,2.0,46.389066956577466,67.0,19057,2014,19057,SALVATERRA DE MIÑO,Pontevedra,42.11854,-8.442646,150.0
365,41.0,23.0,8.0,35.632400000000004,37.41,28.51391304347826,0.0,15.614260273972603,4.0,47.4798648995917,75.0,19057,2015,19057,SALVATERRA DE MIÑO,Pontevedra,42.11854,-8.442646,150.0
366,58.0,39.0,21.0,37.846000000000004,40.63,30.072391304347825,0.0,15.482950819672132,5.0,50.393824846117546,90.0,19057,2016,19057,SALVATERRA DE MIÑO,Pontevedra,42.11854,-8.442646,150.0
365,51.0,25.0,11.0,35.9688,38.8,28.644782608695643,1.0,15.901246575342466,16.0,48.94082520102127,95.0,19057,2017,19057,SALVATERRA DE MIÑO,Pontevedra,42.11854,-8.442646,150.0
365,54.0,34.0,11.0,37.73880000000002,40.2,27.85152173913043,4.0,15.565301369863011,2.0,51.81979174697429,91.0,19057,2018,19057,SALVATERRA DE MIÑO,Pontevedra,42.11854,-8.442646,150.0
365,48.0,22.0,7.0,36.136,36.97,27.45782608695652,0.0,15.373191780821918,7.0,48.91320352893245,74.0,19057,2019,19057,SALVATERRA DE MIÑO,Pontevedra,42.11854,-8.442646,150.0
366,68.0,53.0,22.0,37.6405,39.71,29.548043478260876,0.0,16.302322404371584,4.0,52.288990077572485,89.0,19057,2020,19057,SALVATERRA DE MIÑO,Pontevedra,42.11854,-8.442646,150.0
365,33.0,15.0,5.0,35.65960000000001,37.54,27.58445652173913,0.0,15.541232876712327,13.0,51.83405737644687,88.0,19057,2021,19057,SALVATERRA DE MIÑO,Pontevedra,42.11854,-8.442646,150.0
365,68.0,43.0,20.0,39.0704,41.11,30.360652173913042,4.0,16.568794520547943,3.0,55.16548036654319,110.0,19057,2022,19057,SALVATERRA DE MIÑO,Pontevedra,42.11854,-8.442646,150.0
365,40.0,20.0,4.0,35.81280000000003,38.51,28.480978260869566,2.0,16.3113698630137,6.0,52.31959790590076,114.0,19057,2023,19057,SALVATERRA DE MIÑO,Pontevedra,42.11854,-8.442646,150.0
366,56.0,29.0,9.0,37.034500000000016,39.32,29.3970652173913,3.0,16.383565573770493,1.0,54.61628304521518,99.0,19057,2024,19057,SALVATERRA DE MIÑO,Pontevedra,42.11854,-8.442646,150.0
365,69.0,51.0,30.0,38.552400000000006,40.28,31.591086956521735,4.0,16.520041095890413,3.0,56.42333286408151,118.0,19057,2025,19057,SALVATERRA DE MIÑO,Pontevedra,42.11854,-8.442646,150.0
306,11.0,5.0,0.0,32.238,34.62,23.37510869565217,0.0,14.711715686274509,4.0,45.5342561292662,37.0,19066,2012,19066,RIBADUMIA,Pontevedra,42.497288,-8.763514,27.0
365,20.0,15.0,3.0,34.634800000000006,37.74,25.25576086956522,1.0,14.199219178082192,19.0,49.24370447914652,47.0,19066,2013,19066,RIBADUMIA,Pontevedra,42.497288,-8.763514,27.0
365,7.0,0.0,0.0,30.59040000000001,31.81,24.390543478260874,0.0,14.617109589041096,4.0,42.64226882648544,56.0,19066,2014,19066,RIBADUMIA,Pontevedra,42.497288,-8.763514,27.0
365,16.0,10.0,0.0,32.8804,33.8,25.39326086956521,0.0,14.644616438356165,10.0,44.94497679328095,44.0,19066,2015,19066,RIBADUMIA,Pontevedra,42.497288,-8.763514,27.0
366,22.0,7.0,2.0,33.25800000000001,38.73,26.456521739130434,0.0,14.453360655737706,7.0,45.86528509734809,55.0,19066,2016,19066,RIBADUMIA,Pontevedra,42.497288,-8.763514,27.0
365,21.0,9.0,1.0,32.852000000000004,36.97,25.60260869565218,0.0,14.70754794520548,25.0,45.54469083279285,43.0,19066,2017,19066,RIBADUMIA,Pontevedra,42.497288,-8.763514,27.0
365,21.0,8.0,3.0,34.653600000000004,37.48,25.288913043478257,3.0,14.777178082191782,10.0,,,19066,2018,19066,RIBADUMIA,Pontevedra,42.497288,-8.763514,27.0
365,11.0,5.0,0.0,32.074400000000004,34.08,23.844891304347822,0.0,14.628465753424656,3.0,,,19066,2019,19066,RIBADUMIA,Pontevedra,42.497288,-8.763514,27.0
366,21.0,6.0,1.0,33.113,36.4,25.0125,0.0,14.98314207650273,4.0,45.44973093887746,56.0,19066,2020,19066,RIBADUMIA,Pontevedra,42.497288,-8.763514,27.0
365,8.0,5.0,0.0,32.38040000000001,34.43,24.066195652173914,0.0,14.400821917808218,9.0,45.49701958167549,38.0,19066,2021,19066,RIBADUMIA,Pontevedra,42.497288,-8.763514,27.0
365,20.0,13.0,5.0,36.5272,39.02,26.03978260869565,1.0,15.415835616438358,7.0,51.1762806264879,63.0,19066,2022,19066,RIBADUMIA,Pontevedra,42.497288,-8.763514,27.0
365,12.0,4.0,1.0,31.844400000000004,37.0,25.64369565217392,1.0,15.325287671232875,12.0,45.73986456086597,56.0,19066,2023,19066,RIBADUMIA,Pontevedra,42.497288,-8.763514,27.0
366,19.0,9.0,1.0,33.194,36.56,25.974782608695644,0.0,15.337978142076503,2.0,47.972736378064,56.0,19066,2024,19066,RIBADUMIA,Pontevedra,42.497288,-8.763514,27.0
365,26.0,16.0,2.0,33.610400000000006,36.48,26.816956521739122,0.0,15.141164383561643,7.0,48.21979883278448,57.0,19066,2025,19066,RIBADUMIA,Pontevedra,42.497288,-8.763514,27.0
365,25.0,18.0,8.0,36.20040000000001,38.61,26.077282608695647,0.0,14.801643835616439,0.0,52.855197019289875,61.0,19068,2013,19068,MEAÑO,Pontevedra,42.436275,-8.774661,97.0
365,16.0,1.0,0.0,31.4608,32.01,24.806739130434785,0.0,15.357753424657535,1.0,44.854946094843406,62.0,19068,2014,19068,MEAÑO,Pontevedra,42.436275,-8.774661,97.0
365,17.0,8.0,0.0,33.1516,34.25,25.45695652173913,0.0,15.133150684931506,0.0,44.60549853191767,45.0,19068,2015,19068,MEAÑO,Pontevedra,42.436275,-8.774661,97.0
366,30.0,14.0,2.0,34.2605,38.74,26.776739130434784,0.0,14.94844262295082,0.0,47.343672881804295,57.0,19068,2016,19068,MEAÑO,Pontevedra,42.436275,-8.774661,97.0
365,24.0,13.0,1.0,33.82440000000001,37.47,26.40532608695652,0.0,15.404616438356163,5.0,46.77649587821186,70.0,19068,2017,19068,MEAÑO,Pontevedra,42.436275,-8.774661,97.0
365,33.0,13.0,7.0,35.96,38.71,26.16695652173913,1.0,14.940589041095892,2.0,51.933161469464885,74.0,19068,2018,19068,MEAÑO,Pontevedra,42.436275,-8.774661,97.0
365,18.0,8.0,2.0,33.3116,35.96,25.16478260869565,0.0,14.852260273972604,0.0,46.38465857248508,57.0,19068,2019,19068,MEAÑO,Pontevedra,42.436275,-8.774661,97.0
366,32.0,15.0,2.0,33.8605,36.41,26.13630434782609,0.0,15.522622950819672,0.0,47.45945221015654,67.0,19068,2020,19068,MEAÑO,Pontevedra,42.436275,-8.774661,97.0
365,8.0,6.0,0.0,32.510400000000004,34.53,24.298913043478265,0.0,14.701383561643834,7.0,46.37781920445285,41.0,19068,2021,19068,MEAÑO,Pontevedra,42.436275,-8.774661,97.0
365,25.0,12.0,5.0,35.268,38.58,26.130217391304342,2.0,15.596054794520546,0.0,49.74594824401575,68.0,19068,2022,19068,MEAÑO,Pontevedra,42.436275,-8.774661,97.0
365,14.0,5.0,1.0,32.40360000000001,36.48,25.662173913043475,0.0,15.569191780821917,3.0,46.041682774438776,54.0,19068,2023,19068,MEAÑO,Pontevedra,42.436275,-8.774661,97.0
366,18.0,9.0,1.0,33.586000000000006,35.25,25.94380434782608,0.0,15.54072404371585,1.0,48.97775668243551,54.0,19068,2024,19068,MEAÑO,Pontevedra,42.436275,-8.774661,97.0
365,27.0,15.0,2.0,33.42,36.33,26.730326086956524,0.0,15.456698630136986,0.0,48.27152017553509,63.0,19068,2025,19068,MEAÑO,Pontevedra,42.436275,-8.774661,97.0
365,22.0,14.0,4.0,34.9656,37.81,24.74032608695652,2.0,14.854027397260275,0.0,48.935112051031346,40.0,19069,2013,19069,O GROVE,Pontevedra,42.45738,-8.876006,9.0
365,5.0,0.0,0.0,30.418800000000008,31.05,23.65869565217392,0.0,15.161260273972601,0.0,39.90009811559147,34.0,19069,2014,19069,O GROVE,Pontevedra,42.45738,-8.876006,9.0
365,11.0,6.0,0.0,32.9808,34.98,24.381630434782604,0.0,15.177369863013698,0.0,43.0193283695871,33.0,19069,2015,19069,O GROVE,Pontevedra,42.45738,-8.876006,9.0
366,21.0,8.0,3.0,33.048500000000026,39.16,25.942173913043476,2.0,15.079836065573774,0.0,45.8035210553722,40.0,19069,2016,19069,O GROVE,Pontevedra,42.45738,-8.876006,9.0
365,14.0,7.0,1.0,33.3612,37.72,24.924130434782608,0.0,15.277561643835615,0.0,44.35178249186054,43.0,19069,2017,19069,O GROVE,Pontevedra,42.45738,-8.876006,9.0
365,17.0,7.0,4.0,34.930400000000006,36.96,24.820217391304347,3.0,14.935712328767123,0.0,47.91988785852481,47.0,19069,2018,19069,O GROVE,Pontevedra,42.45738,-8.876006,9.0
365,9.0,6.0,0.0,32.356,33.69,23.06,0.0,14.707232876712329,0.0,44.66663704326415,32.0,19069,2019,19069,O GROVE,Pontevedra,42.45738,-8.876006,9.0
366,15.0,9.0,2.0,33.17150000000001,36.42,24.569782608695654,0.0,15.429002732240436,0.0,46.00209109921276,49.0,19069,2020,19069,O GROVE,Pontevedra,42.45738,-8.876006,9.0
365,7.0,6.0,1.0,33.006,35.83,23.766739130434786,0.0,14.990232876712327,2.0,46.28403742703594,28.0,19069,2021,19069,O GROVE,Pontevedra,42.45738,-8.876006,9.0
365,22.0,10.0,5.0,35.1268,38.29,25.148478260869563,2.0,15.875013698630134,0.0,48.857197191971764,50.0,19069,2022,19069,O GROVE,Pontevedra,42.45738,-8.876006,9.0
365,8.0,2.0,1.0,30.800000000000004,35.99,25.03108695652174,1.0,15.822890410958905,1.0,43.87888397929837,40.0,19069,2023,19069,O GROVE,Pontevedra,42.45738,-8.876006,9.0
366,16.0,8.0,1.0,33.08450000000002,36.21,25.35065217391304,1.0,15.795765027322405,1.0,46.43629117632611,46.0,19069,2024,19069,O GROVE,Pontevedra,42.45738,-8.876006,9.0
365,19.0,9.0,2.0,33.6732,36.33,25.548478260869565,3.0,15.788356164383561,0.0,46.799119770042125,40.0,19069,2025,19069,O GROVE,Pontevedra,42.45738,-8.876006,9.0
365,20.0,12.0,3.0,33.7652,37.13,24.183586956521737,2.0,13.287232876712329,7.0,47.69761407230152,39.0,19070,2013,19070,MEIS,Pontevedra,42.468124,-8.742008,256.0
365,4.0,0.0,0.0,30.041600000000003,30.97,22.76391304347826,0.0,13.685000000000002,0.0,41.605785540004675,28.0,19070,2014,19070,MEIS,Pontevedra,42.468124,-8.742008,256.0
365,13.0,3.0,0.0,31.656000000000002,33.02,23.827499999999997,0.0,13.794068493150682,5.0,43.10398199457186,34.0,19070,2015,19070,MEIS,Pontevedra,42.468124,-8.742008,256.0
366,21.0,7.0,2.0,32.75900000000001,37.53,25.567065217391306,0.0,13.763183060109291,2.0,44.7290887130917,49.0,19070,2016,19070,MEIS,Pontevedra,42.468124,-8.742008,256.0
365,16.0,4.0,1.0,32.08800000000001,35.88,24.288369565217394,1.0,14.018164383561643,11.0,43.529071045518904,36.0,19070,2017,19070,MEIS,Pontevedra,42.468124,-8.742008,256.0
365,16.0,9.0,2.0,34.112400000000015,37.18,24.133804347826082,1.0,13.452191780821918,3.0,47.448166688362605,43.0,19070,2018,19070,MEIS,Pontevedra,42.468124,-8.742008,256.0
365,8.0,1.0,0.0,31.054400000000008,33.85,22.426847826086956,0.0,12.983684931506849,5.0,42.31659706629712,29.0,19070,2019,19070,MEIS,Pontevedra,42.468124,-8.742008,256.0
366,18.0,3.0,1.0,31.656000000000006,35.04,23.966847826086955,0.0,13.74681693989071,2.0,43.820629572376895,48.0,19070,2020,19070,MEIS,Pontevedra,42.468124,-8.742008,256.0
365,8.0,4.0,0.0,31.475600000000014,33.47,22.76945652173913,0.0,13.154904109589038,15.0,44.5885840257298,23.0,19070,2021,19070,MEIS,Pontevedra,42.468124,-8.742008,256.0
365,18.0,8.0,3.0,34.616,37.59,24.72641304347826,2.0,14.068972602739723,6.0,47.63076508918559,50.0,19070,2022,19070,MEIS,Pontevedra,42.468124,-8.742008,256.0
365,9.0,3.0,1.0,31.570800000000002,36.55,24.062282608695647,0.0,14.040424657534247,15.0,44.187871832168156,39.0,19070,2023,19070,MEIS,Pontevedra,42.468124,-8.742008,256.0
366,12.0,5.0,0.0,32.57600000000001,34.62,24.616195652173907,0.0,14.149754098360654,2.0,46.154933668698824,42.0,19070,2024,19070,MEIS,Pontevedra,42.468124,-8.742008,256.0
365,23.0,11.0,1.0,33.19760000000001,35.01,25.699891304347826,0.0,13.935712328767123,3.0,48.433180893375805,49.0,19070,2025,19070,MEIS,Pontevedra,42.468124,-8.742008,256.0
306,14.0,7.0,0.0,33.181999999999995,34.75,23.98467391304348,0.0,13.381323529411766,20.0,46.57624458882574,40.0,19071,2013,19071,ORDES,A Coruña,43.06872,-8.412142,266.0
365,4.0,2.0,0.0,29.873600000000014,34.72,22.60445652173913,0.0,12.90221917808219,11.0,42.45214502544729,32.0,19071,2014,19071,ORDES,A Coruña,43.06872,-8.412142,266.0
365,3.0,3.0,0.0,29.817600000000002,33.94,24.023043478260874,0.0,13.0506301369863,27.0,42.57643447909177,34.0,19071,2015,19071,ORDES,A Coruña,43.06872,-8.412142,266.0
366,16.0,9.0,3.0,33.85350000000001,38.4,24.76206521739131,0.0,12.8327868852459,28.0,48.231497038984536,45.0,19071,2016,19071,ORDES,A Coruña,43.06872,-8.412142,266.0
365,12.0,8.0,3.0,34.01480000000001,37.09,24.2354347826087,0.0,12.94745205479452,49.0,48.42565577925503,43.0,19071,2017,19071,ORDES,A Coruña,43.06872,-8.412142,266.0
365,15.0,9.0,4.0,35.10200000000001,36.74,23.79304347826087,0.0,12.783383561643834,25.0,51.22301816491644,42.0,19071,2018,19071,ORDES,A Coruña,43.06872,-8.412142,266.0
365,9.0,3.0,0.0,31.498800000000006,33.46,23.171847826086957,0.0,12.667493150684932,33.0,44.2375119103561,36.0,19071,2019,19071,ORDES,A Coruña,43.06872,-8.412142,266.0
366,14.0,7.0,2.0,33.868,35.45,23.641304347826086,0.0,13.565806010928961,23.0,47.984371859205154,40.0,19071,2020,19071,ORDES,A Coruña,43.06872,-8.412142,266.0
365,8.0,3.0,1.0,30.981600000000014,35.77,22.983152173913048,0.0,12.869876712328768,34.0,43.121581075305365,28.0,19071,2021,19071,ORDES,A Coruña,43.06872,-8.412142,266.0
365,23.0,11.0,6.0,36.100800000000014,38.84,25.647608695652167,1.0,13.829575342465754,35.0,51.57587157515624,50.0,19071,2022,19071,ORDES,A Coruña,43.06872,-8.412142,266.0
365,11.0,6.0,3.0,32.491600000000005,36.95,24.859130434782603,0.0,13.934821917808216,34.0,47.769919739585724,44.0,19071,2023,19071,ORDES,A Coruña,43.06872,-8.412142,266.0
366,6.0,2.0,0.0,30.626500000000032,33.08,23.920978260869564,0.0,13.69002732240437,13.0,43.99811063231218,34.0,19071,2024,19071,ORDES,A Coruña,43.06872,-8.412142,266.0
365,21.0,10.0,2.0,33.7916,35.71,25.8195652173913,0.0,13.784849315068492,26.0,48.58018337419383,57.0,19071,2025,19071,ORDES,A Coruña,43.06872,-8.412142,266.0
307,21.0,9.0,4.0,35.09459999999999,35.92,24.545652173913037,7.0,14.26112377850163,5.0,43.17551741376571,34.0,19072,2013,19072,PONTE CALDELAS,Pontevedra,42.39316,-8.506196,350.0
365,2.0,0.0,0.0,29.657600000000002,31.76,22.586521739130436,0.0,13.37246575342466,2.0,38.81478317228252,17.0,19072,2014,19072,PONTE CALDELAS,Pontevedra,42.39316,-8.506196,350.0
365,12.0,3.0,0.0,31.884,33.4,24.27978260869565,1.0,13.784616438356165,0.0,39.0734791374553,25.0,19072,2015,19072,PONTE CALDELAS,Pontevedra,42.39316,-8.506196,350.0
366,27.0,13.0,4.0,34.928000000000004,38.1,26.130760869565215,2.0,13.743961748633879,3.0,43.88612502344897,46.0,19072,2016,19072,PONTE CALDELAS,Pontevedra,42.39316,-8.506196,350.0
365,17.0,10.0,1.0,33.1484,35.85,24.9775,1.0,14.238479452054795,10.0,43.16049119841272,36.0,19072,2017,19072,PONTE CALDELAS,Pontevedra,42.39316,-8.506196,350.0
365,20.0,11.0,3.0,34.8136,38.1,24.276630434782607,7.0,13.743356164383561,3.0,45.98218999845637,38.0,19072,2018,19072,PONTE CALDELAS,Pontevedra,42.39316,-8.506196,350.0
365,7.0,3.0,0.0,31.438000000000006,34.09,22.74717391304348,0.0,13.367876712328766,1.0,39.39080391090302,17.0,19072,2019,19072,PONTE CALDELAS,Pontevedra,42.39316,-8.506196,350.0
366,18.0,8.0,1.0,33.7605,35.21,24.325,3.0,14.120860655737706,3.0,41.89452446230648,43.0,19072,2020,19072,PONTE CALDELAS,Pontevedra,42.39316,-8.506196,350.0
365,8.0,5.0,0.0,32.80240000000001,34.42,23.427500000000006,2.0,13.708808219178083,12.0,42.33139735848567,21.0,19072,2021,19072,PONTE CALDELAS,Pontevedra,42.39316,-8.506196,350.0
365,30.0,12.0,7.0,36.08840000000001,40.02,26.47228260869565,4.0,14.761342465753422,1.0,47.84103895294255,69.0,19072,2022,19072,PONTE CALDELAS,Pontevedra,42.39316,-8.506196,350.0
365,15.0,5.0,2.0,33.42120000000002,37.0,25.27847826086957,0.0,14.546657534246574,5.0,45.18897563824836,50.0,19072,2023,19072,PONTE CALDELAS,Pontevedra,42.39316,-8.506196,350.0
366,16.0,9.0,2.0,33.477000000000004,35.83,25.436956521739127,0.0,14.534535519125681,0.0,47.128639444900166,45.0,19072,2024,19072,PONTE CALDELAS,Pontevedra,42.39316,-8.506196,350.0
365,33.0,23.0,3.0,34.642,35.93,26.831739130434784,3.0,14.403835616438355,6.0,48.688881774355416,56.0,19072,2025,19072,PONTE CALDELAS,Pontevedra,42.39316,-8.506196,350.0
365,48.0,26.0,8.0,36.27760000000001,39.16,28.995326086956517,1.0,14.714657534246577,7.0,50.40017794775941,82.0,19073,2014,19073,VILAMARTÍN DE VALDEORRAS,Ourense,42.420258,-7.02708,408.0
365,77.0,51.0,19.0,37.733599999999996,40.11,31.313260869565216,3.0,14.861178082191781,30.0,50.90187654359351,97.0,19073,2015,19073,VILAMARTÍN DE VALDEORRAS,Ourense,42.420258,-7.02708,408.0
366,69.0,55.0,29.0,39.0915,40.73,31.174456521739128,0.0,14.619071038251366,19.0,52.73220841967855,99.0,19073,2016,19073,VILAMARTÍN DE VALDEORRAS,Ourense,42.420258,-7.02708,408.0
365,84.0,52.0,23.0,39.53760000000001,40.94,31.356847826086955,2.0,15.2762602739726,38.0,51.49804763454283,117.0,19073,2017,19073,VILAMARTÍN DE VALDEORRAS,Ourense,42.420258,-7.02708,408.0
365,75.0,49.0,19.0,39.21600000000001,41.64,29.740108695652165,0.0,14.574301369863013,24.0,54.13272750155285,109.0,19073,2018,19073,VILAMARTÍN DE VALDEORRAS,Ourense,42.420258,-7.02708,408.0
365,68.0,41.0,13.0,36.7192,39.34,29.07630434782609,0.0,14.410027397260274,36.0,49.710970535026455,93.0,19073,2019,19073,VILAMARTÍN DE VALDEORRAS,Ourense,42.420258,-7.02708,408.0
366,75.0,55.0,28.0,38.2325,40.49,30.248043478260865,1.0,15.40629781420765,17.0,53.117010985086885,99.0,19073,2020,19073,VILAMARTÍN DE VALDEORRAS,Ourense,42.420258,-7.02708,408.0
365,53.0,37.0,16.0,36.93240000000001,39.68,29.732065217391302,1.0,14.625109589041099,26.0,49.95169583190665,89.0,19073,2021,19073,VILAMARTÍN DE VALDEORRAS,Ourense,42.420258,-7.02708,408.0
365,91.0,66.0,46.0,42.3772,43.13,32.944456521739134,7.0,15.987013698630138,42.0,55.97243669740487,114.0,19073,2022,19073,VILAMARTÍN DE VALDEORRAS,Ourense,42.420258,-7.02708,408.0
365,66.0,49.0,10.0,38.8376,42.89,30.60663043478261,2.0,15.457780821917808,32.0,51.273573634789614,116.0,19073,2023,19073,VILAMARTÍN DE VALDEORRAS,Ourense,42.420258,-7.02708,408.0
366,63.0,45.0,19.0,38.639,41.21,30.972500000000004,2.0,15.191844262295083,15.0,54.56769522595856,89.0,19073,2024,19073,VILAMARTÍN DE VALDEORRAS,Ourense,42.420258,-7.02708,408.0
365,78.0,59.0,40.0,40.506800000000005,41.27,32.64597826086957,1.0,15.427616438356164,24.0,55.00631200691104,101.0,19073,2025,19073,VILAMARTÍN DE VALDEORRAS,Ourense,42.420258,-7.02708,408.0
365,43.0,23.0,4.0,34.924,38.06,28.737173913043474,1.0,14.31280821917808,20.0,47.92886066373791,80.0,19074,2015,19074,SOBER,Lugo,42.411137,-7.634422,319.0
366,48.0,35.0,8.0,37.0305,40.2,28.94336956521739,0.0,14.031707650273223,8.0,51.78898423095534,81.0,19074,2016,19074,SOBER,Lugo,42.411137,-7.634422,319.0
365,50.0,26.0,14.0,36.890800000000006,39.52,29.1258695652174,1.0,14.538479452054794,27.0,52.995821704942685,108.0,19074,2017,19074,SOBER,Lugo,42.411137,-7.634422,319.0
365,50.0,28.0,10.0,36.66640000000001,39.96,27.876086956521743,1.0,14.254328767123287,14.0,54.59089018498243,98.0,19074,2018,19074,SOBER,Lugo,42.411137,-7.634422,319.0
365,42.0,21.0,4.0,34.99000000000001,36.86,27.058152173913044,0.0,13.918438356164382,17.0,48.95844604346625,82.0,19074,2019,19074,SOBER,Lugo,42.411137,-7.634422,319.0
366,60.0,42.0,15.0,36.71200000000002,39.43,28.822065217391305,0.0,14.932172131147539,11.0,53.065852064703066,96.0,19074,2020,19074,SOBER,Lugo,42.411137,-7.634422,319.0
365,26.0,16.0,1.0,34.381600000000006,36.53,26.99445652173913,0.0,14.122082191780821,15.0,49.369075582933306,79.0,19074,2021,19074,SOBER,Lugo,42.411137,-7.634422,319.0
365,56.0,42.0,18.0,39.0972,40.61,29.7425,0.0,15.295958904109588,27.0,57.84953454812293,98.0,19074,2022,19074,SOBER,Lugo,42.411137,-7.634422,319.0
365,41.0,17.0,5.0,35.1116,40.34,28.48119565217391,0.0,15.012849315068495,29.0,50.90573482293922,104.0,19074,2023,19074,SOBER,Lugo,42.411137,-7.634422,319.0
366,46.0,26.0,8.0,35.80400000000001,38.79,28.996630434782606,0.0,14.898196721311477,6.0,53.62043768642999,86.0,19074,2024,19074,SOBER,Lugo,42.411137,-7.634422,319.0
365,64.0,52.0,26.0,38.5116,39.72,31.07576086956522,0.0,15.174780821917809,16.0,57.57553006938506,104.0,19074,2025,19074,SOBER,Lugo,42.411137,-7.634422,319.0
364,12.0,6.0,1.0,32.4407,35.23,23.80239130434783,0.0,13.085013736263736,17.0,42.38197263599636,27.0,50500,2010,50500,SANTIAGO DE COMPOSTELA,A Coruña,42.88659,-8.521138,305.0
365,7.0,4.0,1.0,31.916000000000015,35.05,22.11858695652174,0.0,13.887356164383561,4.0,40.26164593358948,18.0,50500,2011,50500,SANTIAGO DE COMPOSTELA,A Coruña,42.88659,-8.521138,305.0
366,9.0,6.0,1.0,32.5075,37.43,21.931304347826085,0.0,12.985286885245902,17.0,42.85644563524025,19.0,50500,2012,50500,SANTIAGO DE COMPOSTELA,A Coruña,42.88659,-8.521138,305.0
365,12.0,4.0,2.0,32.66960000000003,36.6,23.35630434782609,0.0,12.843876712328768,10.0,44.196196218017405,32.0,50500,2013,50500,SANTIAGO DE COMPOSTELA,A Coruña,42.88659,-8.521138,305.0
365,5.0,1.0,0.0,30.274000000000008,32.04,21.858260869565218,0.0,13.349424657534247,2.0,40.81467252125179,18.0,50500,2014,50500,SANTIAGO DE COMPOSTELA,A Coruña,42.88659,-8.521138,305.0
365,5.0,3.0,0.0,30.596800000000005,34.78,23.324130434782607,0.0,13.634589041095891,4.0,41.81242448073004,24.0,50500,2015,50500,SANTIAGO DE COMPOSTELA,A Coruña,42.88659,-8.521138,305.0
366,12.0,6.0,1.0,34.237,38.37,24.511956521739126,0.0,13.565423497267759,5.0,45.380009625034326,38.0,50500,2016,50500,SANTIAGO DE COMPOSTELA,A Coruña,42.88659,-8.521138,305.0
365,12.0,6.0,0.0,33.07880000000001,34.22,23.87728260869565,0.0,13.965068493150685,16.0,44.06618941163105,32.0,50500,2017,50500,SANTIAGO DE COMPOSTELA,A Coruña,42.88659,-8.521138,305.0
365,16.0,8.0,2.0,33.75240000000001,37.33,23.475652173913044,1.0,13.56213698630137,7.0,46.9520916923319,43.0,50500,2018,50500,SANTIAGO DE COMPOSTELA,A Coruña,42.88659,-8.521138,305.0
365,8.0,3.0,0.0,31.363200000000006,32.75,22.49847826086956,0.0,13.445739726027396,7.0,40.504443993162056,27.0,50500,2019,50500,SANTIAGO DE COMPOSTELA,A Coruña,42.88659,-8.521138,305.0
366,14.0,8.0,0.0,32.464000000000006,34.48,23.369456521739128,0.0,14.14870218579235,3.0,44.770473099709974,37.0,50500,2020,50500,SANTIAGO DE COMPOSTELA,A Coruña,42.88659,-8.521138,305.0
365,4.0,2.0,0.0,29.884400000000014,34.16,22.437391304347823,0.0,13.442397260273973,7.0,41.32228873063928,24.0,50500,2021,50500,SANTIAGO DE COMPOSTELA,A Coruña,42.88659,-8.521138,305.0
365,17.0,9.0,4.0,33.96640000000004,38.15,24.684673913043476,2.0,14.430369863013699,6.0,48.43396545508524,45.0,50500,2022,50500,SANTIAGO DE COMPOSTELA,A Coruña,42.88659,-8.521138,305.0
365,9.0,3.0,2.0,31.63800000000001,37.11,23.924239130434785,1.0,14.47495890410959,9.0,46.054104256601576,31.0,50500,2023,50500,SANTIAGO DE COMPOSTELA,A Coruña,42.88659,-8.521138,305.0
365,6.0,3.0,0.0,30.544800000000006,33.21,23.456630434782607,0.0,14.173890410958904,3.0,43.12186769278423,34.0,50500,2024,50500,SANTIAGO DE COMPOSTELA,A Coruña,42.88659,-8.521138,305.0
365,20.0,8.0,0.0,33.106,34.6,25.145326086956516,0.0,14.237835616438357,6.0,49.567700178946275,44.0,50500,2025,50500,SANTIAGO DE COMPOSTELA,A Coruña,42.88659,-8.521138,305.0
