ranking,lat,lon,provincia,dist_costa_km,indice_calor,score_calor,score_confort,n_anios,n_dias,d_tx28,d_tx30,d_tx32,d_tx35,d_tx38,tx_p99,tx_p999,tx_max,tx_verano,noches_trop,noches_18,tn_p99,olas_n,olas_dias,olas_largas_n,at_p99,at_max,d_at27,d_at30,d_at32,d_at35,at_verano,hx_p99,hx_max,d_hx30,d_hx35,d_hx40,wb_p99,wb_max,d_wb24,d_wb26,d_wb28,viento_medio,viento_verano,viento_dias_calidos,hi_p99,d_hi32,hr_verano,noches_bochorno,tmean,amplitud,d_helada,tn_p01,rango_anual
1,43.3,-8.9,A Coruña,1.9,13.7,15.396341463414636,11.067073170731707,15,5390,0.06666666666666667,0.0,0.0,0.0,0.0,25.112215042114258,27.729778289794922,28.528961181640625,20.207321166992188,0.3333333333333333,10.266666666666667,18.471424102783203,1.5333333333333334,5.8,0.3333333333333333,25.712153994240605,32.01980988384749,2.0,0.13333333333333333,0.06666666666666667,0.0,18.3343459451897,31.100160463715937,36.677147656504985,6.4,0.4,0.0,20.69183502085294,23.887737976811156,0.0,0.0,0.0,5.539177894592285,4.953200340270996,4.241894245147705,25.112215576171852,0.0,71.16563442614608,7.266666666666667,14.324915885925293,4.366554260253906,0.0,4.302984714508057,12.716795921325684
2,43.3,-8.6,A Coruña,3.0,14.0,14.702743902439025,12.964939024390246,15,5390,1.4666666666666666,0.13333333333333333,0.0,0.0,0.0,26.25090980529785,29.474903106689453,30.327789306640625,20.605690002441406,0.13333333333333333,6.266666666666667,18.051076889038086,1.5333333333333334,6.0,0.4,27.091701328629746,33.429853791473555,3.8,0.6666666666666666,0.2,0.0,18.911007960616235,32.256526309815555,38.361241274907194,10.0,0.8,0.0,21.045605583612947,24.652471679290972,0.13333333333333333,0.0,0.0,4.780333042144775,4.284882068634033,3.43847918510437,26.250909423828123,0.0,68.15736174835523,4.333333333333333,13.764387130737305,5.293312072753906,0.06666666666666667,2.398719549179077,14.412148475646973
3,43.3,-8.5,A Coruña,3.4,14.5,12.538109756097562,17.370426829268293,15,5390,1.8666666666666667,0.4666666666666667,0.0,0.0,0.0,26.873001098632812,30.169986724853516,30.825836181640625,20.884166717529297,0.2,6.733333333333333,18.100627899169922,1.3333333333333333,5.333333333333333,0.3333333333333333,27.81671128848941,34.42933202910542,4.666666666666667,1.1333333333333333,0.2,0.0,19.26674776954292,33.0090004479026,39.46502096956558,12.866666666666667,1.4,0.0,21.33425976290925,24.715812506439516,0.26666666666666666,0.0,0.0,4.621591091156006,4.146633625030518,3.229074478149414,27.51144698125107,0.13333333333333333,67.17282403392728,4.666666666666667,13.793570518493652,5.434041500091553,0.06666666666666667,2.6168103218078613,14.779401779174805
4,43.0,-9.2,A Coruña,6.1,14.6,17.652439024390247,9.984756097560977,15,5390,0.26666666666666666,0.0,0.0,0.0,0.0,25.15845489501953,27.42919921875,29.285308837890625,20.144865036010742,0.3333333333333333,8.733333333333333,18.428102493286133,1.6666666666666667,6.133333333333334,0.26666666666666666,25.357198277420828,30.685129551917328,1.4666666666666666,0.13333333333333333,0.0,0.0,18.223995007022108,30.598643142398146,36.05271962043312,4.933333333333334,0.26666666666666666,0.0,20.25678830614779,23.248249365573958,0.0,0.0,0.0,5.653172969818115,5.181949615478516,5.051970481872559,25.158455810546872,0.0,71.19579452286409,5.933333333333334,14.267152786254883,4.085411548614502,0.0,5.012042045593262,12.509618759155273
5,42.2,-6.9,Ourense,148.6,15.3,24.55030487804878,1.3414634146341462,15,5390,6.266666666666667,1.2666666666666666,0.06666666666666667,0.0,0.0,28.866168975830078,30.62192153930664,32.252838134765625,21.468454360961914,0.0,1.0,16.119667053222656,1.7333333333333334,6.8,0.4,26.50219241559094,30.85694244273776,2.1333333333333333,0.13333333333333333,0.0,0.0,19.162442048632816,29.116967514274744,32.252838134765625,1.6,0.0,0.0,17.208166784127393,20.194140478210915,0.0,0.0,0.0,1.730876088142395,1.6565190553665161,1.61251962184906,27.70260277421641,0.0,44.58869492775387,0.0,8.892722129821777,8.569007873535156,77.2,-5.606846809387207,23.803314208984375
6,43.1,-9.2,A Coruña,0.8,15.8,19.146341463414632,10.739329268292684,15,5390,0.2,0.0,0.0,0.0,0.0,24.93824577331543,27.28252410888672,28.159576416015625,19.984848022460938,0.26666666666666666,8.466666666666667,18.301223754882812,1.7333333333333334,6.4,0.2,25.355441282784632,31.420657280022084,1.8,0.2,0.0,0.0,18.00118430038289,30.684126135640515,36.29673024894355,5.2,0.4,0.0,20.43950230852741,23.92261561002498,0.0,0.0,0.0,5.805858612060547,5.300512790679932,4.623135089874268,24.938245849609373,0.0,72.0022749830483,6.2,14.245430946350098,4.076836109161377,0.0,5.017693996429443,12.309207916259766
7,43.6,-8.1,A Coruña,5.5,15.9,15.663109756097562,16.15853658536585,15,5390,0.8,0.2,0.0,0.0,0.0,26.14240264892578,29.23785972595215,30.535064697265625,20.595775604248047,0.8666666666666667,15.6,18.751697540283203,1.3333333333333333,5.2,0.3333333333333333,26.829114303783392,34.24427210121076,3.466666666666667,0.8666666666666667,0.2,0.0,18.87806863371686,32.48181207216805,40.175061263922316,10.666666666666666,1.2,0.06666666666666667,21.25504700947061,25.00657036359736,0.13333333333333333,0.0,0.0,5.0318989753723145,4.548589706420898,3.604182720184326,26.142403564453108,0.06666666666666667,69.040954473247,10.933333333333334,14.077634811401367,4.511253356933594,0.0,4.399903774261475,13.80075454711914
7,43.5,-7.5,Lugo,19.9,15.9,16.58536585365854,14.961890243902438,15,5390,2.8,0.7333333333333333,0.26666666666666666,0.0,0.0,27.532072067260742,31.284515380859375,32.490142822265625,20.800748825073242,0.0,0.8666666666666667,16.989639282226562,1.5333333333333334,5.933333333333334,0.4,28.750975597235954,35.19250531884054,6.733333333333333,2.0,0.6,0.13333333333333333,19.676977088397052,33.002258526762695,38.80188425997793,11.2,1.2,0.0,21.071948528183515,23.963225191440284,0.0,0.0,0.0,3.041490316390991,2.7212958335876465,1.495104193687439,27.96426104063376,0.3333333333333333,62.917003265019225,0.4,11.978899955749512,6.611431121826172,3.6666666666666665,-0.030738525092601776,17.5396728515625
9,43.6,-8.2,A Coruña,0.8,16.1,17.759146341463413,13.50609756097561,15,5390,0.6,0.06666666666666667,0.0,0.0,0.0,25.82367515563965,28.416229248046875,30.231842041015625,20.549650192260742,0.9333333333333333,19.4,18.978601455688477,1.4666666666666666,5.733333333333333,0.3333333333333333,26.368469272429728,33.250797300658675,3.0,0.4666666666666667,0.06666666666666667,0.0,18.769982920110667,32.215106873554134,39.34860368651362,9.933333333333334,0.7333333333333333,0.0,21.194860053359058,24.72561586857841,0.06666666666666667,0.0,0.0,5.419654369354248,4.859387397766113,4.295822620391846,25.82367553710937,0.0,69.96614059094227,12.666666666666666,14.361268997192383,4.281166076660156,0.0,4.893060207366943,13.300973892211914
10,42.2,-7.4,Ourense,107.5,16.2,24.908536585365855,3.071646341463415,15,5390,8.0,2.8666666666666667,0.26666666666666666,0.0,0.0,29.605762481689453,31.67970085144043,33.215728759765625,22.05072593688965,0.0,0.26666666666666666,15.830329895019531,1.7333333333333334,6.533333333333333,0.3333333333333333,27.790182274461273,32.95048147891453,7.0,0.3333333333333333,0.06666666666666667,0.0,20.028366911443282,30.67275837572645,34.400900848118376,5.733333333333333,0.0,0.0,18.533715753553665,20.421231732753675,0.0,0.0,0.0,1.9545602798461914,1.833116888999939,1.721325159072876,28.664841260770768,0.06666666666666667,47.056397498418654,0.0,9.637833595275879,9.137591361999512,66.86666666666666,-4.829532623291016,23.80341339111328
11,43.3,-8.7,A Coruña,0.8,16.3,19.329268292682926,11.638719512195124,15,5390,0.8666666666666667,0.0,0.0,0.0,0.0,25.753215789794922,28.57593536376953,29.544586181640625,20.45462417602539,0.26666666666666666,7.933333333333334,18.2620792388916,1.6666666666666667,6.4,0.4,26.557481854350595,32.87695063398401,2.6666666666666665,0.4,0.13333333333333333,0.0,18.711776385245578,31.675629987601024,37.547885775810336,8.466666666666667,0.6,0.0,20.935615201859363,24.368674409095238,0.13333333333333333,0.0,0.0,5.135686874389648,4.589867115020752,3.774940252304077,25.753216552734365,0.0,69.65801796360343,5.133333333333334,14.106438636779785,4.864569187164307,0.0,3.3777430057525635,13.561790466308594
12,43.6,-8.0,A Coruña,9.9,16.4,15.388719512195124,17.8125,15,5390,1.4666666666666666,0.4,0.0,0.0,0.0,26.69786834716797,30.066673278808594,31.280181884765625,20.6666259765625,0.6,10.066666666666666,18.428688049316406,1.4,5.333333333333333,0.26666666666666666,27.550521747120843,35.28622636807098,4.666666666666667,1.2666666666666666,0.4,0.06666666666666667,19.04520805453983,32.844493243646724,40.915489710970974,11.466666666666667,1.4666666666666666,0.06666666666666667,21.314155923625986,25.208841822385853,0.2,0.0,0.0,4.504140853881836,4.125802040100098,3.1323492527008057,26.729419042840618,0.13333333333333333,67.63973041797928,6.866666666666666,13.637078285217285,4.904975414276123,0.0,3.61137318611145,14.593353271484375
12,43.7,-8.0,A Coruña,0.8,16.4,17.408536585365855,14.916158536585368,15,5390,0.9333333333333333,0.3333333333333333,0.0,0.0,0.0,26.105621337890625,29.62891960144043,30.762603759765625,20.71038246154785,0.8666666666666667,18.0,18.83089828491211,1.4,5.666666666666667,0.4,26.85131594838916,33.7946978253882,3.533333333333333,0.8,0.13333333333333333,0.0,18.856191462553035,32.11942814255827,39.74297412494628,10.0,0.8666666666666667,0.0,21.10794494978196,24.64699230937804,0.06666666666666667,0.0,0.0,5.104116916656494,4.669132232666016,3.6051371097564697,26.105621337890618,0.13333333333333333,68.6895732905985,11.8,14.235776901245117,4.402000427246094,0.0,4.709478855133057,13.704122543334961
14,43.1,-9.1,A Coruña,6.6,16.5,18.856707317073173,13.079268292682926,15,5390,0.9333333333333333,0.0,0.0,0.0,0.0,26.033584594726562,28.901870727539062,29.354888916015625,20.276926040649414,0.3333333333333333,6.2,18.119888305664062,1.7333333333333334,6.266666666666667,0.2,26.71325902596983,33.741629837960765,3.2,0.8,0.2,0.0,18.364399322014645,31.870810103010136,38.550837714607304,8.133333333333333,1.0666666666666667,0.0,20.972681391896085,24.750712899780492,0.13333333333333333,0.0,0.0,5.259177207946777,4.874748229980469,4.107131004333496,26.033585205078122,0.0,69.83696689121118,4.466666666666667,13.871244430541992,4.621463298797607,0.0,4.011954307556152,13.448108673095703
14,42.7,-7.1,Lugo,95.9,16.5,21.76829268292683,8.47560975609756,15,5390,8.4,3.3333333333333335,0.6,0.0,0.0,29.693635940551758,32.516632080078125,33.406158447265625,21.87863540649414,0.0,0.5333333333333333,16.31904411315918,1.4,5.733333333333333,0.2,28.73226077142164,33.689293554981326,8.666666666666666,1.4,0.26666666666666666,0.0,20.22968745149069,31.840745654553384,35.440433481924025,9.6,0.2,0.0,19.487293974869306,22.048754191063324,0.0,0.0,0.0,2.005324602127075,1.847596526145935,1.6800155639648438,28.932252919154223,0.26666666666666666,50.68968848207748,0.0,9.894009590148926,9.024569511413574,61.333333333333336,-4.691707611083984,23.417911529541016
16,43.2,-9.0,A Coruña,3.0,16.9,18.795731707317074,13.940548780487804,15,5390,0.9333333333333333,0.0,0.0,0.0,0.0,25.972637176513672,28.862516403198242,29.372955322265625,20.245471954345703,0.3333333333333333,7.4,18.220863342285156,1.7333333333333334,6.266666666666667,0.26666666666666666,26.76116734487502,33.39008965068314,3.2666666666666666,0.7333333333333333,0.2,0.0,18.406434117402966,32.315749663258565,38.963147887852635,9.533333333333333,1.0666666666666667,0.0,21.214906482720096,25.04519264386199,0.26666666666666666,0.0,0.0,5.289543151855469,4.863549709320068,3.8831329345703125,25.972637939453122,0.0,70.74637308264732,5.533333333333333,14.012423515319824,4.665623664855957,0.0,4.046580791473389,13.27210807800293
17,42.3,-6.8,Ourense,139.5,17.1,27.141768292682926,1.9512195121951224,15,5390,6.866666666666666,1.8,0.13333333333333333,0.0,0.0,29.131105422973633,31.191991806030273,32.518707275390625,21.61882209777832,0.0,0.26666666666666666,15.846846580505371,1.7333333333333334,7.0,0.4,26.988922980810354,31.28275981247802,3.533333333333333,0.13333333333333333,0.0,0.0,19.476697459078878,29.61597829229847,32.655483157147714,2.466666666666667,0.0,0.0,17.600175383041055,20.737593479935512,0.0,0.0,0.0,1.677809715270996,1.5737428665161133,1.5592427253723145,28.01498237243496,0.0,45.0505575124323,0.0,8.94933795928955,8.803256034851074,79.86666666666666,-5.651190280914307,24.099924087524414
18,43.0,-9.1,A Coruña,8.8,17.3,19.75609756097561,13.612804878048781,15,5390,1.4666666666666666,0.2,0.0,0.0,0.0,26.668581008911133,29.281579971313477,31.060699462890625,20.679672241210938,0.4,6.0,18.16420555114746,1.7333333333333334,6.266666666666667,0.26666666666666666,27.053594110424747,32.69135155816442,3.8666666666666667,0.8666666666666667,0.2,0.0,18.903741984059362,32.07818040783847,38.07574494153862,10.6,1.0666666666666667,0.0,20.73069805317109,24.106347189597724,0.06666666666666667,0.0,0.0,4.876335144042969,4.572419166564941,4.188992500305176,26.668580322265626,0.06666666666666667,67.81026586637107,3.933333333333333,13.764378547668457,4.924106121063232,0.0,3.4055163860321045,14.296792984008789
19,43.5,-7.6,Lugo,20.7,18.1,19.98475609756098,15.167682926829269,15,5390,2.7333333333333334,0.7333333333333333,0.26666666666666666,0.0,0.0,27.693218231201172,31.393634796142578,32.659088134765625,20.685976028442383,0.0,0.8,16.96831703186035,1.6666666666666667,6.333333333333333,0.3333333333333333,28.64312140401747,35.312275074341315,6.466666666666667,2.0,0.6,0.13333333333333333,19.460070029560228,32.90936135274616,39.173441471764306,11.2,1.4666666666666666,0.0,21.029099730744548,24.20627849230157,0.06666666666666667,0.0,0.0,3.080308675765991,2.7942214012145996,1.5480847358703613,28.007402539199898,0.3333333333333333,62.85400680066557,0.4666666666666667,11.783585548400879,6.622372150421143,4.733333333333333,-0.24530640244483948,17.661357879638672
20,42.0,-8.8,Pontevedra,8.4,18.2,20.121951219512198,15.350609756097562,15,5390,2.2,0.4666666666666667,0.0,0.0,0.0,27.454471588134766,30.501209259033203,31.124908447265625,21.7923526763916,1.4666666666666666,9.933333333333334,18.762935638427734,1.4,5.733333333333333,0.3333333333333333,27.61677984955216,32.912398410396264,5.133333333333334,0.7333333333333333,0.26666666666666666,0.0,20.647295655579825,32.76305109644455,38.055020994931766,17.333333333333332,0.8,0.0,21.197628363542076,24.241713815676746,0.06666666666666667,0.0,0.0,3.8439981937408447,3.5781986713409424,3.3473193645477295,27.793057989264764,0.13333333333333333,65.00499419741577,5.733333333333333,14.097023010253906,6.0952277183532715,0.6,1.549715518951416,16.115013122558594
20,42.8,-6.9,Lugo,84.8,18.2,26.61585365853659,5.5564024390243905,15,5390,7.733333333333333,2.8,0.4666666666666667,0.0,0.0,29.504230499267578,32.150970458984375,33.046783447265625,21.523935317993164,0.0,1.1333333333333333,16.6076602935791,1.6666666666666667,6.6,0.26666666666666666,28.28619027527237,32.75858207978713,7.6,0.8666666666666667,0.2,0.0,19.78242728950097,31.130899400030938,34.49541685137959,7.333333333333333,0.0,0.0,19.019169760988127,22.106512130421873,0.0,0.0,0.0,2.0096938610076904,1.8688422441482544,1.7751290798187256,28.68137815073388,0.13333333333333333,50.84749835057959,0.0,9.544479370117188,8.706043243408203,65.86666666666666,-4.90770149230957,23.4310245513916
22,43.2,-8.9,A Coruña,7.2,18.3,19.756097560975608,16.089939024390244,15,5390,1.2666666666666666,0.0,0.0,0.0,0.0,26.278728485107422,29.384172439575195,29.972320556640625,20.443254470825195,0.26666666666666666,6.733333333333333,18.107616424560547,1.7333333333333334,6.4,0.3333333333333333,27.21730417812672,33.91659874766243,4.066666666666666,1.0666666666666667,0.26666666666666666,0.0,18.6955525607943,32.53610673176318,39.45790659184757,10.333333333333334,1.4,0.0,21.359590214569952,25.209373038578015,0.3333333333333333,0.0,0.0,4.976942539215088,4.56162166595459,3.514324426651001,26.278729248046872,0.06666666666666667,69.37629664056921,4.933333333333334,13.859212875366211,4.976191997528076,0.0,3.2834997177124023,13.865585327148438
22,42.3,-7.4,Ourense,107.2,18.3,26.676829268292686,5.66310975609756,15,5390,9.0,3.3333333333333335,0.4666666666666667,0.0,0.0,29.817472457885742,32.11822509765625,33.677642822265625,22.069551467895508,0.0,0.3333333333333333,15.998208999633789,1.6666666666666667,6.533333333333333,0.4,28.25796155782534,33.15723196810378,8.533333333333333,0.8,0.13333333333333333,0.0,20.237813207311067,31.4697415015508,35.586991004948516,9.066666666666666,0.06666666666666667,0.0,19.234997349009877,21.922388201003848,0.0,0.0,0.0,2.006446599960327,1.8574451208114624,1.7760415077209473,29.014422532273294,0.13333333333333333,49.27056657705152,0.0,9.868677139282227,9.138482093811035,61.46666666666667,-4.755067348480225,23.62335777282715
24,42.3,-6.9,Ourense,140.1,18.6,28.307926829268293,3.971036585365854,15,5390,10.466666666666667,4.066666666666666,0.4,0.0,0.0,30.082704544067383,32.03813934326172,33.307525634765625,22.289209365844727,0.0,1.0,16.813953399658203,1.6,6.6,0.26666666666666666,28.180505060784686,32.97621177506028,8.533333333333333,0.6,0.13333333333333333,0.0,20.372835636462554,31.03702449159024,34.303476050253465,6.666666666666667,0.0,0.0,18.519536706867918,21.93416009135427,0.0,0.0,0.0,1.6988774538040161,1.5896449089050293,1.5839446783065796,28.862323384825032,0.13333333333333333,46.2522381652794,0.0,9.633248329162598,8.836357116699219,66.86666666666666,-4.912247180938721,24.21293067932129
25,43.6,-7.5,Lugo,12.6,18.9,20.670731707317074,16.166158536585368,15,5390,2.066666666666667,0.8666666666666667,0.0,0.0,0.0,27.037853240966797,30.91571617126465,31.797760009765625,21.12970733642578,0.2,4.066666666666666,17.803049087524414,1.6666666666666667,6.533333333333333,0.4666666666666667,28.3381431218083,34.4804735244643,6.533333333333333,1.4666666666666666,0.6,0.0,19.924849431220824,33.06043067601488,39.12399848389236,12.266666666666667,0.9333333333333333,0.0,21.187495145467746,23.82882580783107,0.0,0.0,0.0,3.382810354232788,3.045072555541992,1.8269375562667847,27.632047971478908,0.26666666666666666,63.74626450532855,2.1333333333333333,13.051146507263184,6.002046585083008,0.06666666666666667,1.8128845691680908,16.37015724182129
26,42.2,-7.3,Ourense,115.7,19.5,29.54268292682927,4.535060975609756,15,5390,10.733333333333333,3.7333333333333334,0.5333333333333333,0.0,0.0,30.092628479003906,32.059749603271484,33.670806884765625,22.449445724487305,0.0,0.7333333333333333,16.399694442749023,1.6666666666666667,6.6,0.4666666666666667,28.20498835363615,33.29277117458095,8.733333333333333,0.6666666666666666,0.13333333333333333,0.0,20.476459116090044,31.19859187261871,34.94079041471302,7.533333333333333,0.0,0.0,18.6607340154174,21.39147515003202,0.0,0.0,0.0,1.9256682395935059,1.8167182207107544,1.7394975423812866,29.05233417794266,0.13333333333333333,46.791964549293276,0.0,9.928112983703613,9.113216400146484,61.266666666666666,-4.688025951385498,23.991317749023438
27,43.6,-7.4,Lugo,7.0,19.6,22.11890243902439,15.937500000000002,15,5390,1.6666666666666667,0.6,0.0,0.0,0.0,26.911785125732422,30.512187957763672,31.047760009765625,21.2425537109375,0.26666666666666666,6.733333333333333,18.184402465820312,1.7333333333333334,6.6,0.4,28.107172189641535,33.81561021558049,6.4,1.3333333333333333,0.3333333333333333,0.0,20.094398580652086,32.731566288910564,38.71263139150406,12.533333333333333,0.8666666666666667,0.0,21.146503988813436,23.738823272854425,0.0,0.0,0.0,3.5842466354370117,3.1676011085510254,1.997663140296936,27.489897096335866,0.13333333333333333,64.59141150812466,3.6,13.514705657958984,5.741733551025391,0.0,2.5714244842529297,15.78420639038086
28,43.6,-7.7,Lugo,12.5,19.7,20.06859756097561,19.085365853658537,15,5390,2.2,0.8666666666666667,0.06666666666666667,0.0,0.0,27.277786254882812,30.965953826904297,32.688385009765625,20.97560691833496,0.06666666666666667,4.066666666666666,17.829574584960938,1.7333333333333334,6.466666666666667,0.3333333333333333,28.626641483123397,35.068771879431424,6.0,1.6666666666666667,0.5333333333333333,0.06666666666666667,19.596388586077403,33.08350312636959,39.73371767289413,12.133333333333333,1.3333333333333333,0.0,21.205810523804463,24.472794968700544,0.13333333333333333,0.0,0.0,3.5954673290252686,3.3136746883392334,1.9761136770248413,27.883437234819024,0.26666666666666666,64.31619713439908,2.7333333333333334,12.9086275100708,5.957492828369141,0.13333333333333333,1.535516381263733,16.408538818359375
28,43.5,-7.4,Lugo,13.4,19.7,21.45579268292683,17.1875,15,5390,2.8,0.8,0.06666666666666667,0.0,0.0,27.625885009765625,31.27995491027832,32.187408447265625,21.079721450805664,0.0,2.2666666666666666,17.35381317138672,1.6666666666666667,6.666666666666667,0.5333333333333333,28.83598397712647,34.887004882077534,7.333333333333333,1.6666666666666667,0.6666666666666666,0.0,20.038592055967364,33.02514587829241,38.727586989866296,11.8,1.2,0.0,21.207025356061816,23.54441286554537,0.0,0.0,0.0,3.150988817214966,2.7758374214172363,1.5148444175720215,28.0544837219887,0.4,63.325339524701796,1.4,12.519448280334473,6.433322906494141,1.2,0.7657507061958313,17.10482406616211
30,43.5,-7.7,Lugo,22.2,19.9,21.006097560975608,18.246951219512194,15,5390,2.8666666666666667,0.8666666666666667,0.2,0.0,0.0,27.62085723876953,31.434329986572266,32.864166259765625,20.680877685546875,0.0,1.3333333333333333,17.082469940185547,1.6,6.533333333333333,0.4666666666666667,28.73098180780393,35.27653090786638,6.466666666666667,2.0,0.6,0.13333333333333333,19.426783140039745,33.25454013503914,39.41537889508551,11.533333333333333,1.6666666666666667,0.0,21.290575410625323,24.538860474383522,0.13333333333333333,0.0,0.0,3.2605772018432617,2.981363296508789,1.7707481384277344,28.04932968245175,0.3333333333333333,63.61670174511101,0.9333333333333333,11.982950210571289,6.505859375,3.533333333333333,0.04397827014327049,17.381908416748047
31,43.6,-7.9,A Coruña,9.7,20.0,19.51219512195122,20.678353658536587,15,5390,2.466666666666667,0.5333333333333333,0.06666666666666667,0.0,0.0,27.084190368652344,30.546899795532227,32.411041259765625,20.766218185424805,0.26666666666666666,6.266666666666667,18.0792179107666,1.6,6.066666666666666,0.4,28.31806589300903,35.72845153883964,5.533333333333333,1.8,0.6,0.13333333333333333,19.250187306059935,33.15172872040435,41.010622683045426,12.333333333333334,1.8666666666666667,0.06666666666666667,21.425643290459583,25.11212920425094,0.2,0.0,0.0,4.073526859283447,3.780127763748169,2.636279821395874,27.87147790928503,0.26666666666666666,66.35744236990021,4.066666666666666,13.228957176208496,5.401463985443115,0.0,2.6202306747436523,15.453401565551758
32,43.5,-8.1,A Coruña,12.7,20.3,16.989329268292686,25.190548780487802,15,5390,2.2666666666666666,0.6,0.0,0.0,0.0,27.292606353759766,30.512235641479492,31.911529541015625,20.873729705810547,0.4666666666666667,9.533333333333333,18.420814514160156,1.4666666666666666,5.6,0.26666666666666666,28.396717204567256,35.745672525077964,6.333333333333333,1.8666666666666667,0.6,0.06666666666666667,19.39776293855461,33.832464143168046,41.44065468119417,13.933333333333334,2.2666666666666666,0.06666666666666667,21.874117255760368,25.632107070387296,0.4666666666666667,0.0,0.0,4.431818962097168,4.009466648101807,3.0221941471099854,27.955680907101943,0.3333333333333333,67.24290296898918,6.933333333333334,13.640762329101562,5.234981536865234,0.0,2.932945489883423,15.004487037658691
33,42.1,-8.8,Pontevedra,4.5,20.4,23.917682926829272,15.228658536585368,15,5390,2.3333333333333335,0.4666666666666667,0.0,0.0,0.0,27.41980743408203,30.154510498046875,31.253814697265625,21.686107635498047,1.8,10.8,18.78654670715332,1.6,6.266666666666667,0.3333333333333333,27.590257142750787,32.744993474736624,5.2,0.6666666666666666,0.26666666666666666,0.0,20.50983498796374,32.828454121067054,38.067404688314134,16.8,0.7333333333333333,0.0,21.156134851640008,24.04258459222102,0.06666666666666667,0.0,0.0,4.126999855041504,3.7887184619903564,3.810666799545288,27.902918999667477,0.13333333333333333,65.76774483303068,6.2,14.250925064086914,5.750578880310059,0.06666666666666667,2.4972009658813477,15.434293746948242
33,43.5,-8.0,A Coruña,19.0,20.4,18.567073170731707,23.117378048780488,15,5390,2.8666666666666667,0.6666666666666666,0.06666666666666667,0.0,0.0,27.575101852416992,30.74871826171875,32.142486572265625,20.761188507080078,0.2,4.933333333333334,17.923160552978516,1.4666666666666666,5.933333333333334,0.3333333333333333,28.458426733478976,35.885113388341324,6.933333333333334,2.0,0.7333333333333333,0.06666666666666667,19.320909174474096,33.482088570757,41.14658973144504,13.066666666666666,2.2,0.06666666666666667,21.659807431814514,25.32791505609043,0.26666666666666666,0.0,0.0,4.051553249359131,3.6936330795288086,2.630810022354126,28.164426417842186,0.26666666666666666,65.97944203854915,3.466666666666667,12.995941162109375,5.649763107299805,0.06666666666666667,2.0297815799713135,15.845157623291016
35,43.4,-7.5,Lugo,26.7,20.5,19.146341463414636,22.4390243902439,15,5390,4.6,1.4,0.4666666666666667,0.0,0.0,28.629329681396484,32.51237487792969,34.158111572265625,20.95273208618164,0.0,0.5333333333333333,16.522550582885742,1.5333333333333334,5.933333333333334,0.4,29.531705357879176,36.65549811337169,8.533333333333333,3.066666666666667,0.9333333333333333,0.2,19.911432148164884,33.560409447761394,39.987861972052414,12.733333333333333,2.066666666666667,0.0,21.28522606338993,24.508371575043952,0.13333333333333333,0.0,0.0,2.7837319374084473,2.503201961517334,1.39577317237854,28.883109093045533,0.5333333333333333,61.52802488451017,0.4,11.468744277954102,7.296663284301758,11.666666666666666,-1.410186767578125,18.645755767822266
36,43.2,-8.6,A Coruña,12.8,20.8,20.327743902439025,21.501524390243905,15,5390,2.7333333333333334,0.6666666666666666,0.0,0.0,0.0,27.66657829284668,31.26498031616211,31.733306884765625,20.86062240600586,0.13333333333333333,2.8,17.481782913208008,1.6666666666666667,6.466666666666667,0.4666666666666667,28.60447042183932,35.007899439923975,6.466666666666667,1.8,0.6666666666666666,0.06666666666666667,19.386827827411732,33.692228046346195,40.550043199642104,14.333333333333334,2.066666666666667,0.13333333333333333,21.674388450666896,25.526040735324866,0.4666666666666667,0.0,0.0,4.095205307006836,3.7485082149505615,2.4919707775115967,28.00490896141777,0.4,65.60307362217274,2.066666666666667,13.005489349365234,6.2083892822265625,2.3333333333333335,0.41121459007263184,16.120880126953125
37,43.1,-9.0,A Coruña,10.8,20.9,22.088414634146343,19.077743902439025,15,5390,2.2666666666666666,0.6666666666666666,0.0,0.0,0.0,27.237451553344727,30.524965286254883,30.873931884765625,20.603809356689453,0.4,4.2,17.81055450439453,1.7333333333333334,6.4,0.3333333333333333,28.209822116903027,35.839390608259244,5.333333333333333,1.8,0.6666666666666666,0.06666666666666667,18.832305908579304,33.16247487034559,40.76280211227586,13.4,1.6666666666666667,0.06666666666666667,21.689638259306374,25.591668579011273,0.5333333333333333,0.0,0.0,4.644961833953857,4.390837669372559,3.3477060794830322,27.637327058451046,0.3333333333333333,67.65333755863419,2.933333333333333,13.442792892456055,5.311155796051025,0.0,2.7751526832580566,14.769002914428711
38,43.0,-9.0,A Coruña,15.4,21.1,20.90701219512195,21.295731707317074,15,5390,3.2,1.0,0.13333333333333333,0.0,0.0,27.860977172851562,30.859630584716797,32.160308837890625,21.070974349975586,0.3333333333333333,4.533333333333333,17.94904136657715,1.5333333333333334,5.866666666666666,0.4,28.440329025848712,34.488535808265816,6.466666666666667,1.8666666666666667,0.8,0.0,19.461873723173813,33.414908950526865,39.52415747721005,14.8,1.8,0.0,21.377153477820286,24.819472378220706,0.4,0.0,0.0,4.272224426269531,4.089076995849609,3.4259042739868164,28.17861979998052,0.4666666666666667,65.55536290533557,3.066666666666667,13.364680290222168,5.669867515563965,0.26666666666666666,2.2001280784606934,15.673820495605469
38,43.5,-7.9,A Coruña,20.7,21.1,19.45121951219512,23.475609756097562,15,5390,3.7333333333333334,0.8666666666666667,0.2,0.0,0.0,28.024250030517578,31.105804443359375,32.588775634765625,20.76184844970703,0.2,3.2,17.59256935119629,1.3333333333333333,5.8,0.4,28.81432065417433,36.02144574060522,7.0,2.3333333333333335,0.6666666666666666,0.06666666666666667,19.38169117661922,33.47692678162014,40.92562690413375,12.733333333333333,2.066666666666667,0.06666666666666667,21.635936277392613,25.301492525662827,0.2,0.0,0.0,3.717618703842163,3.416182279586792,2.4243974685668945,28.37924024040095,0.4666666666666667,64.77123203161646,2.2666666666666666,12.530980110168457,6.070428848266602,1.0,1.104495882987976,16.598857879638672
40,43.5,-8.2,A Coruña,8.2,21.2,18.612804878048784,25.17530487804878,15,5390,2.0,0.4666666666666667,0.0,0.0,0.0,27.001371383666992,30.26156997680664,31.735748291015625,20.953397750854492,1.2,16.733333333333334,18.85496711730957,1.4,5.666666666666667,0.3333333333333333,28.364899725641163,35.04562741675841,5.733333333333333,1.6,0.5333333333333333,0.06666666666666667,19.441732618042163,33.88197354325809,41.098512111379954,15.666666666666666,2.533333333333333,0.13333333333333333,22.01957083491089,25.62679925498677,0.5333333333333333,0.0,0.0,4.864810466766357,4.372659683227539,3.617917776107788,27.782231008532207,0.2,68.590021695133,11.8,14.233377456665039,4.8889079093933105,0.0,4.014246940612793,14.207965850830078
41,43.2,-8.7,A Coruña,11.8,21.3,23.19359756097561,18.376524390243905,15,5390,2.4,0.6,0.0,0.0,0.0,27.21465301513672,30.56385612487793,31.136383056640625,20.76492691040039,0.2,3.8666666666666667,17.691848754882812,1.8,6.733333333333333,0.4,28.17721284606121,34.793616351830345,5.4,1.4666666666666666,0.4666666666666667,0.0,19.226492588525204,33.473625573136275,40.356761611930494,13.466666666666667,1.6,0.06666666666666667,21.57987531555514,25.52260179421639,0.4666666666666667,0.0,0.0,4.37202262878418,3.9939005374908447,2.792792320251465,27.868138340237472,0.26666666666666666,66.84072930750082,2.8,13.360169410705566,5.795566558837891,0.6,1.446710228919983,15.321125984191895
42,43.2,-8.8,A Coruña,11.9,21.6,24.786585365853657,16.69969512195122,15,5390,1.8,0.4,0.0,0.0,0.0,26.775482177734375,29.992055892944336,30.616851806640625,20.621829986572266,0.26666666666666666,5.266666666666667,17.909114837646484,1.8666666666666667,6.933333333333334,0.4,27.65452394612577,34.415918239364004,4.733333333333333,1.2,0.3333333333333333,0.0,18.98512009975678,32.94701414221581,39.963886380659545,11.8,1.4,0.0,21.47688353250916,25.397343949007674,0.3333333333333333,0.0,0.0,4.666049003601074,4.266345977783203,3.110215425491333,27.10927928719111,0.13333333333333333,68.08002828517773,3.8666666666666667,13.641679763793945,5.369042873382568,0.06666666666666667,2.3355798721313477,14.560712814331055
42,42.7,-7.2,Lugo,95.9,21.6,26.356707317073173,14.489329268292684,15,5390,9.533333333333333,3.533333333333333,0.8,0.0,0.0,29.941064834594727,32.89966583251953,33.808258056640625,22.140384674072266,0.0,0.6,16.451528549194336,1.5333333333333334,6.066666666666666,0.2,29.31977947340036,34.299106605950726,10.933333333333334,2.4,0.5333333333333333,0.0,20.602778902806985,32.565395168858636,36.488389005404,12.866666666666667,0.6666666666666666,0.0,20.075959317054455,22.936810199024386,0.0,0.0,0.0,2.127068042755127,1.9465035200119019,1.7160165309906006,29.324429635300703,0.4,51.538207245667174,0.0,10.280412673950195,9.039968490600586,51.13333333333333,-4.567608833312988,23.169954299926758
44,43.6,-7.6,Lugo,9.6,21.9,24.48170731707317,17.995426829268293,15,5390,2.4,0.9333333333333333,0.06666666666666667,0.0,0.0,27.379047393798828,31.058605194091797,32.422760009765625,21.097637176513672,0.06666666666666667,3.466666666666667,17.695289611816406,1.8666666666666667,6.933333333333334,0.3333333333333333,28.706934461808313,34.785204921214664,6.666666666666667,1.6,0.6,0.0,19.787757285325018,33.13521442352516,39.27931293444268,11.8,1.2,0.0,21.191859291182993,24.247433334580055,0.06666666666666667,0.0,0.0,3.404374837875366,3.10962176322937,1.8788145780563354,27.729922302244393,0.3333333333333333,63.36518835749899,2.0,12.840259552001953,6.140095233917236,0.26666666666666666,1.3704113960266113,16.716651916503906
45,43.6,-7.3,Lugo,0.8,22.1,26.120426829268293,16.00609756097561,15,5390,1.7333333333333334,0.3333333333333333,0.0,0.0,0.0,26.854488372802734,29.95570182800293,31.192779541015625,21.398794174194336,0.7333333333333333,11.2,18.552352905273438,1.7333333333333334,6.733333333333333,0.4,27.907501653854645,33.137470391815626,5.866666666666666,1.0,0.13333333333333333,0.0,20.26729624259437,32.67699052624126,38.23788572844529,13.933333333333334,0.4666666666666667,0.0,21.05174713586263,23.673498673772443,0.0,0.0,0.0,3.8542237281799316,3.363837480545044,2.242663621902466,27.455728134654155,0.06666666666666667,65.54101277253416,6.133333333333334,14.042240142822266,5.475672721862793,0.0,3.315775156021118,15.195234298706055
46,43.3,-7.1,Lugo,29.5,22.4,20.0,25.876524390243905,15,5390,5.133333333333334,1.6,0.3333333333333333,0.0,0.0,28.530981063842773,31.625349044799805,33.872955322265625,21.354101181030273,0.0,0.7333333333333333,16.83531951904297,1.6,6.2,0.4666666666666667,29.981638454615833,36.829833572037565,9.666666666666666,3.6,0.9333333333333333,0.26666666666666666,20.529108133217978,33.672442794595135,41.027351857153775,14.933333333333334,2.3333333333333335,0.06666666666666667,21.506691569827662,24.453590010535986,0.13333333333333333,0.0,0.0,2.6080970764160156,2.357558488845825,1.4391019344329834,29.003283300230922,0.4666666666666667,60.77920471113536,0.3333333333333333,11.611008644104004,7.699970245361328,17.933333333333334,-2.4679455757141113,19.580326080322266
47,43.7,-7.9,A Coruña,2.1,22.7,23.71951219512195,21.257621951219512,15,5390,2.1333333333333333,0.6666666666666666,0.06666666666666667,0.0,0.0,26.832372665405273,30.660993576049805,32.371978759765625,20.945810317993164,1.0666666666666667,12.8,18.62581443786621,1.6,6.266666666666667,0.4,27.89864212407605,35.33890895262811,5.066666666666666,1.6666666666666667,0.5333333333333333,0.06666666666666667,19.293430686536237,33.32642721292656,41.08398035601789,12.8,1.8,0.06666666666666667,21.541574109398752,25.17162080987766,0.13333333333333333,0.0,0.0,4.475425720214844,4.1790924072265625,2.890859603881836,27.445137002880873,0.3333333333333333,67.35074531512666,9.266666666666667,13.951849937438965,4.945683479309082,0.0,3.8879480361938477,14.584800720214844
47,43.7,-7.4,Lugo,0.8,22.7,24.34451219512195,20.182926829268293,15,5390,1.9333333333333333,0.7333333333333333,0.06666666666666667,0.0,0.0,27.11931800842285,30.597414016723633,32.240386962890625,21.521713256835938,0.7333333333333333,11.666666666666666,18.626672744750977,1.6666666666666667,6.333333333333333,0.3333333333333333,28.256424823549537,33.75805134813082,6.533333333333333,1.6666666666666667,0.4666666666666667,0.0,20.302392075214883,33.31762722428811,39.50680073805142,15.733333333333333,1.3333333333333333,0.0,21.610922577421213,25.064069615070235,0.3333333333333333,0.0,0.0,3.73366117477417,3.3748505115509033,2.283329725265503,27.744218466030897,0.2,64.47235821841349,6.066666666666666,14.086249351501465,5.643998146057129,0.0,3.181419610977173,15.430740356445312
49,43.4,-7.9,A Coruña,24.4,22.8,18.74237804878049,28.94054878048781,15,5390,4.4,1.4666666666666666,0.4666666666666667,0.0,0.0,28.519943237304688,32.146671295166016,33.335113525390625,20.91890525817871,0.13333333333333333,1.8666666666666667,17.31687355041504,1.2666666666666666,5.4,0.4,29.51719774606356,36.29440310056944,8.666666666666666,2.933333333333333,1.2,0.13333333333333333,19.659332078651182,34.323467692349034,41.2303108508047,14.133333333333333,2.7333333333333334,0.2,21.938987293908518,25.439720306834158,0.6,0.0,0.0,3.450704336166382,3.1469521522521973,2.253730535507202,28.89385437690356,0.6666666666666666,63.19981740585599,1.4666666666666666,12.09805965423584,6.701071262359619,3.8,-0.08927612006664276,17.54407501220703
50,43.5,-7.8,A Coruña,21.3,23.3,24.260670731707318,21.920731707317074,15,5390,3.7333333333333334,0.9333333333333333,0.26666666666666666,0.0,0.0,28.022977828979492,31.471458435058594,33.086822509765625,20.78464698791504,0.0,2.0,17.299901962280273,1.6,6.733333333333333,0.6,29.04185849555351,35.88650764898417,7.0,2.066666666666667,0.7333333333333333,0.13333333333333333,19.472749997400328,33.58358105787695,40.39789756879887,12.533333333333333,2.0,0.06666666666666667,21.533855416188633,25.08690056610219,0.2,0.0,0.0,3.456378936767578,3.181461811065674,2.135101795196533,28.48715677308786,0.4666666666666667,63.867029485623426,1.4,12.223883628845215,6.396659851074219,2.533333333333333,0.409942626953125,17.155029296875
51,43.4,-8.0,A Coruña,16.3,23.5,18.559451219512194,30.914634146341463,15,5390,4.333333333333333,1.2666666666666666,0.3333333333333333,0.0,0.0,28.251781463623047,31.892263412475586,33.190826416015625,21.01140594482422,0.13333333333333333,3.466666666666667,17.62431526184082,1.3333333333333333,5.6,0.3333333333333333,29.302476129414917,36.415239391486516,8.533333333333333,3.1333333333333333,1.0666666666666667,0.2,19.69975330942903,34.39015687120343,41.32470569923171,15.133333333333333,2.933333333333333,0.2,22.045947920715307,25.385535604753958,0.5333333333333333,0.0,0.0,3.713104486465454,3.3707125186920166,2.4163434505462646,28.77559209699198,0.6,64.01990593169508,2.533333333333333,12.552342414855957,6.375679969787598,2.1333333333333333,0.7747912406921387,16.974838256835938
52,43.4,-7.7,Lugo,32.7,23.8,22.469512195121954,25.815548780487806,15,5390,5.066666666666666,1.3333333333333333,0.4,0.0,0.0,28.673036575317383,32.49149703979492,33.734283447265625,20.89861488342285,0.0,0.8,16.804548263549805,1.6,6.4,0.4666666666666667,29.800853976441115,36.12065147915937,8.8,3.2,1.0666666666666667,0.26666666666666666,19.786790152905407,33.9838756052577,40.425904062184486,13.333333333333334,2.6666666666666665,0.13333333333333333,21.627889714714566,24.870744582150618,0.26666666666666666,0.0,0.0,3.033412218093872,2.75589919090271,1.7345303297042847,28.883481743240544,0.6,62.3631498570486,0.5333333333333333,11.68398666381836,7.103551864624023,8.2,-1.0515027046203613,18.211977005004883
52,42.6,-7.1,Lugo,106.9,23.8,31.08231707317073,12.911585365853659,15,5390,12.666666666666666,4.6,1.0,0.0,0.0,30.442283630371094,33.27828598022461,34.277252197265625,22.554899215698242,0.0,0.6,16.776275634765625,1.6,6.266666666666667,0.2,29.44690544838518,34.2143954901519,11.933333333333334,2.066666666666667,0.4,0.0,20.87899053164087,32.26062077402972,36.89944581946196,11.866666666666667,0.3333333333333333,0.0,19.632095560782634,23.080411290750973,0.0,0.0,0.0,1.8399639129638672,1.7131905555725098,1.5926268100738525,29.575559832540232,0.4666666666666667,48.59002462910084,0.0,10.24444580078125,9.28783893585205,59.13333333333333,-4.404974460601807,23.97604751586914
52,43.4,-7.6,Lugo,31.7,23.8,24.900914634146343,22.134146341463413,15,5390,4.6,1.2666666666666666,0.4,0.0,0.0,28.521663665771484,32.38731002807617,33.878814697265625,20.841411590576172,0.0,0.5333333333333333,16.55950164794922,1.6666666666666667,6.666666666666667,0.4666666666666667,29.487556366258975,36.245965249721074,8.266666666666667,2.8,0.9333333333333333,0.13333333333333333,19.742490447220494,33.59572233028979,39.89897309951932,12.266666666666667,2.2,0.0,21.294986995274005,24.485087989636828,0.13333333333333333,0.0,0.0,2.8740665912628174,2.5966742038726807,1.4386705160140991,28.75402854528227,0.5333333333333333,61.80650296237988,0.4,11.420472145080566,7.237634181976318,11.133333333333333,-1.3991466760635376,18.534433364868164
55,42.8,-7.0,Lugo,84.8,24.2,31.844512195121954,12.644817073170731,15,5390,9.466666666666667,3.6666666666666665,0.9333333333333333,0.0,0.0,30.017086029052734,32.989742279052734,33.816070556640625,22.002761840820312,0.06666666666666667,1.5333333333333334,16.957515716552734,1.6,6.4,0.2,29.063611774635365,34.21631241636154,10.6,2.0,0.4,0.0,20.46311340079193,32.32306925441499,36.98213375112165,11.533333333333333,0.5333333333333333,0.0,19.86066843702946,23.915898439047773,0.0,0.0,0.0,2.1049883365631104,1.9439921379089355,1.7897700071334839,29.2012062570307,0.4,51.861121953743016,0.06666666666666667,10.14197063446045,8.81445026397705,54.06666666666667,-4.544993877410889,23.290929794311523
56,43.6,-7.8,A Coruña,10.8,24.4,26.196646341463413,21.707317073170735,15,5390,2.533333333333333,0.7333333333333333,0.06666666666666667,0.0,0.0,27.28041648864746,30.703935623168945,32.809478759765625,20.87453269958496,0.13333333333333333,4.6,17.884021759033203,1.8,7.0,0.5333333333333333,28.54887781012019,35.50008398052392,6.066666666666666,2.0,0.5333333333333333,0.13333333333333333,19.425673490972557,33.18644801792467,40.53591376215055,12.466666666666667,1.7333333333333334,0.06666666666666667,21.39838239562806,24.887501766990905,0.2,0.0,0.0,3.7993621826171875,3.527982234954834,2.286360740661621,27.918659405947302,0.3333333333333333,65.21552403540765,3.066666666666667,13.019112586975098,5.719529628753662,0.06666666666666667,1.9606311321258545,16.01012420654297
57,42.3,-7.5,Ourense,99.0,24.5,32.332317073170735,12.70579268292683,15,5390,12.533333333333333,4.866666666666666,0.9333333333333333,0.0,0.0,30.531707763671875,32.94136047363281,34.365142822265625,22.626813888549805,0.0,0.5333333333333333,16.409454345703125,1.6666666666666667,6.4,0.3333333333333333,29.27346321091153,34.09523999052465,12.0,2.066666666666667,0.26666666666666666,0.0,20.960247182902854,32.48027853342949,36.44149028913841,12.866666666666667,0.4,0.0,19.822684858354574,22.675276688203297,0.0,0.0,0.0,2.048673152923584,1.8883473873138428,1.7399911880493164,29.744244911410753,0.4,49.40855878970141,0.0,10.432976722717285,9.251416206359863,51.6,-4.445987701416016,23.63571548461914
58,43.4,-7.4,Lugo,21.6,24.8,22.225609756097562,28.719512195121947,15,5390,5.133333333333334,1.7333333333333334,0.5333333333333333,0.0,0.0,28.719146728515625,32.61850357055664,34.456939697265625,21.157804489135742,0.0,0.7333333333333333,16.742979049682617,1.6666666666666667,6.266666666666667,0.4,30.00692082540133,37.28849745878899,9.533333333333333,3.6666666666666665,1.1333333333333333,0.26666666666666666,20.253541819931662,34.115060160617986,40.62424792668417,14.266666666666667,2.7333333333333334,0.13333333333333333,21.550266268591024,24.699478668678804,0.2,0.0,0.0,2.7265117168426514,2.4423530101776123,1.3398679494857788,29.0912634360036,0.6,61.72237732175833,0.4666666666666667,11.76103401184082,7.326894283294678,10.2,-1.350250244140625,18.57958221435547
59,43.1,-8.9,A Coruña,16.2,24.9,24.382621951219512,25.571646341463417,15,5390,3.2,0.9333333333333333,0.0,0.0,0.0,27.741853713989258,31.275840759277344,31.813385009765625,20.858570098876953,0.26666666666666666,3.8666666666666667,17.689617156982422,1.8666666666666667,6.666666666666667,0.26666666666666666,28.91099150658442,36.26847208557376,6.6,2.2,0.8666666666666667,0.13333333333333333,19.235677452692496,33.88561462590869,41.503268418372684,15.133333333333333,2.2,0.26666666666666666,21.849080529061684,25.84897860363374,0.6666666666666666,0.0,0.0,4.271800518035889,4.048582077026367,2.8098347187042236,28.12224439106751,0.4666666666666667,66.215537988611,2.7333333333333334,13.22452163696289,5.821430206298828,0.5333333333333333,1.6021032333374023,15.623025894165039
59,43.5,-7.3,Lugo,8.0,24.9,25.16768292682927,24.390243902439025,15,5390,3.0,0.8666666666666667,0.06666666666666667,0.0,0.0,27.659160614013672,31.076282501220703,32.386627197265625,21.34126853942871,0.26666666666666666,4.666666666666667,17.817907333374023,1.7333333333333334,6.6,0.4,28.99953128874012,35.55131230979811,8.666666666666666,2.4,0.9333333333333333,0.06666666666666667,20.524724823645176,33.83189757637446,40.07822607378077,15.733333333333333,1.6666666666666667,0.06666666666666667,21.663902390584617,24.340857944005144,0.2,0.0,0.0,3.236191511154175,2.8379428386688232,1.6879740953445435,28.251976044648153,0.4,64.61159352830882,2.4,13.159517288208008,6.473126411437988,1.1333333333333333,1.036617398262024,16.777111053466797
61,43.7,-7.8,A Coruña,3.4,25.5,26.585365853658537,23.92530487804878,15,5390,2.3333333333333335,0.6666666666666666,0.06666666666666667,0.0,0.0,26.900606155395508,30.717952728271484,32.651275634765625,21.109357833862305,0.7333333333333333,11.333333333333334,18.532392501831055,1.7333333333333334,6.6,0.4,28.483531009456847,35.47572073698871,5.733333333333333,1.8666666666666667,0.6666666666666666,0.13333333333333333,19.585675324015067,33.45176234913428,41.17986406899891,13.533333333333333,1.8666666666666667,0.06666666666666667,21.613434347425162,25.193859247138974,0.2,0.0,0.0,4.160749912261963,3.8915529251098633,2.544727087020874,27.724554979962853,0.26666666666666666,66.43998338921712,7.266666666666667,13.908461570739746,5.190506935119629,0.0,3.575413703918457,14.987173080444336
62,42.3,-7.3,Ourense,115.4,25.7,34.2530487804878,12.797256097560973,15,5390,13.266666666666667,5.133333333333334,1.4,0.0,0.0,30.63978385925293,32.900787353515625,34.509674072265625,22.701175689697266,0.0,0.8666666666666667,16.813671112060547,1.6,6.133333333333334,0.4,29.181748984001953,34.09747544230632,12.333333333333334,2.1333333333333333,0.2,0.0,21.00977302692576,32.40719632164562,36.61704922113279,12.8,0.4666666666666667,0.0,19.658592358409134,22.56945935047712,0.0,0.0,0.0,1.9237067699432373,1.7863980531692505,1.7440661191940308,29.747997092869916,0.4,48.966336703391285,0.0,10.357322692871094,9.14803409576416,54.666666666666664,-4.327591419219971,23.930950164794922
63,43.7,-7.5,Lugo,3.0,26.1,29.496951219512194,21.08993902439024,15,5390,1.9333333333333333,0.7333333333333333,0.06666666666666667,0.0,0.0,27.103755950927734,30.58476448059082,32.197418212890625,21.498462677001953,0.7333333333333333,11.4,18.613609313964844,1.8,6.866666666666666,0.3333333333333333,28.225374323611963,33.9162703167717,6.533333333333333,1.7333333333333334,0.5333333333333333,0.0,20.26426300777955,33.44148626502297,39.650404404506666,15.2,1.5333333333333334,0.0,21.58503925431156,24.953189867648636,0.4,0.0,0.0,3.733428478240967,3.38893723487854,2.225376605987549,27.659207433746744,0.26666666666666666,64.52848481217877,6.133333333333334,14.048591613769531,5.633830547332764,0.0,3.123919725418091,15.45347785949707
64,42.3,-8.8,Pontevedra,1.9,26.2,24.977134146341463,28.033536585365855,15,5390,5.866666666666666,1.6,0.2,0.0,0.0,28.922239303588867,31.258581161499023,33.700836181640625,22.33490753173828,1.9333333333333333,16.066666666666666,19.02190589904785,1.4,5.6,0.2,28.894052540537057,34.57806703307029,9.933333333333334,2.4,0.7333333333333333,0.0,21.019475975405218,33.76929407103921,39.84924103212235,21.8,2.1333333333333333,0.0,21.24770949030467,24.5377805744645,0.13333333333333333,0.0,0.0,4.503009796142578,4.080512523651123,4.14829158782959,29.09270040848349,0.4666666666666667,63.90440041002722,8.666666666666666,14.792025566101074,5.573362827301025,0.0,3.825233221054077,15.157803535461426
65,42.9,-9.1,A Coruña,3.4,26.4,28.76524390243902,22.8125,15,5390,3.8666666666666667,0.9333333333333333,0.2,0.0,0.0,28.10838508605957,31.32073402404785,33.437652587890625,21.39178466796875,0.7333333333333333,7.466666666666667,18.3550968170166,1.8,6.533333333333333,0.3333333333333333,28.464223438587123,35.24323560215488,7.266666666666667,1.8,0.8666666666666667,0.06666666666666667,19.84223639970456,33.640410051479506,40.2817243176825,16.2,1.8666666666666667,0.13333333333333333,21.36695091623864,25.115562073673818,0.3333333333333333,0.0,0.0,4.418622970581055,4.2185959815979,4.05470609664917,28.525957495554437,0.5333333333333333,65.54858662665887,4.6,13.910572052001953,5.448643684387207,0.0,2.9437901973724365,15.249405860900879
66,43.2,-7.2,Lugo,40.6,26.5,25.60975609756098,27.759146341463417,15,5390,6.533333333333333,2.3333333333333335,0.8,0.0,0.0,29.194215774536133,32.66328811645508,34.636138916015625,21.57869529724121,0.0,0.9333333333333333,16.73150062561035,1.4666666666666666,6.266666666666667,0.4,29.926749537227874,35.898576266363406,10.533333333333333,3.3333333333333335,1.4666666666666666,0.13333333333333333,20.478028251643686,34.23703961952727,39.05213657184292,16.066666666666666,2.466666666666667,0.0,21.359932165996284,24.19599928951383,0.26666666666666666,0.0,0.0,2.732483386993408,2.5204386711120605,1.6019874811172485,29.473759940974922,0.8666666666666667,59.00125688449445,0.6,11.296399116516113,8.024924278259277,24.2,-2.92109751701355,20.433008193969727
66,43.3,-8.0,A Coruña,18.6,26.5,20.823170731707318,35.09908536585366,15,5390,5.466666666666667,1.8666666666666667,0.4666666666666667,0.0,0.0,28.85411262512207,32.4593391418457,33.676910400390625,21.427684783935547,0.13333333333333333,2.8666666666666667,17.539695739746094,1.3333333333333333,5.666666666666667,0.4666666666666667,29.91494997238165,36.31847018767681,10.0,3.533333333333333,1.6,0.2,20.142777282249796,34.64857503283197,40.46243305824574,17.866666666666667,3.3333333333333335,0.13333333333333333,21.93497240955207,24.882671371440725,0.5333333333333333,0.0,0.0,3.598576307296753,3.268488883972168,2.363595962524414,29.17780882078032,1.1333333333333333,61.980235833539226,2.1333333333333333,12.404284477233887,6.8843512535095215,4.466666666666667,-0.3361584544181824,17.938997268676758
66,43.0,-8.9,A Coruña,22.2,26.5,23.788109756097562,30.625,15,5390,4.933333333333334,1.5333333333333334,0.26666666666666666,0.0,0.0,28.70804786682129,31.800283432006836,33.047027587890625,21.40445899963379,0.3333333333333333,3.933333333333333,17.777868270874023,1.6,6.0,0.4,29.498606512574582,35.51256642918017,9.333333333333334,2.6666666666666665,1.1333333333333333,0.26666666666666666,19.948104339912312,34.42817692095401,40.688117956668385,17.733333333333334,2.533333333333333,0.4666666666666667,21.73103088196016,25.25772564561166,0.6666666666666666,0.0,0.0,3.874600648880005,3.7427735328674316,2.8083460330963135,28.873743805194476,0.6,63.93101741655109,2.933333333333333,13.167963981628418,6.254415035247803,1.2,1.128778100013733,16.634735107421875
69,43.3,-8.4,A Coruña,5.4,26.7,22.065548780487802,33.72713414634146,15,5390,4.0,1.2666666666666666,0.26666666666666666,0.0,0.0,28.149587631225586,31.693819046020508,32.656158447265625,21.401391983032227,0.3333333333333333,7.8,18.209434509277344,1.4666666666666666,5.866666666666666,0.3333333333333333,29.352757978396628,36.460051996288385,8.133333333333333,2.8,0.9333333333333333,0.2,20.01116895304403,34.54640637607095,41.93228980162577,18.733333333333334,3.2,0.4,22.107934579128045,25.678478842688833,0.8,0.0,0.0,4.276081085205078,3.859128952026367,2.79091739654541,28.68955857868204,0.6666666666666666,65.59999356308253,5.4,13.826762199401855,5.897707462310791,0.3333333333333333,1.9590197801589966,15.628232955932617
70,42.9,-6.9,Lugo,73.8,27.0,35.015243902439025,14.855182926829269,15,5390,9.333333333333334,3.6,0.9333333333333333,0.0,0.0,29.941984176635742,33.11378479003906,34.243560791015625,21.945022583007812,0.2,2.3333333333333335,17.201099395751953,1.6,6.533333333333333,0.26666666666666666,29.31947052710819,34.37116201660946,10.733333333333333,2.3333333333333335,0.4666666666666667,0.0,20.5281215470239,32.48593397270965,36.979728384498515,12.133333333333333,0.7333333333333333,0.0,20.045928379638983,23.81284604324793,0.0,0.0,0.0,2.1239383220672607,1.9607118368148804,1.7635114192962646,29.454986579791044,0.4666666666666667,53.04810786537275,0.13333333333333333,10.252259254455566,8.613659858703613,51.266666666666666,-4.279293060302734,23.05937957763672
71,43.5,-7.1,Lugo,7.4,27.1,26.77591463414634,27.599085365853657,15,5390,3.0,0.8666666666666667,0.06666666666666667,0.0,0.0,27.692577362060547,31.05105209350586,32.628814697265625,21.36061668395996,0.26666666666666666,4.933333333333334,17.907514572143555,1.7333333333333334,6.733333333333333,0.3333333333333333,29.091290693299353,35.89296404684918,9.133333333333333,2.466666666666667,0.7333333333333333,0.13333333333333333,20.658212454976248,34.216315110242334,41.7655348489875,17.133333333333333,2.2666666666666666,0.2,21.974761073600472,25.754560621168128,0.3333333333333333,0.0,0.0,3.1785483360290527,2.7960171699523926,1.737038254737854,28.199473633495547,0.3333333333333333,65.25529207502197,2.466666666666667,13.277928352355957,6.471122741699219,1.1333333333333333,0.8989123702049255,16.73546028137207
71,42.2,-7.5,Ourense,99.3,27.1,37.15701219512195,12.134146341463415,15,5390,13.266666666666667,5.2,1.0666666666666667,0.0,0.0,30.702972412109375,32.96302032470703,34.460113525390625,22.884424209594727,0.0,0.8666666666666667,16.457368850708008,1.7333333333333334,6.666666666666667,0.4666666666666667,29.271839027818533,34.32666581098498,12.066666666666666,2.2,0.13333333333333333,0.0,21.103557687026846,32.138131788971066,35.84679491977115,11.933333333333334,0.26666666666666666,0.0,19.376721944156476,22.46810731151724,0.0,0.0,0.0,1.9599109888076782,1.8262715339660645,1.654285192489624,29.701001309382253,0.26666666666666666,47.33993519776176,0.0,10.429505348205566,9.296530723571777,53.53333333333333,-4.312545299530029,23.94664192199707
73,43.4,-8.1,A Coruña,8.2,27.2,20.777439024390247,36.798780487804876,15,5390,4.6,1.4666666666666666,0.2,0.0,0.0,28.432634353637695,31.440784454345703,33.393951416015625,21.26033592224121,0.3333333333333333,6.266666666666667,18.258195877075195,1.4666666666666666,5.666666666666667,0.3333333333333333,29.66940879246643,36.38149783734424,9.0,3.2666666666666666,1.3333333333333333,0.2,19.937899689738142,34.82320199720196,41.878599040594075,18.8,3.533333333333333,0.4,22.331717760764963,25.78301118735333,0.7333333333333333,0.0,0.0,4.0117692947387695,3.6270647048950195,2.6672961711883545,28.948804952901547,0.7333333333333333,65.02708300573644,4.666666666666667,13.28783893585205,6.024172306060791,0.4666666666666667,1.7840710878372192,16.237993240356445
74,43.2,-7.1,Lugo,40.6,27.3,27.52286585365854,26.90548780487805,15,5390,6.666666666666667,2.466666666666667,0.8,0.0,0.0,29.155122756958008,32.588443756103516,34.542877197265625,21.58005714416504,0.0,0.9333333333333333,16.75130271911621,1.5333333333333334,6.466666666666667,0.4,29.805197124909864,36.10971306232051,10.4,3.4,1.2666666666666666,0.13333333333333333,20.53949611588672,34.14934446707596,39.4159727012136,15.733333333333333,2.466666666666667,0.0,21.30688468566328,24.119771752886777,0.13333333333333333,0.0,0.0,2.61409592628479,2.400947332382202,1.598858118057251,29.437271870968008,0.9333333333333333,58.89504278852554,0.6666666666666666,11.243138313293457,8.118953704833984,26.266666666666666,-3.244713068008423,20.62137794494629
75,43.3,-7.9,Lugo,26.5,28.1,22.942073170731707,35.929878048780495,15,5390,6.0,2.2,0.6,0.0,0.0,29.0568790435791,32.589134216308594,33.817535400390625,21.369218826293945,0.13333333333333333,1.8666666666666667,17.216140747070312,1.3333333333333333,5.733333333333333,0.4666666666666667,30.051158074459593,36.0978363194625,10.066666666666666,3.7333333333333334,1.5333333333333334,0.13333333333333333,20.13251194314875,34.73806977284818,40.715655720608936,16.666666666666668,3.0,0.2,21.825685076271085,25.08536445037627,0.4,0.0,0.0,3.4204111099243164,3.118450164794922,2.199965238571167,29.405174568712322,1.0666666666666667,61.46093930957244,1.6,12.07364273071289,7.143398284912109,6.666666666666667,-1.023016333580017,18.385149002075195
76,43.7,-7.6,Lugo,0.8,28.2,31.577743902439025,23.1859756097561,15,5390,1.9333333333333333,0.8666666666666667,0.13333333333333333,0.0,0.0,27.174785614013672,30.793920516967773,32.086090087890625,21.442201614379883,0.6,10.8,18.609275817871094,1.8,7.133333333333334,0.4,28.473799623142014,34.3739691458689,6.533333333333333,1.8,0.6666666666666666,0.0,20.150907986166676,33.47811665856234,40.1879661962344,14.466666666666667,1.8,0.06666666666666667,21.620588612412753,24.834905441967134,0.4,0.0,0.0,3.748904228210449,3.4475064277648926,2.154068946838379,27.91796797129425,0.4,64.67111720755635,6.066666666666666,13.94955062866211,5.643511772155762,0.0,2.947857618331909,15.547309875488281
77,42.2,-7.0,Ourense,140.4,28.3,43.079268292682926,6.128048780487804,15,5390,12.8,4.933333333333334,1.0666666666666667,0.0,0.0,30.430082321166992,32.22488784790039,33.903228759765625,22.75929832458496,0.3333333333333333,2.933333333333333,17.47614097595215,1.8,6.933333333333334,0.4,28.468588660353493,33.25254336700112,9.6,0.6666666666666666,0.2,0.0,20.797624674119497,31.310475798925424,36.59876720650736,8.2,0.13333333333333333,0.0,18.705825826474506,22.858072752038193,0.0,0.0,0.0,1.7643295526504517,1.6863635778427124,1.6524527072906494,29.1998615282419,0.13333333333333333,45.57264050846277,0.0,10.043707847595215,8.758570671081543,57.86666666666667,-4.735113620758057,24.164426803588867
78,43.4,-7.8,Lugo,32.1,28.4,27.164634146341466,30.365853658536587,15,5390,4.733333333333333,1.6,0.5333333333333333,0.0,0.0,28.862098693847656,32.64125061035156,33.860504150390625,20.93362808227539,0.06666666666666667,1.3333333333333333,16.996631622314453,1.5333333333333334,6.6,0.5333333333333333,29.863970689974398,36.4605375559059,9.2,3.466666666666667,1.0666666666666667,0.2,19.752375267844194,34.45465824907993,41.228632541609976,13.8,2.7333333333333334,0.26666666666666666,21.873639225834246,25.362168201760262,0.4,0.0,0.0,3.2204396724700928,2.9422106742858887,1.971034288406372,29.147593498049865,0.7333333333333333,62.610637507085805,1.0666666666666667,11.872395515441895,6.954627513885498,5.866666666666666,-0.6468176245689392,17.932682037353516
79,43.5,-7.2,Lugo,7.4,28.6,30.72408536585366,25.35060975609756,15,5390,2.6,0.8,0.06666666666666667,0.0,0.0,27.522647857666016,30.79494285583496,32.259674072265625,21.394481658935547,0.4,6.066666666666666,18.06476402282715,1.8666666666666667,7.2,0.4,29.04783170882051,35.558447456403115,8.733333333333333,2.1333333333333333,0.6666666666666666,0.06666666666666667,20.624327374325517,33.95430513903158,40.60137911923059,17.133333333333333,1.7333333333333334,0.13333333333333333,21.8868812953999,25.087112066309775,0.26666666666666666,0.0,0.0,3.341391086578369,2.927464246749878,1.7838393449783325,28.16780134595711,0.3333333333333333,65.43035952008846,3.0,13.472373962402344,6.304612159729004,0.3333333333333333,1.4340221881866455,16.418102264404297
80,43.2,-7.0,Lugo,40.6,28.9,28.285060975609756,29.878048780487806,15,5390,7.4,2.466666666666667,0.8666666666666667,0.0,0.0,29.333311080932617,32.79617691040039,34.947174072265625,21.63214683532715,0.0,1.0666666666666667,16.836872100830078,1.5333333333333334,6.466666666666667,0.4,30.056520388800205,36.238162820121474,11.133333333333333,3.6666666666666665,1.4,0.13333333333333333,20.695001997052252,34.276658634030014,39.3267790793489,16.4,2.533333333333333,0.0,21.405901468758227,24.29640280794308,0.13333333333333333,0.0,0.0,2.439006805419922,2.2167775630950928,1.5458048582077026,29.572827915513294,1.1333333333333333,58.77606781561287,0.6,11.233073234558105,8.248897552490234,28.133333333333333,-3.2741124629974365,20.813018798828125
81,43.4,-7.2,Lugo,18.5,29.0,20.190548780487806,42.19512195121951,15,5390,5.6,1.8666666666666667,0.3333333333333333,0.0,0.0,28.644468307495117,31.874799728393555,34.367095947265625,21.48951530456543,0.06666666666666667,1.8,17.182497024536133,1.6,6.0,0.4,30.449544468396866,37.772210754284394,11.066666666666666,4.4,1.7333333333333334,0.4,20.847642224001273,35.18853250726812,43.36698114381663,18.333333333333332,3.7333333333333334,0.3333333333333333,22.12690099752093,26.16537468036888,0.5333333333333333,0.13333333333333333,0.0,2.722529888153076,2.4390063285827637,1.3473176956176758,29.339187509609115,0.8,62.705625493394216,0.9333333333333333,12.409720420837402,7.349170207977295,8.066666666666666,-1.1026697158813477,18.371967315673828
82,43.3,-7.2,Lugo,29.5,29.3,26.257621951219516,33.887195121951216,15,5390,5.933333333333334,1.8,0.4666666666666667,0.0,0.0,28.8918514251709,32.181983947753906,34.404205322265625,21.48905372619629,0.0,1.2666666666666666,16.927757263183594,1.6666666666666667,6.666666666666667,0.4666666666666667,30.28344940111877,37.03611336593072,11.0,4.133333333333334,1.1333333333333333,0.2,20.667166331853217,34.18388085223352,40.959941085784486,16.666666666666668,2.8666666666666667,0.13333333333333333,21.756942477775777,25.07837554442546,0.2,0.0,0.0,2.693103551864624,2.440598249435425,1.4048527479171753,29.411647894004,0.5333333333333333,60.93478250467951,0.8666666666666667,11.82345962524414,7.645905494689941,15.266666666666667,-1.9592711925506592,19.37060546875
83,43.1,-7.2,Lugo,51.6,29.8,32.797256097560975,25.327743902439025,15,5390,8.133333333333333,2.6666666666666665,0.9333333333333333,0.06666666666666667,0.0,29.4388484954834,33.14537811279297,35.018951416015625,21.753007888793945,0.06666666666666667,0.9333333333333333,16.753379821777344,1.4,5.933333333333334,0.3333333333333333,29.8144975717188,35.54268185368442,10.533333333333333,3.1333333333333333,1.2,0.06666666666666667,20.428824068454162,33.90359762725542,39.43070681048757,15.8,2.466666666666667,0.0,21.106857455914792,24.427892187040047,0.06666666666666667,0.0,0.0,2.7283120155334473,2.5397136211395264,1.739478588104248,29.57554873949426,1.1333333333333333,57.09418322950851,0.5333333333333333,10.977725982666016,8.324187278747559,31.466666666666665,-3.599207878112793,21.273326873779297
83,43.2,-8.5,A Coruña,14.1,29.8,30.510670731707318,28.734756097560975,15,5390,4.133333333333334,1.1333333333333333,0.4666666666666667,0.0,0.0,28.394590377807617,32.1233024597168,32.740142822265625,21.20926284790039,0.13333333333333333,2.933333333333333,17.49134063720703,1.6666666666666667,7.0,0.4666666666666667,29.43915028349065,35.76452067483445,8.0,2.6,0.9333333333333333,0.13333333333333333,19.824835341235875,34.19412126339665,40.7705022842894,16.866666666666667,2.6666666666666665,0.3333333333333333,21.84716098835876,25.412623604594817,0.6666666666666666,0.0,0.0,3.868636131286621,3.5384082794189453,2.3930752277374268,28.65894641528754,0.4666666666666667,63.950705592553895,2.2,12.895990371704102,6.551624298095703,3.6666666666666665,-0.04481323063373566,16.86235809326172
85,43.1,-7.3,Lugo,51.7,29.9,31.16615853658537,27.972560975609753,15,5390,7.933333333333334,3.0,0.9333333333333333,0.06666666666666667,0.0,29.417640686035156,33.19816589355469,35.108795166015625,21.83522605895996,0.06666666666666667,0.6666666666666666,16.750656127929688,1.3333333333333333,5.666666666666667,0.3333333333333333,30.023584286834346,35.55266810427517,10.8,3.6666666666666665,1.2,0.06666666666666667,20.454234394841396,34.070151759207874,39.36851859368393,16.333333333333332,2.6666666666666665,0.0,21.263187498779548,24.663916107993323,0.13333333333333333,0.0,0.0,2.8962559700012207,2.7028682231903076,1.737131953239441,29.605811570179053,1.2,57.064498352067474,0.26666666666666666,11.140481948852539,8.229351997375488,28.133333333333333,-3.3291077613830566,21.04473304748535
86,43.1,-8.8,A Coruña,20.9,30.8,30.922256097560975,30.663109756097565,15,5390,3.933333333333333,1.3333333333333333,0.26666666666666666,0.0,0.0,28.169017791748047,31.890287399291992,32.545806884765625,21.099777221679688,0.26666666666666666,3.2,17.513486862182617,1.8,7.0,0.4,29.332021087355347,36.503741401510574,8.0,2.8,1.2,0.2,19.62106931141669,34.483009703216865,41.953107907754884,16.666666666666668,2.8666666666666667,0.3333333333333333,22.0828246498825,25.993722051850682,0.8,0.0,0.0,3.9736063480377197,3.7603065967559814,2.4212374687194824,28.639138060034636,0.5333333333333333,64.93507263100679,2.466666666666667,13.066526412963867,6.2877044677734375,1.8666666666666667,0.6817883253097534,16.34204864501953
86,42.6,-7.2,Lugo,106.9,30.8,36.516768292682926,22.34756097560976,15,5390,14.866666666666667,5.8,1.7333333333333334,0.0,0.0,30.93833351135254,33.91044235229492,34.876861572265625,22.94411277770996,0.0,0.8,16.966999053955078,1.4666666666666666,5.866666666666666,0.2,30.036572693238675,35.2351775459064,14.666666666666666,3.8,0.8,0.06666666666666667,21.38896804517861,33.17876898908028,37.61667792979065,15.933333333333334,0.9333333333333333,0.0,20.201135279099177,23.371261177111435,0.0,0.0,0.0,1.955691933631897,1.7973271608352661,1.6016453504562378,30.235607928639777,0.9333333333333333,49.35073226517373,0.0,10.716185569763184,9.333098411560059,47.2,-4.316648960113525,23.852046966552734
88,42.1,-7.0,Ourense,141.5,31.3,48.52896341463415,5.480182926829268,15,5390,14.266666666666667,5.333333333333333,1.2,0.0,0.0,30.63898277282715,32.72876739501953,34.537994384765625,23.139305114746094,0.4666666666666667,2.933333333333333,17.567655563354492,1.8,7.333333333333333,0.5333333333333333,28.378429873119934,32.66601265349731,9.8,0.6666666666666666,0.06666666666666667,0.0,20.927890768345122,31.178855464873788,35.023788606133195,8.133333333333333,0.06666666666666667,0.0,18.299091808987217,21.37496849991955,0.0,0.0,0.0,1.8930611610412598,1.8503226041793823,1.8336920738220215,29.197577751941427,0.13333333333333333,43.32782966022878,0.0,10.141399383544922,8.889994621276855,57.86666666666667,-4.630062103271484,24.507049560546875
89,42.9,-9.0,A Coruña,11.5,31.7,29.969512195121954,34.17682926829268,15,5390,6.2,1.8666666666666667,0.5333333333333333,0.0,0.0,29.087841033935547,32.53681182861328,34.429840087890625,21.77689552307129,0.4666666666666667,6.4,18.1969051361084,1.8,6.333333333333333,0.26666666666666666,29.636004887681356,37.09341598309298,10.6,3.066666666666667,1.4,0.2,20.360696170601223,34.593182611011855,42.088258242335634,19.6,2.8666666666666667,0.26666666666666666,21.807081420375944,25.826635623611725,0.6666666666666666,0.0,0.0,3.9529850482940674,3.8424057960510254,3.3482654094696045,29.32761068042581,0.8666666666666667,63.559710648195264,4.6,13.643622398376465,6.070493221282959,0.26666666666666666,1.7555700540542603,16.375850677490234
90,42.3,-8.7,Pontevedra,3.6,32.0,26.577743902439025,40.19054878048781,15,5390,7.933333333333334,2.6,0.4,0.0,0.0,29.3437442779541,31.938304901123047,33.778961181640625,22.73368263244629,1.5333333333333334,11.866666666666667,18.838808059692383,1.4,5.6,0.3333333333333333,29.920183495390624,36.020050937854464,15.933333333333334,3.533333333333333,1.4,0.2,21.859152962465703,34.96089521699164,41.262181134873714,29.266666666666666,3.533333333333333,0.2,21.843504911152895,25.287307745417476,0.26666666666666666,0.0,0.0,3.7533040046691895,3.4162158966064453,3.345660924911499,29.668220580201492,1.0,62.60673265811305,8.466666666666667,14.37691593170166,6.61641788482666,0.13333333333333333,2.0241785049438477,16.948518753051758
90,43.2,-8.0,A Coruña,24.2,32.0,24.90091463414634,42.766768292682926,15,5390,7.466666666666667,2.533333333333333,0.8666666666666667,0.0,0.0,29.71320343017578,32.940303802490234,34.469879150390625,21.81344223022461,0.13333333333333333,2.0,17.228700637817383,1.3333333333333333,5.466666666666667,0.4,30.503666507940874,35.61421170748116,11.533333333333333,4.266666666666667,1.7333333333333334,0.26666666666666666,20.521784633438134,35.05621260676528,40.57401685448692,19.866666666666667,3.6666666666666665,0.3333333333333333,21.92969937057293,24.836243828875343,0.6,0.0,0.0,3.470036745071411,3.159040927886963,2.328864812850952,29.79818522082152,1.1333333333333333,59.70657829276108,1.6666666666666667,12.136967658996582,7.43641996383667,8.6,-1.3051599264144897,19.019880294799805
92,42.8,-7.1,Lugo,84.8,32.6,38.91006097560975,23.117378048780488,15,5390,11.733333333333333,4.4,1.3333333333333333,0.0,0.0,30.46700096130371,33.71262741088867,34.495758056640625,22.381847381591797,0.06666666666666667,1.7333333333333334,17.066932678222656,1.6666666666666667,6.666666666666667,0.2,29.98876718574997,35.00554507600045,13.533333333333333,3.533333333333333,0.8666666666666667,0.06666666666666667,21.00619612883544,33.39553890193613,38.13538377291285,17.0,1.3333333333333333,0.0,20.581685791160854,24.534291661883834,0.06666666666666667,0.0,0.0,2.2169368267059326,2.038074254989624,1.846727967262268,29.804205930884372,0.9333333333333333,52.77505185609976,0.4,10.65433120727539,8.897639274597168,44.0,-4.370382308959961,23.069520950317383
93,42.7,-7.3,Lugo,95.9,32.7,37.195121951219505,26.074695121951216,15,5390,12.733333333333333,5.066666666666666,1.6666666666666667,0.0,0.0,30.634241104125977,33.8879280090332,34.665679931640625,22.679424285888672,0.06666666666666667,0.6666666666666666,16.700166702270508,1.4666666666666666,6.066666666666666,0.26666666666666666,30.25933391466134,35.30725394568668,15.2,3.7333333333333334,1.0666666666666667,0.06666666666666667,21.26317354593618,33.58812291199556,37.94619295563123,18.0,1.4,0.0,20.682361420197314,23.855590074696313,0.0,0.0,0.0,2.2485005855560303,2.051366090774536,1.7462494373321533,30.105692438256494,1.0666666666666667,51.93387393987316,0.13333333333333333,10.889723777770996,9.112360954284668,40.733333333333334,-4.220213413238525,23.035764694213867
93,43.2,-7.9,Lugo,30.7,32.7,24.664634146341463,44.824695121951216,15,5390,7.4,2.933333333333333,0.8666666666666667,0.0,0.0,29.54408073425293,33.02906036376953,34.424957275390625,21.77692985534668,0.13333333333333333,1.5333333333333334,17.070219039916992,1.3333333333333333,5.533333333333333,0.4666666666666667,30.571852808091123,35.48510442611076,11.533333333333333,4.733333333333333,1.8,0.26666666666666666,20.48991260608818,35.1622444593197,40.556510219869665,19.266666666666666,3.8666666666666667,0.2,21.954504171039215,25.00874351760956,0.6,0.0,0.0,3.430788040161133,3.1322412490844727,2.2163732051849365,29.7395414287486,1.1333333333333333,59.499686653596704,1.3333333333333333,11.951040267944336,7.551143646240234,10.4,-1.6688733100891113,19.270891189575195
95,43.4,-7.3,Lugo,18.7,32.9,27.858231707317078,40.38871951219512,15,5390,5.666666666666667,2.0,0.6666666666666666,0.0,0.0,28.792163848876953,32.46172332763672,34.736236572265625,21.48524284362793,0.0,1.4666666666666666,17.117340087890625,1.8,6.666666666666667,0.4,30.487530989445016,37.97710009309225,11.466666666666667,4.733333333333333,1.6666666666666667,0.4666666666666667,20.753479813641093,34.87956190083172,42.21374140485473,16.933333333333334,3.6,0.26666666666666666,21.98365220682393,25.370184635034917,0.4666666666666667,0.0,0.0,2.7183852195739746,2.431281566619873,1.3164507150650024,29.517599241596937,0.9333333333333333,62.125250446754094,0.9333333333333333,12.284640312194824,7.365075588226318,7.866666666666666,-1.0589098930358887,18.427595138549805
96,42.8,-7.2,Lugo,84.8,33.2,36.875,27.79725609756098,15,5390,12.066666666666666,4.733333333333333,1.4666666666666666,0.0,0.0,30.516735076904297,33.91847610473633,34.720367431640625,22.49520492553711,0.06666666666666667,1.6,17.000669479370117,1.5333333333333334,6.333333333333333,0.3333333333333333,30.039299402418447,35.25932711181886,15.0,3.7333333333333334,1.1333333333333333,0.06666666666666667,21.16935171604719,33.92369835433605,38.53449695525187,18.533333333333335,1.9333333333333333,0.0,20.98501000301846,24.114239753649926,0.13333333333333333,0.0,0.0,2.324552297592163,2.1336262226104736,1.8602796792984009,30.092086749055284,1.3333333333333333,53.296742686636456,0.6,10.888914108276367,8.909997940063477,39.46666666666667,-4.298616886138916,22.80089569091797
97,43.1,-7.9,Lugo,37.7,33.5,25.663109756097562,45.25914634146342,15,5390,8.266666666666667,3.066666666666667,1.0666666666666667,0.0,0.0,29.830625534057617,33.43003463745117,34.643707275390625,21.910375595092773,0.06666666666666667,1.0666666666666667,16.802221298217773,1.3333333333333333,5.466666666666667,0.4,30.81191053361217,35.74350167098667,12.733333333333333,4.733333333333333,1.8666666666666667,0.26666666666666666,20.57349526749131,35.11692961113343,41.020427663880604,20.266666666666666,3.933333333333333,0.2,21.895390418898735,24.752838754544555,0.6,0.0,0.0,3.3468880653381348,3.0616705417633057,2.1940295696258545,29.95530599119531,1.2,58.00431047146588,0.9333333333333333,11.602811813354492,7.9219279289245605,15.933333333333334,-2.3692493438720703,20.048166275024414
98,43.1,-8.0,A Coruña,32.7,33.6,26.097560975609756,44.8170731707317,15,5390,8.6,3.0,1.0666666666666667,0.0,0.0,29.88190269470215,33.147117614746094,34.493316650390625,21.941946029663086,0.06666666666666667,1.1333333333333333,16.8304386138916,1.3333333333333333,5.533333333333333,0.4,30.701411461781163,36.0777223997346,12.866666666666667,4.733333333333333,1.9333333333333333,0.4666666666666667,20.6576416549307,35.12220477085916,41.082087541649855,20.866666666666667,3.933333333333333,0.26666666666666666,21.9038989218301,24.945455707682463,0.6,0.0,0.0,3.3230011463165283,3.0318896770477295,2.214008331298828,30.011719370219396,1.2,58.30504148204638,1.0,11.760427474975586,7.8732500076293945,14.4,-2.265470027923584,19.831192016601562
99,42.6,-9.0,A Coruña,4.0,34.0,30.777439024390247,38.948170731707314,15,5390,11.066666666666666,3.2666666666666666,0.6666666666666666,0.0,0.0,29.8887882232666,33.45452117919922,34.624908447265625,23.0604305267334,1.4,16.533333333333335,18.94223403930664,1.6,5.666666666666667,0.2,29.997380530653878,35.37346777087128,12.266666666666667,3.6,1.1333333333333333,0.06666666666666667,21.43020087286017,34.696857269782036,40.88839113908567,25.8,3.2,0.13333333333333333,21.60519147398987,25.020181804092847,0.2,0.0,0.0,4.397121906280518,4.141645908355713,3.933584690093994,29.903849545588788,1.0,59.86603272925031,7.4,14.934383392333984,6.0306196212768555,0.0,3.135467529296875,16.095523834228516
100,43.1,-8.6,A Coruña,23.4,34.1,29.626524390243905,40.76219512195122,15,5390,5.733333333333333,2.0,0.6,0.0,0.0,28.996667861938477,32.83671951293945,33.475494384765625,21.444488525390625,0.06666666666666667,2.2666666666666666,17.230104446411133,1.6666666666666667,6.733333333333333,0.4666666666666667,30.134831517362187,36.59559390819685,10.866666666666667,3.8,1.4,0.3333333333333333,20.157110952819977,35.0483727082931,42.19336697836575,18.8,3.7333333333333334,0.7333333333333333,22.194502156472293,25.988478177030508,0.8666666666666667,0.0,0.0,3.52095890045166,3.307615041732788,2.0197393894195557,29.32161892883217,0.8,62.47607656824647,1.8666666666666667,12.585518836975098,7.166323661804199,8.4,-1.1704895496368408,17.83185577392578
101,43.0,-7.2,Lugo,62.7,34.7,34.725609756097555,34.6265243902439,15,5390,9.733333333333333,3.4,1.3333333333333333,0.06666666666666667,0.0,29.847076416015625,33.860130310058594,35.268951416015625,22.218114852905273,0.06666666666666667,1.5333333333333334,17.050596237182617,1.3333333333333333,5.6,0.3333333333333333,30.199608489902815,35.47737897927311,13.466666666666667,4.0,1.5333333333333334,0.06666666666666667,20.982084085432927,34.578994553951944,39.67947038213959,18.866666666666667,2.8666666666666667,0.0,21.340455354243197,24.91158043830931,0.06666666666666667,0.0,0.0,2.571662187576294,2.380753755569458,1.7509435415267944,30.02618768858684,1.5333333333333334,55.82078966134933,0.8666666666666667,11.167732238769531,8.577942848205566,32.4,-3.8256092071533203,21.86301040649414
102,42.4,-8.9,Pontevedra,0.8,35.0,33.734756097560975,36.79115853658537,15,5390,10.4,3.533333333333333,0.6666666666666666,0.0,0.0,29.99022102355957,32.842430114746094,34.941070556640625,23.12041473388672,1.9333333333333333,19.466666666666665,19.25285530090332,1.4666666666666666,5.933333333333334,0.3333333333333333,29.82242046910101,35.662221015571276,14.866666666666667,3.466666666666667,1.4,0.13333333333333333,21.6951547038478,34.514172731711966,40.763333355126065,27.933333333333334,2.933333333333333,0.13333333333333333,21.62165312088122,24.6748536335804,0.2,0.0,0.0,4.35206413269043,3.9946694374084473,3.9634363651275635,29.841532599494883,0.8666666666666667,60.3538895007044,8.6,15.022274017333984,5.990349769592285,0.0,3.649322509765625,16.030502319335938
103,42.2,-8.7,Pontevedra,5.5,35.1,29.047256097560975,44.28353658536585,15,5390,8.8,3.0,0.6,0.0,0.0,29.637720108032227,32.137813568115234,33.845367431640625,22.842281341552734,2.0,11.933333333333334,18.902097702026367,1.3333333333333333,5.466666666666667,0.4,30.115224902364712,35.80954489198291,16.533333333333335,3.8,1.4666666666666666,0.2,21.96141985265261,35.04467304596127,41.02356378313292,29.0,3.7333333333333334,0.2,21.89578908812793,24.97503710518035,0.4,0.0,0.0,3.5453901290893555,3.232875347137451,3.075523614883423,29.89705457095913,1.0666666666666667,61.77486939805779,7.8,14.307470321655273,6.7679948806762695,0.5333333333333333,1.5246667861938477,17.364320755004883
104,43.3,-7.3,Lugo,29.7,35.5,33.34603658536585,38.650914634146346,15,5390,6.6,2.4,0.5333333333333333,0.06666666666666667,0.0,29.22039222717285,32.885292053222656,35.060455322265625,21.620134353637695,0.0,1.6,16.99773597717285,1.6666666666666667,6.6,0.4,30.53215158952215,37.032501242547056,12.133333333333333,4.4,1.7333333333333334,0.2,20.765769536379526,34.53931214969106,40.95679584682909,17.266666666666666,3.066666666666667,0.2,21.853680037249763,25.285780876930424,0.3333333333333333,0.0,0.0,2.74973726272583,2.498749017715454,1.3820534944534302,29.746428796217334,0.6666666666666666,60.7552202630455,1.2,11.936152458190918,7.6601996421813965,13.4,-1.5881457328796387,19.32141876220703
105,43.1,-8.7,A Coruña,22.9,35.6,34.99237804878049,36.5625,15,5390,5.266666666666667,1.8,0.6,0.0,0.0,28.782833099365234,32.45608901977539,33.192291259765625,21.33682632446289,0.26666666666666666,2.6,17.37900733947754,1.8,7.133333333333334,0.4666666666666667,29.919443264145826,36.6895785046745,9.733333333333333,3.466666666666667,1.4,0.4,19.987712891945556,34.97569104209621,42.31406431609604,18.4,3.533333333333333,0.5333333333333333,22.272965902521676,26.09678783975425,0.8,0.13333333333333333,0.0,3.7072341442108154,3.5017714500427246,2.1114883422851562,29.063525281599393,0.7333333333333333,63.616588674780004,2.1333333333333333,12.885366439819336,6.775552272796631,4.733333333333333,-0.274627685546875,17.106342315673828
106,43.0,-7.8,Lugo,51.4,35.7,29.46646341463415,45.015243902439025,15,5390,9.866666666666667,3.933333333333333,1.1333333333333333,0.0,0.0,30.066680908203125,33.70429229736328,34.815582275390625,22.225746154785156,0.06666666666666667,1.1333333333333333,16.753742218017578,1.4,5.8,0.4,30.881600736076248,35.64789697220149,14.466666666666667,5.066666666666666,2.0,0.4,20.887551763521486,35.026477245147696,40.557123775842975,21.4,3.6666666666666665,0.2,21.72805586341845,24.880386576535468,0.4666666666666667,0.0,0.0,3.1240780353546143,2.8688454627990723,1.968576192855835,30.35881675686311,1.3333333333333333,56.52759774915039,0.9333333333333333,11.55907917022705,8.21391487121582,20.333333333333332,-2.854635000228882,20.747390747070312
106,43.0,-7.3,Lugo,62.8,35.7,35.27439024390243,36.30335365853659,15,5390,9.866666666666667,3.533333333333333,1.3333333333333333,0.06666666666666667,0.0,29.933385848999023,33.69990539550781,35.423248291015625,22.29279899597168,0.06666666666666667,1.2666666666666666,16.954320907592773,1.3333333333333333,5.6,0.3333333333333333,30.441798473904914,35.790681726991174,14.0,4.4,1.7333333333333334,0.2,21.006075874645543,34.62460137067017,40.33051500380817,19.4,2.933333333333333,0.06666666666666667,21.469749093729884,25.26867858296108,0.06666666666666667,0.0,0.0,2.7022335529327393,2.509589910507202,1.743212342262268,30.063988711538173,1.7333333333333334,55.70001103713761,0.6666666666666666,11.304534912109375,8.531003952026367,29.8,-3.6517858505249023,21.65646743774414
108,43.0,-8.8,A Coruña,26.2,35.8,32.72103658536585,40.4344512195122,15,5390,6.466666666666667,2.2,0.6,0.0,0.0,29.25848960876465,32.37102127075195,33.888824462890625,21.71526527404785,0.26666666666666666,3.3333333333333335,17.65056610107422,1.8,6.666666666666667,0.4,30.210638946436227,36.50316545528038,12.066666666666666,3.8,1.5333333333333334,0.3333333333333333,20.3967317716797,34.94499373618236,41.35709871829961,20.466666666666665,3.533333333333333,0.4666666666666667,21.96918667613216,25.53773563949652,0.8666666666666667,0.0,0.0,3.6059072017669678,3.4861996173858643,2.427236318588257,29.364056078778127,1.0,62.594744487645485,2.4,13.089483261108398,6.746448040008545,3.0,0.134674072265625,17.35516357421875
109,43.3,-8.3,A Coruña,7.2,36.0,25.84603658536585,51.32621951219512,15,5390,6.066666666666666,2.3333333333333335,0.7333333333333333,0.0,0.0,29.00251579284668,32.646888732910156,33.768951416015625,21.90768814086914,0.4666666666666667,9.0,18.357213973999023,1.3333333333333333,5.4,0.26666666666666666,30.380416156057244,37.172056051432186,11.733333333333333,4.133333333333334,2.1333333333333333,0.3333333333333333,20.660631569654186,35.58597471095657,42.594093555249245,23.6,4.733333333333333,0.6666666666666666,22.47395075771318,26.01514774961298,1.3333333333333333,0.06666666666666667,0.0,4.058713912963867,3.668203830718994,2.7358057498931885,29.666211432294546,1.1333333333333333,63.9795755488707,6.066666666666666,13.920191764831543,6.293909549713135,0.7333333333333333,1.562652587890625,16.310653686523438
110,43.0,-7.9,Lugo,46.4,36.2,29.61890243902439,46.09756097560975,15,5390,9.6,3.8,1.0666666666666667,0.0,0.0,30.07341194152832,33.4882698059082,34.524566650390625,22.114242553710938,0.06666666666666667,1.0666666666666667,16.760046005249023,1.4,5.933333333333334,0.4666666666666667,30.890284236087112,35.81966253614583,13.933333333333334,5.133333333333334,2.0,0.26666666666666666,20.799343184939787,35.050421831802545,40.85193472099199,21.2,3.8,0.26666666666666666,21.823255422427355,24.94320510836359,0.6,0.0,0.0,3.1825103759765625,2.911201000213623,2.05881404876709,30.257525221079202,1.2666666666666666,57.062841136358486,0.8666666666666667,11.553886413574219,8.14052963256836,18.666666666666668,-2.687537908554077,20.512269973754883
111,43.3,-8.1,A Coruña,11.1,36.4,30.365853658536583,45.57164634146342,15,5390,5.8,2.3333333333333335,0.6666666666666666,0.0,0.0,29.108936309814453,32.18269348144531,33.909576416015625,21.710004806518555,0.26666666666666666,5.133333333333334,18.00065803527832,1.5333333333333334,6.4,0.4,30.24663209101078,36.460550774758865,11.133333333333333,3.8666666666666667,1.7333333333333334,0.26666666666666666,20.434565492126225,35.238391542734426,41.086357863378424,21.2,3.933333333333333,0.4,22.170043370431543,25.266854933789457,0.6,0.0,0.0,3.786417245864868,3.4287424087524414,2.5855038166046143,29.644906920274643,1.0,62.52159655853876,3.933333333333333,13.053028106689453,6.6441240310668945,2.4,0.5572619438171387,17.359352111816406
112,43.4,-8.2,A Coruña,0.8,36.5,27.911585365853657,49.38262195121952,15,5390,5.666666666666667,2.1333333333333333,0.6,0.0,0.0,28.841461181640625,32.4303092956543,34.079498291015625,21.79811668395996,1.3333333333333333,15.4,18.899656295776367,1.4,5.733333333333333,0.26666666666666666,30.137758743425213,36.96421662191129,10.2,3.7333333333333334,2.0,0.2,20.41384861799577,35.53161829749026,43.350002616441444,22.866666666666667,4.6,0.4666666666666667,22.674262793925845,26.715225129614332,1.6666666666666667,0.2,0.0,4.316136837005615,3.8962225914001465,3.0687668323516846,29.61332310948201,1.4,65.03841966207762,10.333333333333334,14.215401649475098,5.659809112548828,0.0,3.2645251750946045,15.525174140930176
113,43.2,-8.4,A Coruña,16.3,36.7,32.385670731707314,43.22408536585366,15,5390,6.333333333333333,2.0,0.6,0.0,0.0,29.19363021850586,32.801368713378906,33.772369384765625,21.70164680480957,0.2,3.7333333333333334,17.667137145996094,1.6,6.733333333333333,0.4,30.20758550434404,36.52051598233915,11.4,4.066666666666666,1.6,0.26666666666666666,20.443211165398463,35.113629822299295,41.50981808578776,21.0,3.7333333333333334,0.6666666666666666,22.102099775543486,25.523353870706096,0.9333333333333333,0.0,0.0,3.694521903991699,3.370554208755493,2.349719762802124,29.422527290420092,0.8666666666666667,62.404723858991666,2.7333333333333334,13.020186424255371,6.880404949188232,3.6666666666666665,-0.03919067233800888,17.450410842895508
114,41.9,-7.8,Ourense,84.8,37.2,51.295731707317074,16.15853658536585,15,5390,15.266666666666667,5.933333333333334,1.6,0.0,0.0,30.840198516845703,32.95566177368164,34.688385009765625,23.215124130249023,0.7333333333333333,3.066666666666667,17.658002853393555,1.8666666666666667,6.933333333333334,0.4,29.605630895365366,34.04941270897913,14.466666666666667,3.0,0.4666666666666667,0.0,21.52117528371697,32.381562452309616,36.36342366291676,14.466666666666667,0.4666666666666667,0.0,19.650748212970882,23.29769446670937,0.0,0.0,0.0,1.931022047996521,1.8289098739624023,1.4749352931976318,29.78439679077485,0.6,47.38376102964701,0.06666666666666667,10.971035957336426,8.743424415588379,35.86666666666667,-3.669769287109375,23.339752197265625
114,43.2,-7.3,Lugo,40.7,37.2,39.20731707317073,34.28353658536585,15,5390,7.066666666666666,2.7333333333333334,0.8666666666666667,0.13333333333333333,0.0,29.583772659301758,33.10007858276367,35.060455322265625,21.73759651184082,0.06666666666666667,1.0666666666666667,16.874238967895508,1.4666666666666666,6.466666666666667,0.4666666666666667,30.307379980036117,36.11427863777881,11.466666666666667,3.8666666666666667,1.6,0.2,20.60633206658509,34.47459741228153,39.3809200529567,17.933333333333334,2.8666666666666667,0.0,21.555277503283424,24.777544787698655,0.3333333333333333,0.0,0.0,2.8653736114501953,2.6513726711273193,1.620661735534668,29.822973435558772,1.0666666666666667,58.99473008025444,0.8,11.531792640686035,7.941896915435791,20.066666666666666,-2.411224365234375,20.20184898376465
116,43.4,-8.3,A Coruña,0.8,37.3,28.666158536585368,50.34298780487804,15,5390,5.666666666666667,2.066666666666667,0.7333333333333333,0.0,0.0,28.82257843017578,32.559268951416016,33.915435791015625,21.867612838745117,1.8,18.533333333333335,19.021339416503906,1.3333333333333333,5.6,0.3333333333333333,30.1050509280094,36.89563679765882,10.066666666666666,3.6666666666666665,1.8666666666666667,0.2,20.446842940412065,35.675384256245714,43.34772345861569,23.4,4.733333333333333,0.4666666666666667,22.709397785238295,26.7910310942033,1.9333333333333333,0.2,0.0,4.4439005851745605,4.008358478546143,3.24141526222229,29.6919048552223,1.4,65.31723215800226,12.066666666666666,14.467129707336426,5.526813983917236,0.0,3.572664737701416,15.220010757446289
117,42.0,-8.7,Pontevedra,16.6,37.7,32.82012195121951,45.13719512195122,15,5390,8.733333333333333,2.2666666666666666,0.6,0.0,0.0,29.49121856689453,32.47600555419922,33.380523681640625,22.863420486450195,1.8666666666666667,10.4,18.900779724121094,1.5333333333333334,6.2,0.4,30.093495227806482,35.632967411647144,16.733333333333334,3.8,1.2666666666666666,0.13333333333333333,22.11423473986893,35.19813800602917,41.21740304261712,31.6,3.933333333333333,0.26666666666666666,22.356020555929067,25.736577731225143,0.7333333333333333,0.0,0.0,3.123500108718872,2.9022624492645264,2.532156467437744,29.706771758359718,1.0666666666666667,61.25498381859355,6.0,14.005849838256836,7.259060382843018,3.4,0.0847766101360321,18.325759887695312
118,43.1,-7.1,Lugo,51.6,38.1,39.8780487804878,35.51829268292683,15,5390,9.066666666666666,3.4,1.2,0.13333333333333333,0.0,29.967138290405273,33.76906967163086,35.499420166015625,21.98775863647461,0.06666666666666667,1.4666666666666666,17.101036071777344,1.4,6.0,0.4,30.253643180975516,36.18517420057516,12.866666666666667,4.066666666666666,1.6666666666666667,0.26666666666666666,20.829165007708323,34.47681780941515,40.070937730761344,18.266666666666666,2.933333333333333,0.06666666666666667,21.447194006502777,24.696109834925373,0.26666666666666666,0.0,0.0,2.58324933052063,2.3970041275024414,1.7521628141403198,30.081800303403444,1.7333333333333334,57.26940315730828,1.0,11.185940742492676,8.446557998657227,31.333333333333332,-3.560223340988159,21.455503463745117
118,43.1,-8.1,A Coruña,29.0,38.1,28.09451219512195,53.208841463414636,15,5390,9.4,3.8,1.0,0.0,0.0,30.083951950073242,33.4262580871582,34.620269775390625,22.11663818359375,0.13333333333333333,1.5333333333333334,17.04938316345215,1.4,5.533333333333333,0.4,30.930765388069386,36.19141977473144,13.933333333333334,5.6,2.4,0.5333333333333333,20.907344817491175,35.44204841719838,41.56272116094937,22.8,4.6,0.4,21.992011929024784,25.22946195900216,0.6,0.0,0.0,3.286742925643921,2.995403289794922,2.231919288635254,30.318181272657412,1.2666666666666666,58.447679870113994,1.3333333333333333,12.058914184570312,7.867339611053467,12.666666666666666,-2.03141713142395,19.657140731811523
120,43.1,-8.5,A Coruña,25.2,38.2,33.224085365853654,45.7469512195122,15,5390,7.133333333333334,2.8666666666666667,0.6,0.0,0.0,29.423625946044922,33.19446563720703,34.127838134765625,21.71300506591797,0.06666666666666667,2.3333333333333335,17.262073516845703,1.8,7.133333333333334,0.4,30.36925664508674,36.84727036898073,12.266666666666667,4.333333333333333,1.8,0.4,20.476023987024064,35.35556223004789,41.836439285989314,20.866666666666667,4.133333333333334,0.6666666666666666,22.11505913231391,25.771230008551687,0.8,0.0,0.0,3.4023025035858154,3.169900417327881,2.0390121936798096,29.674413325359495,1.0,61.18917073581317,1.8,12.505680084228516,7.432347297668457,10.133333333333333,-1.5832018852233887,18.393693923950195
121,43.3,-7.8,Lugo,34.5,38.4,32.24847560975609,47.64481707317073,15,5390,6.8,2.8,0.7333333333333333,0.0,0.0,29.655616760253906,33.53117370605469,34.694488525390625,21.57089614868164,0.06666666666666667,1.6666666666666667,17.146791458129883,1.5333333333333334,6.733333333333333,0.4666666666666667,30.736597488451903,36.82249700327088,11.333333333333334,5.0,2.1333333333333333,0.3333333333333333,20.460728056454194,35.256243549476494,41.6068650805793,18.733333333333334,3.8,0.26666666666666666,22.11406096158508,25.42964365806253,0.4666666666666667,0.0,0.0,3.2532529830932617,2.971923589706421,1.986437201499939,29.847715549305907,1.2,61.1031741360612,1.4666666666666666,12.132051467895508,7.389839172363281,8.4,-1.1838830709457397,18.666458129882812
122,42.1,-8.7,Pontevedra,12.0,38.6,32.4390243902439,47.7515243902439,15,5390,9.066666666666666,2.7333333333333334,0.6,0.0,0.0,29.575035095214844,32.37892150878906,33.548492431640625,22.869287490844727,2.0,12.2,18.98259735107422,1.4666666666666666,6.066666666666666,0.4,30.208225204884783,35.60056222263586,17.2,3.933333333333333,1.6,0.2,22.090544146602102,35.263395625910654,41.049340990914295,31.266666666666666,4.066666666666666,0.2,22.19120924857307,25.306920461150906,0.6,0.0,0.0,3.3104360103607178,3.039375066757202,2.7892544269561768,29.75538624250228,1.2,61.67260316360508,7.6,14.209983825683594,6.969825267791748,1.0666666666666667,1.018094539642334,17.787065505981445
123,43.3,-7.4,Lugo,31.6,38.7,38.4984756097561,38.955792682926834,15,5390,7.133333333333334,2.8,0.7333333333333333,0.2,0.0,29.616119384765625,33.384849548339844,35.427642822265625,21.722593307495117,0.0,1.5333333333333334,17.078948974609375,1.6,6.4,0.4,30.636339233905602,36.96678976955333,12.466666666666667,4.4,1.8,0.3333333333333333,20.71971682655973,34.51666760903192,40.69453816595576,17.066666666666666,3.066666666666667,0.13333333333333333,21.776104677694644,24.309490021450987,0.26666666666666666,0.0,0.0,2.8333115577697754,2.5853912830352783,1.4427491426467896,29.97342961094381,0.8666666666666667,60.08900752897726,1.2,11.947755813598633,7.589251518249512,10.866666666666667,-1.2106213569641113,19.25882339477539
124,43.1,-7.4,Lugo,52.8,38.8,37.75914634146341,40.31249999999999,15,5390,9.133333333333333,3.6666666666666665,1.1333333333333333,0.13333333333333333,0.0,30.106826782226562,33.73476791381836,35.671295166015625,22.181865692138672,0.06666666666666667,1.2,17.007312774658203,1.3333333333333333,5.6,0.3333333333333333,30.594387111887876,36.09421451905793,13.266666666666667,4.733333333333333,1.8,0.26666666666666666,20.814676985613687,34.869884323487256,40.408315627815156,19.8,3.466666666666667,0.13333333333333333,21.68584374128848,25.179972414034054,0.3333333333333333,0.0,0.0,3.089780807495117,2.889085054397583,1.8222631216049194,30.199854418091622,1.7333333333333334,57.05785991274384,0.8666666666666667,11.609916687011719,8.154067039489746,21.0,-2.8306262493133545,20.758312225341797
125,42.2,-7.2,Ourense,123.9,39.1,55.28963414634146,14.824695121951219,15,5390,16.933333333333334,6.533333333333333,2.2666666666666666,0.0,0.0,31.192760467529297,33.152992248535156,34.750885009765625,23.32500457763672,0.3333333333333333,3.066666666666667,17.683185577392578,1.7333333333333334,6.866666666666666,0.5333333333333333,29.50793259283701,34.44550215328652,14.466666666666667,2.4,0.4,0.0,21.535958370827387,32.53205166623811,36.74478080135613,14.533333333333333,0.4666666666666667,0.0,19.422182038851773,23.139413557770094,0.0,0.0,0.0,1.8788334131240845,1.7835479974746704,1.7339165210723877,30.1139956710017,0.6,46.60217492809437,0.0,10.644437789916992,9.060516357421875,51.8,-4.169998645782471,24.29962921142578
126,43.2,-8.1,A Coruña,19.0,39.5,31.448170731707314,51.50914634146342,15,5390,8.533333333333333,3.3333333333333335,1.0666666666666667,0.0,0.0,29.92213249206543,33.225894927978516,34.575347900390625,22.058412551879883,0.13333333333333333,3.1333333333333333,17.52118492126465,1.5333333333333334,6.133333333333334,0.4666666666666667,30.728819230779532,36.35094989653537,13.2,5.066666666666666,2.1333333333333333,0.4666666666666667,20.83055429011957,35.4557791071987,41.177826145567536,22.266666666666666,4.466666666666667,0.4666666666666667,22.097361960553428,25.227413074321333,0.6,0.0,0.0,3.483949661254883,3.165828227996826,2.430964469909668,29.99787164851506,1.2666666666666666,59.846840035615934,2.2,12.562784194946289,7.380247592926025,7.0,-0.8410168290138245,18.740697860717773
127,43.0,-8.7,A Coruña,30.7,39.7,30.685975609756095,53.15548780487805,15,5390,8.133333333333333,3.2666666666666666,1.0,0.0,0.0,29.783950805664062,33.153221130371094,34.351715087890625,22.074256896972656,0.26666666666666666,3.466666666666667,17.603612899780273,1.5333333333333334,5.933333333333334,0.4,30.91069179483669,37.331990151264975,13.866666666666667,4.266666666666667,2.4,0.5333333333333333,20.88086105507865,35.6443342781867,41.992623455725216,23.2,4.6,0.6666666666666666,22.235027422133232,25.832435942035975,0.8666666666666667,0.0,0.0,3.3955070972442627,3.277240037918091,2.0613949298858643,29.966815307195056,1.4,61.116861025590794,2.8,13.031423568725586,7.284853458404541,6.8,-0.7448694109916687,18.111682891845703
128,43.0,-8.0,A Coruña,42.4,40.6,33.140243902439025,51.684451219512205,15,5390,9.8,3.8666666666666667,1.0666666666666667,0.0,0.0,30.113487243652344,33.2391471862793,34.253082275390625,22.15866470336914,0.13333333333333333,1.2666666666666666,16.855260848999023,1.5333333333333334,6.2,0.4666666666666667,31.056867499982673,36.1576698605561,14.466666666666667,5.2,2.066666666666667,0.4,20.901975362133026,35.24698798003321,41.51981736941258,22.066666666666666,4.4,0.4,21.94435308170726,25.152580526246346,0.6666666666666666,0.0,0.0,3.2316970825195312,2.9461886882781982,2.1491923332214355,30.278581512070268,1.3333333333333333,57.719385594977794,1.0666666666666667,11.805557250976562,8.027525901794434,16.266666666666666,-2.377586603164673,20.146484375
129,43.3,-7.5,Lugo,35.3,40.7,40.663109756097555,40.78506097560976,15,5390,7.266666666666667,3.2666666666666666,0.9333333333333333,0.2,0.0,29.872222900390625,33.63274383544922,35.683502197265625,21.807743072509766,0.0,1.8666666666666667,17.0965518951416,1.6,6.4,0.4,30.646267740179375,37.24038109098382,12.933333333333334,4.666666666666667,2.0,0.26666666666666666,20.73027256097572,34.552674672108154,41.13251744415448,17.733333333333334,3.2666666666666666,0.13333333333333333,21.791563424137472,24.562087085947116,0.3333333333333333,0.0,0.0,2.9455881118774414,2.6942923069000244,1.519045352935791,30.07038358286655,1.0,59.84587862480903,1.6,12.043205261230469,7.554222106933594,9.2,-1.0209728479385376,19.149560928344727
130,42.9,-7.8,Lugo,60.1,40.8,32.096036585365844,53.74237804878048,15,5390,12.333333333333334,5.0,1.6,0.0,0.0,30.604393005371094,33.96986389160156,34.991851806640625,22.62896156311035,0.06666666666666667,1.1333333333333333,16.856952667236328,1.2666666666666666,5.2,0.3333333333333333,31.17935491122963,36.164214267843384,17.466666666666665,5.866666666666666,2.466666666666667,0.6666666666666666,21.34661915137331,35.31510325785607,40.81396927070454,24.066666666666666,4.466666666666667,0.3333333333333333,21.916262013336908,25.307913131250753,0.5333333333333333,0.0,0.0,2.9615235328674316,2.725907564163208,1.8710280656814575,30.758255385574135,1.6666666666666667,55.37258459869916,0.8,11.68923568725586,8.5045166015625,22.866666666666667,-2.957496404647827,21.270923614501953
131,43.3,-8.2,A Coruña,5.5,41.8,30.114329268292682,59.40548780487805,15,5390,7.2,3.1333333333333333,1.0666666666666667,0.0,0.0,29.520549774169922,32.97156524658203,34.548248291015625,22.127471923828125,0.6,8.533333333333333,18.4296817779541,1.4,5.4,0.3333333333333333,30.78386809093875,37.49715192599263,13.4,4.866666666666666,2.533333333333333,0.4,20.949278962790665,36.12453567762711,42.67712056673233,25.8,5.133333333333334,0.8666666666666667,22.618719433244806,26.260615177715742,1.3333333333333333,0.06666666666666667,0.0,3.9028098583221436,3.5298478603363037,2.736754894256592,30.19700852197341,1.6,62.88433644391821,5.666666666666667,13.797144889831543,6.551436901092529,1.0666666666666667,1.4050304889678955,16.852176666259766
132,43.1,-7.8,Lugo,43.7,42.5,35.43445121951219,52.9954268292683,15,5390,9.133333333333333,3.7333333333333334,1.1333333333333333,0.06666666666666667,0.0,30.0636043548584,33.782936096191406,35.068267822265625,22.130891799926758,0.06666666666666667,1.4666666666666666,17.045812606811523,1.3333333333333333,5.666666666666667,0.4,31.01755727671407,35.8423655305237,13.6,5.266666666666667,2.1333333333333333,0.4,20.80896701594394,35.51201808822693,41.317779654576995,21.533333333333335,4.266666666666667,0.3333333333333333,22.047311394901477,25.0511783072932,0.6666666666666666,0.0,0.0,3.324714183807373,3.052459716796875,2.1249608993530273,30.26571510386054,1.4,57.71789469156577,1.2666666666666666,11.780473709106445,7.977649688720703,15.333333333333334,-2.445887565612793,20.182302474975586
133,43.0,-8.6,A Coruña,34.3,42.9,33.8109756097561,56.63109756097561,15,5390,9.133333333333333,3.533333333333333,1.0666666666666667,0.0,0.0,29.973487854003906,33.44422912597656,34.723785400390625,22.180871963500977,0.2,2.8,17.465797424316406,1.5333333333333334,6.266666666666667,0.4,30.97742146053269,37.69796757685804,14.733333333333333,4.8,2.7333333333333334,0.6,21.030368945861966,35.89515158289941,42.22366919223794,23.8,4.866666666666666,0.7333333333333333,22.359906262860534,25.860584524710802,0.9333333333333333,0.0,0.0,3.295684337615967,3.1485912799835205,1.995258092880249,30.24694192778059,1.4666666666666666,60.32780432000007,2.3333333333333335,12.852656364440918,7.584399700164795,9.933333333333334,-1.4471960067749023,18.605867385864258
134,42.1,-7.4,Ourense,108.9,43.0,60.25914634146341,17.1875,15,5390,18.866666666666667,7.666666666666667,2.6666666666666665,0.06666666666666667,0.0,31.407649993896484,33.63655471801758,35.503082275390625,23.696203231811523,0.06666666666666667,2.3333333333333335,17.285680770874023,1.7333333333333334,6.8,0.5333333333333333,29.89929659453769,34.57747510689793,16.2,3.2666666666666666,0.4,0.0,21.852048098700315,32.61777071845529,36.08782490393321,15.4,0.3333333333333333,0.0,19.342591590215104,21.93103239895347,0.0,0.0,0.0,1.9464423656463623,1.8581631183624268,1.7241274118423462,30.28449752156774,0.8666666666666667,45.09925016750179,0.0,10.879666328430176,9.28685474395752,47.06666666666667,-3.758030891418457,24.340547561645508
135,43.0,-7.7,Lugo,57.1,43.1,39.16158536585366,48.94817073170732,15,5390,10.6,4.2,1.4,0.13333333333333333,0.0,30.31154441833496,33.99248504638672,35.093658447265625,22.444490432739258,0.06666666666666667,1.4,16.937959671020508,1.2666666666666666,5.466666666666667,0.4,30.908337545079824,35.77810054261069,15.4,5.4,2.2,0.3333333333333333,21.108131537642755,35.1527783166923,40.53829063565482,22.6,3.933333333333333,0.26666666666666666,21.749256602399466,25.108292492400153,0.4666666666666667,0.0,0.0,3.0782127380371094,2.840627431869507,1.9127475023269653,30.526041277541694,1.6,56.03364970927718,1.1333333333333333,11.702375411987305,8.29456901550293,20.466666666666665,-2.9277234077453613,20.939985275268555
135,43.1,-8.4,A Coruña,27.0,43.1,35.830792682926834,54.0015243902439,15,5390,8.6,3.3333333333333335,0.9333333333333333,0.0,0.0,29.896760940551758,33.44181442260742,34.834869384765625,22.014049530029297,0.13333333333333333,2.4,17.26860809326172,1.6666666666666667,6.733333333333333,0.4,30.94980796110793,37.23038757906647,13.933333333333334,5.0,2.2,0.6,20.833769069461944,35.70452098694601,42.13909927195219,22.8,4.4,0.6666666666666666,22.14681293546931,25.72907050575477,1.0,0.0,0.0,3.33929443359375,3.0799765586853027,2.0885281562805176,30.191738842650302,1.3333333333333333,60.16512764571497,1.6,12.549548149108887,7.6252617835998535,10.466666666666667,-1.6306506395339966,18.782705307006836
137,43.3,-7.6,Lugo,40.3,43.3,42.926829268292686,43.78048780487805,15,5390,7.133333333333334,3.066666666666667,0.9333333333333333,0.2,0.0,29.925708770751953,33.718101501464844,35.658111572265625,21.806900024414062,0.06666666666666667,1.9333333333333333,17.075014114379883,1.6,6.466666666666667,0.4666666666666667,30.78869066820355,37.3742154107609,12.666666666666666,4.8,2.1333333333333333,0.26666666666666666,20.714613266308273,34.8531044308983,41.383273278537686,17.8,3.3333333333333335,0.2,21.872634089005754,24.90621747222223,0.4666666666666667,0.0,0.0,3.008057117462158,2.7464964389801025,1.5934205055236816,30.031768492263307,1.2,59.98022368369139,1.6666666666666667,12.10330581665039,7.5276336669921875,8.266666666666667,-0.952984631061554,19.04470443725586
138,42.4,-8.7,Pontevedra,0.8,43.5,37.5609756097561,52.39329268292683,15,5390,12.266666666666667,3.8666666666666667,0.8,0.0,0.0,30.10439109802246,33.275177001953125,34.689117431640625,23.200435638427734,1.4666666666666666,13.066666666666666,18.892942428588867,1.5333333333333334,6.333333333333333,0.4,30.65628402160244,36.69360601411845,18.8,4.866666666666666,1.8,0.4,22.221738043350932,35.28656183324085,42.27811103790421,32.53333333333333,4.2,0.26666666666666666,21.938756435826974,25.70375734801136,0.4,0.0,0.0,3.6778926849365234,3.379305362701416,3.0965182781219482,30.264465840721826,1.6666666666666667,60.32057637523166,8.2,14.463095664978027,6.84105110168457,0.26666666666666666,1.6418981552124023,17.510629653930664
139,42.0,-8.1,Ourense,57.7,43.6,50.9375,32.66768292682927,15,5390,15.866666666666667,6.6,1.6666666666666667,0.0,0.0,30.957931518554688,33.53114700317383,34.199127197265625,23.114606857299805,0.5333333333333333,3.3333333333333335,17.715316772460938,1.7333333333333334,6.8,0.3333333333333333,30.467028081794723,35.178079001257586,18.666666666666668,5.133333333333334,1.6,0.13333333333333333,21.90993454253203,33.84672178437009,39.272632556977925,19.866666666666667,1.9333333333333333,0.0,20.668118230521717,24.431471896444382,0.06666666666666667,0.0,0.0,1.9090354442596436,1.7846366167068481,1.4645403623580933,30.205507873117412,1.0666666666666667,50.73943097434347,0.3333333333333333,11.305718421936035,9.093534469604492,37.4,-3.816612482070923,23.210737228393555
140,43.3,-7.7,Lugo,42.2,43.9,39.16158536585366,51.0594512195122,15,5390,6.733333333333333,3.0,0.7333333333333333,0.06666666666666667,0.0,29.786439895629883,33.44441604614258,35.324127197265625,21.71662712097168,0.06666666666666667,2.0,17.13702964782715,1.5333333333333334,6.733333333333333,0.5333333333333333,31.05925229688133,37.28257292084318,12.266666666666667,5.133333333333334,2.4,0.3333333333333333,20.675640000977808,35.109030912192424,41.70137182951214,19.066666666666666,3.933333333333333,0.26666666666666666,22.13630934508784,25.239829834125146,0.5333333333333333,0.0,0.0,3.1105048656463623,2.8374056816101074,1.7852188348770142,30.069765092226994,1.2666666666666666,60.73084034676576,1.7333333333333334,12.182180404663086,7.504748344421387,8.4,-1.0120471715927124,18.841171264648438
141,43.0,-7.4,Lugo,63.7,44.0,42.30182926829268,46.48628048780487,15,5390,11.0,4.266666666666667,1.5333333333333334,0.13333333333333333,0.0,30.440282821655273,34.15741729736328,35.866607666015625,22.595258712768555,0.13333333333333333,1.5333333333333334,17.14269256591797,1.3333333333333333,5.6,0.3333333333333333,31.01136756532339,36.39292965869183,15.666666666666666,4.8,2.2,0.4,21.301199170846026,35.07851220767446,41.24818573453584,22.4,3.7333333333333334,0.06666666666666667,21.681997471781646,25.669522101584313,0.26666666666666666,0.0,0.0,2.8599843978881836,2.665980815887451,1.7513320446014404,30.50850628293713,1.8666666666666667,55.515424489441344,0.9333333333333333,11.678384780883789,8.499503135681152,25.533333333333335,-3.3543028831481934,21.44611930847168
142,42.4,-8.8,Pontevedra,1.4,44.1,43.36890243902439,45.16006097560976,15,5390,12.266666666666667,4.066666666666666,0.9333333333333333,0.06666666666666667,0.0,30.155712127685547,33.19908905029297,35.107086181640625,23.230472564697266,1.6666666666666667,17.066666666666666,19.072118759155273,1.4666666666666666,6.0,0.3333333333333333,30.335834283424756,36.340065487811316,16.933333333333334,4.4,1.6666666666666667,0.26666666666666666,22.007678479542072,34.88982823621943,41.659698480861636,30.666666666666668,3.533333333333333,0.13333333333333333,21.7650602479395,25.130034518372906,0.26666666666666666,0.0,0.0,4.009994983673096,3.686070680618286,3.4524896144866943,30.139964030907297,1.4,60.15867597893059,9.0,14.78398323059082,6.438584327697754,0.0,2.5774500370025635,16.801761627197266
143,42.5,-8.3,Pontevedra,33.9,44.2,39.90853658536585,50.693597560975604,15,5390,13.866666666666667,5.933333333333334,1.4,0.0,0.0,30.793521881103516,33.34566116333008,34.600006103515625,22.874828338623047,0.26666666666666666,1.6666666666666667,17.112186431884766,1.5333333333333334,6.2,0.4,31.245767149887982,36.36679053924618,18.866666666666667,6.0,2.1333333333333333,0.26666666666666666,21.694977558828754,35.0072719372212,41.01244586190946,25.2,3.6666666666666665,0.13333333333333333,21.42575042573467,25.344755772176477,0.3333333333333333,0.0,0.0,2.614453077316284,2.4921607971191406,2.012101411819458,30.54767366181976,1.6,54.44583578243896,0.8666666666666667,11.76150131225586,8.664230346679688,23.933333333333334,-3.130816698074341,21.616559982299805
143,42.6,-8.0,Pontevedra,60.6,44.2,46.72256097560976,40.48780487804878,15,5390,13.333333333333334,5.0,1.4666666666666666,0.06666666666666667,0.0,30.8267879486084,33.43067169189453,35.108551025390625,22.735336303710938,0.06666666666666667,1.0,16.67840003967285,1.6666666666666667,6.466666666666667,0.26666666666666666,30.771537997185433,36.20560948610748,17.266666666666666,5.333333333333333,1.7333333333333334,0.2,21.339162966918813,34.715217252519764,40.60496701873679,22.133333333333333,2.8666666666666667,0.06666666666666667,21.288725737461576,25.088886420383897,0.26666666666666666,0.0,0.0,2.751408815383911,2.5602529048919678,1.9371871948242188,30.573023809231895,1.6,53.95190529273744,0.6,11.406692504882812,8.74830150604248,28.0,-3.3177380561828613,21.919326782226562
145,42.1,-7.3,Ourense,117.0,44.4,63.201219512195124,16.17378048780488,15,5390,19.533333333333335,7.733333333333333,2.7333333333333334,0.06666666666666667,0.0,31.44615364074707,33.5414924621582,35.415191650390625,23.771257400512695,0.2,2.6666666666666665,17.375741958618164,1.7333333333333334,6.8,0.5333333333333333,29.73108001194723,34.37600752353847,15.733333333333333,2.933333333333333,0.3333333333333333,0.0,21.850861868480866,32.628359457163455,37.02512837107843,15.266666666666667,0.4,0.0,19.262470834250458,23.040352769171314,0.0,0.0,0.0,1.9719760417938232,1.8962969779968262,1.8226704597473145,30.213523499647117,0.8,44.67438171428949,0.0,10.842158317565918,9.297128677368164,49.0,-3.927523136138916,24.531936645507812
146,42.9,-7.0,Lugo,73.8,44.5,51.25762195121951,34.31402439024391,15,5390,13.4,5.133333333333334,1.7333333333333334,0.06666666666666667,0.0,30.819604873657227,34.26223373413086,35.335357666015625,22.59487533569336,0.4,3.466666666666667,17.72987937927246,1.4666666666666666,6.266666666666667,0.3333333333333333,30.507196787233838,35.64464656006266,16.666666666666668,4.6,1.2666666666666666,0.13333333333333333,21.39958182357324,34.21682390565134,39.158941890013246,19.533333333333335,2.2,0.0,20.979619976804738,25.01692360297706,0.13333333333333333,0.0,0.0,2.2397873401641846,2.0623152256011963,1.8112868070602417,30.491943127446323,1.6666666666666667,53.87535325652328,0.8,11.022605895996094,8.763407707214355,38.93333333333333,-4.010096549987793,22.929643630981445
147,43.0,-8.1,A Coruña,39.6,44.7,36.52439024390244,56.86737804878049,15,5390,10.133333333333333,4.066666666666666,1.0,0.0,0.0,30.2316951751709,33.504150390625,34.739410400390625,22.259746551513672,0.13333333333333333,1.5333333333333334,17.033103942871094,1.6,6.6,0.4666666666666667,31.130504657825746,36.715955644242,15.266666666666667,5.933333333333334,2.6,0.5333333333333333,21.05667575569474,35.57365341543965,41.77994900954823,24.0,4.8,0.4666666666666667,22.095190017953154,25.56551678738195,0.7333333333333333,0.0,0.0,3.255343437194824,2.962470769882202,2.2004239559173584,30.46890666075917,1.4,58.12024702217644,1.3333333333333333,12.077315330505371,7.955962181091309,13.466666666666667,-1.9999011754989624,19.86028289794922
147,43.2,-8.3,A Coruña,17.0,44.7,34.78658536585366,59.48932926829268,15,5390,8.2,3.533333333333333,1.1333333333333333,0.0,0.0,29.914451599121094,33.555747985839844,34.600494384765625,22.179588317871094,0.2,4.466666666666667,17.883865356445312,1.6,6.333333333333333,0.4,30.976968266099377,37.09768485459376,14.466666666666667,5.4,2.4,0.7333333333333333,21.03224707101961,35.86566706972586,42.05035555939499,24.733333333333334,5.066666666666666,0.7333333333333333,22.327287600967,25.67016815442099,1.1333333333333333,0.0,0.0,3.571294069290161,3.2490978240966797,2.399553060531616,30.254345622317725,1.6666666666666667,61.04852714872425,3.066666666666667,13.186749458312988,7.172719478607178,4.066666666666666,-0.17653198540210724,17.962364196777344
149,42.3,-7.0,Ourense,140.1,45.0,60.769817073170735,21.272865853658537,15,5390,18.333333333333332,8.0,2.8666666666666667,0.0,0.0,31.546531677246094,33.585243225097656,34.966705322265625,23.363988876342773,0.7333333333333333,4.266666666666667,18.173004150390625,1.8,6.8,0.4,30.044913667593068,34.79108520859886,16.0,3.6666666666666665,0.6,0.0,21.772297759704095,33.10682648648082,36.78977223309466,16.8,0.8,0.0,19.905822644480736,23.20268806106224,0.0,0.0,0.0,1.7361302375793457,1.6262409687042236,1.6303961277008057,30.48846613245933,0.9333333333333333,47.41196795327731,0.0,10.671443939208984,8.93563461303711,51.93333333333333,-4.184344291687012,24.48211669921875
150,42.8,-7.3,Lugo,84.9,45.2,49.96189024390244,37.96493902439025,15,5390,13.466666666666667,5.2,1.8,0.13333333333333333,0.0,30.77879524230957,34.466068267822266,35.298492431640625,22.82170867919922,0.06666666666666667,1.8,17.079195022583008,1.5333333333333334,6.333333333333333,0.3333333333333333,30.56627574091376,35.77010183531214,17.266666666666666,4.933333333333334,1.4,0.2,21.533559451851207,34.5583966152153,39.669917561280805,21.266666666666666,2.8,0.0,21.30641940137543,24.880706517847212,0.13333333333333333,0.0,0.0,2.4183645248413086,2.223925828933716,1.82180917263031,30.470899943450387,1.7333333333333334,53.23220190432201,0.7333333333333333,11.267855644226074,8.976699829101562,34.93333333333333,-4.050980091094971,22.674985885620117
150,43.2,-7.4,Lugo,42.1,45.2,43.72713414634146,47.44664634146342,15,5390,8.133333333333333,4.066666666666666,1.0666666666666667,0.2,0.0,30.082918167114258,33.71276092529297,35.902252197265625,22.05894660949707,0.06666666666666667,1.7333333333333334,17.278276443481445,1.5333333333333334,6.333333333333333,0.4,30.86711257927508,36.81154443397906,13.8,5.0,2.1333333333333333,0.26666666666666666,20.914976726914965,35.11663882104501,40.660384041348316,19.933333333333334,3.8666666666666667,0.2,21.98024201616109,25.346354981585858,0.5333333333333333,0.0,0.0,3.0340871810913086,2.8155910968780518,1.6836637258529663,30.375004856362146,1.8,58.838403654540166,1.4,11.94898796081543,7.870229721069336,14.666666666666666,-1.8058606386184692,19.932085037231445
152,42.6,-8.2,Pontevedra,45.3,45.9,43.26981707317073,49.77896341463415,15,5390,13.8,5.333333333333333,1.3333333333333333,0.0,0.0,30.76236915588379,33.47404479980469,34.960113525390625,22.724515914916992,0.2,1.3333333333333333,16.865488052368164,1.6666666666666667,6.733333333333333,0.4666666666666667,31.036908777487515,36.3478372865909,18.133333333333333,6.066666666666666,2.066666666666667,0.26666666666666666,21.444692059185872,35.104350741868416,41.796256770112336,24.2,3.7333333333333334,0.2,21.58956795983332,25.897860608768926,0.4666666666666667,0.0,0.0,2.8346900939941406,2.6643786430358887,2.091273307800293,30.692916889891432,1.6,55.21175891226268,0.6666666666666666,11.705631256103516,8.548328399658203,22.333333333333332,-2.866719961166382,21.3768367767334
153,42.4,-8.3,Ourense,33.0,46.3,42.012195121951216,52.85060975609756,15,5390,15.266666666666667,6.466666666666667,1.6666666666666667,0.0,0.0,30.94744300842285,33.28750991821289,34.594146728515625,23.103092193603516,0.26666666666666666,2.2,17.379777908325195,1.5333333333333334,6.066666666666666,0.26666666666666666,31.16059523823367,36.45659965768051,19.666666666666668,6.733333333333333,2.2666666666666666,0.26666666666666666,22.012022593217758,35.01967419871286,40.4708215865276,25.866666666666667,3.6666666666666665,0.06666666666666667,21.38381122249721,24.962865111776196,0.2,0.0,0.0,2.372575044631958,2.259657859802246,1.8424352407455444,30.594273925213137,1.7333333333333334,53.70740108244767,1.1333333333333333,11.856559753417969,8.822234153747559,26.733333333333334,-3.411463737487793,22.020673751831055
154,43.0,-8.5,A Coruña,36.2,46.6,37.14939024390244,60.823170731707314,15,5390,9.733333333333333,3.8,1.1333333333333333,0.0,0.0,30.050861358642578,33.59052276611328,34.885894775390625,22.227935791015625,0.13333333333333333,2.8,17.35696792602539,1.6666666666666667,6.6,0.4,31.19116451194027,37.56709342514151,15.333333333333334,5.333333333333333,2.6,0.6,21.08565221159789,35.90271267113625,42.32912849909778,24.4,5.066666666666666,0.6666666666666666,22.3381618290624,25.909674190069715,1.0,0.0,0.0,3.27244234085083,3.0787410736083984,1.9988335371017456,30.350071292575926,1.5333333333333334,59.88702664328848,2.2666666666666666,12.722350120544434,7.717177391052246,10.666666666666666,-1.6664172410964966,18.88473892211914
155,42.4,-8.4,Pontevedra,24.8,47.3,40.541158536585364,57.507621951219505,15,5390,14.733333333333333,5.933333333333334,1.6,0.0,0.0,30.76390266418457,33.44556427001953,34.426422119140625,23.06974220275879,0.3333333333333333,2.6,17.60047721862793,1.6,6.0,0.4,31.231937381254077,36.294991695236874,20.8,6.733333333333333,2.3333333333333335,0.26666666666666666,22.099339702407942,35.211806327279305,42.10588358465305,27.466666666666665,4.333333333333333,0.13333333333333333,21.625253960822864,26.012343880803844,0.26666666666666666,0.06666666666666667,0.0,2.4840402603149414,2.357571840286255,1.998282551765442,30.52596879921945,1.6666666666666667,54.928303173725745,1.4,12.163315773010254,8.573012351989746,22.133333333333333,-2.803607225418091,21.402584075927734
155,42.6,-8.1,Pontevedra,52.9,47.3,48.353658536585364,45.65548780487806,15,5390,13.133333333333333,5.266666666666667,1.4,0.06666666666666667,0.0,30.834749221801758,33.414390563964844,35.159332275390625,22.69179916381836,0.06666666666666667,1.2,16.759492874145508,1.6666666666666667,6.666666666666667,0.3333333333333333,30.927765301937846,36.2850445342442,17.933333333333334,5.8,1.9333333333333333,0.26666666666666666,21.360658992129544,34.97771098632656,41.44643433983545,22.733333333333334,3.533333333333333,0.2,21.50585910194619,25.692817931052584,0.4,0.0,0.0,2.8019471168518066,2.617616653442383,2.0341875553131104,30.603363876191384,1.7333333333333334,54.81981115432539,0.6666666666666666,11.531484603881836,8.647807121276855,25.4,-3.1536779403686523,21.656112670898438
157,42.1,-7.2,Ourense,125.2,47.4,66.76829268292684,18.346036585365855,15,5390,21.733333333333334,9.333333333333334,3.066666666666667,0.13333333333333333,0.0,31.718975067138672,33.830440521240234,35.659088134765625,24.0884952545166,0.5333333333333333,3.8666666666666667,17.96636199951172,1.6,6.466666666666667,0.6,29.93581240531947,34.47304823457351,17.666666666666668,3.2,0.5333333333333333,0.0,22.168042449498486,32.93007877151034,37.370288619779004,17.733333333333334,0.4666666666666667,0.0,19.46191837359542,23.289322838652197,0.0,0.0,0.0,2.0017483234405518,1.9399389028549194,1.910023808479309,30.536237231622884,1.0666666666666667,44.40621873617011,0.0,11.049421310424805,9.2333984375,46.46666666666667,-3.885357618331909,24.78701400756836
157,43.0,-7.1,Lugo,62.7,47.4,45.23628048780487,50.56402439024391,15,5390,11.866666666666667,4.8,1.6666666666666667,0.13333333333333333,0.0,30.468076705932617,34.45163345336914,35.983795166015625,22.57607650756836,0.2,3.2,17.637731552124023,1.2666666666666666,5.666666666666667,0.4666666666666667,30.887076912089274,36.34411688433954,16.6,5.266666666666667,2.2,0.3333333333333333,21.525280236575863,35.21353120053396,40.59494022192667,23.066666666666666,4.066666666666666,0.13333333333333333,21.63527108532229,25.340306152596064,0.26666666666666666,0.0,0.0,2.4504683017730713,2.2624852657318115,1.7537823915481567,30.68444412657772,1.9333333333333333,55.939252829969405,1.8,11.479815483093262,8.673319816589355,31.866666666666667,-3.701334238052368,22.098308563232422
159,43.1,-7.0,Lugo,51.6,47.5,49.21493902439024,44.8780487804878,15,5390,10.6,4.8,1.6666666666666667,0.2,0.0,30.560428619384766,34.38939666748047,36.237701416015625,22.229278564453125,0.2,2.3333333333333335,17.401796340942383,1.4,5.933333333333334,0.3333333333333333,30.766993405977427,36.95390480997,15.2,4.866666666666666,2.066666666666667,0.26666666666666666,21.24894489238266,35.01602127453773,40.56149874583012,21.666666666666668,3.6666666666666665,0.2,21.660693853805117,25.359466469142827,0.26666666666666666,0.0,0.0,2.4024317264556885,2.202892780303955,1.6673121452331543,30.635611521053697,2.0,57.230313377876286,1.4666666666666666,11.35883617401123,8.594789505004883,32.333333333333336,-3.424456834793091,21.7379207611084
160,42.9,-7.2,Lugo,73.8,47.8,49.20731707317073,45.640243902439025,15,5390,13.266666666666667,5.066666666666666,1.9333333333333333,0.2,0.0,30.775022506713867,34.3155403137207,35.458404541015625,22.71082878112793,0.06666666666666667,2.6666666666666665,17.401016235351562,1.4,5.866666666666666,0.4,30.699782964572297,35.74049049619447,17.2,5.066666666666666,1.8666666666666667,0.3333333333333333,21.514888311995904,35.113899950819054,40.209690429873035,22.133333333333333,3.7333333333333334,0.06666666666666667,21.524904556620132,25.145745639906135,0.26666666666666666,0.0,0.0,2.4640450477600098,2.2721307277679443,1.8616820573806763,30.624854284013743,2.0,54.49020900816195,1.2,11.353266716003418,8.79559326171875,33.06666666666667,-3.865699529647827,22.440811157226562
161,43.0,-8.4,A Coruña,37.5,47.9,38.68140243902439,61.70731707317073,15,5390,9.933333333333334,3.8666666666666667,1.1333333333333333,0.0,0.0,30.230697631835938,33.51349639892578,34.979400634765625,22.26054573059082,0.13333333333333333,2.4,17.259071350097656,1.6666666666666667,6.666666666666667,0.4,31.266010184628623,37.6919815790392,15.466666666666667,5.666666666666667,2.7333333333333334,0.5333333333333333,21.114572341544715,35.764262895373705,42.38134586384946,24.733333333333334,5.4,0.6666666666666666,22.317282094887005,26.065565224459064,1.0666666666666667,0.06666666666666667,0.0,3.296565532684326,3.0500686168670654,2.115304708480835,30.517943760560872,1.6,59.620545554357975,1.8666666666666667,12.637519836425781,7.759346008300781,10.2,-1.5279333591461182,19.03978729248047
162,43.2,-7.8,Lugo,37.8,48.1,39.88567073170732,60.51067073170732,15,5390,8.4,3.6,0.8666666666666667,0.06666666666666667,0.0,29.929418563842773,33.959049224853516,35.468658447265625,22.0412540435791,0.13333333333333333,2.0,17.240140914916992,1.5333333333333334,6.533333333333333,0.4,31.314133440030233,36.536059124128755,13.533333333333333,5.6,2.466666666666667,0.5333333333333333,20.881656393722988,35.669700760691406,41.420097631338656,22.2,4.866666666666666,0.6,22.370136471018622,25.45274314116823,0.6666666666666666,0.0,0.0,3.316431999206543,3.0346553325653076,2.035961389541626,30.343996623406763,1.6,59.29584795504396,1.8,12.139925003051758,7.742003440856934,11.533333333333333,-1.6830871105194092,19.46285629272461
163,42.6,-7.9,Lugo,68.5,48.3,51.82164634146342,43.01067073170732,15,5390,15.266666666666667,5.466666666666667,1.8,0.06666666666666667,0.0,31.180740356445312,33.93901443481445,35.368316650390625,22.965660095214844,0.13333333333333333,0.8666666666666667,16.785036087036133,1.6666666666666667,6.4,0.26666666666666666,30.92608621965534,36.42669719303033,18.533333333333335,5.933333333333334,1.8,0.2,21.558513622628872,34.760644798415434,40.229991277313495,22.666666666666668,2.8666666666666667,0.06666666666666667,21.26938861739845,24.700119939651056,0.13333333333333333,0.0,0.0,2.7127528190612793,2.515413999557495,1.8705105781555176,30.78397178276496,1.9333333333333333,53.0906443478443,0.4666666666666667,11.491477012634277,8.870285034179688,27.866666666666667,-3.3867833614349365,22.174257278442383
164,42.7,-7.9,Pontevedra,72.3,49.3,47.70579268292683,51.638719512195124,15,5390,14.533333333333333,5.666666666666667,1.8,0.06666666666666667,0.0,31.03194236755371,34.185340881347656,35.260650634765625,22.89070701599121,0.06666666666666667,1.0666666666666667,16.785993576049805,1.5333333333333334,6.2,0.3333333333333333,31.143750817394743,36.5955079565864,18.466666666666665,6.0,2.2666666666666666,0.4,21.563229778600068,35.10897473456908,40.67733396339783,24.133333333333333,4.133333333333334,0.13333333333333333,21.594973350771536,24.751559585157267,0.26666666666666666,0.0,0.0,2.8051352500915527,2.5887293815612793,1.878575086593628,30.71220017226239,1.8,54.09692826259422,0.8,11.644506454467773,8.718842506408691,24.866666666666667,-3.1122303009033203,21.77044105529785
165,42.0,-8.0,Ourense,65.0,49.6,55.79268292682927,40.32012195121951,15,5390,18.333333333333332,7.866666666666666,2.466666666666667,0.0,0.0,31.304828643798828,33.757728576660156,34.774322509765625,23.418506622314453,0.6666666666666666,3.8,17.9366455078125,1.7333333333333334,6.6,0.4,30.912895216472133,35.640038118760465,20.2,6.133333333333334,1.8666666666666667,0.13333333333333333,22.098642000636463,34.15438580348846,38.56718282960345,21.2,2.066666666666667,0.0,20.80444702722137,24.286989283739302,0.06666666666666667,0.0,0.0,2.0024333000183105,1.8551706075668335,1.499498724937439,30.717611108245656,1.6666666666666667,50.039766262234814,0.4666666666666667,11.48114013671875,9.04488468170166,34.333333333333336,-3.5029308795928955,23.316240310668945
166,42.6,-8.3,Pontevedra,38.1,49.7,45.48018292682927,55.97560975609756,15,5390,13.666666666666666,5.466666666666667,1.4,0.0,0.0,30.828651428222656,33.608943939208984,34.650787353515625,22.7845401763916,0.26666666666666666,1.6,17.006689071655273,1.6666666666666667,6.733333333333333,0.4666666666666667,31.3005828889837,36.4775399783033,18.333333333333332,6.266666666666667,2.2666666666666666,0.3333333333333333,21.581218609495792,35.335454160075294,41.869362393451766,25.933333333333334,4.2,0.13333333333333333,21.70301962573933,25.837944577001547,0.4,0.0,0.0,2.852006673812866,2.703852653503418,2.160766363143921,30.694551615079856,1.6,55.47974493911644,0.7333333333333333,11.912365913391113,8.467726707458496,19.8,-2.6193346977233887,21.092714309692383
166,42.7,-8.0,Pontevedra,64.4,49.7,46.76067073170731,54.10823170731707,15,5390,13.466666666666667,5.533333333333333,1.6,0.06666666666666667,0.0,30.789169311523438,33.782047271728516,35.202301025390625,22.76742172241211,0.06666666666666667,1.0,16.822057723999023,1.5333333333333334,6.4,0.4,31.176003848445085,36.60472727704227,18.133333333333333,6.133333333333334,2.4,0.4,21.483730108520263,35.20738646179601,41.21008553935036,24.4,4.266666666666667,0.26666666666666666,21.680959282374456,25.244689415227292,0.4,0.0,0.0,2.857851982116699,2.6413726806640625,1.931483507156372,30.732596250098144,1.9333333333333333,55.024769974744416,0.8666666666666667,11.704399108886719,8.598563194274902,23.333333333333332,-3.0200159549713135,21.469982147216797
168,42.9,-7.3,Lugo,73.8,49.9,48.65853658536586,51.87500000000001,15,5390,13.4,5.4,2.0,0.26666666666666666,0.0,30.793453216552734,34.3944091796875,35.671295166015625,22.852785110473633,0.06666666666666667,2.2666666666666666,17.32623863220215,1.2666666666666666,5.333333333333333,0.3333333333333333,30.983423205361817,35.87271023680166,18.0,5.533333333333333,2.2666666666666666,0.4,21.653360502424107,35.402648269175366,40.9446113980979,23.866666666666667,4.0,0.06666666666666667,21.7563685748495,25.54334891534816,0.3333333333333333,0.0,0.0,2.5619125366210938,2.3712759017944336,1.7933390140533447,30.73312170511462,2.066666666666667,54.41052984401149,1.2666666666666666,11.569068908691406,8.817561149597168,30.933333333333334,-3.8138365745544434,22.24422836303711
169,43.1,-7.7,Lugo,50.3,50.1,44.96189024390244,57.766768292682926,15,5390,9.6,4.133333333333334,1.4,0.2,0.0,30.25046730041504,34.179752349853516,35.597564697265625,22.329599380493164,0.06666666666666667,1.8,17.103778839111328,1.4,6.133333333333334,0.4666666666666667,31.20366611476873,36.16151595508288,14.333333333333334,5.533333333333333,2.466666666666667,0.4666666666666667,21.00786271839311,35.63435073953936,41.303449129848026,22.733333333333334,4.666666666666667,0.5333333333333333,22.138528907493285,24.97700515945514,0.6666666666666666,0.0,0.0,3.2995636463165283,3.044969081878662,2.0514891147613525,30.495186499609385,1.6666666666666667,57.41716027077824,1.6666666666666667,11.942696571350098,8.01712417602539,15.133333333333333,-2.334942579269409,20.291364669799805
170,43.0,-7.6,Lugo,63.4,50.3,46.547256097560975,55.95274390243901,15,5390,11.6,4.866666666666666,1.8,0.2,0.0,30.581602096557617,34.46845245361328,35.685455322265625,22.7403564453125,0.06666666666666667,1.9333333333333333,17.1528263092041,1.3333333333333333,5.666666666666667,0.4,31.20998494240845,36.39865065381383,16.6,5.8,2.6666666666666665,0.6,21.421996462575507,35.50791655997803,40.992276781007774,24.333333333333332,4.2,0.3333333333333333,21.917800917331373,25.571236903896317,0.4666666666666667,0.0,0.0,3.0480692386627197,2.8301610946655273,1.8484487533569336,30.756600686952844,2.066666666666667,55.54872446153351,1.4,11.932173728942871,8.391304969787598,20.733333333333334,-2.9053919315338135,21.113460540771484
171,42.1,-8.1,Ourense,52.9,50.4,52.97256097560976,46.646341463414636,15,5390,18.2,7.666666666666667,2.2,0.0,0.0,31.334278106689453,33.88924026489258,34.820220947265625,23.420738220214844,0.4,3.2666666666666666,17.787233352661133,1.6666666666666667,6.533333333333333,0.3333333333333333,31.028572776179054,36.02367938742605,21.866666666666667,7.133333333333334,2.466666666666667,0.13333333333333333,22.29715106878408,34.41279437166117,39.99821282863117,23.266666666666666,2.933333333333333,0.0,20.996515884439063,24.74312387177454,0.2,0.0,0.0,1.9243299961090088,1.8067421913146973,1.4508994817733765,30.764819712775722,1.8,50.95365234775513,0.5333333333333333,11.621505737304688,9.213876724243164,34.2,-3.850555419921875,23.211130142211914
172,42.4,-8.5,Pontevedra,16.5,50.7,37.263719512195124,70.89939024390243,15,5390,16.6,6.466666666666667,1.5333333333333334,0.0,0.0,30.773340225219727,33.90884017944336,34.856109619140625,23.298572540283203,0.4666666666666667,4.8,18.080732345581055,1.2666666666666666,5.2,0.3333333333333333,31.54431746816374,37.23517723205968,23.333333333333332,7.666666666666667,2.933333333333333,0.5333333333333333,22.493945623379624,35.76077951716498,43.601340730861104,32.4,5.733333333333333,0.26666666666666666,22.082914196964175,26.775500227586214,0.5333333333333333,0.06666666666666667,0.0,2.707346200942993,2.5457277297973633,2.2324233055114746,30.86048630638205,2.2,56.510920463196165,2.933333333333333,12.926441192626953,8.23108959197998,12.866666666666667,-1.5740123987197876,20.497142791748047
173,43.1,-7.6,Lugo,57.3,50.8,43.95579268292683,61.12042682926829,15,5390,10.466666666666667,4.6,1.6,0.13333333333333333,0.0,30.51845359802246,34.33063888549805,36.038970947265625,22.498334884643555,0.06666666666666667,1.9333333333333333,17.193479537963867,1.4,5.933333333333334,0.4,31.396884171080135,36.472054986169134,14.933333333333334,5.533333333333333,2.6,0.4666666666666667,21.157104244468734,35.79859767040557,41.256536178513024,23.533333333333335,4.8,0.4666666666666667,22.138800896697017,25.19314227488322,0.7333333333333333,0.0,0.0,3.2923073768615723,3.058342695236206,1.970654010772705,30.76526007899934,2.066666666666667,57.07245675565825,1.6,12.059037208557129,8.06767463684082,15.6,-2.288853645324707,20.414112091064453
174,42.5,-8.4,Pontevedra,26.0,51.0,42.439024390243894,63.79573170731708,15,5390,15.466666666666667,6.4,1.6666666666666667,0.0,0.0,30.949975967407227,33.836891174316406,34.889068603515625,23.0753116607666,0.26666666666666666,2.3333333333333335,17.39617347717285,1.5333333333333334,6.133333333333334,0.4,31.55802877844376,36.80456791921072,20.333333333333332,7.0,3.066666666666667,0.5333333333333333,22.020567259860634,35.527259077182826,41.65881943241296,28.266666666666666,4.8,0.2,21.650106554305005,25.577772898504396,0.3333333333333333,0.0,0.0,2.6661489009857178,2.5545401573181152,2.093928098678589,30.88634171631831,1.8,54.873431981727926,1.2666666666666666,12.164224624633789,8.568472862243652,19.866666666666667,-2.6332263946533203,21.27383041381836
174,42.9,-7.9,Lugo,55.9,51.0,44.87042682926828,60.16006097560975,15,5390,12.466666666666667,5.133333333333334,1.6,0.13333333333333333,0.0,30.689010620117188,33.94060516357422,35.021148681640625,22.592979431152344,0.06666666666666667,1.3333333333333333,16.885766983032227,1.4666666666666666,5.933333333333334,0.4666666666666667,31.36420695773305,36.59336841187235,17.466666666666665,6.0,2.6,0.7333333333333333,21.360821707251695,35.611543771365575,41.436673620975114,24.933333333333334,5.133333333333334,0.4666666666666667,22.0901697065761,25.297152315431212,0.6,0.0,0.0,3.0372767448425293,2.783475399017334,1.9183564186096191,30.9024483363629,1.7333333333333334,56.06178131993877,1.0,11.803182601928711,8.413013458251953,19.866666666666667,-2.772430419921875,20.971738815307617
176,42.9,-8.9,A Coruña,12.9,51.1,50.28963414634146,52.36280487804878,15,5390,9.333333333333334,3.533333333333333,0.8,0.13333333333333333,0.0,29.978517532348633,33.538848876953125,35.289215087890625,22.187461853027344,0.4,4.733333333333333,18.0295467376709,2.0,7.133333333333334,0.3333333333333333,30.665545156859782,37.839700834750445,13.6,4.8,2.0,0.6,20.902068211693873,35.49935645914933,43.30491499250549,23.133333333333333,4.733333333333333,0.6,22.072759681988277,26.273515666851836,0.8666666666666667,0.06666666666666667,0.0,3.550821542739868,3.4997804164886475,2.8143680095672607,30.061732806610326,1.2666666666666666,61.4818557708654,3.533333333333333,13.390777587890625,6.7392072677612305,1.8666666666666667,0.5755944848060608,17.560138702392578
177,43.1,-7.5,Lugo,55.1,51.4,45.92225609756097,59.58079268292683,15,5390,10.933333333333334,5.0,1.6666666666666667,0.2,0.0,30.64133644104004,34.43161392211914,36.253814697265625,22.58428192138672,0.06666666666666667,2.066666666666667,17.22019386291504,1.3333333333333333,5.666666666666667,0.4,31.29927899649401,36.59732163567369,15.4,5.6,2.533333333333333,0.4,21.208336398741515,35.735968973264114,41.1965155366386,23.733333333333334,4.666666666666667,0.4666666666666667,22.115582955539573,25.270480480770196,0.7333333333333333,0.0,0.0,3.2886874675750732,3.077007532119751,1.9469950199127197,30.871368955410944,2.2,56.76159266074259,1.6,12.076659202575684,8.120898246765137,16.266666666666666,-2.3618323802948,20.548870086669922
177,42.9,-7.7,Lugo,65.1,51.4,48.07164634146341,56.35670731707317,15,5390,13.4,5.266666666666667,1.8,0.26666666666666666,0.0,30.815763473510742,34.307613372802734,35.403961181640625,22.843442916870117,0.06666666666666667,1.4666666666666666,16.994266510009766,1.2666666666666666,5.533333333333333,0.4,31.264469571799943,36.00298198230971,18.0,6.066666666666666,2.7333333333333334,0.6666666666666666,21.559877241662843,35.483982234860974,41.47437280815954,25.066666666666666,4.333333333333333,0.3333333333333333,21.911513321690126,25.844509759976663,0.4666666666666667,0.0,0.0,2.8952388763427734,2.677248001098633,1.8230475187301636,30.920320980750738,2.0,54.752265192002966,0.9333333333333333,11.79853343963623,8.616157531738281,23.866666666666667,-3.170391798019409,21.523517608642578
179,41.9,-8.1,Ourense,64.1,51.6,55.396341463414636,45.98323170731707,15,5390,18.4,7.933333333333334,2.066666666666667,0.0,0.0,31.39249610900879,34.07860565185547,34.828765869140625,23.521183013916016,1.7333333333333334,6.533333333333333,18.769498825073242,1.8,6.533333333333333,0.4,31.041125237841708,35.593918956826215,23.066666666666666,7.066666666666666,2.3333333333333335,0.2,22.468183551351718,34.34596790867022,39.98506332284026,24.4,2.7333333333333334,0.0,21.05859690059935,24.812464752108117,0.2,0.0,0.0,1.894465446472168,1.7716866731643677,1.485905647277832,30.687537376255268,1.6,50.953019175606194,0.6,11.80081558227539,8.891375541687012,30.0,-3.2967419624328613,23.061975479125977
180,41.9,-8.0,Ourense,70.7,51.7,59.8094512195122,39.65701219512195,15,5390,18.933333333333334,8.066666666666666,2.466666666666667,0.0,0.0,31.373340606689453,33.81609344482422,34.835113525390625,23.528486251831055,1.5333333333333334,6.2,18.735570907592773,1.8,6.8,0.4,30.822456548931,35.595646867506304,21.466666666666665,6.2,2.0,0.13333333333333333,22.254410265438352,34.08970478777654,39.04267203832676,22.333333333333332,2.2,0.0,20.922885337421533,24.502176364249262,0.06666666666666667,0.0,0.0,1.966084599494934,1.8312270641326904,1.4641159772872925,30.754783128080692,1.8,50.09808271436062,0.4,11.664375305175781,8.758289337158203,29.066666666666666,-3.284383535385132,23.108457565307617
181,43.2,-8.2,A Coruña,16.3,52.3,42.72103658536586,66.65396341463415,15,5390,9.866666666666667,4.4,1.4,0.0,0.0,30.256383895874023,33.9237174987793,34.847076416015625,22.424072265625,0.2,4.733333333333333,18.000032424926758,1.7333333333333334,6.8,0.4666666666666667,31.362572973177922,37.17843857289402,16.333333333333332,5.866666666666666,2.7333333333333334,0.8,21.297051874480985,36.08648807925206,42.20588514135637,26.466666666666665,5.4,0.8,22.41161086921234,25.788465272222282,1.0666666666666667,0.0,0.0,3.4948391914367676,3.1747334003448486,2.425229072570801,30.635973471211155,1.9333333333333333,59.931607978858985,3.3333333333333335,13.11894702911377,7.3782243728637695,4.866666666666666,-0.45405638217926025,18.49211883544922
182,43.2,-7.5,Lugo,45.0,53.0,46.5625,62.743902439024396,15,5390,9.666666666666666,4.733333333333333,1.2666666666666666,0.2,0.0,30.534080505371094,34.161190032958984,36.419830322265625,22.31319808959961,0.06666666666666667,2.466666666666667,17.479785919189453,1.4666666666666666,6.333333333333333,0.4666666666666667,31.448512455917683,37.199348122077744,15.333333333333334,6.066666666666666,2.8666666666666667,0.3333333333333333,21.138384345390808,35.696908348494475,41.51121964558048,22.866666666666667,4.4,0.4666666666666667,22.252653591126546,25.521357391537716,0.7333333333333333,0.0,0.0,3.1938576698303223,2.9659204483032227,1.7803397178649902,30.77385610392283,2.1333333333333333,58.62175780490565,2.0,12.262845039367676,7.8328633308410645,10.6,-1.4661999940872192,19.738441467285156
183,42.1,-7.1,Ourense,133.3,53.4,74.64939024390245,21.547256097560975,15,5390,22.933333333333334,10.533333333333333,3.466666666666667,0.13333333333333333,0.0,31.954601287841797,34.15095520019531,35.934478759765625,24.244503021240234,1.0666666666666667,5.533333333333333,18.54840660095215,1.7333333333333334,7.0,0.6666666666666666,30.05797127998883,34.54692080454263,18.933333333333334,3.7333333333333334,0.5333333333333333,0.0,22.328333529347372,33.09607354854338,36.573792047642925,18.533333333333335,0.6,0.0,19.472565110767384,22.446308696906073,0.0,0.0,0.0,1.9368354082107544,1.8880852460861206,1.8530678749084473,30.67515755333459,1.2,43.98856840089008,0.0,11.105062484741211,9.14018440246582,46.06666666666667,-3.902134895324707,24.911861419677734
184,43.1,-6.9,Lugo,51.6,54.0,58.25457317073172,47.614329268292686,15,5390,11.2,5.066666666666666,2.0,0.2,0.0,30.608888626098633,34.63657760620117,36.448638916015625,22.217344284057617,0.26666666666666666,2.7333333333333334,17.380512237548828,1.6,6.6,0.3333333333333333,30.89675418149818,37.01589050209312,15.8,5.133333333333334,2.066666666666667,0.26666666666666666,21.32791240133585,35.03200711943165,40.61473448317921,21.466666666666665,3.6666666666666665,0.2,21.665065746038028,25.385091459748956,0.26666666666666666,0.0,0.0,2.2324140071868896,2.0217275619506836,1.5991708040237427,30.73540218574439,2.1333333333333333,57.09911098928841,1.7333333333333334,11.241206169128418,8.683699607849121,34.6,-3.419032096862793,22.034379959106445
185,42.0,-7.0,Ourense,143.5,54.1,80.76981707317074,14.024390243902438,15,5390,23.8,10.933333333333334,3.8,0.3333333333333333,0.0,32.10153579711914,34.547218322753906,36.840972900390625,24.386119842529297,2.066666666666667,7.066666666666666,19.14140510559082,1.6666666666666667,6.933333333333334,0.5333333333333333,29.40907360251023,33.511540039669065,16.066666666666666,2.533333333333333,0.26666666666666666,0.0,22.000886274206653,32.42896403529908,36.840972900390625,15.6,0.3333333333333333,0.0,18.72760049639677,20.286894315902202,0.0,0.0,0.0,2.072073459625244,2.0533571243286133,2.068805456161499,30.360113291196924,0.8,40.9515898367184,0.0,10.980184555053711,8.789571762084961,45.86666666666667,-3.675565242767334,25.25836753845215
185,42.3,-8.6,Pontevedra,9.1,54.1,41.94359756097562,72.2560975609756,15,5390,14.666666666666666,4.733333333333333,1.4,0.0,0.0,30.618545532226562,33.592044830322266,34.460601806640625,23.358827590942383,1.7333333333333334,10.266666666666667,18.835756301879883,1.4666666666666666,6.0,0.3333333333333333,31.289362991099413,37.69145885840427,22.733333333333334,7.533333333333333,2.933333333333333,0.5333333333333333,22.710757253522225,35.96563579394173,44.189275100309395,36.2,6.333333333333333,0.4,22.35127702983579,27.081296930861953,0.8,0.06666666666666667,0.0,3.0624589920043945,2.8151257038116455,2.6301772594451904,30.80341072985609,2.2666666666666666,59.545555781659196,7.4,13.964483261108398,7.542712211608887,2.6666666666666665,0.3908019959926605,18.922481536865234
187,42.8,-7.8,Lugo,69.5,54.3,48.07926829268292,63.673780487804876,15,5390,14.4,5.733333333333333,1.9333333333333333,0.2,0.0,31.0565242767334,34.46308898925781,35.537994384765625,22.982675552368164,0.06666666666666667,1.4,16.91667366027832,1.3333333333333333,5.266666666666667,0.4,31.562892293551936,36.690142604054145,19.666666666666668,6.866666666666666,2.6666666666666665,0.6666666666666666,21.712039128014748,35.64061756682613,40.86537452965845,25.8,4.866666666666666,0.3333333333333333,21.887028811530648,25.033277713078594,0.4,0.0,0.0,2.8391470909118652,2.6178064346313477,1.8394699096679688,31.123890875973036,2.2666666666666666,54.272392563987864,0.9333333333333333,11.801780700683594,8.727192878723145,23.733333333333334,-3.0661046504974365,21.712045669555664
188,42.7,-7.4,Lugo,96.5,54.4,59.641768292682926,46.425304878048784,15,5390,17.0,6.733333333333333,2.3333333333333335,0.3333333333333333,0.0,31.370094299316406,34.87110900878906,35.710601806640625,23.259075164794922,0.06666666666666667,1.4666666666666666,17.12713050842285,1.5333333333333334,6.2,0.3333333333333333,31.107483116208066,36.31685277586376,19.4,5.933333333333334,2.2666666666666666,0.3333333333333333,21.952470190493457,34.853990772452946,39.91166175902274,23.666666666666668,3.2666666666666666,0.0,21.30995363372885,24.832576857600575,0.2,0.0,0.0,2.360494375228882,2.1557891368865967,1.7255067825317383,30.924264356077984,2.2666666666666666,51.997541162215136,0.5333333333333333,11.528407096862793,9.186453819274902,33.333333333333336,-3.9131433963775635,22.922016143798828
188,43.2,-7.7,Lugo,45.2,54.4,46.516768292682926,66.33384146341464,15,5390,9.133333333333333,4.466666666666667,1.2666666666666666,0.13333333333333333,0.0,30.41739845275879,34.08685302734375,36.136627197265625,22.26163101196289,0.06666666666666667,2.4,17.44279670715332,1.4666666666666666,6.6,0.5333333333333333,31.59713359212162,37.39206372091035,15.133333333333333,6.0,2.933333333333333,0.5333333333333333,21.13664212135451,35.84765807046835,41.983053001769846,23.866666666666667,5.133333333333334,0.5333333333333333,22.350897254983735,25.435709611827914,0.8,0.0,0.0,3.2631335258483887,2.9974093437194824,1.922934651374817,30.79495657107422,2.066666666666667,59.05406145370508,2.1333333333333333,12.336488723754883,7.785159111022949,10.733333333333333,-1.4708117246627808,19.524932861328125
190,42.9,-7.1,Lugo,73.8,54.7,55.891768292682926,52.94969512195122,15,5390,14.933333333333334,6.333333333333333,2.1333333333333333,0.2,0.0,31.134719848632812,34.6151237487793,35.833404541015625,22.883955001831055,0.3333333333333333,3.533333333333333,17.799341201782227,1.3333333333333333,5.733333333333333,0.3333333333333333,31.011873060888206,36.09250696427023,19.133333333333333,6.0,2.2666666666666666,0.3333333333333333,21.781483122129703,35.21028485465368,40.400961808643764,24.466666666666665,4.0,0.13333333333333333,21.629350228092346,25.459167624101383,0.4,0.0,0.0,2.359623670578003,2.1718716621398926,1.8740419149398804,30.981875589667606,2.2,54.42889644530223,1.4,11.438434600830078,8.846261978149414,33.53333333333333,-3.9867663383483887,22.723630905151367
191,42.3,-7.2,Ourense,123.7,54.9,70.22103658536585,31.859756097560975,15,5390,19.466666666666665,9.266666666666667,3.3333333333333335,0.13333333333333333,0.0,31.781835556030273,34.04813766479492,35.617095947265625,23.565927505493164,0.3333333333333333,3.533333333333333,17.94133949279785,1.8,6.866666666666666,0.4666666666666667,30.510906187411923,35.40072944997455,18.933333333333334,5.4,1.1333333333333333,0.06666666666666667,22.08680856832966,33.86168427695376,38.05826488294743,20.333333333333332,1.0,0.0,20.331949446711736,23.950721738252323,0.0,0.0,0.0,1.845474123954773,1.7184737920761108,1.701647400856018,31.01080388526058,1.8,48.633147009160666,0.26666666666666666,11.04094123840332,9.161965370178223,45.6,-3.98539662361145,24.33072853088379
192,42.3,-8.4,Pontevedra,25.1,55.1,43.391768292682926,72.6905487804878,15,5390,17.6,7.066666666666666,1.9333333333333333,0.0,0.0,30.99498748779297,34.13833999633789,34.861968994140625,23.435836791992188,0.6,5.0,18.158170700073242,1.4,5.6,0.3333333333333333,31.55547058999267,37.86232144825284,25.333333333333332,8.266666666666667,2.933333333333333,0.4,22.687259618912673,35.84585408139341,44.301752563293626,32.0,5.6,0.2,22.04362445576806,27.23083423202363,0.4666666666666667,0.06666666666666667,0.0,2.3474855422973633,2.210637092590332,1.922608733177185,31.014415366207132,2.3333333333333335,55.410921249828576,3.0,12.654823303222656,8.624090194702148,20.133333333333333,-2.487706184387207,21.434206008911133
193,43.1,-8.3,A Coruña,27.8,55.4,48.109756097560975,66.3719512195122,15,5390,10.6,4.266666666666667,1.5333333333333334,0.06666666666666667,0.0,30.302902221679688,34.09333038330078,35.620025634765625,22.35419273376465,0.13333333333333333,2.933333333333333,17.34174346923828,1.6666666666666667,6.666666666666667,0.4,31.324592109826394,37.59956155380976,16.4,6.066666666666666,3.066666666666667,0.7333333333333333,21.243160628119266,36.1041688803826,42.53681034987147,25.466666666666665,5.6,0.8,22.309415708636653,25.75843762154103,1.1333333333333333,0.0,0.0,3.282585620880127,3.0053176879882812,2.1824636459350586,30.637313063183193,1.8666666666666667,59.10244587669631,2.1333333333333333,12.625791549682617,7.833547592163086,10.133333333333333,-1.6096398830413818,19.217304229736328
193,43.2,-7.6,Lugo,49.0,55.4,48.30030487804878,66.0594512195122,15,5390,9.866666666666667,5.0,1.4,0.26666666666666666,0.0,30.578384399414062,34.202213287353516,36.453033447265625,22.359243392944336,0.06666666666666667,2.8,17.526729583740234,1.4,6.266666666666667,0.5333333333333333,31.70785687014034,37.570196144317684,15.666666666666666,5.933333333333334,3.066666666666667,0.3333333333333333,21.215892056077582,35.79560775116441,41.95608142565104,24.066666666666666,5.0,0.5333333333333333,22.388387695475704,25.439942324266916,0.8,0.0,0.0,3.2359163761138916,2.9892797470092773,1.8351671695709229,30.95821411453479,2.2,58.789764995499276,2.3333333333333335,12.381989479064941,7.810589790344238,10.066666666666666,-1.4598742723464966,19.617786407470703
195,42.5,-8.2,Ourense,41.9,55.5,56.8140243902439,53.521341463414636,15,5390,15.466666666666667,6.6,1.8,0.06666666666666667,0.0,31.139572143554688,33.819583892822266,35.137847900390625,23.077375411987305,0.26666666666666666,1.6,17.091901779174805,1.6666666666666667,6.733333333333333,0.4666666666666667,31.35186590824788,36.6415573047902,19.8,6.4,2.2666666666666666,0.3333333333333333,21.86872826808338,35.099369496934244,41.52227701278634,25.933333333333334,3.7333333333333334,0.2,21.570924394429213,25.624853200337004,0.3333333333333333,0.0,0.0,2.589015483856201,2.4500105381011963,1.9155479669570923,30.87384116193361,1.8666666666666667,53.98534878111756,0.6666666666666666,11.800027847290039,8.819634437561035,25.6,-3.217562198638916,21.978595733642578
196,43.0,-7.0,Lugo,62.7,55.8,56.37957317073171,55.01524390243903,15,5390,14.133333333333333,6.266666666666667,2.2,0.26666666666666666,0.0,30.895553588867188,34.65687561035156,36.331451416015625,22.734983444213867,0.5333333333333333,4.066666666666666,17.955062866210938,1.2666666666666666,5.533333333333333,0.4,31.074858201417875,36.70274808797363,18.133333333333333,5.933333333333334,2.466666666666667,0.3333333333333333,21.762874114309522,35.252698610103806,40.86409378122676,24.0,4.133333333333334,0.13333333333333333,21.586005215121336,25.532070437995237,0.4,0.0,0.0,2.3052401542663574,2.1194772720336914,1.678665280342102,30.945721413819683,2.2,55.528770799740116,2.066666666666667,11.532828330993652,8.684076309204102,31.6,-3.450665235519409,22.351850509643555
197,43.0,-8.3,A Coruña,38.7,56.1,47.69054878048781,68.68140243902438,15,5390,11.2,4.666666666666667,1.4666666666666666,0.06666666666666667,0.0,30.490135192871094,34.03852462768555,35.727447509765625,22.437864303588867,0.2,2.6,17.29029655456543,1.6666666666666667,6.533333333333333,0.4,31.443284426594367,38.163400924868455,16.533333333333335,6.8,3.2,0.7333333333333333,21.315894122053095,36.027313998040164,42.53927176671136,26.0,5.733333333333333,0.8,22.446937663711736,26.261952663525992,1.2,0.06666666666666667,0.0,3.286604166030884,3.00610613822937,2.206958055496216,30.678437764508384,1.9333333333333333,58.86911549018305,1.8666666666666667,12.598341941833496,7.8629326820373535,9.733333333333333,-1.4040539264678955,19.347230911254883
197,43.0,-8.2,A Coruña,38.4,56.1,49.39024390243902,66.16615853658536,15,5390,10.8,4.666666666666667,1.1333333333333333,0.06666666666666667,0.0,30.443218231201172,33.888607025146484,35.356353759765625,22.388141632080078,0.13333333333333333,2.3333333333333335,17.211044311523438,1.8666666666666667,7.133333333333334,0.3333333333333333,31.386239746705566,37.629651275094176,16.333333333333332,6.533333333333333,2.8666666666666667,0.6666666666666666,21.237261787289803,35.92108039268792,42.091634954815504,25.2,5.2,0.6666666666666666,22.321105542873337,25.993228562887218,1.1333333333333333,0.0,0.0,3.270620584487915,2.9790868759155273,2.2261812686920166,30.69172247020878,1.7333333333333334,58.44771994566434,1.9333333333333333,12.371437072753906,7.911623001098633,11.266666666666667,-1.700496792793274,19.606311798095703
199,43.1,-8.2,A Coruña,27.4,56.5,50.28963414634146,65.8689024390244,15,5390,10.933333333333334,4.4,1.5333333333333334,0.06666666666666667,0.0,30.53704261779785,34.08031463623047,35.446197509765625,22.384750366210938,0.13333333333333333,2.533333333333333,17.321794509887695,1.6666666666666667,6.8,0.5333333333333333,31.3340269399351,37.22032026161153,16.6,6.2,2.933333333333333,0.8,21.264093495839067,35.971650866898905,42.33116264029499,25.2,5.533333333333333,0.6666666666666666,22.294820035789733,25.686337640537342,1.0666666666666667,0.0,0.0,3.2622971534729004,2.9763524532318115,2.2221925258636475,30.469539222321497,1.6666666666666667,58.538144542311215,1.8666666666666667,12.456794738769531,7.907393455505371,11.266666666666667,-1.6837341785430908,19.51314926147461
199,42.7,-8.1,Pontevedra,56.3,56.5,52.72103658536585,62.1341463414634,15,5390,13.466666666666667,5.666666666666667,1.5333333333333334,0.06666666666666667,0.0,30.91142463684082,33.74726867675781,35.678863525390625,22.788318634033203,0.13333333333333333,1.2666666666666666,17.0069522857666,1.6666666666666667,6.866666666666666,0.4,31.43181805137482,37.00861766992502,18.8,6.733333333333333,2.6666666666666665,0.4,21.584116634346827,35.585967759051734,42.143247481589384,25.533333333333335,5.266666666666667,0.4666666666666667,22.030220650171536,25.99643732884949,0.6,0.0,0.0,2.9340291023254395,2.711768865585327,2.050614833831787,30.960213572157205,2.1333333333333333,56.00936470650949,0.8666666666666667,11.957521438598633,8.475388526916504,20.266666666666666,-2.6458899974823,21.1050968170166
201,42.3,-8.3,Pontevedra,33.2,56.6,49.375,67.33993902439025,15,5390,18.0,7.666666666666667,2.1333333333333333,0.0,0.0,31.238676071166992,34.11505126953125,34.918609619140625,23.55398178100586,0.4666666666666667,4.066666666666666,17.950294494628906,1.5333333333333334,6.2,0.3333333333333333,31.545244580595156,37.198015805231236,24.533333333333335,8.133333333333333,2.933333333333333,0.4666666666666667,22.68308635625618,35.571402965320054,43.29365726124606,30.066666666666666,4.8,0.2,21.73052055517601,26.600817313134705,0.3333333333333333,0.06666666666666667,0.0,2.1947362422943115,2.08243465423584,1.7104512453079224,31.10662024010001,2.4,53.762175727821045,1.9333333333333333,12.351975440979004,8.962549209594727,26.2,-3.393048048019409,22.223705291748047
202,42.0,-7.8,Ourense,80.0,56.9,71.57774390243904,34.97713414634146,15,5390,21.333333333333332,9.2,3.1333333333333333,0.13333333333333333,0.0,31.822328567504883,34.208988189697266,36.162994384765625,23.830360412597656,0.6,4.133333333333334,18.08124542236328,1.8,6.866666666666666,0.4,30.789778025674536,35.493022175661686,20.6,6.0,1.8,0.06666666666666667,22.25358303398245,33.732698174621156,37.41214943818339,20.066666666666666,1.2666666666666666,0.0,20.2740923779998,22.70946919716959,0.0,0.0,0.0,1.980229377746582,1.8499220609664917,1.4964779615402222,30.977386122709614,1.9333333333333333,47.63517192596995,0.13333333333333333,11.510332107543945,8.969442367553711,31.8,-3.1172521114349365,23.649478912353516
203,42.7,-7.8,Lugo,79.3,57.0,56.19664634146341,58.22408536585367,15,5390,15.6,6.2,2.1333333333333333,0.13333333333333333,0.0,31.27204704284668,34.6248893737793,35.768463134765625,23.13943099975586,0.13333333333333333,1.2,16.93352508544922,1.5333333333333334,6.333333333333333,0.4,31.396928829682984,36.722083299476814,19.933333333333334,6.533333333333333,2.6,0.4666666666666667,21.812624639832336,35.32464558921594,40.53508755983653,25.2,4.466666666666667,0.13333333333333333,21.618910885630918,24.64003311998753,0.13333333333333333,0.0,0.0,2.75071382522583,2.5369412899017334,1.8211634159088135,31.11890696714513,2.2,53.28456954362343,0.8,11.743681907653809,8.854019165039062,25.0,-3.1829943656921387,22.06668472290039
203,43.0,-7.5,Lugo,65.6,57.0,51.737804878048784,64.83231707317073,15,5390,12.866666666666667,5.733333333333333,2.2,0.26666666666666666,0.0,30.91847801208496,34.807044982910156,36.325592041015625,22.97759437561035,0.13333333333333333,2.6,17.36927032470703,1.2,5.2,0.3333333333333333,31.474665656208078,36.96721775468418,17.533333333333335,6.133333333333334,2.933333333333333,0.6,21.6786912614077,35.81641186654049,41.77602276885631,26.133333333333333,4.866666666666666,0.4,22.04211753533601,25.77068129641317,0.4666666666666667,0.0,0.0,3.0252492427825928,2.82753324508667,1.819696307182312,31.201254790087592,2.2666666666666666,55.210114888779245,1.8,12.111013412475586,8.483177185058594,21.2,-2.905496835708618,21.295684814453125
205,42.8,-7.7,Lugo,73.8,57.6,52.545731707317074,65.19817073170731,15,5390,15.2,6.266666666666667,2.0,0.3333333333333333,0.0,31.326274871826172,34.71343231201172,35.702789306640625,23.19135093688965,0.06666666666666667,1.7333333333333334,17.06911277770996,1.2666666666666666,5.333333333333333,0.4,31.66879929849449,36.50514924661788,20.466666666666665,6.933333333333334,3.066666666666667,0.6666666666666666,21.911848811643996,35.67455106779434,41.44186136982452,26.866666666666667,4.8,0.3333333333333333,21.942438293135737,25.6707658748914,0.4,0.0,0.0,2.770965337753296,2.5634732246398926,1.8034993410110474,31.324064666907844,2.466666666666667,53.58878026426054,1.0666666666666667,11.888130187988281,8.852513313293457,25.466666666666665,-3.3193907737731934,21.991470336914062
205,42.0,-7.9,Ourense,72.4,57.6,71.0060975609756,37.46951219512195,15,5390,19.133333333333333,8.266666666666667,2.6666666666666665,0.13333333333333333,0.0,31.430130004882812,33.75677490234375,35.487213134765625,23.552732467651367,0.6,3.8,17.981779098510742,1.9333333333333333,7.333333333333333,0.4666666666666667,30.829516082554125,35.79704466908887,20.066666666666666,6.133333333333334,1.7333333333333334,0.13333333333333333,22.104376938213477,33.974969929264866,38.11552710599352,20.4,1.6666666666666667,0.0,20.575271452923282,24.17826608115707,0.06666666666666667,0.0,0.0,2.023155689239502,1.873824954032898,1.504599928855896,30.82235516554979,1.7333333333333334,49.04607908019235,0.13333333333333333,11.443122863769531,9.050935745239258,34.266666666666666,-3.444354295730591,23.49471664428711
207,42.8,-7.4,Lugo,85.6,57.7,57.55335365853659,57.850609756097555,15,5390,15.933333333333334,6.666666666666667,2.466666666666667,0.3333333333333333,0.0,31.257728576660156,34.934356689453125,35.991851806640625,23.22919464111328,0.13333333333333333,2.0,17.301570892333984,1.4,5.666666666666667,0.3333333333333333,31.301048751776605,36.29543120316292,19.866666666666667,6.266666666666667,2.6666666666666665,0.5333333333333333,21.98392405384256,35.48283552125532,41.14225236712642,25.333333333333332,4.266666666666667,0.06666666666666667,21.738226125855554,25.594855892907336,0.26666666666666666,0.0,0.0,2.5201025009155273,2.3273165225982666,1.7693605422973633,31.119207192917408,2.4,53.02274726878096,1.0,11.715879440307617,9.055670738220215,30.733333333333334,-3.832254648208618,22.586538314819336
208,42.1,-8.0,Ourense,60.7,57.9,66.95884146341463,44.237804878048784,15,5390,18.866666666666667,8.333333333333334,2.6,0.13333333333333333,0.0,31.53131675720215,33.935829162597656,35.217926025390625,23.531749725341797,0.2,3.1333333333333333,17.74872589111328,1.8,7.066666666666666,0.3333333333333333,31.00379443888737,35.81106732747069,21.733333333333334,6.733333333333333,2.2666666666666666,0.13333333333333333,22.25960698412389,34.298599557113995,39.53995749604391,22.8,2.7333333333333334,0.0,20.877578763472588,24.271146562199394,0.13333333333333333,0.0,0.0,2.002850294113159,1.8623096942901611,1.4662659168243408,30.92578275879578,1.9333333333333333,50.25281117040154,0.5333333333333333,11.61112117767334,9.188310623168945,34.06666666666667,-3.642049551010132,23.289981842041016
209,42.3,-8.5,Pontevedra,17.0,58.0,44.40548780487805,78.38414634146342,15,5390,17.6,6.2,2.0,0.0,0.0,30.967788696289062,34.046138763427734,34.938140869140625,23.48104476928711,1.0,6.733333333333333,18.53631019592285,1.3333333333333333,5.533333333333333,0.3333333333333333,31.750712818271307,38.512670937153416,25.466666666666665,8.666666666666666,3.2666666666666666,0.5333333333333333,22.842487730422746,36.172281330683475,45.32427422136473,34.6,6.533333333333333,0.4,22.373553756459735,27.78344011329798,0.7333333333333333,0.06666666666666667,0.0,2.610914468765259,2.4319238662719727,2.217695713043213,31.13201339809645,2.466666666666667,57.223251340424504,4.6,13.276817321777344,8.189762115478516,11.466666666666667,-1.255887508392334,20.39542579650879
210,42.3,-7.6,Ourense,90.7,58.1,68.44512195121952,42.51524390243902,15,5390,19.133333333333333,8.8,3.066666666666667,0.13333333333333333,0.0,31.805343627929688,34.42231750488281,35.672760009765625,23.63492774963379,0.06666666666666667,1.7333333333333334,17.164234161376953,1.8666666666666667,7.4,0.3333333333333333,31.000637451796443,35.84226242673242,21.533333333333335,6.866666666666666,1.6666666666666667,0.13333333333333333,22.271353023562163,34.236963348157445,38.695535418931584,22.866666666666667,2.1333333333333333,0.0,20.851874244991176,24.14616814520611,0.06666666666666667,0.0,0.0,2.094726085662842,1.9265203475952148,1.6986335515975952,31.156098727258403,2.1333333333333333,49.59006280672714,0.2,11.455243110656738,9.429646492004395,38.46666666666667,-3.9468958377838135,23.690589904785156
211,42.2,-7.1,Ourense,132.2,58.8,77.72865853658537,30.503048780487806,15,5390,22.333333333333332,10.2,3.8,0.13333333333333333,0.0,32.06768035888672,34.05659866333008,35.610260009765625,24.00678825378418,1.6,6.8,18.927614212036133,1.8666666666666667,7.333333333333333,0.5333333333333333,30.53184073652695,35.37925274264296,20.533333333333335,5.466666666666667,0.9333333333333333,0.06666666666666667,22.3837533379761,33.695458981470146,37.731981549047624,20.333333333333332,0.9333333333333333,0.0,20.13741375053857,23.625748396761406,0.0,0.0,0.0,1.8130265474319458,1.7310664653778076,1.6944465637207031,31.01141911519592,1.7333333333333334,46.38519705338367,0.0,11.199692726135254,8.916203498840332,42.666666666666664,-3.839691162109375,24.551958084106445
212,41.9,-8.2,Ourense,57.7,58.9,60.36585365853659,56.82164634146341,15,5390,19.666666666666668,8.4,2.533333333333333,0.06666666666666667,0.0,31.5571346282959,34.5012092590332,35.406890869140625,23.67542839050293,1.4666666666666666,6.2,18.684236526489258,1.6,6.0,0.3333333333333333,31.45334221713803,35.95566825541392,25.733333333333334,8.333333333333334,2.8,0.4,22.805177043422013,34.850906902596,40.69856392328224,28.066666666666666,3.466666666666667,0.06666666666666667,21.27955676855411,25.126750720560874,0.2,0.0,0.0,1.8593966960906982,1.740986704826355,1.5710325241088867,30.9612633320007,1.9333333333333333,51.32318080339068,0.8666666666666667,11.984634399414062,9.11920166015625,31.133333333333333,-3.358968496322632,23.224605560302734
213,42.9,-7.4,Lugo,74.6,59.2,54.48170731707317,66.27286585365853,15,5390,15.266666666666667,6.866666666666666,2.466666666666667,0.26666666666666666,0.0,31.059066772460938,34.88487243652344,36.288482666015625,23.195329666137695,0.2,2.533333333333333,17.412193298339844,1.2,5.2,0.3333333333333333,31.58452069660554,36.54859887386216,20.0,6.6,3.0,0.6666666666666666,22.004204402795022,35.80029592355674,42.1187301339941,27.4,5.066666666666666,0.26666666666666666,22.16152096840639,26.09566154793689,0.5333333333333333,0.06666666666666667,0.0,2.6761891841888428,2.4895827770233154,1.7735509872436523,31.20609064341128,2.533333333333333,54.08852733489123,1.5333333333333334,11.950620651245117,8.872339248657227,27.666666666666668,-3.625467538833618,22.134605407714844
214,42.5,-7.1,Lugo,118.0,59.4,69.77896341463415,43.711890243902445,15,5390,21.8,9.8,3.7333333333333334,0.3333333333333333,0.0,32.08924102783203,34.75032043457031,36.015533447265625,23.839759826660156,0.3333333333333333,4.333333333333333,18.141157150268555,1.4666666666666666,6.2,0.26666666666666666,31.166627619329255,35.91549400991689,22.0,6.666666666666667,1.6666666666666667,0.13333333333333333,22.41946108870044,34.3697539663514,38.790732604577414,21.866666666666667,1.8666666666666667,0.0,20.594694726703565,24.378240357537944,0.13333333333333333,0.0,0.0,1.767300009727478,1.6561353206634521,1.558355450630188,31.33119243560458,2.466666666666667,48.064381330259366,0.3333333333333333,11.336050033569336,9.333781242370605,40.6,-3.5491442680358887,24.365367889404297
215,42.8,-7.9,Lugo,65.9,59.7,54.28353658536586,67.89634146341463,15,5390,14.133333333333333,5.866666666666666,2.0,0.13333333333333333,0.0,31.072345733642578,34.32426071166992,35.537994384765625,22.921110153198242,0.06666666666666667,1.4666666666666666,16.956384658813477,1.6666666666666667,6.466666666666667,0.4,31.630445068046754,37.03690466214563,19.466666666666665,7.133333333333334,3.0,0.6666666666666666,21.701590872867527,35.92493863092284,41.42370961195082,26.333333333333332,5.333333333333333,0.4,22.017356965308267,25.005855416067874,0.4666666666666667,0.0,0.0,2.908390998840332,2.674673318862915,1.8677077293395996,31.228776387697028,2.1333333333333333,55.063484708231066,1.0,11.905982971191406,8.617212295532227,21.733333333333334,-2.8516881465911865,21.388566970825195
216,42.9,-8.1,A Coruña,50.4,60.0,48.81859756097561,76.6920731707317,15,5390,12.733333333333333,5.6,1.7333333333333334,0.06666666666666667,0.0,30.87040901184082,34.20331573486328,35.830963134765625,22.740333557128906,0.2,2.1333333333333333,17.3392333984375,1.5333333333333334,6.2,0.4666666666666667,31.914574052618033,38.21263244652279,19.133333333333333,7.8,3.4,0.8,21.634983273865892,36.58855642269597,43.289588722042744,27.666666666666668,6.733333333333333,0.8,22.669927190872915,26.86824026118537,1.2,0.2,0.0,3.2014806270599365,2.915482521057129,2.1707818508148193,31.270700495315744,2.4,57.619215546561925,1.7333333333333334,12.44048023223877,8.143494606018066,13.0,-1.926446557044983,20.13341522216797
217,42.6,-7.3,Lugo,107.0,60.3,65.54115853658537,52.38567073170732,15,5390,19.933333333333334,8.8,3.466666666666667,0.4,0.0,31.877613067626953,35.00209045410156,35.979400634765625,23.684724807739258,0.06666666666666667,2.2,17.509613037109375,1.4666666666666666,6.133333333333334,0.26666666666666666,31.4551778601274,36.73605640731377,22.466666666666665,6.733333333333333,2.4,0.26666666666666666,22.37002256395873,34.80573608656589,39.28368190361771,25.066666666666666,3.2666666666666666,0.0,21.21041754568263,24.15688229253434,0.06666666666666667,0.0,0.0,2.089182138442993,1.90287446975708,1.6659423112869263,31.384089005097604,2.7333333333333334,50.28082139587094,0.6666666666666666,11.564510345458984,9.43117618560791,37.266666666666666,-3.9092321395874023,23.710329055786133
218,42.4,-8.6,Pontevedra,8.3,60.5,49.08536585365854,77.53810975609757,15,5390,16.933333333333334,5.733333333333333,1.5333333333333334,0.06666666666666667,0.0,30.750995635986328,34.2371940612793,35.102203369140625,23.503358840942383,1.0666666666666667,8.666666666666666,18.64621925354004,1.4666666666666666,6.0,0.4,31.63623987065422,37.76398593961303,24.4,8.4,3.2666666666666666,0.6666666666666666,22.765291644024654,36.062775871262154,44.29070509127272,36.46666666666667,6.4,0.6,22.332270934759315,27.027686711148192,0.8,0.13333333333333333,0.0,3.091886043548584,2.871829032897949,2.596801519393921,31.067783722800698,2.2,58.32558392804908,6.066666666666666,13.890332221984863,7.6836748123168945,3.1333333333333333,0.10717406868934631,19.173690795898438
218,42.9,-8.8,A Coruña,17.0,60.5,56.044207317073166,67.26371951219512,15,5390,10.733333333333333,4.8,1.3333333333333333,0.13333333333333333,0.0,30.541379928588867,33.91288757324219,35.806793212890625,22.520536422729492,0.4,4.4,17.934375762939453,1.9333333333333333,7.066666666666666,0.4,31.26949096310989,38.06519544759685,16.066666666666666,6.266666666666667,2.6666666666666665,0.6666666666666666,21.35239315372161,36.0121614125122,43.83573064607653,25.866666666666667,5.533333333333333,0.6666666666666666,22.32201578030821,26.449180756330815,0.9333333333333333,0.06666666666666667,0.0,3.3401315212249756,3.2963619232177734,2.416801691055298,30.64794732366608,1.8,60.10960475835487,3.4,13.316308975219727,7.258683681488037,4.733333333333333,-0.2993444800376892,18.315059661865234
220,42.9,-7.6,Lugo,70.6,61.5,55.7469512195122,70.06859756097562,15,5390,15.333333333333334,6.533333333333333,2.466666666666667,0.3333333333333333,0.0,31.30312156677246,34.90180206298828,36.019195556640625,23.20922088623047,0.13333333333333333,2.2,17.315170288085938,1.1333333333333333,5.0,0.4,31.750068519100978,36.61818394835975,20.266666666666666,7.066666666666666,3.2,0.8,21.973224204582397,35.99587847331354,42.30555083053183,28.0,5.4,0.4666666666666667,22.141056647779866,26.20966761192783,0.4666666666666667,0.06666666666666667,0.0,2.8420755863189697,2.6413068771362305,1.821378469467163,31.38016189105703,2.6666666666666665,54.21769706371412,1.4666666666666666,12.08125114440918,8.759647369384766,23.866666666666667,-3.301107168197632,21.77199935913086
221,42.9,-8.0,A Coruña,52.6,61.8,55.47256097560975,71.39481707317073,15,5390,12.733333333333333,5.466666666666667,1.8,0.13333333333333333,0.0,30.778905868530273,34.17681884765625,35.463775634765625,22.699235916137695,0.13333333333333333,1.4666666666666666,17.1024112701416,1.7333333333333334,6.733333333333333,0.4,31.776439787475063,37.25083624597846,18.533333333333335,7.4,3.1333333333333333,0.7333333333333333,21.54336341961653,36.118480892511194,42.35421940555783,26.733333333333334,5.8,0.6666666666666666,22.395293557958915,26.227752102789108,0.9333333333333333,0.06666666666666667,0.0,3.109053134918213,2.8385441303253174,2.0472118854522705,31.207747750891276,1.9333333333333333,56.84264959854659,1.1333333333333333,12.152182579040527,8.293025016784668,17.333333333333332,-2.338033437728882,20.572229385375977
221,42.6,-7.8,Lugo,76.4,61.8,63.978658536585364,58.54420731707318,15,5390,17.6,7.266666666666667,2.7333333333333334,0.2,0.0,31.73663902282715,34.78114318847656,36.100494384765625,23.408252716064453,0.13333333333333333,1.4,17.1207332611084,1.6666666666666667,6.466666666666667,0.26666666666666666,31.432809741810896,37.01781410265474,21.2,7.0,2.533333333333333,0.4,22.03657401122473,35.26314341550416,40.4113341066793,25.6,4.266666666666667,0.06666666666666667,21.491847603169937,24.586208287298888,0.13333333333333333,0.0,0.0,2.6754233837127686,2.4729228019714355,1.833641767501831,31.361460573693712,2.533333333333333,52.19221802017913,0.7333333333333333,11.785537719726562,9.02586555480957,26.466666666666665,-3.3172545433044434,22.472898483276367
223,42.7,-8.2,Pontevedra,48.2,62.5,58.163109756097555,69.03201219512196,15,5390,13.933333333333334,6.0,1.6666666666666667,0.13333333333333333,0.0,31.03580665588379,33.741661071777344,35.872222900390625,22.86835289001465,0.13333333333333333,1.6,17.286230087280273,1.7333333333333334,7.066666666666666,0.4,31.585752542493132,37.68375754766065,19.066666666666666,7.266666666666667,3.066666666666667,0.5333333333333333,21.72387263084636,35.92089033743254,43.05391027808632,27.466666666666665,5.733333333333333,0.6,22.265988851151732,26.548675294496512,0.7333333333333333,0.13333333333333333,0.0,2.999175548553467,2.7794671058654785,2.157092332839966,31.20158849305503,2.2,56.54102955975283,1.2666666666666666,12.234204292297363,8.354117393493652,16.8,-2.267620801925659,20.730876922607422
224,42.1,-7.9,Ourense,68.6,62.7,72.33993902439025,48.22408536585366,15,5390,20.8,9.0,3.066666666666667,0.13333333333333333,0.0,31.759113311767578,34.24225616455078,35.887603759765625,23.750389099121094,0.3333333333333333,3.4,17.80695343017578,2.0,7.466666666666667,0.4666666666666667,31.158722153523275,36.032149660737446,22.733333333333334,7.533333333333333,2.466666666666667,0.13333333333333333,22.40658796995595,34.48325958284206,38.97901231714159,23.933333333333334,2.933333333333333,0.0,20.875510513493957,24.22225164899223,0.13333333333333333,0.0,0.0,2.0524940490722656,1.8956927061080933,1.4978688955307007,31.2606873319726,2.1333333333333333,49.50564957266964,0.4,11.692632675170898,9.213068962097168,32.46666666666667,-3.488800048828125,23.47047996520996
225,42.6,-8.4,Pontevedra,31.2,63.0,56.943597560975604,72.01981707317074,15,5390,16.133333333333333,6.733333333333333,1.9333333333333333,0.06666666666666667,0.0,31.276029586791992,34.2676887512207,35.193756103515625,23.10301399230957,0.26666666666666666,2.0,17.332942962646484,1.6,6.6,0.4666666666666667,31.968948062848348,37.286972934140955,20.733333333333334,7.733333333333333,3.466666666666667,0.5333333333333333,22.005380913343686,36.12185757485946,42.535378018451766,29.733333333333334,5.133333333333334,0.4,21.86922837367187,25.898913789709678,0.4,0.0,0.0,2.862969160079956,2.743664503097534,2.223541021347046,31.0621466466947,2.1333333333333333,55.346399111219974,1.0,12.327278137207031,8.472920417785645,16.866666666666667,-2.3049352169036865,20.95340347290039
226,42.8,-7.6,Lugo,78.8,63.5,59.95426829268293,68.8795731707317,15,5390,16.933333333333334,7.466666666666667,2.7333333333333334,0.4,0.0,31.616758346557617,35.06584930419922,36.222076416015625,23.452280044555664,0.13333333333333333,2.1333333333333333,17.292354583740234,1.2666666666666666,5.466666666666667,0.4,31.731307391460913,36.71075034479232,21.933333333333334,7.466666666666667,3.2666666666666666,0.7333333333333333,22.196376512781455,35.90311235695514,41.97701235457341,28.733333333333334,5.333333333333333,0.4666666666666667,22.061494207188392,25.882114392818345,0.4666666666666667,0.0,0.0,2.7042107582092285,2.51016902923584,1.7844839096069336,31.53692226633868,3.1333333333333333,53.057481899285825,1.0666666666666667,12.049288749694824,8.993651390075684,26.0,-3.441739559173584,22.276241302490234
226,42.7,-7.5,Lugo,92.5,63.5,64.10823170731707,62.583841463414636,15,5390,18.666666666666668,8.2,3.066666666666667,0.4666666666666667,0.0,31.795560836791992,35.346920013427734,36.189117431640625,23.580883026123047,0.13333333333333333,1.7333333333333334,17.33217430114746,1.4666666666666666,5.866666666666666,0.3333333333333333,31.56647041036692,36.903953172615296,22.733333333333334,7.533333333333333,3.0,0.6,22.318656220493025,35.50132499825996,41.44298754701526,27.733333333333334,4.733333333333333,0.13333333333333333,21.707739111615368,25.598453106846843,0.26666666666666666,0.0,0.0,2.469346046447754,2.2636520862579346,1.721400260925293,31.446923106944443,3.1333333333333333,52.03299438316388,0.6666666666666666,11.906935691833496,9.188872337341309,29.8,-3.7253503799438477,22.797155380249023
228,42.1,-7.5,Ourense,100.8,63.7,78.26981707317073,41.74542682926829,15,5390,24.2,11.533333333333333,4.333333333333333,0.2,0.0,32.29254150390625,34.784324645996094,36.551910400390625,24.341995239257812,0.3333333333333333,4.0,18.04685401916504,1.8666666666666667,7.266666666666667,0.5333333333333333,31.09471337916216,35.89788212186622,23.333333333333332,7.333333333333333,1.8666666666666667,0.06666666666666667,22.752331211075887,34.07183064777806,38.505791522486625,22.6,1.5333333333333334,0.0,20.171556935689008,23.45668190547299,0.0,0.0,0.0,1.922571063041687,1.8240231275558472,1.6282817125320435,31.281234478276698,2.1333333333333333,45.642058158530936,0.0,11.553683280944824,9.349366188049316,36.46666666666667,-3.242579460144043,24.372024536132812
229,42.0,-7.2,Ourense,127.4,63.8,83.0564024390244,34.99999999999999,15,5390,29.4,14.6,5.733333333333333,0.4,0.0,32.6553955078125,34.985294342041016,36.933990478515625,25.07889747619629,1.0666666666666667,5.8,18.740631103515625,1.6,6.6,0.5333333333333333,30.74548499591229,36.28806214289187,23.8,6.466666666666667,1.0666666666666667,0.06666666666666667,23.02396666265325,33.75357249195399,39.00657569394975,23.133333333333333,1.2,0.0,19.78283307235215,22.56677780347715,0.0,0.0,0.0,2.163428783416748,2.125971794128418,2.124537706375122,31.342004484492218,2.4,42.191666044488706,0.0,11.655803680419922,9.415127754211426,39.8,-3.495401620864868,25.536903381347656
229,42.8,-8.9,A Coruña,3.6,63.8,58.300304878048784,71.95121951219512,15,5390,13.2,6.266666666666667,1.8,0.26666666666666666,0.0,31.01944923400879,34.40834045410156,36.533355712890625,22.9354305267334,0.7333333333333333,7.666666666666667,18.47262191772461,1.8,6.066666666666666,0.2,31.355148779142574,38.262346844385405,16.866666666666667,7.2,2.6666666666666665,0.8,21.667026342917158,36.06979637833671,44.229344413256456,28.466666666666665,6.266666666666667,0.7333333333333333,22.19020627116199,26.36048357974832,0.7333333333333333,0.06666666666666667,0.0,3.49346661567688,3.437771797180176,2.8628876209259033,31.118348289107225,2.2,59.28971522271055,4.866666666666666,13.801156997680664,7.027846813201904,1.9333333333333333,0.5359704494476318,18.103403091430664
231,42.0,-7.1,Ourense,135.4,63.9,88.4908536585366,27.057926829268293,15,5390,28.533333333333335,14.6,5.666666666666667,0.5333333333333333,0.0,32.65460968017578,35.133262634277344,37.292144775390625,24.943727493286133,2.3333333333333335,8.333333333333334,19.29568862915039,1.6666666666666667,6.933333333333334,0.6,30.42947861967411,34.40148652237627,22.066666666666666,4.933333333333334,0.9333333333333333,0.0,22.753792970240276,33.367974375286394,37.292144775390625,20.733333333333334,0.8,0.0,19.4036809267714,20.967771350390354,0.0,0.0,0.0,2.1047308444976807,2.078092098236084,2.088164806365967,31.241087639391615,2.2666666666666666,41.6250040517537,0.0,11.516790390014648,8.984129905700684,39.13333333333333,-3.1917564868927,25.392547607421875
232,42.5,-8.7,Pontevedra,8.1,64.2,52.28658536585366,82.09603658536585,15,5390,17.933333333333334,7.2,1.8666666666666667,0.13333333333333333,0.0,31.082042694091797,34.76859664916992,35.836578369140625,23.72613525390625,1.0666666666666667,11.2,18.789047241210938,1.2666666666666666,5.066666666666666,0.26666666666666666,31.869028068360908,38.03402137765742,23.6,9.4,3.466666666666667,0.8666666666666667,22.74831754668822,36.39670438901061,43.49418614139455,38.0,6.866666666666666,0.5333333333333333,22.33043502764159,26.297170887160224,0.8,0.2,0.0,3.464383602142334,3.2494547367095947,2.8342695236206055,31.320124637804472,2.4,57.66768905418682,6.866666666666666,14.373981475830078,7.424277305603027,1.5333333333333334,0.8211218118667603,18.53331184387207
233,42.8,-8.0,Pontevedra,63.1,64.4,57.46951219512195,74.84756097560975,15,5390,14.666666666666666,6.2,2.066666666666667,0.13333333333333333,0.0,31.203598022460938,34.34386444091797,35.789947509765625,22.984216690063477,0.06666666666666667,1.5333333333333334,17.162342071533203,1.6,6.666666666666667,0.4,31.93363572800754,37.60434481347287,20.533333333333335,8.133333333333333,3.533333333333333,0.8,21.837368586701558,36.18438434800471,42.28052238827071,27.866666666666667,6.333333333333333,0.7333333333333333,22.370466821803586,25.647922315523328,0.8,0.0,0.0,2.9837799072265625,2.7381391525268555,1.9825623035430908,31.483851918192663,2.6666666666666665,55.92881834398335,1.0666666666666667,12.199193954467773,8.502754211425781,18.933333333333334,-2.533724308013916,21.037553787231445
234,42.7,-7.7,Lugo,83.2,65.0,63.22408536585366,67.61432926829269,15,5390,17.533333333333335,7.2,3.0,0.4666666666666667,0.0,31.577960968017578,35.20732879638672,36.186431884765625,23.457612991333008,0.13333333333333333,1.8,17.194669723510742,1.4666666666666666,5.866666666666666,0.4,31.830824218568022,37.02078830258215,22.2,7.6,3.4,0.6666666666666666,22.16773188262727,35.61549232556451,41.46943088975577,27.333333333333332,5.2,0.2,21.784288322546182,25.574799014692424,0.26666666666666666,0.0,0.0,2.678509473800659,2.471139430999756,1.7781046628952026,31.549882299398504,2.8666666666666667,52.65558208197264,0.9333333333333333,11.94774055480957,8.99776554107666,25.933333333333334,-3.3117737770080566,22.352170944213867
235,42.5,-8.5,Pontevedra,18.4,66.0,57.21798780487805,79.28353658536585,15,5390,17.866666666666667,7.866666666666666,2.2,0.13333333333333333,0.0,31.344633102416992,34.49016571044922,35.574859619140625,23.47222137451172,0.4,3.8666666666666667,17.948440551757812,1.4666666666666666,5.933333333333334,0.3333333333333333,32.028125240206855,37.97427494148937,24.0,8.933333333333334,3.7333333333333334,0.7333333333333333,22.56406106206195,36.1774383556711,42.91574165783941,33.4,6.4,0.4666666666666667,22.0692481791561,26.086649504890694,0.4666666666666667,0.06666666666666667,0.0,2.8036253452301025,2.6821303367614746,2.2283406257629395,31.281418813511078,2.6,55.51230779860649,2.4,12.905252456665039,8.393746376037598,13.666666666666666,-1.7443029880523682,20.722698211669922
236,42.7,-7.6,Lugo,87.6,66.2,65.13719512195121,67.79725609756098,15,5390,18.666666666666668,8.466666666666667,3.2666666666666666,0.5333333333333333,0.0,31.826261520385742,35.3854866027832,36.293853759765625,23.62458038330078,0.13333333333333333,1.8666666666666667,17.33998680114746,1.4,5.8,0.4,31.826404654903435,37.11112570623261,23.133333333333333,7.666666666666667,3.3333333333333335,0.6666666666666666,22.355283915752,35.669305454133436,41.97422369167454,28.333333333333332,5.266666666666667,0.2,21.850867473427357,25.852329810078086,0.26666666666666666,0.0,0.0,2.5790226459503174,2.375154733657837,1.741638422012329,31.6470099100862,3.2666666666666666,52.222101016101604,0.8,12.02065372467041,9.12077522277832,27.866666666666667,-3.454134464263916,22.623701095581055
237,42.2,-7.6,Ourense,91.0,66.8,79.48170731707316,47.76676829268293,15,5390,22.4,10.8,4.266666666666667,0.3333333333333333,0.0,32.14083480834961,34.78459548950195,36.350494384765625,24.053041458129883,0.2,2.933333333333333,17.658496856689453,2.0,7.6,0.5333333333333333,31.272174998548902,36.19193586282686,23.533333333333335,7.933333333333334,2.066666666666667,0.13333333333333333,22.64806571455935,34.299608446483006,38.9647574325425,24.466666666666665,2.2666666666666666,0.0,20.63411195699925,24.162945740030825,0.06666666666666667,0.0,0.0,1.9898840188980103,1.8475325107574463,1.6077855825424194,31.424477886776376,2.466666666666667,47.92052690273875,0.13333333333333333,11.636988639831543,9.40998649597168,36.2,-3.474266290664673,23.994976043701172
238,42.9,-7.5,Lugo,76.3,66.9,61.326219512195124,75.16006097560975,15,5390,17.133333333333333,8.066666666666666,2.8,0.6,0.0,31.378021240234375,35.31499099731445,36.780670166015625,23.481239318847656,0.2,2.6666666666666665,17.554197311401367,1.1333333333333333,4.933333333333334,0.3333333333333333,31.945845254092855,37.0247834169598,22.0,7.8,3.466666666666667,0.9333333333333333,22.290541975640735,36.29865890051967,42.97806372150246,30.333333333333332,6.133333333333334,0.6,22.3851435696771,26.466936692497846,0.6666666666666666,0.06666666666666667,0.0,2.794825792312622,2.6093931198120117,1.7584670782089233,31.705264244746918,3.0,53.865124489155555,1.4666666666666666,12.28195571899414,8.88045883178711,24.466666666666665,-3.349019765853882,22.006526947021484
239,42.4,-6.9,Ourense,129.0,67.2,85.45731707317074,39.81707317073171,15,5390,23.0,11.333333333333334,4.733333333333333,0.3333333333333333,0.0,32.42953872680664,34.621402740478516,35.874664306640625,24.0913143157959,1.6,6.666666666666667,18.97927474975586,1.8666666666666667,7.4,0.4,30.98555947960283,35.58980192739683,22.666666666666668,6.933333333333334,1.5333333333333334,0.13333333333333333,22.60875734981302,34.005920738497245,37.70021411206257,21.933333333333334,1.3333333333333333,0.0,20.240928147403537,23.37640774092717,0.0,0.0,0.0,1.6609389781951904,1.5627665519714355,1.5233712196350098,31.417710543979318,2.3333333333333335,46.35663909170594,0.06666666666666667,11.262335777282715,9.05087947845459,41.8,-3.624412775039673,24.770578384399414
239,42.8,-7.5,Lugo,84.2,67.2,64.77896341463413,70.7469512195122,15,5390,17.466666666666665,8.333333333333334,2.8666666666666667,0.5333333333333333,0.0,31.65751075744629,35.25020217895508,36.558013916015625,23.534231185913086,0.2,2.1333333333333333,17.373485565185547,1.4666666666666666,5.866666666666666,0.3333333333333333,31.733498514595976,36.677365719927394,22.066666666666666,7.8,3.3333333333333335,0.6666666666666666,22.302997618160347,36.01189532696223,42.13803253861306,28.8,5.4,0.3333333333333333,22.153936252942167,26.01056322267944,0.4,0.06666666666666667,0.0,2.623199701309204,2.4336671829223633,1.7734780311584473,31.469600569725237,3.1333333333333333,52.81676261513004,1.1333333333333333,12.0549955368042,9.086759567260742,27.6,-3.652318000793457,22.496841430664062
241,42.7,-8.9,A Coruña,6.1,67.5,60.60213414634146,77.73628048780488,15,5390,15.8,6.8,2.066666666666667,0.26666666666666666,0.0,31.068737030029297,34.28770446777344,36.365386962890625,23.398954391479492,0.8,9.933333333333334,18.72899627685547,1.6666666666666667,6.066666666666666,0.3333333333333333,31.76632262960791,38.05605190333801,20.133333333333333,7.733333333333333,3.2666666666666666,0.8666666666666667,22.1351953077666,36.35119420437177,43.603549935139085,32.2,6.333333333333333,0.7333333333333333,22.27443155853686,25.710745037816594,0.9333333333333333,0.0,0.0,3.61767315864563,3.4993653297424316,2.8691797256469727,31.22376920085729,2.3333333333333335,57.82976806579197,5.866666666666666,14.240297317504883,7.091912746429443,1.4,0.9300695657730103,18.115413665771484
242,42.4,-7.0,Ourense,129.0,67.6,78.14786585365853,51.798780487804876,15,5390,24.666666666666668,12.533333333333333,4.866666666666666,0.3333333333333333,0.0,32.457279205322266,34.893123626708984,36.236236572265625,24.179367065429688,1.7333333333333334,7.133333333333334,19.055051803588867,1.5333333333333334,6.333333333333333,0.4,31.372705310486847,36.196303290443254,25.133333333333333,8.066666666666666,2.4,0.2,22.825776710153722,34.71120868858271,38.36729074065724,25.2,2.8666666666666667,0.0,20.703524637110686,24.029861981118273,0.06666666666666667,0.0,0.0,1.700433373451233,1.5980383157730103,1.561000108718872,31.824113486504903,2.933333333333333,47.60601179738146,0.2,11.484986305236816,9.121182441711426,39.46666666666667,-3.4546473026275635,24.660768508911133
243,42.5,-8.1,Ourense,50.0,67.8,68.33079268292683,67.09603658536585,15,5390,18.133333333333333,8.0,2.8666666666666667,0.26666666666666666,0.0,31.777507781982422,34.37515640258789,36.005035400390625,23.409059524536133,0.4,2.2666666666666666,17.330989837646484,1.6,6.4,0.3333333333333333,31.785488931549747,37.16863215902964,22.0,8.133333333333333,3.066666666666667,0.4,22.238515017457928,35.5798139019097,42.08396554985581,28.933333333333334,5.066666666666666,0.2,21.801685754902067,25.90728182450909,0.4666666666666667,0.0,0.0,2.5588998794555664,2.405559539794922,1.8733786344528198,31.51252592264804,2.8666666666666667,53.49595147447565,0.8,12.012680053710938,8.964725494384766,25.533333333333335,-3.2598180770874023,22.25276756286621
243,42.9,-8.2,A Coruña,49.5,67.8,59.939024390243894,79.61128048780489,15,5390,13.066666666666666,5.466666666666667,1.8666666666666667,0.06666666666666667,0.0,31.08286476135254,34.25370788574219,36.215972900390625,22.760635375976562,0.26666666666666666,2.6666666666666665,17.533105850219727,1.7333333333333334,7.133333333333334,0.4666666666666667,32.05604008482466,38.81347477202685,19.333333333333332,8.266666666666667,3.7333333333333334,0.9333333333333333,21.680025243980538,36.711317670070144,43.780990804169484,29.066666666666666,7.066666666666666,1.0,22.90600706217928,27.082958813749684,1.6666666666666667,0.26666666666666666,0.0,3.281381845474243,2.9895637035369873,2.2623746395111084,31.40634376605617,2.7333333333333334,58.185825149952606,2.1333333333333333,12.66994571685791,8.021317481994629,10.533333333333333,-1.5219225883483887,19.750160217285156
243,42.9,-8.4,A Coruña,43.0,67.8,57.873475609756106,82.59908536585365,15,5390,13.866666666666667,6.066666666666666,2.0,0.13333333333333333,0.0,31.233943939208984,34.37022399902344,36.510894775390625,22.890703201293945,0.2,3.2666666666666666,17.570053100585938,1.6666666666666667,6.533333333333333,0.4666666666666667,32.111582328469744,39.23910112207641,20.066666666666666,9.0,3.8,1.0666666666666667,21.865203350125885,36.95054354950816,43.986298879422066,30.133333333333333,7.266666666666667,1.0,22.87039182135258,26.929992654095514,1.5333333333333334,0.2,0.0,3.206921339035034,2.998051881790161,2.1274702548980713,31.454745940811264,2.8666666666666667,58.385024323412,2.6,12.982124328613281,8.05204963684082,9.933333333333334,-1.5380626916885376,19.537797927856445
246,42.2,-8.6,Pontevedra,11.1,67.9,55.47256097560976,86.53963414634146,15,5390,18.2,6.666666666666667,2.066666666666667,0.06666666666666667,0.0,31.07984161376953,34.24783706665039,35.001617431640625,23.709983825683594,2.2,12.4,19.05919075012207,1.4666666666666666,5.866666666666666,0.3333333333333333,32.02770113652701,37.98682892835348,27.266666666666666,9.933333333333334,3.6666666666666665,0.6666666666666666,23.211091113087623,36.84574306609989,44.494597106366875,41.333333333333336,8.933333333333334,0.6666666666666666,22.81680425316999,27.20972458461444,1.4,0.13333333333333333,0.0,2.8569488525390625,2.62621808052063,2.3539927005767822,31.323811081086138,2.7333333333333334,59.019280490682505,8.8,14.190157890319824,7.776920318603516,3.3333333333333335,0.10987670719623566,19.334165573120117
246,42.7,-8.3,Pontevedra,40.2,67.9,63.03353658536585,75.28201219512195,15,5390,14.866666666666667,6.533333333333333,1.8,0.13333333333333333,0.0,31.157546997070312,34.04663848876953,35.610504150390625,23.002134323120117,0.26666666666666666,2.0,17.460079193115234,1.8,7.4,0.4666666666666667,31.900764976608738,37.60472586562196,20.0,8.066666666666666,3.466666666666667,0.7333333333333333,21.91752263453605,36.223530025287005,43.18667041711902,29.666666666666668,6.266666666666667,0.7333333333333333,22.339032169608497,26.419375275158234,0.9333333333333333,0.06666666666666667,0.0,3.015702724456787,2.8194580078125,2.227968215942383,31.393138960223016,2.3333333333333335,56.633402341734914,1.5333333333333334,12.486055374145508,8.306998252868652,14.266666666666667,-2.0039148330688477,20.51669692993164
248,42.6,-8.9,A Coruña,0.8,68.2,61.08231707317074,78.91768292682927,15,5390,17.933333333333334,7.666666666666667,2.2,0.3333333333333333,0.0,31.238130569458008,34.87017059326172,36.185455322265625,23.784013748168945,1.2,14.733333333333333,18.943445205688477,1.5333333333333334,5.6,0.26666666666666666,31.774065685963183,39.48156868864072,21.0,7.933333333333334,3.466666666666667,0.7333333333333333,22.420062618028304,36.31661717516727,45.49777295681275,35.4,6.8,0.4,22.15712945615409,27.300616878697195,0.6,0.13333333333333333,0.0,3.827996253967285,3.6547322273254395,3.1719167232513428,31.22266950801139,2.8,56.85827766809495,6.733333333333333,14.67667007446289,7.0498433113098145,0.8,1.3937731981277466,17.947528839111328
249,42.9,-8.3,A Coruña,49.6,69.1,60.198170731707314,82.54573170731707,15,5390,13.733333333333333,5.666666666666667,1.9333333333333333,0.13333333333333333,0.0,31.18010902404785,34.38213348388672,36.596832275390625,22.83652114868164,0.3333333333333333,3.3333333333333335,17.65129280090332,1.7333333333333334,6.666666666666667,0.3333333333333333,32.10574551562752,38.93630226114468,19.733333333333334,8.8,3.8,1.0666666666666667,21.78363602201982,37.00579688723836,44.11486549965659,29.866666666666667,7.6,1.2,22.973600752786773,27.089026874654085,1.8666666666666667,0.3333333333333333,0.0,3.2821261882781982,3.012281894683838,2.2762324810028076,31.67690376958655,3.0,58.382021431356385,2.6,12.871489524841309,7.9972453117370605,8.733333333333333,-1.3103137016296387,19.552228927612305
250,42.8,-8.8,A Coruña,11.6,69.5,62.141768292682926,80.48780487804878,15,5390,14.666666666666666,7.0,2.1333333333333333,0.26666666666666666,0.0,31.488622665405273,34.768104553222656,36.789215087890625,23.177593231201172,0.4,6.333333333333333,18.297107696533203,1.6666666666666667,6.133333333333334,0.4,31.91121875991834,38.48106756607426,19.8,8.533333333333333,3.466666666666667,0.9333333333333333,22.065446569665056,36.50320916012741,44.82021691704628,31.666666666666668,7.333333333333333,0.9333333333333333,22.504554462437426,26.58549186659282,1.0666666666666667,0.26666666666666666,0.0,3.2787017822265625,3.2344884872436523,2.545482873916626,31.360090410290248,2.8666666666666667,58.19655169995673,4.4,13.671945571899414,7.523975849151611,4.733333333333333,-0.29790160059928894,18.803165435791016
251,42.0,-7.7,Ourense,87.8,69.6,86.51676829268291,44.16920731707317,15,5390,24.333333333333332,11.866666666666667,4.866666666666666,0.4,0.0,32.46958541870117,34.91987609863281,36.871978759765625,24.364744186401367,1.2,5.533333333333333,18.458436965942383,1.9333333333333333,7.466666666666667,0.4666666666666667,31.292974463189427,35.49390706656231,24.4,7.4,2.2666666666666666,0.06666666666666667,22.759381836131087,34.05982747785149,37.460848618450264,23.133333333333333,1.6,0.0,20.251196596562746,22.528437825185573,0.0,0.0,0.0,1.9246199131011963,1.8253909349441528,1.505236029624939,31.52152332411247,2.933333333333333,46.141394360706336,0.06666666666666667,11.78073501586914,8.983602523803711,29.533333333333335,-2.782388925552368,23.952547073364258
252,42.5,-7.9,Ourense,66.3,69.9,70.51067073170731,69.05487804878048,15,5390,19.666666666666668,8.866666666666667,3.7333333333333334,0.4,0.0,32.136314392089844,34.98824691772461,36.446441650390625,23.73988151550293,0.2,2.2,17.450824737548828,1.6,6.333333333333333,0.26666666666666666,31.896095280703392,37.40124344263465,23.533333333333335,8.6,3.466666666666667,0.7333333333333333,22.524807505098106,35.64075593824147,41.166613393565925,29.2,5.2,0.26666666666666666,21.714918812821942,25.312174536531412,0.4,0.0,0.0,2.513683319091797,2.3362061977386475,1.7538353204727173,31.84561047189446,3.066666666666667,52.05599312777203,0.7333333333333333,12.087259292602539,9.159550666809082,26.6,-3.357889413833618,22.661170959472656
253,42.4,-7.4,Ourense,106.9,70.0,80.42682926829268,54.46646341463415,15,5390,21.333333333333332,10.6,4.066666666666666,0.4,0.0,32.255218505859375,35.046329498291016,36.326080322265625,23.876754760742188,0.26666666666666666,2.533333333333333,17.669696807861328,1.8,7.333333333333333,0.3333333333333333,31.4501859156742,36.25041180903494,24.333333333333332,7.6,2.466666666666667,0.2,22.569760597743542,34.8450347517834,39.37999423268056,26.733333333333334,3.533333333333333,0.0,21.246066793208175,24.608771787870413,0.2,0.0,0.0,2.0571320056915283,1.8818244934082031,1.729904055595398,31.701209700076557,3.1333333333333333,50.056415314783386,0.6,11.640595436096191,9.42778491973877,37.333333333333336,-3.8748157024383545,23.929649353027344
254,42.4,-7.5,Lugo,98.7,70.7,78.8795731707317,58.47560975609756,15,5390,21.066666666666666,10.133333333333333,4.0,0.3333333333333333,0.0,32.18318176269531,34.86824417114258,36.113189697265625,23.85629653930664,0.2,2.6,17.59882164001465,1.8666666666666667,7.466666666666667,0.26666666666666666,31.461447670157032,36.34662820226104,24.2,8.266666666666667,2.6666666666666665,0.2,22.604749871766273,35.035750235629116,39.65005145750783,26.733333333333334,3.7333333333333334,0.0,21.2135991418008,24.709468011854163,0.2,0.0,0.0,2.1323065757751465,1.9471365213394165,1.7112950086593628,31.792449542547143,3.0,50.4594004377387,0.7333333333333333,11.754638671875,9.366960525512695,34.53333333333333,-3.7082018852233887,23.611928939819336
255,42.0,-7.3,Ourense,119.4,70.8,88.89481707317073,43.673780487804876,15,5390,30.6,15.866666666666667,6.133333333333334,0.5333333333333333,0.0,32.83330535888672,35.33699035644531,37.354644775390625,25.171314239501953,1.2,5.6,18.569313049316406,1.8,7.0,0.4666666666666667,31.167883359218752,35.44730562876509,26.4,7.933333333333334,1.6666666666666667,0.06666666666666667,23.265092165728724,34.06942478493943,38.72397173621381,25.466666666666665,1.6,0.0,19.99301962870331,23.661421186194687,0.0,0.0,0.0,2.0635385513305664,2.0176854133605957,1.9312529563903809,31.6767392911831,3.0,42.59348644380932,0.0,11.790785789489746,9.50997257232666,38.06666666666667,-3.1705310344696045,25.35886001586914
256,42.5,-8.0,Ourense,58.1,71.0,72.22560975609757,69.08536585365853,15,5390,19.266666666666666,8.533333333333333,3.4,0.26666666666666666,0.0,31.851951599121094,34.57358932495117,36.286285400390625,23.565155029296875,0.3333333333333333,2.3333333333333335,17.378461837768555,1.6666666666666667,6.666666666666667,0.3333333333333333,31.84428066741089,37.329455517515214,22.6,8.666666666666666,3.2666666666666666,0.4666666666666667,22.38210918168431,35.61191744558839,41.791370268646645,29.066666666666666,5.266666666666667,0.3333333333333333,21.76082597472987,25.737626452827307,0.4,0.0,0.0,2.52842116355896,2.3628523349761963,1.7988191843032837,31.662716410915085,2.6666666666666665,52.858261404026685,0.8,12.05013370513916,9.06227970123291,26.6,-3.3217859268188477,22.451688766479492
257,42.5,-8.6,Pontevedra,11.6,71.8,62.111280487804876,86.38719512195121,15,5390,19.2,8.2,2.2666666666666666,0.3333333333333333,0.0,31.467748641967773,34.795352935791016,36.203765869140625,23.76017951965332,0.6,7.133333333333334,18.531896591186523,1.4,5.666666666666667,0.3333333333333333,32.35745562825392,38.73599641395288,25.866666666666667,10.066666666666666,4.2,1.0,22.915436842216273,36.76177832415981,43.98752566103692,38.46666666666667,8.0,0.6,22.384971761363897,26.53353790420413,0.8666666666666667,0.26666666666666666,0.0,3.123377799987793,2.952528953552246,2.4455859661102295,31.70912875670038,3.1333333333333333,56.8248357836507,4.733333333333333,13.84913444519043,7.939761161804199,4.6,-0.3443835377693176,19.597877502441406
258,42.8,-8.1,Pontevedra,58.9,72.1,66.47103658536585,80.57164634146342,15,5390,15.133333333333333,6.466666666666667,2.3333333333333335,0.2,0.0,31.2497615814209,34.433326721191406,36.397613525390625,23.038097381591797,0.13333333333333333,2.1333333333333333,17.386106491088867,1.8,7.266666666666667,0.3333333333333333,32.20521210612906,38.75279093451347,21.133333333333333,8.8,4.066666666666666,0.8666666666666667,21.960834055892036,36.75644927435553,43.266955868047425,29.533333333333335,7.533333333333333,0.8666666666666667,22.66371008210687,26.649772592225247,1.2,0.2,0.0,3.0779480934143066,2.8186697959899902,2.0766422748565674,31.645260833025688,3.2,56.82422307709999,1.5333333333333334,12.509268760681152,8.360344886779785,15.4,-2.1281726360321045,20.614131927490234
259,42.4,-8.2,Ourense,41.2,72.8,69.76371951219512,77.41615853658536,15,5390,19.933333333333334,9.266666666666667,3.1333333333333333,0.3333333333333333,0.0,31.85008430480957,34.58513641357422,35.837066650390625,23.729097366333008,0.4666666666666667,3.533333333333333,17.68036460876465,1.6,6.266666666666667,0.3333333333333333,32.10031076958131,37.470202625854014,25.0,9.533333333333333,3.8,0.6666666666666666,22.748889689892174,35.89669302537511,42.134682660032844,31.533333333333335,6.066666666666666,0.26666666666666666,21.876932824723525,25.84721085615238,0.5333333333333333,0.0,0.0,2.3068971633911133,2.1946678161621094,1.7059377431869507,31.675664775905503,3.1333333333333333,53.13204908656364,1.6666666666666667,12.3052978515625,9.112626075744629,26.266666666666666,-3.4384729862213135,22.479944229125977
260,42.7,-8.4,Pontevedra,32.2,73.1,66.89786585365853,82.3094512195122,15,5390,16.066666666666666,7.066666666666666,2.3333333333333335,0.13333333333333333,0.0,31.36035919189453,34.434730529785156,35.701324462890625,23.226957321166992,0.3333333333333333,2.6666666666666665,17.634546279907227,1.7333333333333334,7.066666666666666,0.4666666666666667,32.28576875664017,37.78811963045376,21.866666666666667,9.466666666666667,4.133333333333334,1.0,22.21911016667724,36.664191788172666,43.504006744407995,31.933333333333334,7.0,0.6666666666666666,22.502480598020135,26.283755504633607,0.8666666666666667,0.06666666666666667,0.0,2.990405321121216,2.835657835006714,2.255197525024414,31.602364668870727,3.0,56.396174430847296,2.1333333333333333,12.7662992477417,8.339356422424316,13.2,-1.8113538026809692,20.449825286865234
261,42.6,-7.7,Lugo,84.3,73.2,71.71493902439023,75.47256097560977,15,5390,21.533333333333335,10.2,4.2,0.6666666666666666,0.0,32.33924865722656,35.63564682006836,36.846588134765625,23.905344009399414,0.13333333333333333,2.3333333333333335,17.593162536621094,1.4666666666666666,6.0,0.4,32.352628871966424,37.800180386870345,24.533333333333335,8.933333333333334,4.133333333333334,0.7333333333333333,22.657244986469237,35.959349078374935,41.247198886300524,30.333333333333332,5.733333333333333,0.26666666666666666,21.905236057196998,25.2533401454204,0.4,0.0,0.0,2.5848278999328613,2.3782403469085693,1.8062466382980347,32.17494914691644,3.933333333333333,51.76952922299764,0.8666666666666667,12.199564933776855,9.174821853637695,25.133333333333333,-3.1654529571533203,22.751781463623047
262,42.1,-7.8,Ourense,76.6,73.4,83.47560975609755,58.216463414634156,15,5390,24.0,11.8,4.6,0.26666666666666666,0.0,32.41344451904297,34.9150505065918,36.789947509765625,24.2418155670166,0.9333333333333333,4.466666666666667,18.265806198120117,2.0,7.666666666666667,0.4666666666666667,31.6904613300382,36.483977255521346,26.2,9.0,3.066666666666667,0.13333333333333333,22.885440303276958,34.936573688462154,39.425738280778006,26.8,3.533333333333333,0.0,20.915188213480445,24.305524614234933,0.06666666666666667,0.0,0.0,2.0251758098602295,1.8755961656570435,1.5135735273361206,31.808793234478962,3.2,48.39825373832062,0.26666666666666666,11.985013008117676,9.215936660766602,28.866666666666667,-3.1083507537841797,23.722808837890625
262,42.3,-7.1,Ourense,131.9,73.4,83.58231707317074,58.09451219512195,15,5390,24.933333333333334,12.866666666666667,5.2,0.3333333333333333,0.0,32.62943649291992,34.92671585083008,36.433502197265625,24.227380752563477,2.0,7.133333333333334,19.114238739013672,1.8,6.733333333333333,0.4666666666666667,31.553036839798487,36.356730598821855,26.133333333333333,8.866666666666667,2.8,0.13333333333333333,22.911514953500742,35.008121650213276,39.06218500384235,27.466666666666665,3.6666666666666665,0.0,21.001995209301672,24.3873320770487,0.13333333333333333,0.0,0.0,1.7837191820144653,1.667801022529602,1.6666216850280762,32.02381032127514,3.7333333333333334,48.25253845615546,0.4,11.534854888916016,9.105741500854492,40.666666666666664,-3.664219856262207,24.682844161987305
264,42.9,-8.7,A Coruña,23.3,73.6,68.4984756097561,81.33384146341463,15,5390,13.333333333333334,6.133333333333334,2.1333333333333333,0.3333333333333333,0.0,31.20020866394043,34.4200553894043,36.408355712890625,22.935565948486328,0.4,4.533333333333333,17.886503219604492,1.9333333333333333,6.866666666666666,0.26666666666666666,31.923172593617203,38.76873535633067,19.4,8.666666666666666,3.6,1.0666666666666667,21.89722017739699,36.82851247080685,44.55924310313557,30.333333333333332,7.4,0.9333333333333333,22.65947494181918,26.71180121352362,1.1333333333333333,0.13333333333333333,0.0,3.151977777481079,3.1092355251312256,2.0915944576263428,31.346204635186098,2.8,58.662989803623184,3.4,13.318902015686035,7.819231986999512,8.666666666666666,-1.1957507133483887,19.0877628326416
265,42.9,-8.5,A Coruña,36.8,74.3,67.34756097560975,84.83993902439023,15,5390,14.6,6.8,2.6666666666666665,0.2,0.0,31.35831642150879,34.728206634521484,36.743316650390625,23.04306983947754,0.26666666666666666,4.066666666666666,17.67298126220703,1.6666666666666667,6.8,0.4666666666666667,32.36551322328725,39.28048346131972,20.533333333333335,9.333333333333334,4.066666666666666,1.2,22.060085010758442,37.09848660196332,44.39842449986537,31.266666666666666,7.666666666666667,1.0,22.79200964045837,26.69060555713605,1.4666666666666666,0.13333333333333333,0.0,3.1163525581359863,2.9798688888549805,2.0254030227661133,31.55055826241623,3.066666666666667,58.0823513686722,2.933333333333333,13.131027221679688,8.14809799194336,11.266666666666667,-1.7465636730194092,19.615234375
265,42.5,-7.2,Lugo,118.0,74.3,81.44817073170731,63.62804878048781,15,5390,24.333333333333332,12.266666666666667,4.6,0.6666666666666666,0.0,32.567962646484375,35.38215637207031,36.638580322265625,24.182649612426758,0.4666666666666667,5.0,18.35032844543457,1.6,6.6,0.26666666666666666,31.791092119075834,36.781183978909546,26.2,9.133333333333333,3.466666666666667,0.3333333333333333,22.894775552132614,35.2493463623925,41.02840169136018,27.6,3.933333333333333,0.06666666666666667,21.149320201378377,25.105948525877636,0.3333333333333333,0.0,0.0,1.864898443222046,1.7260620594024658,1.583177089691162,31.94874779453664,3.533333333333333,48.82808646984546,0.5333333333333333,11.765668869018555,9.434720039367676,36.93333333333333,-3.418548583984375,24.28070831298828
265,42.8,-8.2,Pontevedra,51.2,74.3,67.4314024390244,84.54268292682929,15,5390,15.933333333333334,6.666666666666667,2.2666666666666666,0.2,0.0,31.438617706298828,34.46636199951172,36.704254150390625,23.065818786621094,0.26666666666666666,2.933333333333333,17.697940826416016,1.6666666666666667,6.933333333333334,0.4,32.38864639195658,38.85553827707527,21.466666666666665,9.466666666666667,4.0,1.1333333333333333,22.03047560545467,36.97731871996872,44.53303567356919,31.066666666666666,8.4,1.0666666666666667,22.93541094607031,27.45830781550688,1.6666666666666667,0.4,0.0,3.1708285808563232,2.9056739807128906,2.2079219818115234,31.771607531924133,3.533333333333333,57.451255933408206,2.2,12.761602401733398,8.215437889099121,11.533333333333333,-1.6502892971038818,20.18384552001953
268,42.7,-8.8,A Coruña,4.0,74.8,67.08079268292683,86.40243902439025,15,5390,17.733333333333334,8.133333333333333,2.7333333333333334,0.3333333333333333,0.0,31.666095733642578,34.8220100402832,36.854888916015625,23.687273025512695,0.6666666666666666,8.8,18.65968894958496,1.6666666666666667,6.066666666666666,0.3333333333333333,32.41264172183351,38.719817234856365,22.933333333333334,9.4,4.266666666666667,1.0,22.555296452252843,36.791086816300414,44.29634097302722,35.46666666666667,7.733333333333333,0.8666666666666667,22.426227562894496,26.249657569190372,0.9333333333333333,0.06666666666666667,0.0,3.388821601867676,3.2855188846588135,2.5778913497924805,31.777714788013785,3.2,56.76872579431538,5.333333333333333,14.12417984008789,7.57933235168457,3.066666666666667,0.08430542051792145,18.868520736694336
269,42.1,-8.6,Pontevedra,19.1,76.0,64.4969512195122,93.14786585365853,15,5390,20.533333333333335,7.866666666666666,2.3333333333333335,0.2,0.0,31.410232543945312,34.68975067138672,35.559234619140625,23.919347763061523,2.6666666666666665,13.333333333333334,19.19843292236328,1.5333333333333334,6.0,0.3333333333333333,32.422624566091486,38.16692464950345,29.733333333333334,12.133333333333333,4.666666666666667,0.7333333333333333,23.54053825795807,37.327122354831744,44.766933365409386,43.86666666666667,11.2,0.8,23.162694768832782,27.403062763737953,1.8,0.26666666666666666,0.0,2.671942949295044,2.4631872177124023,2.130793333053589,31.764504674208315,3.4,58.59867354584814,9.066666666666666,14.251262664794922,8.064033508300781,6.0,-0.5393615961074829,19.821090698242188
269,42.8,-8.3,Pontevedra,43.7,76.0,68.70426829268293,87.01219512195122,15,5390,16.066666666666666,7.4,2.533333333333333,0.13333333333333333,0.0,31.550006866455078,34.35293960571289,36.766754150390625,23.127553939819336,0.4,3.533333333333333,17.818862915039062,1.7333333333333334,7.0,0.4666666666666667,32.424929746458524,39.26247665018239,21.866666666666667,10.4,4.2,1.2666666666666666,22.12139673941462,37.13893909204816,44.694010682410905,32.0,8.666666666666666,1.3333333333333333,23.09122218669506,27.446637102724846,1.8666666666666667,0.4,0.0,3.194179058074951,2.9511048793792725,2.2138938903808594,31.95817365047393,3.6,57.6291984050553,2.7333333333333334,12.948208808898926,8.160317420959473,9.266666666666667,-1.431607723236084,19.95005989074707
271,41.9,-7.2,Ourense,130.5,76.4,92.91158536585367,51.65396341463414,15,5390,37.6,19.866666666666667,7.6,0.7333333333333333,0.06666666666666667,33.36551284790039,35.94587326049805,38.402740478515625,25.868389129638672,1.1333333333333333,5.866666666666666,18.686840057373047,1.8,7.0,0.4666666666666667,31.538259928516904,35.430843033948804,31.066666666666666,9.266666666666667,2.4,0.06666666666666667,23.82125095788005,34.402692212828974,38.402740478515625,29.466666666666665,2.2666666666666666,0.0,19.965836842874293,22.698457195120195,0.0,0.0,0.0,2.11773943901062,2.0908617973327637,2.0046653747558594,31.964055100417355,3.6,40.1469839216965,0.0,12.120460510253906,9.8588285446167,38.13333333333333,-3.241615056991577,26.15073013305664
272,42.6,-8.5,Pontevedra,23.0,77.0,71.30335365853658,85.58689024390245,15,5390,18.733333333333334,9.0,3.1333333333333333,0.4,0.0,31.828676223754883,34.99234390258789,36.033355712890625,23.557268142700195,0.4666666666666667,3.6,17.746706008911133,1.6,6.333333333333333,0.4,32.627095431035016,38.46750543302375,24.4,10.4,4.866666666666666,1.0,22.587325395386753,36.78056067256888,43.50720527714497,33.6,7.4,0.6,22.3055135864911,26.123439773908146,0.6666666666666666,0.06666666666666667,0.0,2.8887617588043213,2.797476291656494,2.28725266456604,31.82080963496487,3.1333333333333333,55.176921783294276,2.3333333333333335,12.903762817382812,8.499924659729004,14.0,-1.9353479146957397,20.816104888916016
273,42.9,-8.6,A Coruña,30.5,77.3,71.6844512195122,85.73170731707317,15,5390,14.666666666666666,6.866666666666666,2.7333333333333334,0.3333333333333333,0.0,31.395069122314453,34.655582427978516,36.635894775390625,23.091079711914062,0.3333333333333333,4.533333333333333,17.860071182250977,1.8,6.866666666666666,0.4,32.41165889179622,39.02068118985669,20.733333333333334,9.466666666666667,4.066666666666666,1.1333333333333333,22.109593349826234,37.069609140855746,44.698805186380184,31.4,7.6,1.1333333333333333,22.789294986585467,26.75705317109359,1.2666666666666666,0.2,0.0,3.0880661010742188,3.010786533355713,1.9861295223236084,31.655375041708737,2.933333333333333,58.05649202041993,3.4,13.251489639282227,8.103991508483887,11.0,-1.6571520566940308,19.518890380859375
274,42.5,-7.8,Lugo,74.4,77.7,80.53353658536585,73.48323170731706,15,5390,21.866666666666667,10.6,4.133333333333334,0.6,0.0,32.43559265136719,35.41313934326172,36.854400634765625,24.00152015686035,0.2,2.2666666666666666,17.602806091308594,1.8,7.0,0.3333333333333333,32.138528650135974,37.44356348499721,25.333333333333332,9.066666666666666,3.933333333333333,0.7333333333333333,22.75476774843596,35.77327937631095,41.126205959701295,30.266666666666666,5.666666666666667,0.3333333333333333,21.796960741528444,25.165739504890663,0.3333333333333333,0.0,0.0,2.5136356353759766,2.3236305713653564,1.751116394996643,32.14692772754574,3.8,51.18304076192679,0.7333333333333333,12.195435523986816,9.269628524780273,26.333333333333332,-3.2382264137268066,22.913389205932617
275,42.6,-8.8,Pontevedra,0.8,78.1,68.66615853658537,92.1951219512195,15,5390,20.533333333333335,9.733333333333333,3.6666666666666665,0.5333333333333333,0.0,32.01859664916992,35.263954162597656,36.800933837890625,24.020793914794922,0.7333333333333333,10.066666666666666,18.715106964111328,1.4666666666666666,5.333333333333333,0.26666666666666666,32.85312233369823,39.13225655340794,25.666666666666668,10.866666666666667,5.333333333333333,1.2,22.99053199349382,37.214159974421385,44.29448791438655,40.13333333333333,9.733333333333333,1.0666666666666667,22.57430733875364,26.62028648794582,1.2,0.26666666666666666,0.0,3.373537063598633,3.2434451580047607,2.7396061420440674,32.17280068444117,3.933333333333333,56.254796090752926,6.333333333333333,14.316423416137695,7.821073532104492,3.4,0.12192504853010178,19.16322898864746
276,42.4,-7.3,Ourense,115.2,78.9,86.51676829268293,67.52286585365853,15,5390,24.4,12.333333333333334,4.733333333333333,0.6666666666666666,0.0,32.65559768676758,35.36508560180664,36.783111572265625,24.189468383789062,0.4666666666666667,4.866666666666666,18.332441329956055,1.7333333333333334,7.133333333333334,0.3333333333333333,31.79633811957398,36.60682705700978,26.666666666666668,9.466666666666667,3.3333333333333335,0.4,22.939304909344088,35.377688936792374,40.065088659785076,28.866666666666667,4.266666666666667,0.06666666666666667,21.258015461791768,25.04667994294239,0.26666666666666666,0.0,0.0,1.9347833395004272,1.7850582599639893,1.6710454225540161,32.08985154704428,3.8,49.44394056739886,1.0666666666666667,11.80693531036377,9.411910057067871,37.266666666666666,-3.546475887298584,24.24258041381836
276,42.4,-7.2,Lugo,123.4,78.9,83.66615853658537,71.63871951219512,15,5390,26.333333333333332,13.666666666666666,5.6,0.7333333333333333,0.0,32.92253112792969,35.52035903930664,36.970611572265625,24.418590545654297,1.1333333333333333,6.333333333333333,18.83829116821289,1.5333333333333334,6.266666666666667,0.26666666666666666,32.097798193449066,36.86556009421422,28.4,10.866666666666667,3.8,0.4,23.19966865901543,35.6183802931095,40.5622249561189,30.533333333333335,4.8,0.06666666666666667,21.34247284963649,25.336373130488706,0.13333333333333333,0.0,0.0,1.8363531827926636,1.70521080493927,1.6115164756774902,32.3678458874652,4.533333333333333,48.863390677168844,0.6,11.899906158447266,9.366884231567383,36.53333333333333,-3.3082752227783203,24.493728637695312
276,42.6,-7.6,Lugo,92.3,78.9,76.15091463414635,82.98018292682926,15,5390,23.8,12.266666666666667,4.6,0.7333333333333333,0.0,32.65821838378906,36.10396957397461,37.166900634765625,24.206321716308594,0.2,3.066666666666667,17.847209930419922,1.4666666666666666,6.2,0.3333333333333333,32.67424153604274,38.15473252543379,27.2,10.733333333333333,4.866666666666666,0.8666666666666667,23.036185413550545,36.359303319298526,41.800733988692954,33.46666666666667,6.666666666666667,0.4666666666666667,22.14736862985418,25.542359485176117,0.3333333333333333,0.0,0.0,2.457592248916626,2.2469232082366943,1.751496434211731,32.617347556511035,4.266666666666667,51.43636880942745,1.4,12.4284029006958,9.26552677154541,25.266666666666666,-3.231590509414673,22.99093246459961
279,42.6,-7.4,Lugo,106.3,79.3,78.67378048780486,80.28201219512195,15,5390,23.266666666666666,11.533333333333333,4.6,0.6666666666666666,0.0,32.50716018676758,35.76023483276367,36.851226806640625,24.15745735168457,0.2,3.066666666666667,17.802759170532227,1.6,6.6,0.26666666666666666,32.49438253099041,37.82697725402154,26.4,9.933333333333334,4.533333333333333,0.8,23.021492547135693,36.09536369270061,40.65789412997473,32.266666666666666,6.266666666666667,0.4,21.98787323176437,25.03567906408232,0.4666666666666667,0.0,0.0,2.2277543544769287,2.019563913345337,1.7137068510055542,32.29799088039025,4.2,51.08674291906122,1.4,12.210965156555176,9.43246078491211,29.466666666666665,-3.698467969894409,23.40616226196289
280,42.4,-7.6,Lugo,90.5,80.1,84.67225609756098,73.26219512195122,15,5390,23.133333333333333,11.733333333333333,4.666666666666667,0.6,0.0,32.56874084472656,35.3499641418457,36.530181884765625,24.168615341186523,0.3333333333333333,3.1333333333333333,17.75389289855957,1.8666666666666667,7.266666666666667,0.26666666666666666,32.105677770634784,36.91484228120838,27.333333333333332,10.0,4.133333333333334,0.6666666666666666,22.998773944412495,35.64679445252095,40.37629937863463,31.066666666666666,5.133333333333334,0.13333333333333333,21.512370007327668,24.756374217802126,0.3333333333333333,0.0,0.0,2.204134225845337,2.0155627727508545,1.6985527276992798,32.34073130287393,4.0,50.433630511621374,0.9333333333333333,12.116933822631836,9.412359237670898,30.466666666666665,-3.435284376144409,23.520156860351562
281,42.7,-8.7,Pontevedra,10.4,80.5,72.89634146341464,91.82164634146342,15,5390,19.4,9.466666666666667,3.8666666666666667,0.4666666666666667,0.0,32.11642837524414,35.268821716308594,37.199371337890625,23.852231979370117,0.6,7.8,18.453092575073242,1.6666666666666667,6.133333333333334,0.3333333333333333,32.982462369691014,39.23294735684958,25.333333333333332,10.933333333333334,5.333333333333333,1.2,22.87370647564799,37.126912258075805,44.83524368462159,37.6,9.866666666666667,1.0666666666666667,22.675723357993494,26.659100431396215,1.1333333333333333,0.13333333333333333,0.0,3.163236379623413,3.0788426399230957,2.369264841079712,32.19096738571837,3.8666666666666667,56.22078085324213,5.133333333333334,13.926682472229004,8.022041320800781,5.866666666666666,-0.6497107148170471,19.576061248779297
281,41.9,-7.6,Ourense,99.6,80.5,93.91768292682926,60.327743902439025,15,5390,31.066666666666666,16.4,6.466666666666667,0.6,0.0,33.07085418701172,35.50254821777344,37.444244384765625,25.199037551879883,2.2,8.466666666666667,19.18158531188965,2.066666666666667,7.666666666666667,0.4666666666666667,31.971377995074867,35.73206222816129,31.666666666666668,10.4,3.6,0.06666666666666667,23.65610117656413,34.76931042083481,38.27239315905992,29.533333333333335,3.2666666666666666,0.0,20.51694215782401,23.5414900804882,0.0,0.0,0.0,1.854047179222107,1.82624089717865,1.5289252996444702,32.14853032147476,3.8,43.94426040329224,0.13333333333333333,12.209588050842285,9.115250587463379,24.533333333333335,-2.728978157043457,24.572399139404297
283,42.8,-8.4,A Coruña,36.6,80.6,74.5579268292683,89.63414634146342,15,5390,16.6,7.866666666666666,3.0,0.26666666666666666,0.0,31.710268020629883,34.67719268798828,36.764801025390625,23.301124572753906,0.3333333333333333,4.066666666666666,17.850675582885742,1.8,7.333333333333333,0.5333333333333333,32.792549556563785,38.98271125976798,22.733333333333334,10.866666666666667,4.6,1.4,22.346672885648665,37.20906116036173,44.595075294320296,33.733333333333334,8.866666666666667,1.2666666666666666,22.974944882967566,26.926937992651354,1.8,0.26666666666666666,0.0,3.098808526992798,2.921905517578125,2.1405527591705322,32.02361391894966,3.6666666666666665,57.26101752707109,3.066666666666667,13.107358932495117,8.267133712768555,10.733333333333333,-1.6000182628631592,20.03741455078125
284,42.5,-6.9,Ourense,118.0,80.7,91.17378048780488,64.92378048780488,15,5390,29.066666666666666,14.4,6.0,0.7333333333333333,0.0,32.98210144042969,35.621253967285156,36.721588134765625,24.737831115722656,2.6,9.133333333333333,19.4060115814209,1.7333333333333334,6.8,0.26666666666666666,31.98778444588526,36.85722617684405,29.333333333333332,10.466666666666667,3.6,0.26666666666666666,23.403821369445744,35.11939910858058,39.01407086080128,28.8,4.0,0.0,20.930086451991862,24.318858555131865,0.2,0.0,0.0,1.658278465270996,1.5742967128753662,1.5114264488220215,32.33011196109557,4.0,46.256945867364024,0.13333333333333333,11.911625862121582,9.258973121643066,32.8,-3.1398401260375977,24.820571899414062
284,42.6,-8.7,Pontevedra,6.7,80.7,72.2484756097561,93.39176829268293,15,5390,21.4,10.333333333333334,3.933333333333333,0.5333333333333333,0.0,32.136695861816406,35.450679779052734,36.871734619140625,24.09193229675293,0.6666666666666666,9.2,18.663671493530273,1.6,5.866666666666666,0.26666666666666666,32.97615022890573,39.25497744130217,27.066666666666666,11.733333333333333,5.733333333333333,1.2666666666666666,23.092076545604648,37.271388756903406,44.2731523887562,40.4,10.333333333333334,1.0666666666666667,22.550785071245468,26.524350275784588,1.2,0.3333333333333333,0.0,3.2584776878356934,3.1334116458892822,2.6519062519073486,32.38301289336698,4.133333333333334,55.7335574064183,5.733333333333333,14.174473762512207,7.96479606628418,4.133333333333334,-0.182586669921875,19.534427642822266
286,42.2,-7.7,Ourense,82.8,80.8,87.48475609756099,70.7545731707317,15,5390,26.4,13.6,5.2,0.6,0.0,32.7741584777832,35.46157455444336,37.168853759765625,24.531631469726562,0.6,4.133333333333334,18.077714920043945,1.8,7.133333333333334,0.4666666666666667,32.2627488094585,37.02867641452192,30.2,10.8,4.133333333333334,0.5333333333333333,23.30817219617498,35.414566989675485,41.53345110087589,31.0,4.933333333333334,0.06666666666666667,21.333727060454,25.72435114006309,0.06666666666666667,0.0,0.0,2.0422942638397217,1.8895822763442993,1.5742037296295166,32.29357636058714,4.266666666666667,48.43845110190849,0.4,12.205732345581055,9.490198135375977,30.933333333333334,-3.3206653594970703,23.938459396362305
286,42.1,-7.7,Ourense,84.6,80.8,92.75152439024392,62.75152439024391,15,5390,28.133333333333333,14.066666666666666,5.866666666666666,0.6666666666666666,0.0,32.94227981567383,35.522342681884766,37.440338134765625,24.63893699645996,1.3333333333333333,5.933333333333334,18.702600479125977,2.0,7.666666666666667,0.5333333333333333,32.080431914217534,36.58965306826347,29.666666666666668,10.266666666666667,3.8666666666666667,0.13333333333333333,23.240596294489738,35.00072014589984,38.82629734577724,28.733333333333334,3.6,0.0,20.909289068600035,23.35340948120813,0.0,0.0,0.0,1.9666495323181152,1.8370510339736938,1.5147705078125,32.226299112346,4.133333333333334,47.288410238971665,0.26666666666666666,12.188258171081543,9.141891479492188,26.666666666666668,-2.6720643043518066,23.944927215576172
288,42.0,-7.4,Ourense,111.4,81.4,94.8170731707317,61.21189024390244,15,5390,33.86666666666667,17.933333333333334,7.333333333333333,0.8,0.0,33.311580657958984,35.96303939819336,37.967926025390625,25.448877334594727,1.8666666666666667,7.6,19.156591415405273,1.8666666666666667,7.2,0.4666666666666667,32.00801962551429,36.11895089080657,32.333333333333336,11.066666666666666,3.6666666666666665,0.13333333333333333,23.781239356349896,34.84181840922697,38.480192395824965,30.333333333333332,3.1333333333333333,0.0,20.40631365277683,23.387809934493255,0.0,0.0,0.0,1.9792711734771729,1.926933765411377,1.774882197380066,32.33161472518136,4.466666666666667,43.24623990256026,0.06666666666666667,12.176724433898926,9.449780464172363,30.533333333333335,-2.7498133182525635,25.127056121826172
289,42.6,-7.5,Lugo,100.4,81.8,79.33689024390243,85.60213414634146,15,5390,24.4,12.333333333333334,4.8,0.8,0.0,32.732173919677734,36.105438232421875,37.099273681640625,24.276931762695312,0.26666666666666666,3.6,17.88315773010254,1.4666666666666666,6.333333333333333,0.3333333333333333,32.815318516772344,38.18288190136142,28.4,11.4,4.933333333333334,0.8666666666666667,23.170715321394578,36.47105362196073,41.555843146307474,34.666666666666664,7.2,0.4666666666666667,22.25644971963885,25.468901405318913,0.3333333333333333,0.0,0.0,2.3399412631988525,2.1270909309387207,1.7162535190582275,32.59041684913396,4.6,51.401983004047224,1.6666666666666667,12.439791679382324,9.348405838012695,27.0,-3.457008123397827,23.205673217773438
290,42.3,-8.2,Ourense,41.4,82.4,76.77591463414633,90.7545731707317,15,5390,26.2,12.8,5.2,0.5333333333333333,0.0,32.56636428833008,35.571083068847656,36.377349853515625,24.387643814086914,1.2,6.6,18.579601287841797,1.4666666666666666,5.866666666666666,0.3333333333333333,32.79724907896798,38.25254866494403,32.4,13.133333333333333,5.866666666666666,1.2,23.63383589248989,36.69507738778577,44.72897700650498,37.86666666666667,8.8,0.7333333333333333,22.38514715579764,27.25148594381073,0.8666666666666667,0.06666666666666667,0.0,2.071310520172119,1.9800480604171753,1.5298439264297485,32.53595169016874,4.933333333333334,52.44332845051941,3.7333333333333334,12.869010925292969,9.345081329345703,25.666666666666668,-3.345306396484375,22.892925262451172
291,42.2,-7.9,Ourense,66.4,82.6,84.29878048780488,79.93140243902438,15,5390,25.866666666666667,13.133333333333333,4.933333333333334,0.6,0.0,32.6944465637207,35.27461624145508,36.797760009765625,24.4116268157959,0.6666666666666666,4.733333333333333,18.252147674560547,1.6666666666666667,6.733333333333333,0.4,32.407639906716284,37.150075942827634,30.4,11.466666666666667,4.8,0.6666666666666666,23.3334273693499,35.98125552638206,41.26903807285603,33.13333333333333,6.066666666666666,0.13333333333333333,21.71625754017881,25.514127541775913,0.4,0.0,0.0,2.0727808475494385,1.9220556020736694,1.4998308420181274,32.40737134619717,4.333333333333333,50.01418837417713,1.0666666666666667,12.404847145080566,9.433656692504883,28.333333333333332,-3.341387987136841,23.51837158203125
291,42.3,-7.7,Ourense,82.5,82.6,87.70579268292683,74.90853658536585,15,5390,25.733333333333334,13.066666666666666,5.066666666666666,0.6666666666666666,0.0,32.73427963256836,35.49741744995117,36.977447509765625,24.413057327270508,0.4,3.066666666666667,17.72421646118164,1.8,7.333333333333333,0.3333333333333333,32.29977115440492,37.04168395630385,29.133333333333333,10.8,4.133333333333334,0.6,23.2407826987485,35.66469012154087,40.41328424091268,32.13333333333333,5.4,0.13333333333333333,21.569669966499585,24.932265506440118,0.13333333333333333,0.0,0.0,2.151827812194824,1.9803597927093506,1.6663237810134888,32.420035773470914,4.2,49.42684150178686,0.8,12.229087829589844,9.598134994506836,31.0,-3.586344003677368,23.763229370117188
293,42.2,-8.2,Pontevedra,42.0,82.7,78.04115853658536,89.78658536585365,15,5390,26.8,12.533333333333333,5.4,0.5333333333333333,0.0,32.60721969604492,35.78571319580078,36.256256103515625,24.380191802978516,1.6666666666666667,7.666666666666667,18.85213851928711,1.4666666666666666,5.866666666666666,0.3333333333333333,32.751853154058985,38.02854708817381,32.8,13.333333333333334,6.066666666666666,1.0666666666666667,23.67092308186274,36.663735508712264,44.57959493886507,37.13333333333333,8.533333333333333,0.6666666666666666,22.253381034621007,27.22141078104958,0.6,0.06666666666666667,0.0,1.9559086561203003,1.861082673072815,1.5062674283981323,32.415742071894265,4.666666666666667,52.119286094428496,3.0,12.801069259643555,9.358872413635254,26.733333333333334,-3.39640736579895,23.098344802856445
293,42.5,-7.7,Lugo,82.6,82.7,84.53506097560977,79.84756097560977,15,5390,23.933333333333334,12.4,5.066666666666666,0.6666666666666666,0.0,32.65805435180664,35.71411895751953,36.961822509765625,24.23089027404785,0.26666666666666666,2.933333333333333,17.76631736755371,1.8,7.0,0.26666666666666666,32.587427439032965,37.53075805738598,27.533333333333335,10.8,4.6,0.8,23.058273751571992,36.03301546299318,41.621506531304945,32.8,6.0,0.4,21.88496732145391,25.281161596538084,0.3333333333333333,0.0,0.0,2.4404778480529785,2.240659713745117,1.7305068969726562,32.5598611743962,4.333333333333333,51.077031413015234,1.0,12.380108833312988,9.281709671020508,25.266666666666666,-3.153897762298584,23.065914154052734
295,42.2,-8.3,Pontevedra,33.9,82.9,78.82621951219512,88.94817073170734,15,5390,23.866666666666667,10.8,4.2,0.5333333333333333,0.0,32.17854690551758,35.41724395751953,36.026031494140625,24.168460845947266,1.5333333333333334,6.933333333333334,18.78630256652832,1.6,6.4,0.3333333333333333,32.637255775642075,38.72232906390924,31.933333333333334,12.133333333333333,5.6,1.0666666666666667,23.551767344004393,36.59019413360693,45.60398239240706,37.06666666666667,8.4,0.5333333333333333,22.300356802696502,27.856804557725557,0.6666666666666666,0.06666666666666667,0.0,2.0537989139556885,1.9431172609329224,1.6271668672561646,32.12115977596796,3.8666666666666667,53.47118251954304,3.466666666666667,12.924433708190918,9.162373542785645,24.2,-3.276021718978882,22.574142456054688
296,41.9,-7.3,Ourense,122.7,83.2,97.48475609756098,61.71493902439025,15,5390,39.0,20.733333333333334,9.0,1.4,0.06666666666666667,33.71331787109375,36.54991912841797,39.024566650390625,25.970476150512695,1.8666666666666667,7.4,19.07982063293457,1.8,7.333333333333333,0.6,32.10157772911164,36.246603589438635,33.86666666666667,11.666666666666666,3.933333333333333,0.2,24.05961379260308,34.82126660756203,39.024566650390625,31.0,3.1333333333333333,0.0,20.204627924403006,22.177674602722504,0.0,0.0,0.0,2.017575979232788,1.9909828901290894,1.8287436962127686,32.46660663313342,5.0,40.69196708821985,0.0,12.345115661621094,9.62322998046875,31.866666666666667,-2.7003064155578613,25.767160415649414
297,42.6,-8.6,Pontevedra,14.9,83.4,77.46189024390245,92.38567073170732,15,5390,20.933333333333334,10.266666666666667,4.133333333333334,0.4666666666666667,0.0,32.19340133666992,35.38651657104492,36.718902587890625,23.9587459564209,0.7333333333333333,6.6,18.344575881958008,1.7333333333333334,6.466666666666667,0.4,33.04968300433584,39.26072745130096,27.733333333333334,12.0,5.733333333333333,1.0666666666666667,23.02914200999431,37.12649595492349,44.305192706213134,38.6,9.666666666666666,1.0,22.621059007234415,26.446528276241875,1.0,0.2,0.0,3.0452537536621094,2.9421958923339844,2.4444472789764404,32.438476082354384,4.2,55.40771533756307,4.2,13.66648006439209,8.273797035217285,7.6,-0.9464612007141113,20.217607498168945
298,42.2,-8.5,Pontevedra,18.1,83.5,74.7408536585366,96.73780487804878,15,5390,22.933333333333334,10.133333333333333,3.4,0.6666666666666666,0.0,31.915752410888672,35.3310432434082,36.121734619140625,24.17238998413086,2.3333333333333335,11.066666666666666,19.18816375732422,1.4666666666666666,5.933333333333334,0.3333333333333333,33.13049815192615,39.73169195001356,33.06666666666667,14.733333333333333,5.866666666666666,1.2666666666666666,23.824562338698353,37.4813652341387,46.85190288024615,44.46666666666667,12.533333333333333,1.2666666666666666,23.097409544487117,28.44797083152589,1.8,0.26666666666666666,0.06666666666666667,2.441296339035034,2.268608808517456,2.011643409729004,32.328350194600745,4.4,56.92503309804353,7.333333333333333,13.932927131652832,8.479828834533691,10.533333333333333,-1.2161047458648682,20.7751407623291
299,42.4,-7.1,Ourense,129.0,83.6,90.14481707317074,73.75,15,5390,27.866666666666667,14.533333333333333,6.2,0.9333333333333333,0.0,33.084285736083984,35.5908203125,37.025299072265625,24.580251693725586,2.066666666666667,8.133333333333333,19.294841766357422,1.6666666666666667,6.6,0.3333333333333333,32.21789937880724,37.074991826280254,29.533333333333335,11.4,4.266666666666667,0.3333333333333333,23.38010721996102,35.692274674702865,40.155671147733194,31.333333333333332,4.933333333333334,0.06666666666666667,21.310380756963824,24.9954419729861,0.2,0.0,0.0,1.7597286701202393,1.6438578367233276,1.5919610261917114,32.54512813628716,4.8,48.33260568941526,0.5333333333333333,11.943793296813965,9.269598007202148,34.86666666666667,-3.1588780879974365,24.67404556274414
300,42.8,-8.7,A Coruña,17.7,83.8,79.1310975609756,90.70121951219511,15,5390,17.2,8.666666666666666,3.7333333333333334,0.5333333333333333,0.0,32.00784683227539,35.450157165527344,37.390777587890625,23.55326271057129,0.4666666666666667,6.333333333333333,18.258970260620117,1.8666666666666667,6.866666666666666,0.4,32.822333522612276,39.504951454760445,23.266666666666666,10.6,5.133333333333334,1.2666666666666666,22.587264124564854,37.32601936172457,45.4859430729074,35.2,9.066666666666666,1.2,22.789272309213118,26.86409616746037,1.2,0.26666666666666666,0.0,3.0925614833831787,3.0537896156311035,2.205137014389038,32.03208785078364,3.7333333333333334,57.03337760169852,4.533333333333333,13.658712387084961,8.061424255371094,8.4,-1.1186755895614624,19.563312530517578
301,42.8,-8.6,A Coruña,23.3,84.0,77.42378048780489,93.80335365853658,15,5390,18.2,9.4,3.933333333333333,0.5333333333333333,0.0,32.177696228027344,35.62222671508789,37.490386962890625,23.67819595336914,0.4,5.933333333333334,18.213991165161133,1.8,6.6,0.26666666666666666,33.21921105352098,40.091872267822836,25.266666666666666,11.6,5.6,1.5333333333333334,22.788229004185823,37.73471234570887,45.68477353865805,36.333333333333336,10.0,1.4666666666666666,22.950298973258622,26.955319535401166,1.5333333333333334,0.3333333333333333,0.0,3.01173734664917,2.9489586353302,2.086287498474121,32.486058847217386,4.4,56.632983995069125,4.2,13.562773704528809,8.348721504211426,10.666666666666666,-1.5881969928741455,20.009170532226562
302,42.7,-8.5,Pontevedra,24.4,84.1,80.13719512195122,90.05335365853658,15,5390,18.4,8.666666666666666,3.3333333333333335,0.4666666666666667,0.0,31.889564514160156,35.111019134521484,36.638824462890625,23.56117820739746,0.4,3.933333333333333,17.90427589416504,1.8666666666666667,7.533333333333333,0.5333333333333333,32.83177859019864,38.71648621993366,24.533333333333335,11.133333333333333,5.266666666666667,1.1333333333333333,22.64952024555599,37.183185572251496,44.320633845544954,34.93333333333333,8.933333333333334,0.9333333333333333,22.707606169855573,26.375327217636702,1.2,0.13333333333333333,0.0,2.9347026348114014,2.836761236190796,2.172136068344116,32.04241401796006,3.933333333333333,56.001555616538134,2.933333333333333,13.117178916931152,8.444780349731445,12.2,-1.7391541004180908,20.49854278564453
303,42.1,-7.6,Ourense,92.7,84.6,93.78810975609755,70.76981707317073,15,5390,29.733333333333334,15.6,6.133333333333334,0.8666666666666667,0.0,33.08204650878906,35.873321533203125,37.710113525390625,24.929615020751953,1.5333333333333334,6.266666666666667,18.76677894592285,1.8666666666666667,7.266666666666667,0.4666666666666667,32.34717836051017,37.092020029859675,31.8,11.733333333333333,4.466666666666667,0.2,23.588676475432216,35.42257242656617,38.71761132979845,31.0,4.6,0.0,21.00841516556488,23.463671496003435,0.0,0.0,0.0,1.9300196170806885,1.8222198486328125,1.5599799156188965,32.463294453711285,4.533333333333333,46.34100115681493,0.13333333333333333,12.236311912536621,9.367573738098145,29.133333333333333,-2.9487390518188477,24.353288650512695
304,42.2,-8.4,Pontevedra,25.9,85.1,78.79573170731706,94.48170731707316,15,5390,23.6,11.2,3.8666666666666667,0.6666666666666666,0.0,32.15673828125,35.4407958984375,36.203765869140625,24.23635482788086,1.6666666666666667,8.6,19.166078567504883,1.6,6.333333333333333,0.3333333333333333,32.98016745270481,39.442613194078405,33.8,14.333333333333334,6.533333333333333,1.1333333333333333,23.808064734310392,37.263084545583766,46.4427869701503,41.53333333333333,11.0,0.9333333333333333,22.827166606597952,28.239229291358168,1.1333333333333333,0.13333333333333333,0.06666666666666667,2.213886260986328,2.075791835784912,1.795852780342102,32.32383565117622,4.466666666666667,55.19632850961676,5.266666666666667,13.463006973266602,8.871009826660156,17.866666666666667,-2.376065731048584,21.759618759155273
305,42.8,-8.5,A Coruña,29.9,85.2,80.1219512195122,92.7515243902439,15,5390,17.8,8.933333333333334,3.8,0.4666666666666667,0.0,32.02067947387695,35.14308166503906,37.153472900390625,23.54056167602539,0.4666666666666667,4.8,17.991531372070312,1.7333333333333334,7.066666666666666,0.4666666666666667,33.110131447625456,39.99184952725121,24.933333333333334,11.333333333333334,5.066666666666666,1.4666666666666666,22.652341038504215,37.5918652382282,45.60981328057977,35.6,9.866666666666667,1.5333333333333334,22.980525362220185,26.956438832568,1.7333333333333334,0.3333333333333333,0.0,3.009467840194702,2.902463674545288,2.0619869232177734,32.41228550750188,4.2,56.82575932872086,3.533333333333333,13.325793266296387,8.394674301147461,11.133333333333333,-1.628570556640625,20.15201187133789
305,42.2,-8.1,Ourense,50.1,85.2,83.48323170731707,87.75914634146343,15,5390,27.0,12.933333333333334,5.466666666666667,0.6,0.0,32.72214126586914,35.59062576293945,36.606597900390625,24.436546325683594,1.6,7.2,18.732938766479492,1.6,6.4,0.3333333333333333,32.63804928602952,37.934490211302574,32.2,12.866666666666667,5.733333333333333,1.3333333333333333,23.603993686575354,36.48251659115392,43.10255744958189,35.93333333333333,7.733333333333333,0.5333333333333333,22.116843968830793,26.350352436997603,0.4666666666666667,0.06666666666666667,0.0,1.9573642015457153,1.8523874282836914,1.428798794746399,32.50006591446594,4.866666666666666,51.27936187139512,2.3333333333333335,12.672928810119629,9.403733253479004,27.533333333333335,-3.3684117794036865,23.30972671508789
307,42.4,-7.7,Ourense,82.3,85.6,86.8673780487805,83.72713414634147,15,5390,25.133333333333333,13.6,5.333333333333333,0.6666666666666666,0.0,32.78862762451172,35.68460464477539,37.129791259765625,24.445404052734375,0.4,3.533333333333333,17.900466918945312,1.7333333333333334,7.0,0.3333333333333333,32.678911484832405,37.33932908733687,29.666666666666668,11.866666666666667,5.0,0.8,23.31936057622371,36.140874750159945,41.02825135915889,33.86666666666667,6.666666666666667,0.26666666666666666,21.756749154842996,25.011038415924716,0.4,0.0,0.0,2.280475616455078,2.0939149856567383,1.6764439344406128,32.76056514032223,4.666666666666667,50.25967871878989,1.2666666666666666,12.42175579071045,9.470844268798828,27.333333333333332,-3.3080310821533203,23.460237503051758
308,42.2,-7.8,Ourense,74.6,86.1,91.17378048780488,78.39176829268293,15,5390,27.066666666666666,14.066666666666666,5.533333333333333,0.7333333333333333,0.0,32.86310958862305,35.439754486083984,37.262603759765625,24.577852249145508,0.8,4.4,18.15894889831543,1.8,7.333333333333333,0.4,32.42252878394088,37.2286791502006,31.0,11.733333333333333,4.933333333333334,0.6666666666666666,23.423333258701287,35.876070756640615,41.56805777457469,33.4,6.133333333333334,0.13333333333333333,21.665173929791838,25.6740459510925,0.2,0.0,0.0,2.0874555110931396,1.9284640550613403,1.553990364074707,32.45835005319623,4.4,49.04624733088178,0.6666666666666666,12.384248733520508,9.503791809082031,29.0,-3.3177478313446045,23.772085189819336
309,42.5,-7.6,Lugo,90.8,86.3,84.16920731707317,89.51219512195122,15,5390,26.2,14.133333333333333,5.533333333333333,0.8,0.0,33.12598419189453,36.224430084228516,37.293853759765625,24.52266502380371,0.4666666666666667,4.533333333333333,18.20800018310547,1.6666666666666667,6.4,0.26666666666666666,33.05692619463646,38.075294838800374,30.466666666666665,13.0,6.066666666666666,0.9333333333333333,23.465037096873928,36.61283739613559,42.32482109672586,36.53333333333333,8.133333333333333,0.5333333333333333,22.197630290361687,25.642866783529644,0.4,0.0,0.0,2.332016706466675,2.1276657581329346,1.7309191226959229,33.09256311815415,5.333333333333333,51.090551510317376,2.1333333333333333,12.613585472106934,9.346015930175781,25.266666666666666,-3.165015935897827,23.331071853637695
310,42.0,-7.6,Ourense,95.6,86.6,96.36432926829268,71.89786585365854,15,5390,31.866666666666667,16.866666666666667,6.6,0.8,0.0,33.356136322021484,35.843265533447266,37.651519775390625,25.225831985473633,2.4,8.133333333333333,19.17986488342285,2.0,7.533333333333333,0.4666666666666667,32.521076973190404,36.334966612402596,32.8,12.266666666666667,4.933333333333334,0.26666666666666666,23.820338038977354,35.40182928228744,39.95947626212855,32.333333333333336,4.4,0.0,20.89080693176652,24.35258722926579,0.2,0.0,0.0,1.9139052629470825,1.8440637588500977,1.5833477973937988,32.5409870238034,4.666666666666667,45.03146060793821,0.13333333333333333,12.32119369506836,9.312445640563965,26.266666666666666,-2.7817418575286865,24.566652297973633
311,42.2,-8.0,Ourense,58.3,87.6,89.3064024390244,84.9466463414634,15,5390,26.8,13.466666666666667,5.333333333333333,0.6666666666666666,0.0,32.8157958984375,35.46260452270508,36.819488525390625,24.493669509887695,1.4,6.133333333333334,18.620935440063477,1.8,7.0,0.3333333333333333,32.62686801863966,37.674637743431894,31.466666666666665,12.333333333333334,5.466666666666667,1.1333333333333333,23.527105210077515,36.252421879043524,41.62629829828224,35.13333333333333,7.066666666666666,0.3333333333333333,21.94349773073737,25.42310494664192,0.4,0.0,0.0,2.011894941329956,1.8841274976730347,1.4493293762207031,32.56534313649619,4.466666666666667,50.5455261812778,1.6,12.591410636901855,9.413134574890137,27.133333333333333,-3.3212413787841797,23.437421798706055
312,42.4,-8.1,Ourense,49.4,87.8,84.61128048780488,92.66006097560977,15,5390,26.2,13.466666666666667,5.533333333333333,0.8666666666666667,0.0,32.97096252441406,35.76023864746094,37.354644775390625,24.439531326293945,0.8666666666666667,5.733333333333333,18.33087921142578,1.6,6.333333333333333,0.26666666666666666,33.09802183709826,38.811192469077874,31.666666666666668,14.666666666666666,6.4,1.3333333333333333,23.596168910134004,37.121865386497085,43.541962679411924,38.733333333333334,9.666666666666666,0.9333333333333333,22.60020683328354,26.535226730092003,0.8,0.06666666666666667,0.0,2.2715864181518555,2.148815870285034,1.6358418464660645,32.95941088706279,5.666666666666667,52.519343690261444,2.8666666666666667,12.892627716064453,9.321305274963379,24.333333333333332,-3.1964099407196045,22.810688018798828
313,42.0,-7.5,Ourense,103.4,87.9,96.78353658536587,74.53506097560975,15,5390,35.93333333333333,18.866666666666667,8.666666666666666,1.1333333333333333,0.06666666666666667,33.674251556396484,36.27433776855469,38.245269775390625,25.58308219909668,3.0,9.733333333333333,19.408119201660156,1.8666666666666667,7.133333333333334,0.4666666666666667,32.63674814540738,36.48527167611548,35.733333333333334,13.733333333333333,5.333333333333333,0.2,24.117583077233046,35.50647173862077,38.88344013593681,34.4,5.0,0.0,20.8690194767104,24.22390476417361,0.06666666666666667,0.0,0.0,1.930230736732483,1.8716174364089966,1.661987066268921,32.84491519271451,5.466666666666667,44.066610942947676,0.06666666666666667,12.474326133728027,9.338079452514648,24.8,-2.457235097885132,24.861417770385742
314,42.1,-8.5,Pontevedra,24.4,88.1,80.79268292682926,98.9939024390244,15,5390,26.2,12.333333333333334,4.6,0.6666666666666666,0.0,32.36329650878906,35.884830474853516,36.770172119140625,24.478958129882812,3.0,13.466666666666667,19.639808654785156,1.5333333333333334,6.266666666666667,0.4,33.660973556858366,39.92432694490755,37.8,17.4,7.866666666666666,1.6666666666666667,24.260759924239334,38.04556111681294,47.08907193168277,48.666666666666664,14.666666666666666,1.8666666666666667,23.3681123962949,28.527377072988113,2.0,0.3333333333333333,0.06666666666666667,2.321577787399292,2.1551833152770996,1.8425710201263428,32.88797495027719,5.733333333333333,56.59187420590554,8.533333333333333,14.181015014648438,8.707627296447754,11.733333333333333,-1.561773657798767,21.127168655395508
314,42.7,-8.6,Pontevedra,16.9,88.1,84.1234756097561,93.97103658536585,15,5390,19.666666666666668,9.933333333333334,4.066666666666666,0.5333333333333333,0.0,32.2465934753418,35.40133285522461,37.193511962890625,23.833736419677734,0.6,6.4,18.23635482788086,2.0,7.4,0.4,33.15127631260651,39.527804502029646,26.133333333333333,11.8,5.933333333333334,1.2,22.93283421955827,37.388906719301254,44.873176704410035,37.53333333333333,10.0,1.1333333333333333,22.715375918691606,26.570101535499777,1.4,0.2,0.0,3.00292706489563,2.9237024784088135,2.23134708404541,32.357533696183246,4.133333333333334,55.90779666592048,4.466666666666667,13.598408699035645,8.327481269836426,9.133333333333333,-1.2976868152618408,20.166818618774414
316,42.5,-7.3,Lugo,115.3,89.4,91.23475609756098,86.63871951219512,15,5390,29.2,15.6,6.4,1.1333333333333333,0.0,33.32301330566406,36.208763122558594,37.569976806640625,24.69842529296875,0.8666666666666667,5.933333333333334,18.67327308654785,1.6,6.8,0.3333333333333333,32.76091529853556,38.013672004086,31.733333333333334,12.866666666666667,5.733333333333333,0.8666666666666667,23.599525205569762,36.46300174678757,42.835678484329165,35.8,7.466666666666667,0.5333333333333333,22.02834741172622,26.122075526903753,0.5333333333333333,0.06666666666666667,0.0,1.989241123199463,1.8193895816802979,1.6523514986038208,32.96921377848277,5.4,49.64823237054441,1.6666666666666667,12.378046989440918,9.548032760620117,31.066666666666666,-3.3421545028686523,24.18521499633789
317,42.4,-7.8,Ourense,74.1,89.5,90.68597560975608,87.61432926829266,15,5390,27.266666666666666,14.733333333333333,5.666666666666667,0.8,0.0,33.07329177856445,36.01680374145508,37.604400634765625,24.638084411621094,0.4,4.0,18.032922744750977,1.8,7.333333333333333,0.3333333333333333,33.04041001491527,37.77034648991063,32.0,13.066666666666666,6.066666666666666,1.1333333333333333,23.556044239261354,36.58078405535615,42.00351537441455,36.6,7.666666666666667,0.4666666666666667,22.105526470028174,25.51974051127973,0.4666666666666667,0.0,0.0,2.3392531871795654,2.1609859466552734,1.6880217790603638,33.03968685681416,5.133333333333334,50.28992167642299,1.4,12.66362476348877,9.51676082611084,25.466666666666665,-3.311312198638916,23.3894100189209
318,41.9,-7.4,Ourense,114.9,90.0,97.14176829268293,79.1844512195122,15,5390,42.93333333333333,24.466666666666665,12.333333333333334,2.466666666666667,0.2,34.37042236328125,37.33440399169922,39.698394775390625,26.34089469909668,4.066666666666666,12.266666666666667,20.004518508911133,1.8,6.933333333333334,0.5333333333333333,32.91261523129247,37.07038963085303,38.86666666666667,16.0,6.533333333333333,0.5333333333333333,24.621349168176852,35.65202134715685,39.698394775390625,37.333333333333336,5.666666666666667,0.0,20.673452466175014,22.67221110433401,0.0,0.0,0.0,1.9236853122711182,1.9036706686019897,1.6867541074752808,33.35917980551269,7.466666666666667,41.37605024731308,0.2,12.818879127502441,9.316780090332031,21.4,-2.168743848800659,25.505006790161133
319,42.5,-7.5,Lugo,99.0,91.4,90.19817073170732,93.30030487804878,15,5390,28.8,16.0,6.6,1.1333333333333333,0.0,33.389339447021484,36.601097106933594,37.808258056640625,24.77958106994629,0.7333333333333333,6.0,18.54056739807129,1.6666666666666667,6.666666666666667,0.3333333333333333,33.35646828009622,38.5720453360901,33.666666666666664,14.866666666666667,6.8,1.1333333333333333,23.794578764787317,37.13022914331862,42.38453505864537,39.266666666666666,9.466666666666667,0.6666666666666666,22.546005769481148,25.79125523501233,0.6666666666666666,0.0,0.0,2.2256007194519043,2.021516799926758,1.7281408309936523,33.623682352635036,6.6,50.91503719253818,2.6666666666666665,12.761972427368164,9.472163200378418,26.266666666666666,-3.244849920272827,23.661365509033203
320,41.9,-7.5,Ourense,107.2,92.5,99.35975609756098,82.31707317073172,15,5390,41.13333333333333,22.933333333333334,10.8,1.8,0.06666666666666667,34.13507843017578,36.95329666137695,39.010894775390625,26.120145797729492,3.8,12.266666666666667,19.997602462768555,2.0,7.466666666666667,0.4666666666666667,33.09394702927807,36.855319413147,39.0,16.466666666666665,6.733333333333333,0.6,24.612829900936653,35.961568732342414,39.181690943139834,38.0,6.2,0.0,20.982198075614818,23.486579656848352,0.0,0.0,0.0,1.8697837591171265,1.8529330492019653,1.5998327732086182,33.33026502175409,7.133333333333334,42.6345291019039,0.26666666666666666,12.817671775817871,9.266287803649902,20.8,-2.3073792457580566,25.166168212890625
321,42.1,-8.4,Pontevedra,30.9,92.8,89.4359756097561,97.78963414634146,15,5390,27.6,13.2,5.2,0.8666666666666667,0.0,32.57786560058594,35.897098541259766,36.772125244140625,24.519390106201172,3.066666666666667,10.866666666666667,19.704269409179688,1.6666666666666667,6.8,0.4,33.548455308642424,39.48755534617939,38.13333333333333,17.666666666666668,7.866666666666666,1.6666666666666667,24.228929644651533,37.800874370898576,46.58480133487329,46.06666666666667,13.466666666666667,1.2,23.10908927389875,28.28640765488615,1.5333333333333334,0.4,0.06666666666666667,2.103193759918213,1.9674971103668213,1.6797513961791992,32.875620829184115,6.133333333333334,54.860975026575495,5.6,13.682988166809082,9.056431770324707,18.266666666666666,-2.4962048530578613,22.10974884033203
322,42.3,-7.8,Ourense,74.3,93.2,95.28201219512195,89.95426829268293,15,5390,30.2,16.333333333333332,6.933333333333334,1.2666666666666666,0.0,33.382286071777344,36.15872573852539,37.850494384765625,24.96361541748047,0.8,4.8,18.22197914123535,1.9333333333333333,7.4,0.3333333333333333,33.2496058234711,37.90873972382589,35.333333333333336,14.866666666666667,6.866666666666666,1.2666666666666666,23.95171024297868,36.71462570678269,41.76094548126263,38.93333333333333,8.8,0.4666666666666667,22.14122819314253,25.398198083475016,0.4,0.0,0.0,2.184950590133667,2.019104480743408,1.647315502166748,33.42556828725498,6.0,49.46860496469668,1.4,12.82136344909668,9.710432052612305,27.466666666666665,-3.356663703918457,23.7900390625
323,42.4,-7.9,Ourense,65.8,93.4,92.74390243902438,94.41310975609755,15,5390,28.733333333333334,16.0,6.333333333333333,1.2,0.0,33.34566116333008,36.16209030151367,37.778472900390625,24.810367584228516,0.8666666666666667,6.0,18.397274017333984,1.7333333333333334,7.0,0.3333333333333333,33.53635247600241,38.59936283394969,35.13333333333333,15.4,7.533333333333333,1.4,23.89544322809119,37.30584654177584,42.905309150131934,40.2,10.333333333333334,0.8666666666666667,22.591342850788248,26.054111048724177,0.8666666666666667,0.06666666666666667,0.0,2.2924628257751465,2.133918285369873,1.6387726068496704,33.48690344108142,6.466666666666667,51.09594532961943,2.533333333333333,12.993916511535645,9.473450660705566,23.133333333333333,-3.1268396377563477,23.2290096282959
324,42.5,-7.4,Lugo,107.1,93.6,92.8734756097561,94.60365853658537,15,5390,30.4,16.866666666666667,7.466666666666667,1.5333333333333334,0.06666666666666667,33.50720977783203,36.672996520996094,38.187164306640625,24.928434371948242,0.8666666666666667,6.333333333333333,18.646331787109375,1.6666666666666667,6.8,0.3333333333333333,33.426233534569064,38.71175537805364,34.86666666666667,15.466666666666667,7.0,1.0666666666666667,23.933587908927063,37.23069707301701,41.83837728658177,40.06666666666667,9.933333333333334,0.7333333333333333,22.638921923402993,25.652236474750516,0.6666666666666666,0.0,0.0,2.1274807453155518,1.9308714866638184,1.7234076261520386,33.599553180367344,7.266666666666667,50.37426583229687,3.0,12.73749828338623,9.62214183807373,28.6,-3.471514940261841,24.026548385620117
325,42.3,-8.1,Ourense,49.6,94.3,91.85975609756099,97.9420731707317,15,5390,32.4,17.6,7.866666666666666,1.5333333333333334,0.0,33.62093734741211,36.69675064086914,37.903472900390625,25.108013153076172,2.1333333333333333,9.266666666666667,19.215818405151367,1.6666666666666667,6.533333333333333,0.26666666666666666,33.85040654275636,39.36636682232198,39.6,18.333333333333332,9.866666666666667,2.1333333333333333,24.458602049885837,37.987384906634176,45.60522899967843,45.6,12.866666666666667,1.2666666666666666,22.835666415287065,27.59571332516438,1.0,0.06666666666666667,0.0,2.0373220443725586,1.9400876760482788,1.4866055250167847,33.81807226502761,8.466666666666667,51.53601199055198,4.866666666666666,13.395005226135254,9.554215431213379,23.333333333333332,-3.152808904647827,23.31830596923828
326,42.3,-8.0,Ourense,57.8,95.5,93.41463414634146,98.59756097560975,15,5390,35.4,19.466666666666665,9.6,1.8,0.06666666666666667,33.978965759277344,36.978755950927734,38.419097900390625,25.423837661743164,2.2,10.533333333333333,19.42496109008789,1.6666666666666667,6.6,0.26666666666666666,34.384460632629015,39.694410209034174,41.733333333333334,20.066666666666666,11.266666666666667,2.7333333333333334,24.757724475031424,38.30509991125323,44.94338252979483,48.0,14.133333333333333,1.4,23.077792861978548,27.13731284647562,1.2,0.2,0.0,2.063671588897705,1.94547700881958,1.5049867630004883,34.33365695343493,9.733333333333333,50.78363743480203,5.333333333333333,13.55622673034668,9.653414726257324,22.733333333333334,-3.0665979385375977,23.577503204345703
326,42.4,-8.0,Ourense,57.6,95.5,94.80945121951218,96.60060975609754,15,5390,29.333333333333332,16.2,6.6,1.2666666666666666,0.0,33.34109115600586,36.12160873413086,37.969879150390625,24.819534301757812,1.3333333333333333,7.333333333333333,18.790786743164062,1.8,7.2,0.26666666666666666,33.620564084355216,39.129011454619366,36.46666666666667,16.866666666666667,8.2,1.8666666666666667,24.022353069967927,37.755229548377244,44.27615603459924,42.4,11.533333333333333,1.0666666666666667,22.915198525944476,26.813544612937353,0.8666666666666667,0.2,0.0,2.2641704082489014,2.1255173683166504,1.605741262435913,33.61885702732892,7.266666666666667,51.902793491839205,3.6666666666666665,13.162436485290527,9.411842346191406,22.333333333333332,-3.0809803009033203,23.021757125854492
328,42.3,-7.9,Ourense,66.1,96.1,95.72408536585365,96.66158536585365,15,5390,33.0,18.066666666666666,8.4,1.4666666666666666,0.06666666666666667,33.73594665527344,36.45915985107422,38.008941650390625,25.218074798583984,1.4,7.6,18.815534591674805,1.8,7.066666666666666,0.3333333333333333,33.98537053914024,38.84214276544752,39.0,17.866666666666667,9.266666666666667,1.9333333333333333,24.40815028908034,37.58781239077398,43.12638819849727,43.86666666666667,11.933333333333334,0.8,22.648019725053288,26.194444900758516,0.8,0.06666666666666667,0.0,2.1215524673461914,1.9780912399291992,1.5740220546722412,34.059129850351795,8.266666666666667,50.251254266990934,3.2666666666666666,13.232598304748535,9.68701457977295,24.266666666666666,-3.169532537460327,23.668231964111328
